stop_id,stop_name,stop_lat,stop_lon,daily_trips,routes,shelter_status,tract_geoid,pct_no_vehicle,pct_65_plus,mean_lst_c,max_lst_c,pixel_count,scene_dates,excluded_reason,mean_lst_f,lst_percentile,shelter_multiplier,transit_dependence,score,rank
807,University Village South Apartments,29.637748,-82.370373,163,"20,21,33,52",none,12001000901,49.78902953586498,0.0,42.14352416992188,42.14352416992188,1,2026-06-02;2026-06-03;2026-06-10;2026-06-11;2026-06-18;2026-06-19;2026-06-26;2026-06-27;2026-07-05;2026-07-12;2026-07-13;2026-07-20;2026-07-21;2026-07-28;2026-07-29;2026-08-05;2026-08-06;2026-08-13;2026-08-14;2026-08-21;2026-08-22;2026-08-29;2026-08-30;2026-09-06;2026-09-15,,107.85834350585938,0.9226044226044227,1.5,1.5,10.586608472255456,1
966,Weimer Hall,29.64857,-82.347334,248,"9,12,33,38,118",none,12001000902,30.48780487804878,0.0114639458901753,43.712918526785714,45.978546142578125,35,2026-06-02;2026-06-03;2026-06-10;2026-06-11;2026-06-18;2026-06-19;2026-06-26;2026-06-27;2026-07-05;2026-07-12;2026-07-13;2026-07-20;2026-07-21;2026-07-28;2026-07-29;2026-08-05;2026-08-06;2026-08-13;2026-08-14;2026-08-21;2026-08-22;2026-08-29;2026-08-30;2026-09-06;2026-09-15,,110.68325334821428,0.972972972972973,1.5,1.1091022502831978,8.931044563735945,2
842,Southwest Recreation Center,29.638171,-82.369247,61,20,none,12001000901,49.78902953586498,0.0,42.94894263857887,48.172882080078125,21,2026-06-02;2026-06-03;2026-06-10;2026-06-11;2026-06-18;2026-06-19;2026-06-26;2026-06-27;2026-07-05;2026-07-12;2026-07-13;2026-07-20;2026-07-21;2026-07-28;2026-07-29;2026-08-05;2026-08-06;2026-08-13;2026-08-14;2026-08-21;2026-08-22;2026-08-29;2026-08-30;2026-09-06;2026-09-15,,109.30809674944196,0.9471744471744472,1.5,1.5,8.795511516531908,3
1254,Gator Corner Dining Facility @ Gale Lemerand,29.648167,-82.349618,248,"9,12,33,38,118",none,12001000902,30.48780487804878,0.0114639458901753,43.1219482421875,46.563018798828125,35,2026-06-02;2026-06-03;2026-06-10;2026-06-11;2026-06-18;2026-06-19;2026-06-26;2026-06-27;2026-07-05;2026-07-12;2026-07-13;2026-07-20;2026-07-21;2026-07-28;2026-07-29;2026-08-05;2026-08-06;2026-08-13;2026-08-14;2026-08-21;2026-08-22;2026-08-29;2026-08-30;2026-09-06;2026-09-15,,109.6195068359375,0.9545454545454546,1.5,1.1091022502831978,8.761895992453066,4
806,Southwest Recreation Center,29.638113,-82.369364,61,20,none,12001000901,49.78902953586498,0.0,42.33019660500919,45.978546142578125,17,2026-06-02;2026-06-03;2026-06-10;2026-06-11;2026-06-18;2026-06-19;2026-06-26;2026-06-27;2026-07-05;2026-07-12;2026-07-13;2026-07-20;2026-07-21;2026-07-28;2026-07-29;2026-08-05;2026-08-06;2026-08-13;2026-08-14;2026-08-21;2026-08-22;2026-08-29;2026-08-30;2026-09-06;2026-09-15,,108.19435388901654,0.9299754299754299,1.5,1.5,8.635800542172055,5
1192,Turlington Hall,29.648395,-82.343558,210,"9,12,33,38",none,12001000902,30.48780487804878,0.0114639458901753,43.23048967633929,44.638671875,35,2026-06-02;2026-06-03;2026-06-10;2026-06-11;2026-06-18;2026-06-19;2026-06-26;2026-06-27;2026-07-05;2026-07-12;2026-07-13;2026-07-20;2026-07-21;2026-07-28;2026-07-29;2026-08-05;2026-08-06;2026-08-13;2026-08-14;2026-08-21;2026-08-22;2026-08-29;2026-08-30;2026-09-06;2026-09-15,,109.81488141741072,0.9594594594594594,1.5,1.1091022502831978,8.542678597935133,6
478,IFAS Lab,29.63828,-82.35697,194,"9,12,21,33,52",unknown,12001000901,49.78902953586498,0.0,40.98661893956802,42.90573120117188,34,2026-06-02;2026-06-03;2026-06-10;2026-06-11;2026-06-18;2026-06-19;2026-06-26;2026-06-27;2026-07-05;2026-07-12;2026-07-13;2026-07-20;2026-07-21;2026-07-28;2026-07-29;2026-08-05;2026-08-06;2026-08-13;2026-08-14;2026-08-21;2026-08-22;2026-08-29;2026-08-30;2026-09-06;2026-09-15,,105.77591409122243,0.8513513513513513,1.25,1.5,8.417203687234359,7
1180,Southwest Recreation Center,29.637786,-82.368346,102,"21,33,52",unknown,12001000901,49.78902953586498,0.0,43.055641174316406,48.172882080078125,32,2026-06-02;2026-06-03;2026-06-10;2026-06-11;2026-06-18;2026-06-19;2026-06-26;2026-06-27;2026-07-05;2026-07-12;2026-07-13;2026-07-20;2026-07-21;2026-07-28;2026-07-29;2026-08-05;2026-08-06;2026-08-13;2026-08-14;2026-08-21;2026-08-22;2026-08-29;2026-08-30;2026-09-06;2026-09-15,,109.50015411376953,0.952088452088452,1.25,1.5,8.273759902974433,8
44,Frazier Rogers Hall (Eastbound),29.644771,-82.345681,229,"1,8,20,21,37,43,52",none,12001000902,30.48780487804878,0.0114639458901753,41.37470354352679,43.38766479492188,35,2026-06-02;2026-06-03;2026-06-10;2026-06-11;2026-06-18;2026-06-19;2026-06-26;2026-06-27;2026-07-05;2026-07-12;2026-07-13;2026-07-20;2026-07-21;2026-07-28;2026-07-29;2026-08-05;2026-08-06;2026-08-13;2026-08-14;2026-08-21;2026-08-22;2026-08-29;2026-08-30;2026-09-06;2026-09-15,,106.47446637834823,0.8783783783783784,1.5,1.1091022502831978,7.946758579427815,9
1193,Rawlings Hall,29.646608,-82.343572,252,"1,9,12,33,38",unknown,12001000902,30.48780487804878,0.0114639458901753,41.94507882254464,43.28170776367188,35,2026-06-02;2026-06-03;2026-06-10;2026-06-11;2026-06-18;2026-06-19;2026-06-26;2026-06-27;2026-07-05;2026-07-12;2026-07-13;2026-07-20;2026-07-21;2026-07-28;2026-07-29;2026-08-05;2026-08-06;2026-08-13;2026-08-14;2026-08-21;2026-08-22;2026-08-29;2026-08-30;2026-09-06;2026-09-15,,107.50114188058035,0.914004914004914,1.25,1.1091022502831978,7.01166843032704,10
849,Hume Hall (Eastbound),29.644837,-82.351988,99,"20,118",unknown,12001000901,49.78902953586498,0.0,40.50120326450893,42.63571166992188,35,2026-06-02;2026-06-03;2026-06-10;2026-06-11;2026-06-18;2026-06-19;2026-06-26;2026-06-27;2026-07-05;2026-07-12;2026-07-13;2026-07-20;2026-07-21;2026-07-28;2026-07-29;2026-08-05;2026-08-06;2026-08-13;2026-08-14;2026-08-21;2026-08-22;2026-08-29;2026-08-30;2026-09-06;2026-09-15,,104.90216587611607,0.8071253071253072,1.25,1.5,6.969280126368649,11
15,Center Dr @ Museum Rd,29.644019,-82.347014,189,"1,21,37,38,52",none,12001000902,30.48780487804878,0.0114639458901753,40.10525430215372,41.47358703613281,37,2026-06-02;2026-06-03;2026-06-10;2026-06-11;2026-06-18;2026-06-19;2026-06-26;2026-06-27;2026-07-05;2026-07-12;2026-07-13;2026-07-20;2026-07-21;2026-07-28;2026-07-29;2026-08-05;2026-08-06;2026-08-13;2026-08-14;2026-08-21;2026-08-22;2026-08-29;2026-08-30;2026-09-06;2026-09-15,,104.18945774387669,0.7702702702702703,1.5,1.1091022502831978,6.723865818774897,12
365,Theory Apartments,29.6562569,-82.3390819,96,"8,10,13",none,12001000201,21.14384748700173,1.9492808478425436,44.57828267415365,44.92578125,6,2026-06-02;2026-06-03;2026-06-10;2026-06-11;2026-06-18;2026-06-19;2026-06-26;2026-06-27;2026-07-05;2026-07-12;2026-07-13;2026-07-20;2026-07-21;2026-07-28;2026-07-29;2026-08-05;2026-08-06;2026-08-13;2026-08-14;2026-08-21;2026-08-22;2026-08-29;2026-08-30;2026-09-06;2026-09-15,,112.24090881347657,0.9877149877149877,1.5,0.9198638997451218,6.234622169480208,13
926,Leigh Hall,29.6506378,-82.3446731,38,118,none,12001000902,30.48780487804878,0.0114639458901753,42.53231472439237,43.85934448242188,36,2026-06-02;2026-06-03;2026-06-10;2026-06-11;2026-06-18;2026-06-19;2026-06-26;2026-06-27;2026-07-05;2026-07-12;2026-07-13;2026-07-20;2026-07-21;2026-07-28;2026-07-29;2026-08-05;2026-08-06;2026-08-13;2026-08-14;2026-08-21;2026-08-22;2026-08-29;2026-08-30;2026-09-06;2026-09-15,,108.55816650390628,0.9348894348894349,1.5,1.1091022502831978,5.698054530320113,14
468,Parking & Transportation Services,29.639791,-82.350387,153,"9,12,33",none,12001000902,30.48780487804878,0.0114639458901753,39.333231608072914,41.07025146484375,36,2026-06-02;2026-06-03;2026-06-10;2026-06-11;2026-06-18;2026-06-19;2026-06-26;2026-06-27;2026-07-05;2026-07-12;2026-07-13;2026-07-20;2026-07-21;2026-07-28;2026-07-29;2026-08-05;2026-08-06;2026-08-13;2026-08-14;2026-08-21;2026-08-22;2026-08-29;2026-08-30;2026-09-06;2026-09-15,,102.79981689453125,0.6793611793611793,1.5,1.1091022502831978,5.692872222321452,15
198,St. Augustine Catholic Church,29.651977,-82.346434,34,"5,43",none,12001000902,30.48780487804878,0.0114639458901753,42.62545596852022,44.73095703125,34,2026-06-02;2026-06-03;2026-06-10;2026-06-11;2026-06-18;2026-06-19;2026-06-26;2026-06-27;2026-07-05;2026-07-12;2026-07-13;2026-07-20;2026-07-21;2026-07-28;2026-07-29;2026-08-05;2026-08-06;2026-08-13;2026-08-14;2026-08-21;2026-08-22;2026-08-29;2026-08-30;2026-09-06;2026-09-15,,108.7258207433364,0.9361179361179361,1.5,1.1091022502831978,5.537012904324122,16
199,Keene Flint Hall,29.651982,-82.344247,34,"5,43",none,12001000902,30.48780487804878,0.0114639458901753,42.41888427734375,43.79782104492188,32,2026-06-02;2026-06-03;2026-06-10;2026-06-11;2026-06-18;2026-06-19;2026-06-26;2026-06-27;2026-07-05;2026-07-12;2026-07-13;2026-07-20;2026-07-21;2026-07-28;2026-07-29;2026-08-05;2026-08-06;2026-08-13;2026-08-14;2026-08-21;2026-08-22;2026-08-29;2026-08-30;2026-09-06;2026-09-15,,108.35399169921875,0.9324324324324325,1.5,1.1091022502831978,5.515213640921271,17
927,Ben Hill Griffin Stadium North End Zone,29.6510481,-82.3497907,38,118,none,12001000902,30.48780487804878,0.0114639458901753,41.81515066964285,43.45260620117188,35,2026-06-02;2026-06-03;2026-06-10;2026-06-11;2026-06-18;2026-06-19;2026-06-26;2026-06-27;2026-07-05;2026-07-12;2026-07-13;2026-07-20;2026-07-21;2026-07-28;2026-07-29;2026-08-05;2026-08-06;2026-08-13;2026-08-14;2026-08-21;2026-08-22;2026-08-29;2026-08-30;2026-09-06;2026-09-15,,107.26727120535712,0.9041769041769042,1.5,1.1091022502831978,5.510864828272803,18
200,Anderson Hall,29.652,-82.34201,34,"5,43",none,12001000902,30.48780487804878,0.0114639458901753,42.40445709228516,44.64892578125,32,2026-06-02;2026-06-03;2026-06-10;2026-06-11;2026-06-18;2026-06-19;2026-06-26;2026-06-27;2026-07-05;2026-07-12;2026-07-13;2026-07-20;2026-07-21;2026-07-28;2026-07-29;2026-08-05;2026-08-06;2026-08-13;2026-08-14;2026-08-21;2026-08-22;2026-08-29;2026-08-30;2026-09-06;2026-09-15,,108.32802276611329,0.9312039312039312,1.5,1.1091022502831978,5.507947219786987,19
808,Hilton University of Florida Conference Center,29.635893,-82.37268,90,"20,21",none,12001001522,15.617875056999544,3.28125,46.384033203125,50.199798583984375,15,2026-06-02;2026-06-03;2026-06-10;2026-06-11;2026-06-18;2026-06-19;2026-06-26;2026-06-27;2026-07-05;2026-07-12;2026-07-13;2026-07-20;2026-07-21;2026-07-28;2026-07-29;2026-08-05;2026-08-06;2026-08-13;2026-08-14;2026-08-21;2026-08-22;2026-08-29;2026-08-30;2026-09-06;2026-09-15,,115.491259765625,0.9987714987714987,1.5,0.8079492297601685,5.460102202900437,20
363,SW 13th Street & W University Avenue,29.651483,-82.339199,76,"8,13",none,12001000201,21.14384748700173,1.9492808478425436,41.72251510620117,43.31076049804688,32,2026-06-02;2026-06-03;2026-06-10;2026-06-11;2026-06-18;2026-06-19;2026-06-26;2026-06-27;2026-07-05;2026-07-12;2026-07-13;2026-07-20;2026-07-21;2026-07-28;2026-07-29;2026-08-05;2026-08-06;2026-08-13;2026-08-14;2026-08-21;2026-08-22;2026-08-29;2026-08-30;2026-09-06;2026-09-15,,107.10052719116212,0.8968058968058968,1.5,0.9198638997451218,5.375064159229687,21
838,34th St Plaza,29.634039,-82.375158,90,"20,21",none,12001001522,15.617875056999544,3.28125,44.17249930245536,47.889190673828125,35,2026-06-02;2026-06-03;2026-06-10;2026-06-11;2026-06-18;2026-06-19;2026-06-26;2026-06-27;2026-07-05;2026-07-12;2026-07-13;2026-07-20;2026-07-21;2026-07-28;2026-07-29;2026-08-05;2026-08-06;2026-08-13;2026-08-14;2026-08-21;2026-08-22;2026-08-29;2026-08-30;2026-09-06;2026-09-15,,111.51049874441965,0.9754299754299754,1.5,0.8079492297601685,5.3324983383800095,22
197,Ben Hill Griffin Stadium,29.651975,-82.349049,34,"5,43",none,12001000902,30.48780487804878,0.0114639458901753,41.597900390625,43.60643005371094,35,2026-06-02;2026-06-03;2026-06-10;2026-06-11;2026-06-18;2026-06-19;2026-06-26;2026-06-27;2026-07-05;2026-07-12;2026-07-13;2026-07-20;2026-07-21;2026-07-28;2026-07-29;2026-08-05;2026-08-06;2026-08-13;2026-08-14;2026-08-21;2026-08-22;2026-08-29;2026-08-30;2026-09-06;2026-09-15,,106.876220703125,0.8894348894348895,1.5,1.1091022502831978,5.260888901221344,23
1181,UF Orthopaedics Institute,29.637827,-82.374012,73,"33,52",none,12001001522,15.617875056999544,3.28125,45.44908949908088,47.96781921386719,34,2026-06-02;2026-06-03;2026-06-10;2026-06-11;2026-06-18;2026-06-19;2026-06-26;2026-06-27;2026-07-05;2026-07-12;2026-07-13;2026-07-20;2026-07-21;2026-07-28;2026-07-29;2026-08-05;2026-08-06;2026-08-13;2026-08-14;2026-08-21;2026-08-22;2026-08-29;2026-08-30;2026-09-06;2026-09-15,,113.80836109834557,0.9963144963144963,1.5,0.8079492297601685,5.1969747942740065,24
364,Publix @ NW 13th St and W Univ Ave,29.653749,-82.339079,96,"8,10,13",unknown,12001000201,21.14384748700173,1.9492808478425436,44.46278599330357,46.072540283203125,35,2026-06-02;2026-06-03;2026-06-10;2026-06-11;2026-06-18;2026-06-19;2026-06-26;2026-06-27;2026-07-05;2026-07-12;2026-07-13;2026-07-20;2026-07-21;2026-07-28;2026-07-29;2026-08-05;2026-08-06;2026-08-13;2026-08-14;2026-08-21;2026-08-22;2026-08-29;2026-08-30;2026-09-06;2026-09-15,,112.03301478794643,0.9852579852579852,1.25,0.9198638997451218,5.182594299256973,25
815,Daily Mart,29.635731,-82.38821,73,"20,52",none,12001001522,15.617875056999544,3.28125,44.33914005055147,48.388214111328125,34,2026-06-02;2026-06-03;2026-06-10;2026-06-11;2026-06-18;2026-06-19;2026-06-26;2026-06-27;2026-07-05;2026-07-12;2026-07-13;2026-07-20;2026-07-21;2026-07-28;2026-07-29;2026-08-05;2026-08-06;2026-08-13;2026-08-14;2026-08-21;2026-08-22;2026-08-29;2026-08-30;2026-09-06;2026-09-15,,111.81045209099264,0.9828009828009828,1.5,0.8079492297601685,5.126485617039711,26
1027,Best Buy @ Butler Plaza,29.621328,-82.380919,54,37,none,12001001522,15.617875056999544,3.28125,45.75497817993164,47.574737548828125,32,2026-06-02;2026-06-03;2026-06-10;2026-06-11;2026-06-18;2026-06-19;2026-06-26;2026-06-27;2026-07-05;2026-07-12;2026-07-13;2026-07-20;2026-07-21;2026-07-28;2026-07-29;2026-08-05;2026-08-06;2026-08-13;2026-08-14;2026-08-21;2026-08-22;2026-08-29;2026-08-30;2026-09-06;2026-09-15,,114.35896072387695,0.9975429975429976,1.5,0.8079492297601685,4.844650005120813,27
1305,Best Buy @ Butler Plaza,29.621519,-82.380752,52,37,none,12001001522,15.617875056999544,3.28125,45.22605387369792,47.574737548828125,36,2026-06-02;2026-06-03;2026-06-10;2026-06-11;2026-06-18;2026-06-19;2026-06-26;2026-06-27;2026-07-05;2026-07-12;2026-07-13;2026-07-20;2026-07-21;2026-07-28;2026-07-29;2026-08-05;2026-08-06;2026-08-13;2026-08-14;2026-08-21;2026-08-22;2026-08-29;2026-08-30;2026-09-06;2026-09-15,,113.40689697265626,0.995085995085995,1.5,0.8079492297601685,4.788046764834295,28
442,Southbound SW 13th Street @ Inner Road,29.647665,-82.339517,135,"1,8,13,43",none,12001000902,30.48780487804878,0.0114639458901753,38.61381912231445,40.102935791015625,32,2026-06-02;2026-06-03;2026-06-10;2026-06-11;2026-06-18;2026-06-19;2026-06-26;2026-06-27;2026-07-05;2026-07-12;2026-07-13;2026-07-20;2026-07-21;2026-07-28;2026-07-29;2026-08-05;2026-08-06;2026-08-13;2026-08-14;2026-08-21;2026-08-22;2026-08-29;2026-08-30;2026-09-06;2026-09-15,,101.50487442016602,0.5823095823095823,1.5,1.1091022502831978,4.759189944126783,29
1554,Marshall's @ Plaza Blvd (Westbound),29.6279932,-82.3830788,61,33,none,12001001522,15.617875056999544,3.28125,42.18906947544643,45.09326171875,35,2026-06-02;2026-06-03;2026-06-10;2026-06-11;2026-06-18;2026-06-19;2026-06-26;2026-06-27;2026-07-05;2026-07-12;2026-07-13;2026-07-20;2026-07-21;2026-07-28;2026-07-29;2026-08-05;2026-08-06;2026-08-13;2026-08-14;2026-08-21;2026-08-22;2026-08-29;2026-08-30;2026-09-06;2026-09-15,,107.94032505580358,0.9250614250614251,1.5,0.8079492297601685,4.626946862612945,30
1549,Hilton Garden Inn,29.623194,-82.38657,94,"1,37",none,12001001522,15.617875056999544,3.28125,40.87271656709559,41.89401245117188,34,2026-06-02;2026-06-03;2026-06-10;2026-06-11;2026-06-18;2026-06-19;2026-06-26;2026-06-27;2026-07-05;2026-07-12;2026-07-13;2026-07-20;2026-07-21;2026-07-28;2026-07-29;2026-08-05;2026-08-06;2026-08-13;2026-08-14;2026-08-21;2026-08-22;2026-08-29;2026-08-30;2026-09-06;2026-09-15,,105.57088982077207,0.8366093366093366,1.5,0.8079492297601685,4.617206763540048,31
477,Cancer & Genetics Research Center,29.638915,-82.351413,194,"9,12,21,33,52",none,12001000901,49.78902953586498,0.0,37.21216583251953,40.85150146484375,32,2026-06-02;2026-06-03;2026-06-10;2026-06-11;2026-06-18;2026-06-19;2026-06-26;2026-06-27;2026-07-05;2026-07-12;2026-07-13;2026-07-20;2026-07-21;2026-07-28;2026-07-29;2026-08-05;2026-08-06;2026-08-13;2026-08-14;2026-08-21;2026-08-22;2026-08-29;2026-08-30;2026-09-06;2026-09-15,,98.98189849853516,0.386977886977887,1.5,1.5,4.5912020112187415,32
191,Westgate Plaza,29.650312,-82.370788,20,5,unknown,12001000901,49.78902953586498,0.0,40.263580322265625,40.263580322265625,1,2026-06-02;2026-06-03;2026-06-10;2026-06-11;2026-06-18;2026-06-19;2026-06-26;2026-06-27;2026-07-05;2026-07-12;2026-07-13;2026-07-20;2026-07-21;2026-07-28;2026-07-29;2026-08-05;2026-08-06;2026-08-13;2026-08-14;2026-08-21;2026-08-22;2026-08-29;2026-08-30;2026-09-06;2026-09-15,,104.47444458007813,0.7893120393120393,1.25,1.5,4.50577165134513,33
840,Hilton University of Florida Conference Center,29.637361,-82.372355,90,"20,21",none,12001001514,8.333333333333332,2.7532467532467533,47.97209930419922,48.88043212890625,8,2026-06-02;2026-06-03;2026-06-10;2026-06-11;2026-06-18;2026-06-19;2026-06-26;2026-06-27;2026-07-05;2026-07-12;2026-07-13;2026-07-20;2026-07-21;2026-07-28;2026-07-29;2026-08-05;2026-08-06;2026-08-13;2026-08-14;2026-08-21;2026-08-22;2026-08-29;2026-08-30;2026-09-06;2026-09-15,,118.34977874755859,1.0,1.5,0.6604191627316935,4.468587087741238,34
28,Bonefish Grill Seafood Restaurant @ Butler Plaza,29.624804,-82.377613,42,1,none,12001001522,15.617875056999544,3.28125,44.215850830078125,45.517120361328125,32,2026-06-02;2026-06-03;2026-06-10;2026-06-11;2026-06-18;2026-06-19;2026-06-26;2026-06-27;2026-07-05;2026-07-12;2026-07-13;2026-07-20;2026-07-21;2026-07-28;2026-07-29;2026-08-05;2026-08-06;2026-08-13;2026-08-14;2026-08-21;2026-08-22;2026-08-29;2026-08-30;2026-09-06;2026-09-15,,111.58853149414062,0.9766584766584766,1.5,0.8079492297601685,4.451890716480099,35
26,Whole Foods @ Butler Town Center,29.625604,-82.374394,42,1,none,12001001522,15.617875056999544,3.28125,43.916940400094695,44.44212341308594,33,2026-06-02;2026-06-03;2026-06-10;2026-06-11;2026-06-18;2026-06-19;2026-06-26;2026-06-27;2026-07-05;2026-07-12;2026-07-13;2026-07-20;2026-07-21;2026-07-28;2026-07-29;2026-08-05;2026-08-06;2026-08-13;2026-08-14;2026-08-21;2026-08-22;2026-08-29;2026-08-30;2026-09-06;2026-09-15,,111.05049272017045,0.9742014742014742,1.5,0.8079492297601685,4.440690991407194,36
839,Florida Department Of Agriculture,29.635446,-82.372376,90,"20,21",none,12001001514,8.333333333333332,2.7532467532467533,44.78925916883681,48.92144775390625,9,2026-06-02;2026-06-03;2026-06-10;2026-06-11;2026-06-18;2026-06-19;2026-06-26;2026-06-27;2026-07-05;2026-07-12;2026-07-13;2026-07-20;2026-07-21;2026-07-28;2026-07-29;2026-08-05;2026-08-06;2026-08-13;2026-08-14;2026-08-21;2026-08-22;2026-08-29;2026-08-30;2026-09-06;2026-09-15,,112.62066650390625,0.9901719901719902,1.5,0.6604191627316935,4.4246697699255995,37
1206,Arlington Square Apartments,29.649517,-82.322302,122,"1,5,10,11,15",none,12001000500,10.72961373390558,13.34805299076676,41.00189732142857,42.62203979492188,35,2026-06-02;2026-06-03;2026-06-10;2026-06-11;2026-06-18;2026-06-19;2026-06-26;2026-06-27;2026-07-05;2026-07-12;2026-07-13;2026-07-20;2026-07-21;2026-07-28;2026-07-29;2026-08-05;2026-08-06;2026-08-13;2026-08-14;2026-08-21;2026-08-22;2026-08-29;2026-08-30;2026-09-06;2026-09-15,,105.80341517857144,0.8574938574938575,1.5,0.7089497939678231,4.3881353456000625,38
1349,Hilton Garden Inn,29.623016,-82.385719,97,"1,37",none,12001001522,15.617875056999544,3.28125,40.23333217075893,41.70257568359375,35,2026-06-02;2026-06-03;2026-06-10;2026-06-11;2026-06-18;2026-06-19;2026-06-26;2026-06-27;2026-07-05;2026-07-12;2026-07-13;2026-07-20;2026-07-21;2026-07-28;2026-07-29;2026-08-05;2026-08-06;2026-08-13;2026-08-14;2026-08-21;2026-08-22;2026-08-29;2026-08-30;2026-09-06;2026-09-15,,104.41999790736607,0.7837837837837838,1.5,0.8079492297601685,4.355197594992649,39
466,Forestry Field Lab/Plant Growth,29.638176,-82.356696,194,"9,12,21,33,52",none,12001001514,8.333333333333332,2.7532467532467533,40.675377739800346,42.90573120117188,36,2026-06-02;2026-06-03;2026-06-10;2026-06-11;2026-06-18;2026-06-19;2026-06-26;2026-06-27;2026-07-05;2026-07-12;2026-07-13;2026-07-20;2026-07-21;2026-07-28;2026-07-29;2026-08-05;2026-08-06;2026-08-13;2026-08-14;2026-08-21;2026-08-22;2026-08-29;2026-08-30;2026-09-06;2026-09-15,,105.21567993164062,0.8230958230958231,1.5,0.6604191627316935,4.299510937738348,40
438,The Gate Food Store @ NW 13th Street,29.655937,-82.339305,99,"8,10,13",none,12001001000,6.52607580507267,9.155578975102095,44.7236328125,45.07275390625,7,2026-06-02;2026-06-03;2026-06-10;2026-06-11;2026-06-18;2026-06-19;2026-06-26;2026-06-27;2026-07-05;2026-07-12;2026-07-13;2026-07-20;2026-07-21;2026-07-28;2026-07-29;2026-08-05;2026-08-06;2026-08-13;2026-08-14;2026-08-21;2026-08-22;2026-08-29;2026-08-30;2026-09-06;2026-09-15,,112.5025390625,0.9889434889434889,1.5,0.6238177079804916,4.261535568386912,41
171,Oaks Mall @ NW 62nd Blvd,29.656792,-82.408988,183,"20,23,75,76",none,12001001605,5.992043759323719,8.548422678138099,41.5558651194853,44.35494995117188,34,2026-06-02;2026-06-03;2026-06-10;2026-06-11;2026-06-18;2026-06-19;2026-06-26;2026-06-27;2026-07-05;2026-07-12;2026-07-13;2026-07-20;2026-07-21;2026-07-28;2026-07-29;2026-08-05;2026-08-06;2026-08-13;2026-08-14;2026-08-21;2026-08-22;2026-08-29;2026-08-30;2026-09-06;2026-09-15,,106.80055721507354,0.8869778869778869,1.5,0.6130022323482037,4.2531928054386015,42
439,NW 13th St @ Nearside NW 3rd Pl Southbound,29.654477,-82.339359,99,"8,10,13",none,12001001000,6.52607580507267,9.155578975102095,44.54590606689453,46.072540283203125,32,2026-06-02;2026-06-03;2026-06-10;2026-06-11;2026-06-18;2026-06-19;2026-06-26;2026-06-27;2026-07-05;2026-07-12;2026-07-13;2026-07-20;2026-07-21;2026-07-28;2026-07-29;2026-08-05;2026-08-06;2026-08-13;2026-08-14;2026-08-21;2026-08-22;2026-08-29;2026-08-30;2026-09-06;2026-09-15,,112.18263092041016,0.9864864864864865,1.5,0.6238177079804916,4.250947902378498,43
1237,Museum Walk Apartments,29.637599,-82.374952,73,"33,52",unknown,12001001522,15.617875056999544,3.28125,44.22871398925781,47.957550048828125,32,2026-06-02;2026-06-03;2026-06-10;2026-06-11;2026-06-18;2026-06-19;2026-06-26;2026-06-27;2026-07-05;2026-07-12;2026-07-13;2026-07-20;2026-07-21;2026-07-28;2026-07-29;2026-08-05;2026-08-06;2026-08-13;2026-08-14;2026-08-21;2026-08-22;2026-08-29;2026-08-30;2026-09-06;2026-09-15,,111.61168518066407,0.9778869778869779,1.25,0.8079492297601685,4.250710990795427,44
802,Lakeside Apartments,29.642318,-82.366452,61,20,none,12001000901,49.78902953586498,0.0,37.76176409040178,39.395416259765625,35,2026-06-02;2026-06-03;2026-06-10;2026-06-11;2026-06-18;2026-06-19;2026-06-26;2026-06-27;2026-07-05;2026-07-12;2026-07-13;2026-07-20;2026-07-21;2026-07-28;2026-07-29;2026-08-05;2026-08-06;2026-08-13;2026-08-14;2026-08-21;2026-08-22;2026-08-29;2026-08-30;2026-09-06;2026-09-15,,99.97117536272322,0.4533169533169533,1.5,1.5,4.209524967056128,45
1064,Treebecka Park Apartments,29.638507,-82.411938,47,"52,75,76",none,12001002218,15.250836120401337,8.166317678731678,41.80593333524816,46.768096923828125,17,2026-06-02;2026-06-03;2026-06-10;2026-06-11;2026-06-18;2026-06-19;2026-06-26;2026-06-27;2026-07-05;2026-07-12;2026-07-13;2026-07-20;2026-07-21;2026-07-28;2026-07-29;2026-08-05;2026-08-06;2026-08-13;2026-08-14;2026-08-21;2026-08-22;2026-08-29;2026-08-30;2026-09-06;2026-09-15,,107.25068000344669,0.902948402948403,1.5,0.8005157794523101,4.197298080917089,46
798,Sigma Alpha Epsilon,29.644974,-82.355295,99,"20,118",none,12001000902,30.48780487804878,0.0114639458901753,38.409891764322914,40.32171630859375,36,2026-06-02;2026-06-03;2026-06-10;2026-06-11;2026-06-18;2026-06-19;2026-06-26;2026-06-27;2026-07-05;2026-07-12;2026-07-13;2026-07-20;2026-07-21;2026-07-28;2026-07-29;2026-08-05;2026-08-06;2026-08-13;2026-08-14;2026-08-21;2026-08-22;2026-08-29;2026-08-30;2026-09-06;2026-09-15,,101.13780517578125,0.5417690417690417,1.5,1.1091022502831978,4.150713087994109,47
446,UF Health Archer Road,29.63905,-82.344089,61,"8,43",none,12001000902,30.48780487804878,0.0114639458901753,38.71212230009191,41.16766357421875,34,2026-06-02;2026-06-03;2026-06-10;2026-06-11;2026-06-18;2026-06-19;2026-06-26;2026-06-27;2026-07-05;2026-07-12;2026-07-13;2026-07-20;2026-07-21;2026-07-28;2026-07-29;2026-08-05;2026-08-06;2026-08-13;2026-08-14;2026-08-21;2026-08-22;2026-08-29;2026-08-30;2026-09-06;2026-09-15,,101.68182014016544,0.601965601965602,1.5,1.1091022502831978,4.1331686913401535,48
27,Chili's Grill and Bar @ Butler Plaza,29.623782,-82.376087,42,1,none,12001001522,15.617875056999544,3.28125,41.798622131347656,43.53463745117188,32,2026-06-02;2026-06-03;2026-06-10;2026-06-11;2026-06-18;2026-06-19;2026-06-26;2026-06-27;2026-07-05;2026-07-12;2026-07-13;2026-07-20;2026-07-21;2026-07-28;2026-07-29;2026-08-05;2026-08-06;2026-08-13;2026-08-14;2026-08-21;2026-08-22;2026-08-29;2026-08-30;2026-09-06;2026-09-15,,107.23751983642578,0.9017199017199017,1.5,0.8079492297601685,4.1102991017564685,49
1632,Inner Road Eastbound,29.6472686,-82.3410273,43,1,unknown,12001000902,30.48780487804878,0.0114639458901753,40.22505018446181,41.35739135742188,36,2026-06-02;2026-06-03;2026-06-10;2026-06-11;2026-06-18;2026-06-19;2026-06-26;2026-06-27;2026-07-05;2026-07-12;2026-07-13;2026-07-20;2026-07-21;2026-07-28;2026-07-29;2026-08-05;2026-08-06;2026-08-13;2026-08-14;2026-08-21;2026-08-22;2026-08-29;2026-08-30;2026-09-06;2026-09-15,,104.40509033203125,0.7825552825552825,1.25,1.1091022502831978,4.105532728670007,50
196,Pressly Stadium,29.650446,-82.355431,20,5,none,12001000902,30.48780487804878,0.0114639458901753,40.42673688616071,44.09176635742188,35,2026-06-02;2026-06-03;2026-06-10;2026-06-11;2026-06-18;2026-06-19;2026-06-26;2026-06-27;2026-07-05;2026-07-12;2026-07-13;2026-07-20;2026-07-21;2026-07-28;2026-07-29;2026-08-05;2026-08-06;2026-08-13;2026-08-14;2026-08-21;2026-08-22;2026-08-29;2026-08-30;2026-09-06;2026-09-15,,104.76812639508928,0.800982800982801,1.5,1.1091022502831978,4.057001940551556,51
1631,Inner Road Westbound,29.6474024,-82.3408354,42,1,unknown,12001000902,30.48780487804878,0.0114639458901753,40.118136160714286,41.35739135742188,35,2026-06-02;2026-06-03;2026-06-10;2026-06-11;2026-06-18;2026-06-19;2026-06-26;2026-06-27;2026-07-05;2026-07-12;2026-07-13;2026-07-20;2026-07-21;2026-07-28;2026-07-29;2026-08-05;2026-08-06;2026-08-13;2026-08-14;2026-08-21;2026-08-22;2026-08-29;2026-08-30;2026-09-06;2026-09-15,,104.21264508928572,0.7714987714987716,1.25,1.1091022502831978,4.022937441011924,52
956,Old Archer Road @ SW 34th Street,29.626106,-82.372174,57,38,none,12001001515,9.41336971350614,5.387755102040816,43.47962588355655,44.32420349121094,21,2026-06-02;2026-06-03;2026-06-10;2026-06-11;2026-06-18;2026-06-19;2026-06-26;2026-06-27;2026-07-05;2026-07-12;2026-07-13;2026-07-20;2026-07-21;2026-07-28;2026-07-29;2026-08-05;2026-08-06;2026-08-13;2026-08-14;2026-08-21;2026-08-22;2026-08-29;2026-08-30;2026-09-06;2026-09-15,,110.26332659040179,0.9668304668304668,1.5,0.6822925825849184,4.017775405205746,53
1081,Sparrow Apartments,29.645235,-82.420787,27,75,none,12001002217,15.908324907313784,7.102560393461594,44.24193657769097,46.115264892578125,36,2026-06-02;2026-06-03;2026-06-10;2026-06-11;2026-06-18;2026-06-19;2026-06-26;2026-06-27;2026-07-05;2026-07-12;2026-07-13;2026-07-20;2026-07-21;2026-07-28;2026-07-29;2026-08-05;2026-08-06;2026-08-13;2026-08-14;2026-08-21;2026-08-22;2026-08-29;2026-08-30;2026-09-06;2026-09-15,,111.63548583984375,0.9791154791154791,1.5,0.8138315607990667,3.9828261640205302,54
440,North 13th Street @ NW 1st Avenue,29.652932,-82.339365,79,"8,13",none,12001001000,6.52607580507267,9.155578975102095,43.60009047564338,45.125732421875,34,2026-06-02;2026-06-03;2026-06-10;2026-06-11;2026-06-18;2026-06-19;2026-06-26;2026-06-27;2026-07-05;2026-07-12;2026-07-13;2026-07-20;2026-07-21;2026-07-28;2026-07-29;2026-08-05;2026-08-06;2026-08-13;2026-08-14;2026-08-21;2026-08-22;2026-08-29;2026-08-30;2026-09-06;2026-09-15,,110.48016285615807,0.9692874692874693,1.5,0.6238177079804916,3.974445710038661,55
1089,Harbor Cove Apartments,29.653187,-82.414991,27,75,none,12001002217,15.908324907313784,7.102560393461594,43.65061383928571,45.57179260253906,35,2026-06-02;2026-06-03;2026-06-10;2026-06-11;2026-06-18;2026-06-19;2026-06-26;2026-06-27;2026-07-05;2026-07-12;2026-07-13;2026-07-20;2026-07-21;2026-07-28;2026-07-29;2026-08-05;2026-08-06;2026-08-13;2026-08-14;2026-08-21;2026-08-22;2026-08-29;2026-08-30;2026-09-06;2026-09-15,,110.57110491071428,0.9705159705159705,1.5,0.8138315607990667,3.947845256682834,56
1592,Pizza Hut Archer Rd Eastbound,29.624111,-82.375328,43,1,none,12001001519,12.811791383219957,0.7092198581560284,42.02427804129464,43.69357299804688,35,2026-06-02;2026-06-03;2026-06-10;2026-06-11;2026-06-18;2026-06-19;2026-06-26;2026-06-27;2026-07-05;2026-07-12;2026-07-13;2026-07-20;2026-07-21;2026-07-28;2026-07-29;2026-08-05;2026-08-06;2026-08-13;2026-08-14;2026-08-21;2026-08-22;2026-08-29;2026-08-30;2026-09-06;2026-09-15,,107.64370047433036,0.918918918918919,1.5,0.7511190641595986,3.9178709675131906,57
724,Westbound NE 39th Ave at Main St - Gsville Nissan,29.688531,-82.319097,23,15,none,12001001902,16.82586333578251,25.576208178438662,43.66512522977941,44.26950073242188,34,2026-06-02;2026-06-03;2026-06-10;2026-06-11;2026-06-18;2026-06-19;2026-06-26;2026-06-27;2026-07-05;2026-07-12;2026-07-13;2026-07-20;2026-07-21;2026-07-28;2026-07-29;2026-08-05;2026-08-06;2026-08-13;2026-08-14;2026-08-21;2026-08-22;2026-08-29;2026-08-30;2026-09-06;2026-09-15,,110.59722541360294,0.9717444717444718,1.5,0.8324139934335614,3.8560615649097176,58
1072,Sparrow Apartments,29.645065,-82.421338,26,75,none,12001002218,15.250836120401337,8.166317678731678,43.4616943359375,46.115264892578125,35,2026-06-02;2026-06-03;2026-06-10;2026-06-11;2026-06-18;2026-06-19;2026-06-26;2026-06-27;2026-07-05;2026-07-12;2026-07-13;2026-07-20;2026-07-21;2026-07-28;2026-07-29;2026-08-05;2026-08-06;2026-08-13;2026-08-14;2026-08-21;2026-08-22;2026-08-29;2026-08-30;2026-09-06;2026-09-15,,110.2310498046875,0.9656019656019657,1.5,0.8005157794523101,3.821422043626607,59
1555,Marshall's @ Plaza Blvd,29.627726,-82.383254,61,33,unknown,12001001522,15.617875056999544,3.28125,41.95450592041016,45.09326171875,32,2026-06-02;2026-06-03;2026-06-10;2026-06-11;2026-06-18;2026-06-19;2026-06-26;2026-06-27;2026-07-05;2026-07-12;2026-07-13;2026-07-20;2026-07-21;2026-07-28;2026-07-29;2026-08-05;2026-08-06;2026-08-13;2026-08-14;2026-08-21;2026-08-22;2026-08-29;2026-08-30;2026-09-06;2026-09-15,,107.51811065673829,0.9152334152334153,1.25,0.8079492297601685,3.8148244938541875,60
1475,President's Park,29.65054,-82.355435,20,5,none,12001000902,30.48780487804878,0.0114639458901753,39.93737114800347,44.08493041992188,36,2026-06-02;2026-06-03;2026-06-10;2026-06-11;2026-06-18;2026-06-19;2026-06-26;2026-06-27;2026-07-05;2026-07-12;2026-07-13;2026-07-20;2026-07-21;2026-07-28;2026-07-29;2026-08-05;2026-08-06;2026-08-13;2026-08-14;2026-08-21;2026-08-22;2026-08-29;2026-08-30;2026-09-06;2026-09-15,,103.88726806640625,0.7506142506142506,1.5,1.1091022502831978,3.801883720363498,61
1065,Tower Oaks Glenn Apartments,29.63481,-82.414381,38,"52,75",none,12001002218,15.250836120401337,8.166317678731678,40.99962022569444,43.10739135742188,36,2026-06-02;2026-06-03;2026-06-10;2026-06-11;2026-06-18;2026-06-19;2026-06-26;2026-06-27;2026-07-05;2026-07-12;2026-07-13;2026-07-20;2026-07-21;2026-07-28;2026-07-29;2026-08-05;2026-08-06;2026-08-13;2026-08-14;2026-08-21;2026-08-22;2026-08-29;2026-08-30;2026-09-06;2026-09-15,,105.79931640625,0.8562653562653563,1.5,0.8005157794523101,3.766804087197742,62
465,Campus Edge Condominiums,29.637101,-82.358801,92,"9,12",none,12001001514,8.333333333333332,2.7532467532467533,40.87509068080357,42.37594604492188,35,2026-06-02;2026-06-03;2026-06-10;2026-06-11;2026-06-18;2026-06-19;2026-06-26;2026-06-27;2026-07-05;2026-07-12;2026-07-13;2026-07-20;2026-07-21;2026-07-28;2026-07-29;2026-08-05;2026-08-06;2026-08-13;2026-08-14;2026-08-21;2026-08-22;2026-08-29;2026-08-30;2026-09-06;2026-09-15,,105.57516322544642,0.8378378378378378,1.5,0.6604191627316935,3.7619952336590896,63
663,UF Health Pediatric ER,29.641034,-82.342661,100,"13,17,43",none,12001000902,30.48780487804878,0.0114639458901753,38.08479927681588,39.70304870605469,37,2026-06-02;2026-06-03;2026-06-10;2026-06-11;2026-06-18;2026-06-19;2026-06-26;2026-06-27;2026-07-05;2026-07-12;2026-07-13;2026-07-20;2026-07-21;2026-07-28;2026-07-29;2026-08-05;2026-08-06;2026-08-13;2026-08-14;2026-08-21;2026-08-22;2026-08-29;2026-08-30;2026-09-06;2026-09-15,,100.55263869826858,0.48894348894348894,1.5,1.1091022502831978,3.754088954155291,64
1054,Tower Oaks Glenn Apartments,29.634887,-82.414195,39,"52,75",none,12001002219,16.47440519105984,14.393255043661547,40.648133973817565,43.10226440429688,37,2026-06-02;2026-06-03;2026-06-10;2026-06-11;2026-06-18;2026-06-19;2026-06-26;2026-06-27;2026-07-05;2026-07-12;2026-07-13;2026-07-20;2026-07-21;2026-07-28;2026-07-29;2026-08-05;2026-08-06;2026-08-13;2026-08-14;2026-08-21;2026-08-22;2026-08-29;2026-08-30;2026-09-06;2026-09-15,,105.16664115287162,0.8206388206388207,1.5,0.8252960928688374,3.747551150055836,65
254,Big Lot on NW 13th Street,29.675139,-82.33899,37,"6,15",none,12001000302,11.592076302274394,26.838966202783297,42.79223293728299,44.192626953125,36,2026-06-02;2026-06-03;2026-06-10;2026-06-11;2026-06-18;2026-06-19;2026-06-26;2026-06-27;2026-07-05;2026-07-12;2026-07-13;2026-07-20;2026-07-21;2026-07-28;2026-07-29;2026-08-05;2026-08-06;2026-08-13;2026-08-14;2026-08-21;2026-08-22;2026-08-29;2026-08-30;2026-09-06;2026-09-15,,109.02601928710938,0.9422604422604423,1.5,0.7264168036092977,3.7347487340388716,66
1094,Clarion Inn,29.659342,-82.422241,27,75,none,12001002217,15.908324907313784,7.102560393461594,41.984110514322914,43.51754760742188,36,2026-06-02;2026-06-03;2026-06-10;2026-06-11;2026-06-18;2026-06-19;2026-06-26;2026-06-27;2026-07-05;2026-07-12;2026-07-13;2026-07-20;2026-07-21;2026-07-28;2026-07-29;2026-08-05;2026-08-06;2026-08-13;2026-08-14;2026-08-21;2026-08-22;2026-08-29;2026-08-30;2026-09-06;2026-09-15,,107.57139892578125,0.9164619164619164,1.5,0.8138315607990667,3.7279652677030306,67
107,Health Department,29.649086,-82.294941,28,7,unknown,12001000600,20.242214532871973,17.217034843999087,43.57565307617188,44.28317260742188,3,2026-06-02;2026-06-03;2026-06-10;2026-06-11;2026-06-18;2026-06-19;2026-06-26;2026-06-27;2026-07-05;2026-07-12;2026-07-13;2026-07-20;2026-07-21;2026-07-28;2026-07-29;2026-08-05;2026-08-06;2026-08-13;2026-08-14;2026-08-21;2026-08-22;2026-08-29;2026-08-30;2026-09-06;2026-09-15,,110.43617553710939,0.9680589680589681,1.25,0.901603592480261,3.6737426621630385,68
56,Eastbound SW 2nd Ave @ SW 2nd St,29.650203,-82.326684,43,1,none,12001000202,25.107526881720432,1.4258389845244306,39.02466517857143,40.031158447265625,35,2026-06-02;2026-06-03;2026-06-10;2026-06-11;2026-06-18;2026-06-19;2026-06-26;2026-06-27;2026-07-05;2026-07-12;2026-07-13;2026-07-20;2026-07-21;2026-07-28;2026-07-29;2026-08-05;2026-08-06;2026-08-13;2026-08-14;2026-08-21;2026-08-22;2026-08-29;2026-08-30;2026-09-06;2026-09-15,,102.24439732142858,0.6461916461916462,1.5,1.0001382545315658,3.6684747067059527,69
1079,Westbound SW 8th Avenue @ SW 70th Terrace,29.645191,-82.416867,27,75,none,12001002217,15.908324907313784,7.102560393461594,41.74751112196181,42.42037963867188,36,2026-06-02;2026-06-03;2026-06-10;2026-06-11;2026-06-18;2026-06-19;2026-06-26;2026-06-27;2026-07-05;2026-07-12;2026-07-13;2026-07-20;2026-07-21;2026-07-28;2026-07-29;2026-08-05;2026-08-06;2026-08-13;2026-08-14;2026-08-21;2026-08-22;2026-08-29;2026-08-30;2026-09-06;2026-09-15,,107.14552001953125,0.8992628992628993,1.5,0.8138315607990667,3.6580034530276393,70
719,Village Green Apartments,29.683444,-82.30573,36,"15,26",none,12001000400,18.24006834686032,13.6077655941039,40.182075051700366,43.37911987304688,34,2026-06-02;2026-06-03;2026-06-10;2026-06-11;2026-06-18;2026-06-19;2026-06-26;2026-06-27;2026-07-05;2026-07-12;2026-07-13;2026-07-20;2026-07-21;2026-07-28;2026-07-29;2026-08-05;2026-08-06;2026-08-13;2026-08-14;2026-08-21;2026-08-22;2026-08-29;2026-08-30;2026-09-06;2026-09-15,,104.32773509306067,0.7788697788697788,1.5,0.8610551582440376,3.632492284322942,71
1608,Shell Rock Villas,29.644497,-82.409208,26,75,none,12001002218,15.250836120401337,8.166317678731678,41.92556583180147,44.08834838867188,34,2026-06-02;2026-06-03;2026-06-10;2026-06-11;2026-06-18;2026-06-19;2026-06-26;2026-06-27;2026-07-05;2026-07-12;2026-07-13;2026-07-20;2026-07-21;2026-07-28;2026-07-29;2026-08-05;2026-08-06;2026-08-13;2026-08-14;2026-08-21;2026-08-22;2026-08-29;2026-08-30;2026-09-06;2026-09-15,,107.46601849724264,0.9127764127764127,1.5,0.8005157794523101,3.612362059051614,72
1059,Linton Oaks Neighborhood @ SW 64th Terrace,29.6450648,-82.4116768,26,75,none,12001002218,15.250836120401337,8.166317678731678,41.90484619140625,43.26803588867188,32,2026-06-02;2026-06-03;2026-06-10;2026-06-11;2026-06-18;2026-06-19;2026-06-26;2026-06-27;2026-07-05;2026-07-12;2026-07-13;2026-07-20;2026-07-21;2026-07-28;2026-07-29;2026-08-05;2026-08-06;2026-08-13;2026-08-14;2026-08-21;2026-08-22;2026-08-29;2026-08-30;2026-09-06;2026-09-15,,107.42872314453125,0.9103194103194103,1.5,0.8005157794523101,3.602638338838824,73
1097,Oaks Mall,29.659514,-82.413875,52,"23,75",none,12001001605,5.992043759323719,8.548422678138099,44.42370275548986,45.29833984375,37,2026-06-02;2026-06-03;2026-06-10;2026-06-11;2026-06-18;2026-06-19;2026-06-26;2026-06-27;2026-07-05;2026-07-12;2026-07-13;2026-07-20;2026-07-21;2026-07-28;2026-07-29;2026-08-05;2026-08-06;2026-08-13;2026-08-14;2026-08-21;2026-08-22;2026-08-29;2026-08-30;2026-09-06;2026-09-15,,111.96266495988175,0.984029484029484,1.5,0.6130022323482037,3.5923931990256617,74
367,Xerographic Copy Center,29.661041,-82.339065,36,"8,10",none,12001000301,14.08811475409836,9.192399049881235,40.99410472196691,46.450225830078125,34,2026-06-02;2026-06-03;2026-06-10;2026-06-11;2026-06-18;2026-06-19;2026-06-26;2026-06-27;2026-07-05;2026-07-12;2026-07-13;2026-07-20;2026-07-21;2026-07-28;2026-07-29;2026-08-05;2026-08-06;2026-08-13;2026-08-14;2026-08-21;2026-08-22;2026-08-29;2026-08-30;2026-09-06;2026-09-15,,105.78938849954044,0.8525798525798526,1.5,0.7769677832140807,3.5879547030458987,75
1093,Park Place Car Wash,29.656295,-82.421376,27,75,none,12001002217,15.908324907313784,7.102560393461594,41.41743977864584,42.75192260742188,33,2026-06-02;2026-06-03;2026-06-10;2026-06-11;2026-06-18;2026-06-19;2026-06-26;2026-06-27;2026-07-05;2026-07-12;2026-07-13;2026-07-20;2026-07-21;2026-07-28;2026-07-29;2026-08-05;2026-08-06;2026-08-13;2026-08-14;2026-08-21;2026-08-22;2026-08-29;2026-08-30;2026-09-06;2026-09-15,,106.55139160156253,0.8796068796068796,1.5,0.8138315607990667,3.5780470933986197,76
1483,aloft Hotel @ Hull Rd Eastbound,29.637276,-82.377895,73,"33,52",unknown,12001001522,15.617875056999544,3.28125,40.532847377232144,42.92282104492188,35,2026-06-02;2026-06-03;2026-06-10;2026-06-11;2026-06-18;2026-06-19;2026-06-26;2026-06-27;2026-07-05;2026-07-12;2026-07-13;2026-07-20;2026-07-21;2026-07-28;2026-07-29;2026-08-05;2026-08-06;2026-08-13;2026-08-14;2026-08-21;2026-08-22;2026-08-29;2026-08-30;2026-09-06;2026-09-15,,104.95912527901785,0.812039312039312,1.25,0.8079492297601685,3.529798950899218,77
467,Cancer and Genetics Research,29.638769,-82.351411,194,"9,12,21,33,52",none,12001000902,30.48780487804878,0.0114639458901753,37.332798549107146,40.85150146484375,35,2026-06-02;2026-06-03;2026-06-10;2026-06-11;2026-06-18;2026-06-19;2026-06-26;2026-06-27;2026-07-05;2026-07-12;2026-07-13;2026-07-20;2026-07-21;2026-07-28;2026-07-29;2026-08-05;2026-08-06;2026-08-13;2026-08-14;2026-08-21;2026-08-22;2026-08-29;2026-08-30;2026-09-06;2026-09-15,,99.19903738839287,0.40171990171990174,1.5,1.1091022502831978,3.5240651463750607,78
1078,Gordon Manor Neighborhood,29.645216,-82.415379,27,75,none,12001002217,15.908324907313784,7.102560393461594,41.21733262803819,41.96237182617188,36,2026-06-02;2026-06-03;2026-06-10;2026-06-11;2026-06-18;2026-06-19;2026-06-26;2026-06-27;2026-07-05;2026-07-12;2026-07-13;2026-07-20;2026-07-21;2026-07-28;2026-07-29;2026-08-05;2026-08-06;2026-08-13;2026-08-14;2026-08-21;2026-08-22;2026-08-29;2026-08-30;2026-09-06;2026-09-15,,106.19119873046876,0.8648648648648649,1.5,0.8138315607990667,3.518079823676855,79
1099,SUBWAY@ Newberry RD,29.659774,-82.41348,51,"23,75",none,12001001702,5.506141465480729,33.90179910044978,44.33612234933036,45.2197265625,35,2026-06-02;2026-06-03;2026-06-10;2026-06-11;2026-06-18;2026-06-19;2026-06-26;2026-06-27;2026-07-05;2026-07-12;2026-07-13;2026-07-20;2026-07-21;2026-07-28;2026-07-29;2026-08-05;2026-08-06;2026-08-13;2026-08-14;2026-08-21;2026-08-22;2026-08-29;2026-08-30;2026-09-06;2026-09-15,,111.80502022879465,0.9815724815724816,1.5,0.6031615037616609,3.508981408451506,80
1012,Autumn Woods Neighborhood,29.688574,-82.394883,23,"43,55",none,12001001701,17.254556143445033,28.263455248290214,41.35774230957031,43.61666870117188,32,2026-06-02;2026-06-03;2026-06-10;2026-06-11;2026-06-18;2026-06-19;2026-06-26;2026-06-27;2026-07-05;2026-07-12;2026-07-13;2026-07-20;2026-07-21;2026-07-28;2026-07-29;2026-08-05;2026-08-06;2026-08-13;2026-08-14;2026-08-21;2026-08-22;2026-08-29;2026-08-30;2026-09-06;2026-09-15,,106.44393615722656,0.8734643734643734,1.5,0.8410960877983454,3.5022191379756316,81
255,Rural King,29.677464,-82.338961,60,"6,15",unknown,12001000302,11.592076302274394,26.838966202783297,42.31527328491211,44.13621520996094,32,2026-06-02;2026-06-03;2026-06-10;2026-06-11;2026-06-18;2026-06-19;2026-06-26;2026-06-27;2026-07-05;2026-07-12;2026-07-13;2026-07-20;2026-07-21;2026-07-28;2026-07-29;2026-08-05;2026-08-06;2026-08-13;2026-08-14;2026-08-21;2026-08-22;2026-08-29;2026-08-30;2026-09-06;2026-09-15,,108.1674919128418,0.9275184275184275,1.25,0.7264168036092977,3.462203514438887,82
34,Direct Insurance @ Archer Road,29.627581,-82.371198,100,"1,38",none,12001001515,9.41336971350614,5.387755102040816,39.75963338216146,40.83441162109375,9,2026-06-02;2026-06-03;2026-06-10;2026-06-11;2026-06-18;2026-06-19;2026-06-26;2026-06-27;2026-07-05;2026-07-12;2026-07-13;2026-07-20;2026-07-21;2026-07-28;2026-07-29;2026-08-05;2026-08-06;2026-08-13;2026-08-14;2026-08-21;2026-08-22;2026-08-29;2026-08-30;2026-09-06;2026-09-15,,103.56734008789063,0.7321867321867321,1.5,0.6822925825849184,3.458333011990642,83
145,Westbound W University Ave @ NW 10th St,29.652148,-82.334897,40,"5,10",none,12001000201,21.14384748700173,1.9492808478425436,39.17569247159091,41.54194641113281,33,2026-06-02;2026-06-03;2026-06-10;2026-06-11;2026-06-18;2026-06-19;2026-06-26;2026-06-27;2026-07-05;2026-07-12;2026-07-13;2026-07-20;2026-07-21;2026-07-28;2026-07-29;2026-08-05;2026-08-06;2026-08-13;2026-08-14;2026-08-21;2026-08-22;2026-08-29;2026-08-30;2026-09-06;2026-09-15,,102.51624644886363,0.6695331695331695,1.5,0.9198638997451218,3.4306687617538656,84
716,NE 28th Avenue @ NE 15th Street,29.67695,-82.305731,36,"15,26",unknown,12001000400,18.24006834686032,13.6077655941039,41.44872349330357,44.26608276367188,35,2026-06-02;2026-06-03;2026-06-10;2026-06-11;2026-06-18;2026-06-19;2026-06-26;2026-06-27;2026-07-05;2026-07-12;2026-07-13;2026-07-20;2026-07-21;2026-07-28;2026-07-29;2026-08-05;2026-08-06;2026-08-13;2026-08-14;2026-08-21;2026-08-22;2026-08-29;2026-08-30;2026-09-06;2026-09-15,,106.60770228794642,0.8820638820638821,1.25,0.8610551582440376,3.428140720483534,85
259,ALDI Food Market,29.687607,-82.338857,37,"6,15",none,12001000302,11.592076302274394,26.838966202783297,41.14677036830357,42.59126281738281,35,2026-06-02;2026-06-03;2026-06-10;2026-06-11;2026-06-18;2026-06-19;2026-06-26;2026-06-27;2026-07-05;2026-07-12;2026-07-13;2026-07-20;2026-07-21;2026-07-28;2026-07-29;2026-08-05;2026-08-06;2026-08-13;2026-08-14;2026-08-21;2026-08-22;2026-08-29;2026-08-30;2026-09-06;2026-09-15,,106.06418666294643,0.8624078624078624,1.5,0.7264168036092977,3.418244604035577,86
752,NE 15th Street @ NE 26th Avenue,29.676648,-82.305877,36,"15,26",unknown,12001000400,18.24006834686032,13.6077655941039,41.36635044642857,44.01315307617188,35,2026-06-02;2026-06-03;2026-06-10;2026-06-11;2026-06-18;2026-06-19;2026-06-26;2026-06-27;2026-07-05;2026-07-12;2026-07-13;2026-07-20;2026-07-21;2026-07-28;2026-07-29;2026-08-05;2026-08-06;2026-08-13;2026-08-14;2026-08-21;2026-08-22;2026-08-29;2026-08-30;2026-09-06;2026-09-15,,106.45943080357142,0.8771498771498771,1.25,0.8610551582440376,3.409042443489197,87
1100,West Newberry Rd Nearside NW 69th Ter,29.659768,-82.415987,51,"23,75",none,12001001702,5.506141465480729,33.90179910044978,43.04347795758929,46.614288330078125,35,2026-06-02;2026-06-03;2026-06-10;2026-06-11;2026-06-18;2026-06-19;2026-06-26;2026-06-27;2026-07-05;2026-07-12;2026-07-13;2026-07-20;2026-07-21;2026-07-28;2026-07-29;2026-08-05;2026-08-06;2026-08-13;2026-08-14;2026-08-21;2026-08-22;2026-08-29;2026-08-30;2026-09-06;2026-09-15,,109.47826032366072,0.9508599508599509,1.5,0.6031615037616609,3.399188498299707,88
1337,Gainesville Place,29.621832,-82.36548,111,38,none,12001001515,9.41336971350614,5.387755102040816,39.50038655598959,43.68161010742188,36,2026-06-02;2026-06-03;2026-06-10;2026-06-11;2026-06-18;2026-06-19;2026-06-26;2026-06-27;2026-07-05;2026-07-12;2026-07-13;2026-07-20;2026-07-21;2026-07-28;2026-07-29;2026-08-05;2026-08-06;2026-08-13;2026-08-14;2026-08-21;2026-08-22;2026-08-29;2026-08-30;2026-09-06;2026-09-15,,103.10069580078127,0.7027027027027027,1.5,0.6822925825849184,3.3934182284318415,89
725,Southeast Car Agency,29.688578,-82.322195,23,15,none,12001001902,16.82586333578251,25.576208178438662,40.99603794642857,43.35006713867188,35,2026-06-02;2026-06-03;2026-06-10;2026-06-11;2026-06-18;2026-06-19;2026-06-26;2026-06-27;2026-07-05;2026-07-12;2026-07-13;2026-07-20;2026-07-21;2026-07-28;2026-07-29;2026-08-05;2026-08-06;2026-08-13;2026-08-14;2026-08-21;2026-08-22;2026-08-29;2026-08-30;2026-09-06;2026-09-15,,105.79286830357144,0.855036855036855,1.5,0.8324139934335614,3.3929441835362373,90
1614,Celebration Pointe SW 45th St & SW 31st Pl,29.624398,-82.394318,27,75,unknown,12001002219,16.47440519105984,14.393255043661547,44.24810791015625,44.92578125,32,2026-06-02;2026-06-03;2026-06-10;2026-06-11;2026-06-18;2026-06-19;2026-06-26;2026-06-27;2026-07-05;2026-07-12;2026-07-13;2026-07-20;2026-07-21;2026-07-28;2026-07-29;2026-08-05;2026-08-06;2026-08-13;2026-08-14;2026-08-21;2026-08-22;2026-08-29;2026-08-30;2026-09-06;2026-09-15,,111.64659423828125,0.9803439803439803,1.25,0.8252960928688374,3.3700002757743186,91
1084,Reflections Apartments,29.650711,-82.422267,27,75,none,12001002217,15.908324907313784,7.102560393461594,40.72488941865809,42.32467651367188,34,2026-06-02;2026-06-03;2026-06-10;2026-06-11;2026-06-18;2026-06-19;2026-06-26;2026-06-27;2026-07-05;2026-07-12;2026-07-13;2026-07-20;2026-07-21;2026-07-28;2026-07-29;2026-08-05;2026-08-06;2026-08-13;2026-08-14;2026-08-21;2026-08-22;2026-08-29;2026-08-30;2026-09-06;2026-09-15,,105.30480095358456,0.8267813267813268,1.5,0.8138315607990667,3.3631643768956296,92
1154,Graham Hall,29.6460169,-82.3504445,38,118,none,12001000902,30.48780487804878,0.0114639458901753,38.462104348575366,41.10273742675781,34,2026-06-02;2026-06-03;2026-06-10;2026-06-11;2026-06-18;2026-06-19;2026-06-26;2026-06-27;2026-07-05;2026-07-12;2026-07-13;2026-07-20;2026-07-21;2026-07-28;2026-07-29;2026-08-05;2026-08-06;2026-08-13;2026-08-14;2026-08-21;2026-08-22;2026-08-29;2026-08-30;2026-09-06;2026-09-15,,101.23178782743567,0.5491400491400491,1.5,1.1091022502831978,3.346951872605901,93
1085,The Gardens Apartments,29.65307,-82.422247,27,75,none,12001002217,15.908324907313784,7.102560393461594,40.6098861694336,41.57783508300781,32,2026-06-02;2026-06-03;2026-06-10;2026-06-11;2026-06-18;2026-06-19;2026-06-26;2026-06-27;2026-07-05;2026-07-12;2026-07-13;2026-07-20;2026-07-21;2026-07-28;2026-07-29;2026-08-05;2026-08-06;2026-08-13;2026-08-14;2026-08-21;2026-08-22;2026-08-29;2026-08-30;2026-09-06;2026-09-15,,105.09779510498048,0.8181818181818182,1.5,0.8138315607990667,3.3281834695579335,94
715,Smokey Bear Park,29.674499,-82.305763,36,"15,26",none,12001000400,18.24006834686032,13.6077655941039,39.54229736328125,40.86517333984375,34,2026-06-02;2026-06-03;2026-06-10;2026-06-11;2026-06-18;2026-06-19;2026-06-26;2026-06-27;2026-07-05;2026-07-12;2026-07-13;2026-07-20;2026-07-21;2026-07-28;2026-07-29;2026-08-05;2026-08-06;2026-08-13;2026-08-14;2026-08-21;2026-08-22;2026-08-29;2026-08-30;2026-09-06;2026-09-15,,103.17613525390625,0.7088452088452089,1.5,0.8610551582440376,3.305911747719776,95
1621,SW 8th Ave @ Nearside SW 67th Terr,29.6450466,-82.4148202,26,75,none,12001002218,15.250836120401337,8.166317678731678,40.85021232836174,42.00680541992188,33,2026-06-02;2026-06-03;2026-06-10;2026-06-11;2026-06-18;2026-06-19;2026-06-26;2026-06-27;2026-07-05;2026-07-12;2026-07-13;2026-07-20;2026-07-21;2026-07-28;2026-07-29;2026-08-05;2026-08-06;2026-08-13;2026-08-14;2026-08-21;2026-08-22;2026-08-29;2026-08-30;2026-09-06;2026-09-15,,105.53038219105113,0.8341523341523341,1.5,0.8005157794523101,3.3012030122423237,96
744,Wade Raulerson Honda Dealership,29.688307,-82.318521,23,15,unknown,12001000400,18.24006834686032,13.6077655941039,43.40099748883929,44.21481323242188,35,2026-06-02;2026-06-03;2026-06-10;2026-06-11;2026-06-18;2026-06-19;2026-06-26;2026-06-27;2026-07-05;2026-07-12;2026-07-13;2026-07-20;2026-07-21;2026-07-28;2026-07-29;2026-08-05;2026-08-06;2026-08-13;2026-08-14;2026-08-21;2026-08-22;2026-08-29;2026-08-30;2026-09-06;2026-09-15,,110.12179547991072,0.9643734643734644,1.25,0.8610551582440376,3.298735442846562,97
736,Wesley United Methodist Church,29.674021,-82.33484,37,"6,15",none,12001000302,11.592076302274394,26.838966202783297,40.81235504150391,43.01510620117188,32,2026-06-02;2026-06-03;2026-06-10;2026-06-11;2026-06-18;2026-06-19;2026-06-26;2026-06-27;2026-07-05;2026-07-12;2026-07-13;2026-07-20;2026-07-21;2026-07-28;2026-07-29;2026-08-05;2026-08-06;2026-08-13;2026-08-14;2026-08-21;2026-08-22;2026-08-29;2026-08-30;2026-09-06;2026-09-15,,105.46223907470704,0.8316953316953317,1.5,0.7264168036092977,3.2965122463420027,98
1629,SW 43rd St @ Texas Roadhouse,29.6174457,-82.3893686,27,75,unknown,12001002219,16.47440519105984,14.393255043661547,43.1390380859375,44.862548828125,35,2026-06-02;2026-06-03;2026-06-10;2026-06-11;2026-06-18;2026-06-19;2026-06-26;2026-06-27;2026-07-05;2026-07-12;2026-07-13;2026-07-20;2026-07-21;2026-07-28;2026-07-29;2026-08-05;2026-08-06;2026-08-13;2026-08-14;2026-08-21;2026-08-22;2026-08-29;2026-08-30;2026-09-06;2026-09-15,,109.6502685546875,0.957002457002457,1.25,0.8252960928688374,3.2897621739701677,99
369,CVS @ NW 13th Street,29.6664,-82.339045,16,8,none,12001000301,14.08811475409836,9.192399049881235,45.16706431995738,47.174835205078125,22,2026-06-02;2026-06-03;2026-06-10;2026-06-11;2026-06-18;2026-06-19;2026-06-26;2026-06-27;2026-07-05;2026-07-12;2026-07-13;2026-07-20;2026-07-21;2026-07-28;2026-07-29;2026-08-05;2026-08-06;2026-08-13;2026-08-14;2026-08-21;2026-08-22;2026-08-29;2026-08-30;2026-09-06;2026-09-15,,113.3007157759233,0.9926289926289926,1.5,0.7769677832140807,3.277634367887395,100
1626,SW 43rd St @ Cracker Barrel,29.6171772,-82.3891192,26,75,unknown,12001002219,16.47440519105984,14.393255043661547,43.396881103515625,44.862548828125,36,2026-06-02;2026-06-03;2026-06-10;2026-06-11;2026-06-18;2026-06-19;2026-06-26;2026-06-27;2026-07-05;2026-07-12;2026-07-13;2026-07-20;2026-07-21;2026-07-28;2026-07-29;2026-08-05;2026-08-06;2026-08-13;2026-08-14;2026-08-21;2026-08-22;2026-08-29;2026-08-30;2026-09-06;2026-09-15,,110.11438598632813,0.9631449631449631,1.25,0.8252960928688374,3.274742582901128,101
201,West University Avenue & SW 12th St,29.651961,-82.337352,40,"5,10",unknown,12001000201,21.14384748700173,1.9492808478425436,40.07009548611112,42.58102416992188,36,2026-06-02;2026-06-03;2026-06-10;2026-06-11;2026-06-18;2026-06-19;2026-06-26;2026-06-27;2026-07-05;2026-07-12;2026-07-13;2026-07-20;2026-07-21;2026-07-28;2026-07-29;2026-08-05;2026-08-06;2026-08-13;2026-08-14;2026-08-21;2026-08-22;2026-08-29;2026-08-30;2026-09-06;2026-09-15,,104.12617187500003,0.7665847665847666,1.25,0.9198638997451218,3.273298635067908,102
275,NW 6th St @ NW 22nd Ave,29.67277,-82.330886,23,"6,55",none,12001000301,14.08811475409836,9.192399049881235,41.35810546875,43.86276245117188,35,2026-06-02;2026-06-03;2026-06-10;2026-06-11;2026-06-18;2026-06-19;2026-06-26;2026-06-27;2026-07-05;2026-07-12;2026-07-13;2026-07-20;2026-07-21;2026-07-28;2026-07-29;2026-08-05;2026-08-06;2026-08-13;2026-08-14;2026-08-21;2026-08-22;2026-08-29;2026-08-30;2026-09-06;2026-09-15,,106.44458984375,0.8746928746928747,1.5,0.7769677832140807,3.2397470876983947,103
1430,NE 39th Ave @ Waldo Rd,29.685182,-82.289826,13,26,none,12001000400,18.24006834686032,13.6077655941039,43.014251708984375,45.33253479003906,32,2026-06-02;2026-06-03;2026-06-10;2026-06-11;2026-06-18;2026-06-19;2026-06-26;2026-06-27;2026-07-05;2026-07-12;2026-07-13;2026-07-20;2026-07-21;2026-07-28;2026-07-29;2026-08-05;2026-08-06;2026-08-13;2026-08-14;2026-08-21;2026-08-22;2026-08-29;2026-08-30;2026-09-06;2026-09-15,,109.42565307617187,0.9496314496314496,1.5,0.8610551582440376,3.236876618985728,104
761,Sandwich Inn @ NE 16th Ave,29.666684,-82.323115,37,"3,15",none,12001000400,18.24006834686032,13.6077655941039,39.38987938133446,41.10443115234375,37,2026-06-02;2026-06-03;2026-06-10;2026-06-11;2026-06-18;2026-06-19;2026-06-26;2026-06-27;2026-07-05;2026-07-12;2026-07-13;2026-07-20;2026-07-21;2026-07-28;2026-07-29;2026-08-05;2026-08-06;2026-08-13;2026-08-14;2026-08-21;2026-08-22;2026-08-29;2026-08-30;2026-09-06;2026-09-15,,102.90178288640203,0.6867321867321867,1.5,0.8610551582440376,3.226435025402476,105
1341,Enclave 4,29.622783,-82.366766,54,38,none,12001001515,9.41336971350614,5.387755102040816,40.1832275390625,43.89010620117188,32,2026-06-02;2026-06-03;2026-06-10;2026-06-11;2026-06-18;2026-06-19;2026-06-26;2026-06-27;2026-07-05;2026-07-12;2026-07-13;2026-07-20;2026-07-21;2026-07-28;2026-07-29;2026-08-05;2026-08-06;2026-08-13;2026-08-14;2026-08-21;2026-08-22;2026-08-29;2026-08-30;2026-09-06;2026-09-15,,104.3298095703125,0.7800982800982801,1.5,0.6822925825849184,3.1993863109208363,106
1627,SW 32nd Road @ The Vibe (Eastbound),29.6230419,-82.3922737,27,75,unknown,12001002219,16.47440519105984,14.393255043661547,42.32355813419117,44.4130859375,34,2026-06-02;2026-06-03;2026-06-10;2026-06-11;2026-06-18;2026-06-19;2026-06-26;2026-06-27;2026-07-05;2026-07-12;2026-07-13;2026-07-20;2026-07-21;2026-07-28;2026-07-29;2026-08-05;2026-08-06;2026-08-13;2026-08-14;2026-08-21;2026-08-22;2026-08-29;2026-08-30;2026-09-06;2026-09-15,,108.1824046415441,0.9287469287469288,1.25,0.8252960928688374,3.1926318402072487,107
1333,Enclave 1,29.62541,-82.367793,54,38,none,12001001515,9.41336971350614,5.387755102040816,40.17761579241071,41.90937805175781,35,2026-06-02;2026-06-03;2026-06-10;2026-06-11;2026-06-18;2026-06-19;2026-06-26;2026-06-27;2026-07-05;2026-07-12;2026-07-13;2026-07-20;2026-07-21;2026-07-28;2026-07-29;2026-08-05;2026-08-06;2026-08-13;2026-08-14;2026-08-21;2026-08-22;2026-08-29;2026-08-30;2026-09-06;2026-09-15,,104.31970842633929,0.7776412776412777,1.5,0.6822925825849184,3.1893095036423458,108
848,Lake Alice Field,29.644875,-82.356718,99,"20,118",none,12001000901,49.78902953586498,0.0,36.486886160714285,39.268951416015625,35,2026-06-02;2026-06-03;2026-06-10;2026-06-11;2026-06-18;2026-06-19;2026-06-26;2026-06-27;2026-07-05;2026-07-12;2026-07-13;2026-07-20;2026-07-21;2026-07-28;2026-07-29;2026-08-05;2026-08-06;2026-08-13;2026-08-14;2026-08-21;2026-08-22;2026-08-29;2026-08-30;2026-09-06;2026-09-15,,97.6763950892857,0.3071253071253071,1.5,1.5,3.182319692405776,109
1323,College Manor Apartments,29.650334,-82.337801,42,1,none,12001000201,21.14384748700173,1.9492808478425436,38.763368348817565,40.116607666015625,37,2026-06-02;2026-06-03;2026-06-10;2026-06-11;2026-06-18;2026-06-19;2026-06-26;2026-06-27;2026-07-05;2026-07-12;2026-07-13;2026-07-20;2026-07-21;2026-07-28;2026-07-29;2026-08-05;2026-08-06;2026-08-13;2026-08-14;2026-08-21;2026-08-22;2026-08-29;2026-08-30;2026-09-06;2026-09-15,,101.77406302787162,0.6117936117936118,1.5,0.9198638997451218,3.175018154778049,110
1165,Hills Mini Storage,29.685727,-82.290364,13,26,none,12001001902,16.82586333578251,25.576208178438662,43.270064742476855,45.33253479003906,27,2026-06-02;2026-06-03;2026-06-10;2026-06-11;2026-06-18;2026-06-19;2026-06-26;2026-06-27;2026-07-05;2026-07-12;2026-07-13;2026-07-20;2026-07-21;2026-07-28;2026-07-29;2026-08-05;2026-08-06;2026-08-13;2026-08-14;2026-08-21;2026-08-22;2026-08-29;2026-08-30;2026-09-06;2026-09-15,,109.88611653645833,0.9606879606879607,1.5,0.8324139934335614,3.1656420368633396,111
372,Lux 13 Apartments,29.67111,-82.339044,16,8,none,12001000301,14.08811475409836,9.192399049881235,43.129196579391895,46.829620361328125,37,2026-06-02;2026-06-03;2026-06-10;2026-06-11;2026-06-18;2026-06-19;2026-06-26;2026-06-27;2026-07-05;2026-07-12;2026-07-13;2026-07-20;2026-07-21;2026-07-28;2026-07-29;2026-08-05;2026-08-06;2026-08-13;2026-08-14;2026-08-21;2026-08-22;2026-08-29;2026-08-30;2026-09-06;2026-09-15,,109.63255384290541,0.9557739557739557,1.5,0.7769677832140807,3.155940022545041,112
1268,Brandywine Apartments,29.630199,-82.365372,54,38,none,12001001515,9.41336971350614,5.387755102040816,40.10019003378378,42.38278198242188,37,2026-06-02;2026-06-03;2026-06-10;2026-06-11;2026-06-18;2026-06-19;2026-06-26;2026-06-27;2026-07-05;2026-07-12;2026-07-13;2026-07-20;2026-07-21;2026-07-28;2026-07-29;2026-08-05;2026-08-06;2026-08-13;2026-08-14;2026-08-21;2026-08-22;2026-08-29;2026-08-30;2026-09-06;2026-09-15,,104.18034206081082,0.769041769041769,1.5,0.6822925825849184,3.154040678167628,113
746,Eden Park Apartments,29.688249,-82.307784,23,15,none,12001000400,18.24006834686032,13.6077655941039,40.07361518012153,41.69235229492188,36,2026-06-02;2026-06-03;2026-06-10;2026-06-11;2026-06-18;2026-06-19;2026-06-26;2026-06-27;2026-07-05;2026-07-12;2026-07-13;2026-07-20;2026-07-21;2026-07-28;2026-07-29;2026-08-05;2026-08-06;2026-08-13;2026-08-14;2026-08-21;2026-08-22;2026-08-29;2026-08-30;2026-09-06;2026-09-15,,104.13250732421875,0.7678132678132679,1.5,0.8610551582440376,3.1516580664139124,114
148,Smathers Library,29.652194,-82.343083,34,"5,43",none,12001001000,6.52607580507267,9.155578975102095,42.80048963758681,45.983673095703125,36,2026-06-02;2026-06-03;2026-06-10;2026-06-11;2026-06-18;2026-06-19;2026-06-26;2026-06-27;2026-07-05;2026-07-12;2026-07-13;2026-07-20;2026-07-21;2026-07-28;2026-07-29;2026-08-05;2026-08-06;2026-08-13;2026-08-14;2026-08-21;2026-08-22;2026-08-29;2026-08-30;2026-09-06;2026-09-15,,109.04088134765625,0.9434889434889435,1.5,0.6238177079804916,3.1388307355865774,115
136,SE 4th Street @ SE 10th Ave,29.641648,-82.319843,38,"7,17",none,12001000700,12.61942675159236,21.483491632745363,40.01579284667969,42.05465698242188,32,2026-06-02;2026-06-03;2026-06-10;2026-06-11;2026-06-18;2026-06-19;2026-06-26;2026-06-27;2026-07-05;2026-07-12;2026-07-13;2026-07-20;2026-07-21;2026-07-28;2026-07-29;2026-08-05;2026-08-06;2026-08-13;2026-08-14;2026-08-21;2026-08-22;2026-08-29;2026-08-30;2026-09-06;2026-09-15,,104.02842712402344,0.7628992628992629,1.5,0.7472232024740616,3.132653113615372,116
149,West Univ Avenue @ NW 17th Street,29.652158,-82.344574,34,"5,43",none,12001001000,6.52607580507267,9.155578975102095,42.77614397321429,44.31735229492188,35,2026-06-02;2026-06-03;2026-06-10;2026-06-11;2026-06-18;2026-06-19;2026-06-26;2026-06-27;2026-07-05;2026-07-12;2026-07-13;2026-07-20;2026-07-21;2026-07-28;2026-07-29;2026-08-05;2026-08-06;2026-08-13;2026-08-14;2026-08-21;2026-08-22;2026-08-29;2026-08-30;2026-09-06;2026-09-15,,108.99705915178572,0.941031941031941,1.5,0.6238177079804916,3.130656697212654,117
1183,Cultural Plaza,29.6367363,-82.3679535,76,118,unknown,12001001514,8.333333333333332,2.7532467532467533,41.30685245289522,45.633331298828125,34,2026-06-02;2026-06-03;2026-06-10;2026-06-11;2026-06-18;2026-06-19;2026-06-26;2026-06-27;2026-07-05;2026-07-12;2026-07-13;2026-07-20;2026-07-21;2026-07-28;2026-07-29;2026-08-05;2026-08-06;2026-08-13;2026-08-14;2026-08-21;2026-08-22;2026-08-29;2026-08-30;2026-09-06;2026-09-15,,106.3523344152114,0.871007371007371,1.25,0.6604191627316935,3.123358766733616,118
464,Mt Vernon Apartments @ SW 23rd Drive,29.635773,-82.358792,92,"9,12",none,12001001514,8.333333333333332,2.7532467532467533,39.44679129464286,43.48678588867188,35,2026-06-02;2026-06-03;2026-06-10;2026-06-11;2026-06-18;2026-06-19;2026-06-26;2026-06-27;2026-07-05;2026-07-12;2026-07-13;2026-07-20;2026-07-21;2026-07-28;2026-07-29;2026-08-05;2026-08-06;2026-08-13;2026-08-14;2026-08-21;2026-08-22;2026-08-29;2026-08-30;2026-09-06;2026-09-15,,103.00422433035715,0.6953316953316954,1.5,0.6604191627316935,3.1221250766144353,119
479,Campus Edge Condominiums,29.63705,-82.358917,92,"9,12",unknown,12001001514,8.333333333333332,2.7532467532467533,40.84594029017857,42.37594604492188,35,2026-06-02;2026-06-03;2026-06-10;2026-06-11;2026-06-18;2026-06-19;2026-06-26;2026-06-27;2026-07-05;2026-07-12;2026-07-13;2026-07-20;2026-07-21;2026-07-28;2026-07-29;2026-08-05;2026-08-06;2026-08-13;2026-08-14;2026-08-21;2026-08-22;2026-08-29;2026-08-30;2026-09-06;2026-09-15,,105.52269252232142,0.8329238329238329,1.25,0.6604191627316935,3.116608954570946,120
1058,Linton Oaks,29.644583,-82.409167,27,75,unknown,12001002217,15.908324907313784,7.102560393461594,41.99461364746094,44.08834838867188,32,2026-06-02;2026-06-03;2026-06-10;2026-06-11;2026-06-18;2026-06-19;2026-06-26;2026-06-27;2026-07-05;2026-07-12;2026-07-13;2026-07-20;2026-07-21;2026-07-28;2026-07-29;2026-08-05;2026-08-06;2026-08-13;2026-08-14;2026-08-21;2026-08-22;2026-08-29;2026-08-30;2026-09-06;2026-09-15,,107.59030456542969,0.9176904176904177,1.25,0.8138315607990667,3.110802116816537,121
1051,Walgreens @ SW 24th Avenue,29.630459,-82.421341,39,"52,75",none,12001002219,16.47440519105984,14.393255043661547,39.33503553602431,40.85833740234375,36,2026-06-02;2026-06-03;2026-06-10;2026-06-11;2026-06-18;2026-06-19;2026-06-26;2026-06-27;2026-07-05;2026-07-12;2026-07-13;2026-07-20;2026-07-21;2026-07-28;2026-07-29;2026-08-05;2026-08-06;2026-08-13;2026-08-14;2026-08-21;2026-08-22;2026-08-29;2026-08-30;2026-09-06;2026-09-15,,102.80306396484374,0.6805896805896806,1.5,0.8252960928688374,3.107999007681038,122
800,Corry Village,29.644942,-82.360713,99,"20,118",none,12001000901,49.78902953586498,0.0,36.41352802998311,39.487701416015625,37,2026-06-02;2026-06-03;2026-06-10;2026-06-11;2026-06-18;2026-06-19;2026-06-26;2026-06-27;2026-07-05;2026-07-12;2026-07-13;2026-07-20;2026-07-21;2026-07-28;2026-07-29;2026-08-05;2026-08-06;2026-08-13;2026-08-14;2026-08-21;2026-08-22;2026-08-29;2026-08-30;2026-09-06;2026-09-15,,97.5443504539696,0.29975429975429974,1.5,1.5,3.105944019788037,123
2,Hampton Inn Hotel,29.650346,-82.323804,42,1,none,12001000500,10.72961373390558,13.34805299076676,40.1463134765625,42.19137573242188,35,2026-06-02;2026-06-03;2026-06-10;2026-06-11;2026-06-18;2026-06-19;2026-06-26;2026-06-27;2026-07-05;2026-07-12;2026-07-13;2026-07-20;2026-07-21;2026-07-28;2026-07-29;2026-08-05;2026-08-06;2026-08-13;2026-08-14;2026-08-21;2026-08-22;2026-08-29;2026-08-30;2026-09-06;2026-09-15,,104.2633642578125,0.7751842751842751,1.5,0.7089497939678231,3.100545684979415,124
737,Wawa @ NW 13th St,29.674053,-82.338429,37,"6,15",unknown,12001000302,11.592076302274394,26.838966202783297,42.64845842633929,44.6591796875,35,2026-06-02;2026-06-03;2026-06-10;2026-06-11;2026-06-18;2026-06-19;2026-06-26;2026-06-27;2026-07-05;2026-07-12;2026-07-13;2026-07-20;2026-07-21;2026-07-28;2026-07-29;2026-08-05;2026-08-06;2026-08-13;2026-08-14;2026-08-21;2026-08-22;2026-08-29;2026-08-30;2026-09-06;2026-09-15,,108.76722516741071,0.9373464373464373,1.25,0.7264168036092977,3.0960596306732495,125
1484,Varsity House Apartments @ SW 38th Ter,29.636472,-82.380767,73,"33,52",unknown,12001001522,15.617875056999544,3.28125,39.56910923549107,43.63375854492188,35,2026-06-02;2026-06-03;2026-06-10;2026-06-11;2026-06-18;2026-06-19;2026-06-26;2026-06-27;2026-07-05;2026-07-12;2026-07-13;2026-07-20;2026-07-21;2026-07-28;2026-07-29;2026-08-05;2026-08-06;2026-08-13;2026-08-14;2026-08-21;2026-08-22;2026-08-29;2026-08-30;2026-09-06;2026-09-15,,103.22439662388392,0.7113022113022113,1.25,0.8079492297601685,3.0919116377770752,126
1140,Southbound SW 27th Street @ SW 35th Place,29.619302,-82.36289,43,12,none,12001001517,11.43627262225645,5.445716267776621,39.94841657366072,42.84420776367188,35,2026-06-02;2026-06-03;2026-06-10;2026-06-11;2026-06-18;2026-06-19;2026-06-26;2026-06-27;2026-07-05;2026-07-12;2026-07-13;2026-07-20;2026-07-21;2026-07-28;2026-07-29;2026-08-05;2026-08-06;2026-08-13;2026-08-14;2026-08-21;2026-08-22;2026-08-29;2026-08-30;2026-09-06;2026-09-15,,103.9071498325893,0.7530712530712531,1.5,0.723261392022917,3.091686882298216,127
204,Innovation Square North,29.651968,-82.331959,40,"5,10",none,12001000201,21.14384748700173,1.9492808478425436,38.69252137880068,41.19329833984375,37,2026-06-02;2026-06-03;2026-06-10;2026-06-11;2026-06-18;2026-06-19;2026-06-26;2026-06-27;2026-07-05;2026-07-12;2026-07-13;2026-07-20;2026-07-21;2026-07-28;2026-07-29;2026-08-05;2026-08-06;2026-08-13;2026-08-14;2026-08-21;2026-08-22;2026-08-29;2026-08-30;2026-09-06;2026-09-15,,101.64653848184122,0.5995085995085995,1.5,0.9198638997451218,3.0718648729098836,128
1055,Split Rock Conservation Area,29.639213,-82.410517,48,"52,75,76",none,12001002219,16.47440519105984,14.393255043661547,38.96987915039063,39.829498291015625,7,2026-06-02;2026-06-03;2026-06-10;2026-06-11;2026-06-18;2026-06-19;2026-06-26;2026-06-27;2026-07-05;2026-07-12;2026-07-13;2026-07-20;2026-07-21;2026-07-28;2026-07-29;2026-08-05;2026-08-06;2026-08-13;2026-08-14;2026-08-21;2026-08-22;2026-08-29;2026-08-30;2026-09-06;2026-09-15,,102.14578247070314,0.6351351351351351,1.5,0.8252960928688374,3.0599897037239536,129
1014,Allstate Insurance,29.687731,-82.389071,14,43,none,12001001701,17.254556143445033,28.263455248290214,41.65768432617188,43.00827026367188,36,2026-06-02;2026-06-03;2026-06-10;2026-06-11;2026-06-18;2026-06-19;2026-06-26;2026-06-27;2026-07-05;2026-07-12;2026-07-13;2026-07-20;2026-07-21;2026-07-28;2026-07-29;2026-08-05;2026-08-06;2026-08-13;2026-08-14;2026-08-21;2026-08-22;2026-08-29;2026-08-30;2026-09-06;2026-09-15,,106.98383178710938,0.8943488943488943,1.5,0.8410960877983454,3.055628537152066,130
60,SE 4th Street @ SE 10th Avenue,29.641666,-82.319959,38,"7,17",none,12001000700,12.61942675159236,21.483491632745363,39.86144670758929,42.05465698242188,35,2026-06-02;2026-06-03;2026-06-10;2026-06-11;2026-06-18;2026-06-19;2026-06-26;2026-06-27;2026-07-05;2026-07-12;2026-07-13;2026-07-20;2026-07-21;2026-07-28;2026-07-29;2026-08-05;2026-08-06;2026-08-13;2026-08-14;2026-08-21;2026-08-22;2026-08-29;2026-08-30;2026-09-06;2026-09-15,,103.75060407366071,0.7432432432432432,1.5,0.7472232024740616,3.05194063403752,131
1496,Family Dollar Shopping Center,29.645966,-82.295144,14,3,none,12001000600,20.242214532871973,17.217034843999087,40.7871728515625,42.44941711425781,25,2026-06-02;2026-06-03;2026-06-10;2026-06-11;2026-06-18;2026-06-19;2026-06-26;2026-06-27;2026-07-05;2026-07-12;2026-07-13;2026-07-20;2026-07-21;2026-07-28;2026-07-29;2026-08-05;2026-08-06;2026-08-13;2026-08-14;2026-08-21;2026-08-22;2026-08-29;2026-08-30;2026-09-06;2026-09-15,,105.4169111328125,0.8292383292383292,1.5,0.901603592480261,3.03698726941619,132
1630,SW 32nd Rd @ The Vibe (Westbound),29.623197,-82.3920138,26,75,unknown,12001002219,16.47440519105984,14.393255043661547,41.63769201330236,44.4130859375,37,2026-06-02;2026-06-03;2026-06-10;2026-06-11;2026-06-18;2026-06-19;2026-06-26;2026-06-27;2026-07-05;2026-07-12;2026-07-13;2026-07-20;2026-07-21;2026-07-28;2026-07-29;2026-08-05;2026-08-06;2026-08-13;2026-08-14;2026-08-21;2026-08-22;2026-08-29;2026-08-30;2026-09-06;2026-09-15,,106.94784562394425,0.8931203931203932,1.25,0.8252960928688374,3.0366554308279587,133
63,Norwood Neighborhood,29.63612,-82.317214,38,"7,17",none,12001000700,12.61942675159236,21.483491632745363,39.79281819661458,40.73870849609375,15,2026-06-02;2026-06-03;2026-06-10;2026-06-11;2026-06-18;2026-06-19;2026-06-26;2026-06-27;2026-07-05;2026-07-12;2026-07-13;2026-07-20;2026-07-21;2026-07-28;2026-07-29;2026-08-05;2026-08-06;2026-08-13;2026-08-14;2026-08-21;2026-08-22;2026-08-29;2026-08-30;2026-09-06;2026-09-15,,103.62707275390625,0.7371007371007371,1.5,0.7472232024740616,3.026717984169441,134
57,Hippodrome Theatre,29.650203,-82.324144,43,1,none,12001000500,10.72961373390558,13.34805299076676,39.94054845861486,41.94186401367188,37,2026-06-02;2026-06-03;2026-06-10;2026-06-11;2026-06-18;2026-06-19;2026-06-26;2026-06-27;2026-07-05;2026-07-12;2026-07-13;2026-07-20;2026-07-21;2026-07-28;2026-07-29;2026-08-05;2026-08-06;2026-08-13;2026-08-14;2026-08-21;2026-08-22;2026-08-29;2026-08-30;2026-09-06;2026-09-15,,103.89298722550674,0.7518427518427518,1.5,0.7089497939678231,3.025566122204912,135
134,Norwood Neighborhood (North),29.636261,-82.317134,38,"7,17",none,12001000700,12.61942675159236,21.483491632745363,39.761138916015625,40.246490478515625,11,2026-06-02;2026-06-03;2026-06-10;2026-06-11;2026-06-18;2026-06-19;2026-06-26;2026-06-27;2026-07-05;2026-07-12;2026-07-13;2026-07-20;2026-07-21;2026-07-28;2026-07-29;2026-08-05;2026-08-06;2026-08-13;2026-08-14;2026-08-21;2026-08-22;2026-08-29;2026-08-30;2026-09-06;2026-09-15,,103.57005004882812,0.7334152334152334,1.5,0.7472232024740616,3.011584394248594,136
758,David's BBQ,29.672851,-82.319841,23,15,unknown,12001000400,18.24006834686032,13.6077655941039,41.36154354319853,47.138946533203125,34,2026-06-02;2026-06-03;2026-06-10;2026-06-11;2026-06-18;2026-06-19;2026-06-26;2026-06-27;2026-07-05;2026-07-12;2026-07-13;2026-07-20;2026-07-21;2026-07-28;2026-07-29;2026-08-05;2026-08-06;2026-08-13;2026-08-14;2026-08-21;2026-08-22;2026-08-29;2026-08-30;2026-09-06;2026-09-15,,106.45077837775736,0.8759213759213759,1.25,0.8610551582440376,2.9961762684708266,137
1221,Eastbound NW 23rd Avenue @ NW 13th Street,29.673891,-82.33804,14,6,none,12001000301,14.08811475409836,9.192399049881235,42.94181780133928,46.217803955078125,35,2026-06-02;2026-06-03;2026-06-10;2026-06-11;2026-06-18;2026-06-19;2026-06-26;2026-06-27;2026-07-05;2026-07-12;2026-07-13;2026-07-20;2026-07-21;2026-07-28;2026-07-29;2026-08-05;2026-08-06;2026-08-13;2026-08-14;2026-08-21;2026-08-22;2026-08-29;2026-08-30;2026-09-06;2026-09-15,,109.29527204241072,0.9459459459459459,1.5,0.7769677832140807,2.985501553597258,138
1318,GRACE Marketplace,29.683571,-82.286172,13,26,none,12001001902,16.82586333578251,25.576208178438662,41.821849926097975,43.61666870117188,37,2026-06-02;2026-06-03;2026-06-10;2026-06-11;2026-06-18;2026-06-19;2026-06-26;2026-06-27;2026-07-05;2026-07-12;2026-07-13;2026-07-20;2026-07-21;2026-07-28;2026-07-29;2026-08-05;2026-08-06;2026-08-13;2026-08-14;2026-08-21;2026-08-22;2026-08-29;2026-08-30;2026-09-06;2026-09-15,,107.27932986697635,0.9054054054054054,1.5,0.8324139934335614,2.9834759349978013,139
1136,Wilmot Gardens,29.639607,-82.349435,41,"21,52",none,12001000902,30.48780487804878,0.0114639458901753,37.99560876794764,40.73187255859375,37,2026-06-02;2026-06-03;2026-06-10;2026-06-11;2026-06-18;2026-06-19;2026-06-26;2026-06-27;2026-07-05;2026-07-12;2026-07-13;2026-07-20;2026-07-21;2026-07-28;2026-07-29;2026-08-05;2026-08-06;2026-08-13;2026-08-14;2026-08-21;2026-08-22;2026-08-29;2026-08-30;2026-09-06;2026-09-15,,100.39209578230574,0.47665847665847666,1.5,1.1091022502831978,2.963951388884247,140
1302,Greenwich Green Apartments,29.617702,-82.374701,52,37,unknown,12001001519,12.811791383219957,0.7092198581560284,40.39582868303572,41.70602416992188,35,2026-06-02;2026-06-03;2026-06-10;2026-06-11;2026-06-18;2026-06-19;2026-06-26;2026-06-27;2026-07-05;2026-07-12;2026-07-13;2026-07-20;2026-07-21;2026-07-28;2026-07-29;2026-08-05;2026-08-06;2026-08-13;2026-08-14;2026-08-21;2026-08-22;2026-08-29;2026-08-30;2026-09-06;2026-09-15,,104.71249162946428,0.7948402948402948,1.25,0.7511190641595986,2.962928101069344,141
1269,Archer Court Apartments,29.62941,-82.3671,54,38,unknown,12001001515,9.41336971350614,5.387755102040816,41.24372482299805,42.13497924804688,32,2026-06-02;2026-06-03;2026-06-10;2026-06-11;2026-06-18;2026-06-19;2026-06-26;2026-06-27;2026-07-05;2026-07-12;2026-07-13;2026-07-20;2026-07-21;2026-07-28;2026-07-29;2026-08-05;2026-08-06;2026-08-13;2026-08-14;2026-08-21;2026-08-22;2026-08-29;2026-08-30;2026-09-06;2026-09-15,,106.23870468139648,0.8660933660933661,1.25,0.6822925825849184,2.9600621380566796,142
144,Leonardo's 706,29.65215,-82.332359,40,"5,10",none,12001000201,21.14384748700173,1.9492808478425436,38.59250710227273,41.05999755859375,33,2026-06-02;2026-06-03;2026-06-10;2026-06-11;2026-06-18;2026-06-19;2026-06-26;2026-06-27;2026-07-05;2026-07-12;2026-07-13;2026-07-20;2026-07-21;2026-07-28;2026-07-29;2026-08-05;2026-08-06;2026-08-13;2026-08-14;2026-08-21;2026-08-22;2026-08-29;2026-08-30;2026-09-06;2026-09-15,,101.46651278409091,0.5773955773955773,1.5,0.9198638997451218,2.958558381695994,143
512,Northwest Baptist Church,29.6742,-82.402283,29,"10,76",none,12001001701,17.254556143445033,28.263455248290214,39.40357840401786,41.37446594238281,35,2026-06-02;2026-06-03;2026-06-10;2026-06-11;2026-06-18;2026-06-19;2026-06-26;2026-06-27;2026-07-05;2026-07-12;2026-07-13;2026-07-20;2026-07-21;2026-07-28;2026-07-29;2026-08-05;2026-08-06;2026-08-13;2026-08-14;2026-08-21;2026-08-22;2026-08-29;2026-08-30;2026-09-06;2026-09-15,,102.92644112723215,0.6891891891891891,1.5,0.8410960877983454,2.957380224098245,144
735,Rena's Ballroom,29.674014,-82.332201,37,"6,15",unknown,12001000302,11.592076302274394,26.838966202783297,41.61040736607143,43.16549682617188,35,2026-06-02;2026-06-03;2026-06-10;2026-06-11;2026-06-18;2026-06-19;2026-06-26;2026-06-27;2026-07-05;2026-07-12;2026-07-13;2026-07-20;2026-07-21;2026-07-28;2026-07-29;2026-08-05;2026-08-06;2026-08-13;2026-08-14;2026-08-21;2026-08-22;2026-08-29;2026-08-30;2026-09-06;2026-09-15,,106.89873325892856,0.8906633906633906,1.25,0.7264168036092977,2.941865310928055,145
749,Village Green Apartments,29.683511,-82.305875,36,"15,26",unknown,12001000400,18.24006834686032,13.6077655941039,39.9700813293457,43.22702026367188,32,2026-06-02;2026-06-03;2026-06-10;2026-06-11;2026-06-18;2026-06-19;2026-06-26;2026-06-27;2026-07-05;2026-07-12;2026-07-13;2026-07-20;2026-07-21;2026-07-28;2026-07-29;2026-08-05;2026-08-06;2026-08-13;2026-08-14;2026-08-21;2026-08-22;2026-08-29;2026-08-30;2026-09-06;2026-09-15,,103.94614639282227,0.7555282555282555,1.25,0.8610551582440376,2.9363600878793505,146
899,NE 16th Avenue @ NE 15th Street,29.666584,-82.305688,27,"3,26",none,12001000400,18.24006834686032,13.6077655941039,39.34142368861607,42.37252807617188,35,2026-06-02;2026-06-03;2026-06-10;2026-06-11;2026-06-18;2026-06-19;2026-06-26;2026-06-27;2026-07-05;2026-07-12;2026-07-13;2026-07-20;2026-07-21;2026-07-28;2026-07-29;2026-08-05;2026-08-06;2026-08-13;2026-08-14;2026-08-21;2026-08-22;2026-08-29;2026-08-30;2026-09-06;2026-09-15,,102.81456263950892,0.6818181818181818,1.5,0.8610551582440376,2.934421242760642,147
256,Mount Pleasant Cemetary,29.679712,-82.33895,37,"6,15",none,12001000302,11.592076302274394,26.838966202783297,39.83282470703125,41.54194641113281,32,2026-06-02;2026-06-03;2026-06-10;2026-06-11;2026-06-18;2026-06-19;2026-06-26;2026-06-27;2026-07-05;2026-07-12;2026-07-13;2026-07-20;2026-07-21;2026-07-28;2026-07-29;2026-08-05;2026-08-06;2026-08-13;2026-08-14;2026-08-21;2026-08-22;2026-08-29;2026-08-30;2026-09-06;2026-09-15,,103.69908447265625,0.7395577395577395,1.5,0.7264168036092977,2.9313151732612788,148
1011,NW Grille Seafood,29.688528,-82.397711,23,"43,55",none,12001001701,17.254556143445033,28.263455248290214,39.730594635009766,40.70452880859375,32,2026-06-02;2026-06-03;2026-06-10;2026-06-11;2026-06-18;2026-06-19;2026-06-26;2026-06-27;2026-07-05;2026-07-12;2026-07-13;2026-07-20;2026-07-21;2026-07-28;2026-07-29;2026-08-05;2026-08-06;2026-08-13;2026-08-14;2026-08-21;2026-08-22;2026-08-29;2026-08-30;2026-09-06;2026-09-15,,103.51507034301758,0.7297297297297297,1.5,0.8410960877983454,2.925904596283439,149
804,Family Housing,29.641106,-82.369361,61,20,none,12001000901,49.78902953586498,0.0,36.549877269847975,39.00747680664063,37,2026-06-02;2026-06-03;2026-06-10;2026-06-11;2026-06-18;2026-06-19;2026-06-26;2026-06-27;2026-07-05;2026-07-12;2026-07-13;2026-07-20;2026-07-21;2026-07-28;2026-07-29;2026-08-05;2026-08-06;2026-08-13;2026-08-14;2026-08-21;2026-08-22;2026-08-29;2026-08-30;2026-09-06;2026-09-15,,97.78977908572635,0.3144963144963145,1.5,1.5,2.9204292454373126,150
718,Northbound NE 15th Street @ NE 31st Avenue,29.681769,-82.305727,36,"15,26",none,12001000400,18.24006834686032,13.6077655941039,38.87593367293074,42.60836791992188,37,2026-06-02;2026-06-03;2026-06-10;2026-06-11;2026-06-18;2026-06-19;2026-06-26;2026-06-27;2026-07-05;2026-07-12;2026-07-13;2026-07-20;2026-07-21;2026-07-28;2026-07-29;2026-08-05;2026-08-06;2026-08-13;2026-08-14;2026-08-21;2026-08-22;2026-08-29;2026-08-30;2026-09-06;2026-09-15,,101.97668061127533,0.6253071253071253,1.5,0.8610551582440376,2.916306897035296,151
1559,Butler Plaza North,29.627096,-82.385165,25,23,none,12001001522,15.617875056999544,3.28125,39.8167961968316,43.12106323242188,36,2026-06-02;2026-06-03;2026-06-10;2026-06-11;2026-06-18;2026-06-19;2026-06-26;2026-06-27;2026-07-05;2026-07-12;2026-07-13;2026-07-20;2026-07-21;2026-07-28;2026-07-29;2026-08-05;2026-08-06;2026-08-13;2026-08-14;2026-08-21;2026-08-22;2026-08-29;2026-08-30;2026-09-06;2026-09-15,,103.67023315429688,0.7383292383292384,1.5,0.8079492297601685,2.9153409022400782,152
720,Fearnside Family Services Center Northbound,29.686176,-82.305717,36,"15,26",unknown,12001000400,18.24006834686032,13.6077655941039,39.92420869715073,41.98287963867188,34,2026-06-02;2026-06-03;2026-06-10;2026-06-11;2026-06-18;2026-06-19;2026-06-26;2026-06-27;2026-07-05;2026-07-12;2026-07-13;2026-07-20;2026-07-21;2026-07-28;2026-07-29;2026-08-05;2026-08-06;2026-08-13;2026-08-14;2026-08-21;2026-08-22;2026-08-29;2026-08-30;2026-09-06;2026-09-15,,103.86357565487131,0.7481572481572482,1.25,0.8610551582440376,2.9077126723878446,153
1067,Carriage House Lane,29.630587,-82.420423,38,"52,75",none,12001002218,15.250836120401337,8.166317678731678,39.09431457519531,41.00701904296875,32,2026-06-02;2026-06-03;2026-06-10;2026-06-11;2026-06-18;2026-06-19;2026-06-26;2026-06-27;2026-07-05;2026-07-12;2026-07-13;2026-07-20;2026-07-21;2026-07-28;2026-07-29;2026-08-05;2026-08-06;2026-08-13;2026-08-14;2026-08-21;2026-08-22;2026-08-29;2026-08-30;2026-09-06;2026-09-15,,102.36976623535156,0.6609336609336609,1.5,0.8005157794523101,2.907518793274584,154
249,NW 16th Ave NW 13th St,29.666801,-82.340521,20,10,none,12001001100,7.312925170068027,27.624720774385704,44.94901090054898,47.198760986328125,37,2026-06-02;2026-06-03;2026-06-10;2026-06-11;2026-06-18;2026-06-19;2026-06-26;2026-06-27;2026-07-05;2026-07-12;2026-07-13;2026-07-20;2026-07-21;2026-07-28;2026-07-29;2026-08-05;2026-08-06;2026-08-13;2026-08-14;2026-08-21;2026-08-22;2026-08-29;2026-08-30;2026-09-06;2026-09-15,,112.90821962098815,0.9914004914004914,1.5,0.6397533624063481,2.8964907446485704,155
1547,Sam's Club,29.623178,-82.383566,94,"1,37",none,12001001522,15.617875056999544,3.28125,38.28828125,41.76240539550781,35,2026-06-02;2026-06-03;2026-06-10;2026-06-11;2026-06-18;2026-06-19;2026-06-26;2026-06-27;2026-07-05;2026-07-12;2026-07-13;2026-07-20;2026-07-21;2026-07-28;2026-07-29;2026-08-05;2026-08-06;2026-08-13;2026-08-14;2026-08-21;2026-08-22;2026-08-29;2026-08-30;2026-09-06;2026-09-15,,100.91890624999999,0.5221130221130221,1.5,0.8079492297601685,2.8815167026498103,156
1213,Lexington Crossing Apartments,29.613535,-82.362271,43,12,unknown,12001001517,11.43627262225645,5.445716267776621,40.90528700086806,42.91940307617188,36,2026-06-02;2026-06-03;2026-06-10;2026-06-11;2026-06-18;2026-06-19;2026-06-26;2026-06-27;2026-07-05;2026-07-12;2026-07-13;2026-07-20;2026-07-21;2026-07-28;2026-07-29;2026-08-05;2026-08-06;2026-08-13;2026-08-14;2026-08-21;2026-08-22;2026-08-29;2026-08-30;2026-09-06;2026-09-15,,105.6295166015625,0.8415233415233415,1.25,0.723261392022917,2.8790178281325147,157
971,US Post Office @ SW 34th Street,29.608991,-82.371314,43,12,none,12001001517,11.43627262225645,5.445716267776621,39.47830738740809,43.61325073242188,34,2026-06-02;2026-06-03;2026-06-10;2026-06-11;2026-06-18;2026-06-19;2026-06-26;2026-06-27;2026-07-05;2026-07-12;2026-07-13;2026-07-20;2026-07-21;2026-07-28;2026-07-29;2026-08-05;2026-08-06;2026-08-13;2026-08-14;2026-08-21;2026-08-22;2026-08-29;2026-08-30;2026-09-06;2026-09-15,,103.06095329733456,0.7002457002457002,1.5,0.723261392022917,2.8748148823980144,158
898,Rose Food Store,29.666562,-82.303197,27,"3,26",none,12001000400,18.24006834686032,13.6077655941039,39.13136160714286,42.05807495117188,35,2026-06-02;2026-06-03;2026-06-10;2026-06-11;2026-06-18;2026-06-19;2026-06-26;2026-06-27;2026-07-05;2026-07-12;2026-07-13;2026-07-20;2026-07-21;2026-07-28;2026-07-29;2026-08-05;2026-08-06;2026-08-13;2026-08-14;2026-08-21;2026-08-22;2026-08-29;2026-08-30;2026-09-06;2026-09-15,,102.43645089285715,0.6658476658476659,1.5,0.8610551582440376,2.865687051488772,159
18,Shands Hospital @ Davis Cancer Pavilion,29.637023,-82.349885,148,"1,37,38",none,12001000902,30.48780487804878,0.0114639458901753,36.825714111328125,39.135650634765625,32,2026-06-02;2026-06-03;2026-06-10;2026-06-11;2026-06-18;2026-06-19;2026-06-26;2026-06-27;2026-07-05;2026-07-12;2026-07-13;2026-07-20;2026-07-21;2026-07-28;2026-07-29;2026-08-05;2026-08-06;2026-08-13;2026-08-14;2026-08-21;2026-08-22;2026-08-29;2026-08-30;2026-09-06;2026-09-15,,98.28628540039062,0.343980343980344,1.5,1.1091022502831978,2.8635786307771127,160
1135,Shands Visitor Parking,29.639637,-82.347288,41,"21,52",none,12001000902,30.48780487804878,0.0114639458901753,37.846795159417226,39.080963134765625,37,2026-06-02;2026-06-03;2026-06-10;2026-06-11;2026-06-18;2026-06-19;2026-06-26;2026-06-27;2026-07-05;2026-07-12;2026-07-13;2026-07-20;2026-07-21;2026-07-28;2026-07-29;2026-08-05;2026-08-06;2026-08-13;2026-08-14;2026-08-21;2026-08-22;2026-08-29;2026-08-30;2026-09-06;2026-09-15,,100.12423128695102,0.4594594594594595,1.5,1.1091022502831978,2.857004689285331,161
1460,Enclave 3,29.623522,-82.365763,54,38,none,12001001515,9.41336971350614,5.387755102040816,39.43634556361607,43.27145385742188,35,2026-06-02;2026-06-03;2026-06-10;2026-06-11;2026-06-18;2026-06-19;2026-06-26;2026-06-27;2026-07-05;2026-07-12;2026-07-13;2026-07-20;2026-07-21;2026-07-28;2026-07-29;2026-08-05;2026-08-06;2026-08-13;2026-08-14;2026-08-21;2026-08-22;2026-08-29;2026-08-30;2026-09-06;2026-09-15,,102.98542201450894,0.6941031941031941,1.5,0.6822925825849184,2.8466980561736577,162
1061,Linton Oaks Neighborhood @ SW 63rd Terrace,29.645167,-82.410758,27,75,unknown,12001002217,15.908324907313784,7.102560393461594,40.88832310267857,42.96725463867188,35,2026-06-02;2026-06-03;2026-06-10;2026-06-11;2026-06-18;2026-06-19;2026-06-26;2026-06-27;2026-07-05;2026-07-12;2026-07-13;2026-07-20;2026-07-21;2026-07-28;2026-07-29;2026-08-05;2026-08-06;2026-08-13;2026-08-14;2026-08-21;2026-08-22;2026-08-29;2026-08-30;2026-09-06;2026-09-15,,105.59898158482142,0.8390663390663391,1.25,0.8138315607990667,2.8442809180531397,163
1267,University Commons Apartments,29.631194,-82.363243,54,38,none,12001001515,9.41336971350614,5.387755102040816,39.41563546316964,40.92669677734375,35,2026-06-02;2026-06-03;2026-06-10;2026-06-11;2026-06-18;2026-06-19;2026-06-26;2026-06-27;2026-07-05;2026-07-12;2026-07-13;2026-07-20;2026-07-21;2026-07-28;2026-07-29;2026-08-05;2026-08-06;2026-08-13;2026-08-14;2026-08-21;2026-08-22;2026-08-29;2026-08-30;2026-09-06;2026-09-15,,102.94814383370536,0.6904176904176904,1.5,0.6822925825849184,2.8315828452559213,164
546,NW 16th Ave @ NW 13th St,29.6665645,-82.3402284,20,10,none,12001001000,6.52607580507267,9.155578975102095,45.22419569227431,47.198760986328125,36,2026-06-02;2026-06-03;2026-06-10;2026-06-11;2026-06-18;2026-06-19;2026-06-26;2026-06-27;2026-07-05;2026-07-12;2026-07-13;2026-07-20;2026-07-21;2026-07-28;2026-07-29;2026-08-05;2026-08-06;2026-08-13;2026-08-14;2026-08-21;2026-08-22;2026-08-29;2026-08-30;2026-09-06;2026-09-15,,113.40355224609375,0.9938574938574939,1.5,0.6238177079804916,2.8313414931405516,165
1187,Microbiology/Cell Science Building,29.6403557,-82.3642279,38,118,unknown,12001000901,49.78902953586498,0.0,37.41536690848214,39.95939636230469,35,2026-06-02;2026-06-03;2026-06-10;2026-06-11;2026-06-18;2026-06-19;2026-06-26;2026-06-27;2026-07-05;2026-07-12;2026-07-13;2026-07-20;2026-07-21;2026-07-28;2026-07-29;2026-08-05;2026-08-06;2026-08-13;2026-08-14;2026-08-21;2026-08-22;2026-08-29;2026-08-30;2026-09-06;2026-09-15,,99.34766043526785,0.4103194103194103,1.25,1.5,2.8185571018288584,166
847,Corry Village,29.644774,-82.360875,99,"20,118",none,12001000901,49.78902953586498,0.0,36.139122009277344,39.152740478515625,32,2026-06-02;2026-06-03;2026-06-10;2026-06-11;2026-06-18;2026-06-19;2026-06-26;2026-06-27;2026-07-05;2026-07-12;2026-07-13;2026-07-20;2026-07-21;2026-07-28;2026-07-29;2026-08-05;2026-08-06;2026-08-13;2026-08-14;2026-08-21;2026-08-22;2026-08-29;2026-08-30;2026-09-06;2026-09-15,,97.05041961669922,0.2714987714987715,1.5,1.5,2.813170608086706,167
1018,CVS @ Millhopper,29.674912,-82.389099,14,43,none,12001001701,17.254556143445033,28.263455248290214,40.61659458705357,42.79293823242188,35,2026-06-02;2026-06-03;2026-06-10;2026-06-11;2026-06-18;2026-06-19;2026-06-26;2026-06-27;2026-07-05;2026-07-12;2026-07-13;2026-07-20;2026-07-21;2026-07-28;2026-07-29;2026-08-05;2026-08-06;2026-08-13;2026-08-14;2026-08-21;2026-08-22;2026-08-29;2026-08-30;2026-09-06;2026-09-15,,105.10987025669642,0.8194103194103194,1.5,0.8410960877983454,2.7995937284071815,168
664,UF Health Shands North Tower,29.639817,-82.342006,38,"17,43",unknown,12001000902,30.48780487804878,0.0114639458901753,38.47105189732143,39.66546630859375,35,2026-06-02;2026-06-03;2026-06-10;2026-06-11;2026-06-18;2026-06-19;2026-06-26;2026-06-27;2026-07-05;2026-07-12;2026-07-13;2026-07-20;2026-07-21;2026-07-28;2026-07-29;2026-08-05;2026-08-06;2026-08-13;2026-08-14;2026-08-21;2026-08-22;2026-08-29;2026-08-30;2026-09-06;2026-09-15,,101.24789341517858,0.5503685503685504,1.25,1.1091022502831978,2.795366217239828,169
1489,Village Point 4,29.637488,-82.378817,73,"33,52",none,12001001522,15.617875056999544,3.28125,38.36826520647321,42.92282104492188,35,2026-06-02;2026-06-03;2026-06-10;2026-06-11;2026-06-18;2026-06-19;2026-06-26;2026-06-27;2026-07-05;2026-07-12;2026-07-13;2026-07-20;2026-07-21;2026-07-28;2026-07-29;2026-08-05;2026-08-06;2026-08-13;2026-08-14;2026-08-21;2026-08-22;2026-08-29;2026-08-30;2026-09-06;2026-09-15,,101.06287737165178,0.5356265356265356,1.5,0.8079492297601685,2.7939346612866425,170
753,Smokey Bear Park,29.674433,-82.305919,36,"15,26",unknown,12001000400,18.24006834686032,13.6077655941039,39.65315077039931,41.07025146484375,36,2026-06-02;2026-06-03;2026-06-10;2026-06-11;2026-06-18;2026-06-19;2026-06-26;2026-06-27;2026-07-05;2026-07-12;2026-07-13;2026-07-20;2026-07-21;2026-07-28;2026-07-29;2026-08-05;2026-08-06;2026-08-13;2026-08-14;2026-08-21;2026-08-22;2026-08-29;2026-08-30;2026-09-06;2026-09-15,,103.37567138671875,0.7186732186732187,1.25,0.8610551582440376,2.7931230104218208,171
1274,Krystal @ Newberry Road,29.659836,-82.424709,25,23,none,12001002204,5.470500373412994,18.014849550605703,42.9958065257353,45.441925048828125,34,2026-06-02;2026-06-03;2026-06-10;2026-06-11;2026-06-18;2026-06-19;2026-06-26;2026-06-27;2026-07-05;2026-07-12;2026-07-13;2026-07-20;2026-07-21;2026-07-28;2026-07-29;2026-08-05;2026-08-06;2026-08-13;2026-08-14;2026-08-21;2026-08-22;2026-08-29;2026-08-30;2026-09-06;2026-09-15,,109.39245174632353,0.9484029484029484,1.5,0.6024396831034527,2.7922974151549442,172
704,Kangaroo @ N Main St,29.666398,-82.324394,23,15,none,12001000301,14.08811475409836,9.192399049881235,39.89907094594594,40.75921630859375,37,2026-06-02;2026-06-03;2026-06-10;2026-06-11;2026-06-18;2026-06-19;2026-06-26;2026-06-27;2026-07-05;2026-07-12;2026-07-13;2026-07-20;2026-07-21;2026-07-28;2026-07-29;2026-08-05;2026-08-06;2026-08-13;2026-08-14;2026-08-21;2026-08-22;2026-08-29;2026-08-30;2026-09-06;2026-09-15,,103.81832770270269,0.7469287469287469,1.5,0.7769677832140807,2.766525602978404,173
100,GTEC,29.646204,-82.29622,14,3,none,12001000700,12.61942675159236,21.483491632745363,41.8827482524671,43.89352416992188,19,2026-06-02;2026-06-03;2026-06-10;2026-06-11;2026-06-18;2026-06-19;2026-06-26;2026-06-27;2026-07-05;2026-07-12;2026-07-13;2026-07-20;2026-07-21;2026-07-28;2026-07-29;2026-08-05;2026-08-06;2026-08-13;2026-08-14;2026-08-21;2026-08-22;2026-08-29;2026-08-30;2026-09-06;2026-09-15,,107.38894685444077,0.9090909090909091,1.5,0.7472232024740616,2.759342650538345,174
673,Stayable Select Hotel,29.624406,-82.339555,62,13,none,12001000809,3.034134007585335,10.265613783201722,40.42722516741071,45.754638671875,35,2026-06-02;2026-06-03;2026-06-10;2026-06-11;2026-06-18;2026-06-19;2026-06-26;2026-06-27;2026-07-05;2026-07-12;2026-07-13;2026-07-20;2026-07-21;2026-07-28;2026-07-29;2026-08-05;2026-08-06;2026-08-13;2026-08-14;2026-08-21;2026-08-22;2026-08-29;2026-08-30;2026-09-06;2026-09-15,,104.76900530133928,0.8022113022113022,1.5,0.5530972114845825,2.7574685019172813,175
208,Bo Diddley Community Plaza,29.651871,-82.322744,63,"5,10,15",none,12001000500,10.72961373390558,13.34805299076676,38.84540473090278,39.983306884765625,36,2026-06-02;2026-06-03;2026-06-10;2026-06-11;2026-06-18;2026-06-19;2026-06-26;2026-06-27;2026-07-05;2026-07-12;2026-07-13;2026-07-20;2026-07-21;2026-07-28;2026-07-29;2026-08-05;2026-08-06;2026-08-13;2026-08-14;2026-08-21;2026-08-22;2026-08-29;2026-08-30;2026-09-06;2026-09-15,,101.921728515625,0.6216216216216216,1.5,0.7089497939678231,2.749220433118962,176
740,Stephen Foster Elementary School @ 39th Ave,29.688428,-82.331785,32,"15,55",none,12001000302,11.592076302274394,26.838966202783297,39.65307976217831,40.89935302734375,34,2026-06-02;2026-06-03;2026-06-10;2026-06-11;2026-06-18;2026-06-19;2026-06-26;2026-06-27;2026-07-05;2026-07-12;2026-07-13;2026-07-20;2026-07-21;2026-07-28;2026-07-29;2026-08-05;2026-08-06;2026-08-13;2026-08-14;2026-08-21;2026-08-22;2026-08-29;2026-08-30;2026-09-06;2026-09-15,,103.37554357192096,0.7174447174447175,1.5,0.7264168036092977,2.733380267344336,177
1325,Division of Blind Services,29.686504,-82.389063,14,43,none,12001001701,17.254556143445033,28.263455248290214,40.42405482700893,42.45455932617188,35,2026-06-02;2026-06-03;2026-06-10;2026-06-11;2026-06-18;2026-06-19;2026-06-26;2026-06-27;2026-07-05;2026-07-12;2026-07-13;2026-07-20;2026-07-21;2026-07-28;2026-07-29;2026-08-05;2026-08-06;2026-08-13;2026-08-14;2026-08-21;2026-08-22;2026-08-29;2026-08-30;2026-09-06;2026-09-15,,104.76329868861608,0.7997542997542998,1.5,0.8410960877983454,2.7324370572609826,178
709,McCoy Court Apartments,29.672836,-82.319684,23,15,unknown,12001000400,18.24006834686032,13.6077655941039,40.39947509765625,46.366485595703125,32,2026-06-02;2026-06-03;2026-06-10;2026-06-11;2026-06-18;2026-06-19;2026-06-26;2026-06-27;2026-07-05;2026-07-12;2026-07-13;2026-07-20;2026-07-21;2026-07-28;2026-07-29;2026-08-05;2026-08-06;2026-08-13;2026-08-14;2026-08-21;2026-08-22;2026-08-29;2026-08-30;2026-09-06;2026-09-15,,104.71905517578125,0.7972972972972973,1.25,0.8610551582440376,2.7272347801368393,179
109,Phase III Supply,29.647011,-82.297228,14,3,none,12001000600,20.242214532871973,17.217034843999087,39.87222290039063,40.048248291015625,4,2026-06-02;2026-06-03;2026-06-10;2026-06-11;2026-06-18;2026-06-19;2026-06-26;2026-06-27;2026-07-05;2026-07-12;2026-07-13;2026-07-20;2026-07-21;2026-07-28;2026-07-29;2026-08-05;2026-08-06;2026-08-13;2026-08-14;2026-08-21;2026-08-22;2026-08-29;2026-08-30;2026-09-06;2026-09-15,,103.77000122070314,0.7444717444717445,1.5,0.901603592480261,2.7265396818758685,180
995,Summer Creek Neighborhood,29.688902,-82.410768,23,"43,55",none,12001001811,12.61518906895456,20.87149187592319,40.06028366088867,42.46823120117188,32,2026-06-02;2026-06-03;2026-06-10;2026-06-11;2026-06-18;2026-06-19;2026-06-26;2026-06-27;2026-07-05;2026-07-12;2026-07-13;2026-07-20;2026-07-21;2026-07-28;2026-07-29;2026-08-05;2026-08-06;2026-08-13;2026-08-14;2026-08-21;2026-08-22;2026-08-29;2026-08-30;2026-09-06;2026-09-15,,104.1085105895996,0.7653562653562653,1.5,0.7471373788728913,2.725942020579548,181
1447,Gardenia Gardens,29.659135,-82.302674,27,"3,26",none,12001000600,20.242214532871973,17.217034843999087,38.73838588169643,40.65667724609375,35,2026-06-02;2026-06-03;2026-06-10;2026-06-11;2026-06-18;2026-06-19;2026-06-26;2026-06-27;2026-07-05;2026-07-12;2026-07-13;2026-07-20;2026-07-21;2026-07-28;2026-07-29;2026-08-05;2026-08-06;2026-08-13;2026-08-14;2026-08-21;2026-08-22;2026-08-29;2026-08-30;2026-09-06;2026-09-15,,101.72909458705358,0.6044226044226044,1.5,0.901603592480261,2.7238252300400916,182
1290,Alachua County Courthouse,29.650198,-82.325153,43,1,none,12001000500,10.72961373390558,13.34805299076676,39.31123744419643,40.43792724609375,35,2026-06-02;2026-06-03;2026-06-10;2026-06-11;2026-06-18;2026-06-19;2026-06-26;2026-06-27;2026-07-05;2026-07-12;2026-07-13;2026-07-20;2026-07-21;2026-07-28;2026-07-29;2026-08-05;2026-08-06;2026-08-13;2026-08-14;2026-08-21;2026-08-22;2026-08-29;2026-08-30;2026-09-06;2026-09-15,,102.76022739955357,0.6756756756756757,1.5,0.7089497939678231,2.7190545215893818,183
1013,Pine Woods Apartments,29.688548,-82.391263,23,"43,55",none,12001001701,17.254556143445033,28.263455248290214,39.32331678602431,41.98117065429688,36,2026-06-02;2026-06-03;2026-06-10;2026-06-11;2026-06-18;2026-06-19;2026-06-26;2026-06-27;2026-07-05;2026-07-12;2026-07-13;2026-07-20;2026-07-21;2026-07-28;2026-07-29;2026-08-05;2026-08-06;2026-08-13;2026-08-14;2026-08-21;2026-08-22;2026-08-29;2026-08-30;2026-09-06;2026-09-15,,102.78197021484375,0.6781326781326781,1.5,0.8410960877983454,2.719022453111883,184
1497,Alachua School Bus Parking Lot,29.648572,-82.300287,14,3,none,12001000600,20.242214532871973,17.217034843999087,39.84602355957031,40.51312255859375,6,2026-06-02;2026-06-03;2026-06-10;2026-06-11;2026-06-18;2026-06-19;2026-06-26;2026-06-27;2026-07-05;2026-07-12;2026-07-13;2026-07-20;2026-07-21;2026-07-28;2026-07-29;2026-08-05;2026-08-06;2026-08-13;2026-08-14;2026-08-21;2026-08-22;2026-08-29;2026-08-30;2026-09-06;2026-09-15,,103.72284240722657,0.7407862407862408,1.5,0.901603592480261,2.7130419606784635,185
1185,Microbiology/Cell Science Building,29.6402616,-82.3641002,38,118,unknown,12001000901,49.78902953586498,0.0,37.279469209558826,39.77140808105469,34,2026-06-02;2026-06-03;2026-06-10;2026-06-11;2026-06-18;2026-06-19;2026-06-26;2026-06-27;2026-07-05;2026-07-12;2026-07-13;2026-07-20;2026-07-21;2026-07-28;2026-07-29;2026-08-05;2026-08-06;2026-08-13;2026-08-14;2026-08-21;2026-08-22;2026-08-29;2026-08-30;2026-09-06;2026-09-15,,99.10304457720589,0.39434889434889436,1.25,1.5,2.7088527834942027,186
623,Westbound NE 13th Street @ NE 8th Avenue,29.659376,-82.308036,17,11,none,12001000500,10.72961373390558,13.34805299076676,41.41991424560547,42.97409057617188,32,2026-06-02;2026-06-03;2026-06-10;2026-06-11;2026-06-18;2026-06-19;2026-06-26;2026-06-27;2026-07-05;2026-07-12;2026-07-13;2026-07-20;2026-07-21;2026-07-28;2026-07-29;2026-08-05;2026-08-06;2026-08-13;2026-08-14;2026-08-21;2026-08-22;2026-08-29;2026-08-30;2026-09-06;2026-09-15,,106.55584564208985,0.8808353808353808,1.5,0.7089497939678231,2.7074172741410854,187
449,Hideaway Apartments,29.613497,-82.362054,50,9,unknown,12001001516,8.51472471190781,5.001866368047779,40.75489298502604,42.91940307617188,36,2026-06-02;2026-06-03;2026-06-10;2026-06-11;2026-06-18;2026-06-19;2026-06-26;2026-06-27;2026-07-05;2026-07-12;2026-07-13;2026-07-20;2026-07-21;2026-07-28;2026-07-29;2026-08-05;2026-08-06;2026-08-13;2026-08-14;2026-08-21;2026-08-22;2026-08-29;2026-08-30;2026-09-06;2026-09-15,,105.35880737304687,0.828009828009828,1.25,0.6640927887818456,2.7025175235295666,188
688,Tanglewood Apartments,29.623303,-82.339345,60,13,unknown,12001000808,7.1806945261918775,3.871439006574142,40.693980189732144,45.754638671875,35,2026-06-02;2026-06-03;2026-06-10;2026-06-11;2026-06-18;2026-06-19;2026-06-26;2026-06-27;2026-07-05;2026-07-12;2026-07-13;2026-07-20;2026-07-21;2026-07-28;2026-07-29;2026-08-05;2026-08-06;2026-08-13;2026-08-14;2026-08-21;2026-08-22;2026-08-29;2026-08-30;2026-09-06;2026-09-15,,105.24916434151785,0.8243243243243243,1.25,0.6370753633647764,2.6985662855855317,189
1008,Greystone Community,29.6886506,-82.4110918,23,"43,55",unknown,12001001701,17.254556143445033,28.263455248290214,40.48793658088236,43.45260620117188,34,2026-06-02;2026-06-03;2026-06-10;2026-06-11;2026-06-18;2026-06-19;2026-06-26;2026-06-27;2026-07-05;2026-07-12;2026-07-13;2026-07-20;2026-07-21;2026-07-28;2026-07-29;2026-08-05;2026-08-06;2026-08-13;2026-08-14;2026-08-21;2026-08-22;2026-08-29;2026-08-30;2026-09-06;2026-09-15,,104.87828584558825,0.8058968058968059,1.25,0.8410960877983454,2.692751704772638,190
139,City Hall,29.652054,-82.323598,63,"5,10,15",none,12001000500,10.72961373390558,13.34805299076676,38.730897645692565,39.98674011230469,37,2026-06-02;2026-06-03;2026-06-10;2026-06-11;2026-06-18;2026-06-19;2026-06-26;2026-06-27;2026-07-05;2026-07-12;2026-07-13;2026-07-20;2026-07-21;2026-07-28;2026-07-29;2026-08-05;2026-08-06;2026-08-13;2026-08-14;2026-08-21;2026-08-22;2026-08-29;2026-08-30;2026-09-06;2026-09-15,,101.71561576224661,0.6031941031941032,1.5,0.7089497939678231,2.6677218036786763,191
969,UF Health Professional Park,29.606183,-82.367751,43,12,none,12001001517,11.43627262225645,5.445716267776621,39.04085625542535,42.35885620117188,36,2026-06-02;2026-06-03;2026-06-10;2026-06-11;2026-06-18;2026-06-19;2026-06-26;2026-06-27;2026-07-05;2026-07-12;2026-07-13;2026-07-20;2026-07-21;2026-07-28;2026-07-29;2026-08-05;2026-08-06;2026-08-13;2026-08-14;2026-08-21;2026-08-22;2026-08-29;2026-08-30;2026-09-06;2026-09-15,,102.27354125976564,0.6486486486486487,1.5,0.723261392022917,2.662986417379214,192
989,Pinewood Apartments,29.688786,-82.390347,23,"43,55",unknown,12001001811,12.61518906895456,20.87149187592319,41.62598353794643,42.92965698242188,35,2026-06-02;2026-06-03;2026-06-10;2026-06-11;2026-06-18;2026-06-19;2026-06-26;2026-06-27;2026-07-05;2026-07-12;2026-07-13;2026-07-20;2026-07-21;2026-07-28;2026-07-29;2026-08-05;2026-08-06;2026-08-13;2026-08-14;2026-08-21;2026-08-22;2026-08-29;2026-08-30;2026-09-06;2026-09-15,,106.92677036830358,0.8918918918918919,1.25,0.7471373788728913,2.647182861076448,193
562,Sunny Food Mart,29.659271,-82.310291,17,11,none,12001000500,10.72961373390558,13.34805299076676,41.05435519748264,41.81710815429688,36,2026-06-02;2026-06-03;2026-06-10;2026-06-11;2026-06-18;2026-06-19;2026-06-26;2026-06-27;2026-07-05;2026-07-12;2026-07-13;2026-07-20;2026-07-21;2026-07-28;2026-07-29;2026-08-05;2026-08-06;2026-08-13;2026-08-14;2026-08-21;2026-08-22;2026-08-29;2026-08-30;2026-09-06;2026-09-15,,105.89783935546876,0.85995085995086,1.5,0.7089497939678231,2.6432246748936676,194
3,Westbound SW 2nd Avenue @ SW 2nd Street,29.650397,-82.326459,42,1,none,12001000500,10.72961373390558,13.34805299076676,39.08216768152573,40.031158447265625,34,2026-06-02;2026-06-03;2026-06-10;2026-06-11;2026-06-18;2026-06-19;2026-06-26;2026-06-27;2026-07-05;2026-07-12;2026-07-13;2026-07-20;2026-07-21;2026-07-28;2026-07-29;2026-08-05;2026-08-06;2026-08-13;2026-08-14;2026-08-21;2026-08-22;2026-08-29;2026-08-30;2026-09-06;2026-09-15,,102.34790182674632,0.6572481572481572,1.5,0.7089497939678231,2.628830335125177,195
248,Gainesville High School,29.667953,-82.339253,17,8,none,12001001100,7.312925170068027,27.624720774385704,42.93970120337702,46.118682861328125,31,2026-06-02;2026-06-03;2026-06-10;2026-06-11;2026-06-18;2026-06-19;2026-06-26;2026-06-27;2026-07-05;2026-07-12;2026-07-13;2026-07-20;2026-07-21;2026-07-28;2026-07-29;2026-08-05;2026-08-06;2026-08-13;2026-08-14;2026-08-21;2026-08-22;2026-08-29;2026-08-30;2026-09-06;2026-09-15,,109.29146216607863,0.9447174447174447,1.5,0.6397533624063481,2.620351039316579,196
643,Ridgemar Apartments,29.620493,-82.372521,96,"12,37",unknown,12001001517,11.43627262225645,5.445716267776621,38.935323079427086,41.03778076171875,36,2026-06-02;2026-06-03;2026-06-10;2026-06-11;2026-06-18;2026-06-19;2026-06-26;2026-06-27;2026-07-05;2026-07-12;2026-07-13;2026-07-20;2026-07-21;2026-07-28;2026-07-29;2026-08-05;2026-08-06;2026-08-13;2026-08-14;2026-08-21;2026-08-22;2026-08-29;2026-08-30;2026-09-06;2026-09-15,,102.08358154296874,0.6314496314496314,1.25,0.723261392022917,2.6116060823606366,197
300,Fast Eddie's Restaurant,29.650775,-82.305763,28,"3,7",none,12001000700,12.61942675159236,21.483491632745363,39.42319869995117,42.63742065429688,32,2026-06-02;2026-06-03;2026-06-10;2026-06-11;2026-06-18;2026-06-19;2026-06-26;2026-06-27;2026-07-05;2026-07-12;2026-07-13;2026-07-20;2026-07-21;2026-07-28;2026-07-29;2026-08-05;2026-08-06;2026-08-13;2026-08-14;2026-08-21;2026-08-22;2026-08-29;2026-08-30;2026-09-06;2026-09-15,,102.96175765991211,0.6916461916461917,1.5,0.7472232024740616,2.6103988563149376,198
24,Take 5 Car Wash,29.629572,-82.367828,42,1,unknown,12001001514,8.333333333333332,2.7532467532467533,40.88960266113281,42.08712768554688,24,2026-06-02;2026-06-03;2026-06-10;2026-06-11;2026-06-18;2026-06-19;2026-06-26;2026-06-27;2026-07-05;2026-07-12;2026-07-13;2026-07-20;2026-07-21;2026-07-28;2026-07-29;2026-08-05;2026-08-06;2026-08-13;2026-08-14;2026-08-21;2026-08-22;2026-08-29;2026-08-30;2026-09-06;2026-09-15,,105.60128479003906,0.8402948402948403,1.25,0.6604191627316935,2.609082530390849,199
750,Southbound NE 15th Street @ NE 31 Avenue,29.681613,-82.305868,36,"15,26",none,12001000400,18.24006834686032,13.6077655941039,38.5136833190918,41.31636047363281,32,2026-06-02;2026-06-03;2026-06-10;2026-06-11;2026-06-18;2026-06-19;2026-06-26;2026-06-27;2026-07-05;2026-07-12;2026-07-13;2026-07-20;2026-07-21;2026-07-28;2026-07-29;2026-08-05;2026-08-06;2026-08-13;2026-08-14;2026-08-21;2026-08-22;2026-08-29;2026-08-30;2026-09-06;2026-09-15,,101.32462997436524,0.558968058968059,1.5,0.8610551582440376,2.606914809727033,200
108,SE 24th Street at Hawthorne Road,29.646148,-82.293949,14,7,unknown,12001000600,20.242214532871973,17.217034843999087,40.977316463694855,42.26657104492188,34,2026-06-02;2026-06-03;2026-06-10;2026-06-11;2026-06-18;2026-06-19;2026-06-26;2026-06-27;2026-07-05;2026-07-12;2026-07-13;2026-07-20;2026-07-21;2026-07-28;2026-07-29;2026-08-05;2026-08-06;2026-08-13;2026-08-14;2026-08-21;2026-08-22;2026-08-29;2026-08-30;2026-09-06;2026-09-15,,105.75916963465075,0.8501228501228502,1.25,0.901603592480261,2.5945619635012394,201
955,Gainesville Place Apartments,29.627328,-82.370729,57,38,none,12001001515,9.41336971350614,5.387755102040816,38.86698190789474,40.83441162109375,19,2026-06-02;2026-06-03;2026-06-10;2026-06-11;2026-06-18;2026-06-19;2026-06-26;2026-06-27;2026-07-05;2026-07-12;2026-07-13;2026-07-20;2026-07-21;2026-07-28;2026-07-29;2026-08-05;2026-08-06;2026-08-13;2026-08-14;2026-08-21;2026-08-22;2026-08-29;2026-08-30;2026-09-06;2026-09-15,,101.96056743421053,0.6240786240786241,1.5,0.6822925825849184,2.5934306300438617,202
732,Oak Gate Condominiums,29.679041,-82.33084,32,"15,55",unknown,12001000302,11.592076302274394,26.838966202783297,40.58220563616072,41.64108276367188,35,2026-06-02;2026-06-03;2026-06-10;2026-06-11;2026-06-18;2026-06-19;2026-06-26;2026-06-27;2026-07-05;2026-07-12;2026-07-13;2026-07-20;2026-07-21;2026-07-28;2026-07-29;2026-08-05;2026-08-06;2026-08-13;2026-08-14;2026-08-21;2026-08-22;2026-08-29;2026-08-30;2026-09-06;2026-09-15,,105.0479701450893,0.8157248157248157,1.25,0.7264168036092977,2.5898466003376694,203
1141,Wilmot Gardens,29.639388,-82.349715,41,"21,52",unknown,12001000902,30.48780487804878,0.0114639458901753,38.124755859375,41.07025146484375,37,2026-06-02;2026-06-03;2026-06-10;2026-06-11;2026-06-18;2026-06-19;2026-06-26;2026-06-27;2026-07-05;2026-07-12;2026-07-13;2026-07-20;2026-07-21;2026-07-28;2026-07-29;2026-08-05;2026-08-06;2026-08-13;2026-08-14;2026-08-21;2026-08-22;2026-08-29;2026-08-30;2026-09-06;2026-09-15,,100.624560546875,0.4987714987714988,1.25,1.1091022502831978,2.5845452403071394,204
101,SE 24th Street - Dollar General Store,29.646123,-82.293768,14,7,unknown,12001000600,20.242214532871973,17.217034843999087,40.93427668391048,42.26657104492188,37,2026-06-02;2026-06-03;2026-06-10;2026-06-11;2026-06-18;2026-06-19;2026-06-26;2026-06-27;2026-07-05;2026-07-12;2026-07-13;2026-07-20;2026-07-21;2026-07-28;2026-07-29;2026-08-05;2026-08-06;2026-08-13;2026-08-14;2026-08-21;2026-08-22;2026-08-29;2026-08-30;2026-09-06;2026-09-15,,105.68169803103886,0.8452088452088452,1.25,0.901603592480261,2.5795644955041217,205
721,NE 39th Ave WB Farside NE 15th St,29.688498,-82.306536,23,15,none,12001001902,16.82586333578251,25.576208178438662,39.05528428819444,40.07560729980469,36,2026-06-02;2026-06-03;2026-06-10;2026-06-11;2026-06-18;2026-06-19;2026-06-26;2026-06-27;2026-07-05;2026-07-12;2026-07-13;2026-07-20;2026-07-21;2026-07-28;2026-07-29;2026-08-05;2026-08-06;2026-08-13;2026-08-14;2026-08-21;2026-08-22;2026-08-29;2026-08-30;2026-09-06;2026-09-15,,102.29951171875,0.6498771498771498,1.5,0.8324139934335614,2.578832576279697,206
1261,Gardenia Garden Apartments,29.659264,-82.302637,27,"3,26",none,12001000600,20.242214532871973,17.217034843999087,38.56402064732143,40.65667724609375,35,2026-06-02;2026-06-03;2026-06-10;2026-06-11;2026-06-18;2026-06-19;2026-06-26;2026-06-27;2026-07-05;2026-07-12;2026-07-13;2026-07-20;2026-07-21;2026-07-28;2026-07-29;2026-08-05;2026-08-06;2026-08-13;2026-08-14;2026-08-21;2026-08-22;2026-08-29;2026-08-30;2026-09-06;2026-09-15,,101.41523716517857,0.5712530712530712,1.5,0.901603592480261,2.5743470161964277,207
370,Gainesville High School,29.668482,-82.339024,16,8,unknown,12001000301,14.08811475409836,9.192399049881235,42.447823660714285,44.40966796875,35,2026-06-02;2026-06-03;2026-06-10;2026-06-11;2026-06-18;2026-06-19;2026-06-26;2026-06-27;2026-07-05;2026-07-12;2026-07-13;2026-07-20;2026-07-21;2026-07-28;2026-07-29;2026-08-05;2026-08-06;2026-08-13;2026-08-14;2026-08-21;2026-08-22;2026-08-29;2026-08-30;2026-09-06;2026-09-15,,108.40608258928572,0.9336609336609336,1.25,0.7769677832140807,2.5691028461163574,208
223,NW 6th St NW 21st Ln,29.672169,-82.330727,23,"6,55",unknown,12001000301,14.08811475409836,9.192399049881235,40.809657505580354,42.91940307617188,35,2026-06-02;2026-06-03;2026-06-10;2026-06-11;2026-06-18;2026-06-19;2026-06-26;2026-06-27;2026-07-05;2026-07-12;2026-07-13;2026-07-20;2026-07-21;2026-07-28;2026-07-29;2026-08-05;2026-08-06;2026-08-13;2026-08-14;2026-08-21;2026-08-22;2026-08-29;2026-08-30;2026-09-06;2026-09-15,,105.45738351004464,0.8304668304668305,1.25,0.7769677832140807,2.56328304223328,209
147,Target Copy @ W University Avenue,29.652196,-82.340837,34,"5,43",unknown,12001001000,6.52607580507267,9.155578975102095,42.08907296316964,44.8369140625,35,2026-06-02;2026-06-03;2026-06-10;2026-06-11;2026-06-18;2026-06-19;2026-06-26;2026-06-27;2026-07-05;2026-07-12;2026-07-13;2026-07-20;2026-07-21;2026-07-28;2026-07-29;2026-08-05;2026-08-06;2026-08-13;2026-08-14;2026-08-21;2026-08-22;2026-08-29;2026-08-30;2026-09-06;2026-09-15,,107.76033133370535,0.9201474201474201,1.25,0.6238177079804916,2.5509811425285873,210
203,University of Florida Human Resources,29.651962,-82.333751,40,"5,10",none,12001000201,21.14384748700173,1.9492808478425436,38.09847344292535,39.02629089355469,36,2026-06-02;2026-06-03;2026-06-10;2026-06-11;2026-06-18;2026-06-19;2026-06-26;2026-06-27;2026-07-05;2026-07-12;2026-07-13;2026-07-20;2026-07-21;2026-07-28;2026-07-29;2026-08-05;2026-08-06;2026-08-13;2026-08-14;2026-08-21;2026-08-22;2026-08-29;2026-08-30;2026-09-06;2026-09-15,,100.57725219726564,0.49385749385749383,1.5,0.9198638997451218,2.530511637110191,211
1372,Newberry Rd @ NW 75th,29.659854,-82.421213,25,23,none,12001002204,5.470500373412994,18.014849550605703,41.006385803222656,41.94869995117188,32,2026-06-02;2026-06-03;2026-06-10;2026-06-11;2026-06-18;2026-06-19;2026-06-26;2026-06-27;2026-07-05;2026-07-12;2026-07-13;2026-07-20;2026-07-21;2026-07-28;2026-07-29;2026-08-05;2026-08-06;2026-08-13;2026-08-14;2026-08-21;2026-08-22;2026-08-29;2026-08-30;2026-09-06;2026-09-15,,105.81149444580078,0.8587223587223587,1.5,0.6024396831034527,2.5282589290068738,212
1482,Lake Alice Conservation Area,29.638474,-82.353602,194,"9,12,21,33,52",none,12001000901,49.78902953586498,0.0,35.705959743923614,39.894439697265625,36,2026-06-02;2026-06-03;2026-06-10;2026-06-11;2026-06-18;2026-06-19;2026-06-26;2026-06-27;2026-07-05;2026-07-12;2026-07-13;2026-07-20;2026-07-21;2026-07-28;2026-07-29;2026-08-05;2026-08-06;2026-08-13;2026-08-14;2026-08-21;2026-08-22;2026-08-29;2026-08-30;2026-09-06;2026-09-15,,96.2707275390625,0.21253071253071254,1.5,1.5,2.521517295050293,213
722,Eden Park at Ironwood,29.688509,-82.308827,23,15,unknown,12001001902,16.82586333578251,25.576208178438662,39.995843010979726,41.72653198242188,37,2026-06-02;2026-06-03;2026-06-10;2026-06-11;2026-06-18;2026-06-19;2026-06-26;2026-06-27;2026-07-05;2026-07-12;2026-07-13;2026-07-20;2026-07-21;2026-07-28;2026-07-29;2026-08-05;2026-08-06;2026-08-13;2026-08-14;2026-08-21;2026-08-22;2026-08-29;2026-08-30;2026-09-06;2026-09-15,,103.99251741976352,0.7616707616707616,1.25,0.8324139934335614,2.5187085653645434,214
1091,Home Depot @ NW 4th Boulevard,29.656182,-82.418499,27,75,none,12001002217,15.908324907313784,7.102560393461594,38.77135552300347,44.34811401367188,36,2026-06-02;2026-06-03;2026-06-10;2026-06-11;2026-06-18;2026-06-19;2026-06-26;2026-06-27;2026-07-05;2026-07-12;2026-07-13;2026-07-20;2026-07-21;2026-07-28;2026-07-29;2026-08-05;2026-08-06;2026-08-13;2026-08-14;2026-08-21;2026-08-22;2026-08-29;2026-08-30;2026-09-06;2026-09-15,,101.78843994140625,0.6154791154791155,1.5,0.8138315607990667,2.503633510883671,215
480,Mt Vernon Apartments,29.635714,-82.358907,92,"9,12",unknown,12001001514,8.333333333333332,2.7532467532467533,39.16060616629464,42.37594604492188,35,2026-06-02;2026-06-03;2026-06-10;2026-06-11;2026-06-18;2026-06-19;2026-06-26;2026-06-27;2026-07-05;2026-07-12;2026-07-13;2026-07-20;2026-07-21;2026-07-28;2026-07-29;2026-08-05;2026-08-06;2026-08-13;2026-08-14;2026-08-21;2026-08-22;2026-08-29;2026-08-30;2026-09-06;2026-09-15,,102.48909109933035,0.6683046683046683,1.25,0.6604191627316935,2.5006419930480748,216
25,Westbound Archer Road @ SW 34th Street,29.627758,-82.371538,42,1,unknown,12001001514,8.333333333333332,2.7532467532467533,40.42994181315104,40.83441162109375,3,2026-06-02;2026-06-03;2026-06-10;2026-06-11;2026-06-18;2026-06-19;2026-06-26;2026-06-27;2026-07-05;2026-07-12;2026-07-13;2026-07-20;2026-07-21;2026-07-28;2026-07-29;2026-08-05;2026-08-06;2026-08-13;2026-08-14;2026-08-21;2026-08-22;2026-08-29;2026-08-30;2026-09-06;2026-09-15,,104.77389526367188,0.8034398034398035,1.25,0.6604191627316935,2.4946490860754613,217
1270,Gainesville Place Apartments,29.627188,-82.370782,54,38,none,12001001515,9.41336971350614,5.387755102040816,38.75331285264757,40.83441162109375,18,2026-06-02;2026-06-03;2026-06-10;2026-06-11;2026-06-18;2026-06-19;2026-06-26;2026-06-27;2026-07-05;2026-07-12;2026-07-13;2026-07-20;2026-07-21;2026-07-28;2026-07-29;2026-08-05;2026-08-06;2026-08-13;2026-08-14;2026-08-21;2026-08-22;2026-08-29;2026-08-30;2026-09-06;2026-09-15,,101.75596313476562,0.6081081081081081,1.5,0.6822925825849184,2.4940098014264787,218
150,University Lutheran Church,29.652182,-82.347693,34,"5,43",unknown,12001001000,6.52607580507267,9.155578975102095,41.72513834635416,43.47994995117188,36,2026-06-02;2026-06-03;2026-06-10;2026-06-11;2026-06-18;2026-06-19;2026-06-26;2026-06-27;2026-07-05;2026-07-12;2026-07-13;2026-07-20;2026-07-21;2026-07-28;2026-07-29;2026-08-05;2026-08-06;2026-08-13;2026-08-14;2026-08-21;2026-08-22;2026-08-29;2026-08-30;2026-09-06;2026-09-15,,107.10524902343748,0.898034398034398,1.25,0.6238177079804916,2.489675854724162,219
46,Beaty Towers,29.644707,-82.34082,90,"8,13,43",none,12001000902,30.48780487804878,0.0114639458901753,36.72529093424479,38.154693603515625,36,2026-06-02;2026-06-03;2026-06-10;2026-06-11;2026-06-18;2026-06-19;2026-06-26;2026-06-27;2026-07-05;2026-07-12;2026-07-13;2026-07-20;2026-07-21;2026-07-28;2026-07-29;2026-08-05;2026-08-06;2026-08-13;2026-08-14;2026-08-21;2026-08-22;2026-08-29;2026-08-30;2026-09-06;2026-09-15,,98.10552368164062,0.33046683046683045,1.5,1.1091022502831978,2.4799905248876404,220
373,Furniture Kingdom,29.674086,-82.340774,16,8,none,12001001203,5.620753551575047,12.678288431061809,43.281710379464286,45.9443359375,35,2026-06-02;2026-06-03;2026-06-10;2026-06-11;2026-06-18;2026-06-19;2026-06-26;2026-06-27;2026-07-05;2026-07-12;2026-07-13;2026-07-20;2026-07-21;2026-07-28;2026-07-29;2026-08-05;2026-08-06;2026-08-13;2026-08-14;2026-08-21;2026-08-22;2026-08-29;2026-08-30;2026-09-06;2026-09-15,,109.90707868303572,0.961916461916462,1.5,0.6054826832380354,2.47519615484209,221
1504,PPG Paints Store,29.652948,-82.330865,14,6,unknown,12001000201,21.14384748700173,1.9492808478425436,40.381629943847656,41.85299682617188,32,2026-06-02;2026-06-03;2026-06-10;2026-06-11;2026-06-18;2026-06-19;2026-06-26;2026-06-27;2026-07-05;2026-07-12;2026-07-13;2026-07-20;2026-07-21;2026-07-28;2026-07-29;2026-08-05;2026-08-06;2026-08-13;2026-08-14;2026-08-21;2026-08-22;2026-08-29;2026-08-30;2026-09-06;2026-09-15,,104.68693389892579,0.7936117936117936,1.25,0.9198638997451218,2.4711460406552064,222
507,Capital City Bank @ NW 16th Boulevard,29.672891,-82.386122,20,10,none,12001001100,7.312925170068027,27.624720774385704,40.90960518973214,46.569854736328125,35,2026-06-02;2026-06-03;2026-06-10;2026-06-11;2026-06-18;2026-06-19;2026-06-26;2026-06-27;2026-07-05;2026-07-12;2026-07-13;2026-07-20;2026-07-21;2026-07-28;2026-07-29;2026-08-05;2026-08-06;2026-08-13;2026-08-14;2026-08-21;2026-08-22;2026-08-29;2026-08-30;2026-09-06;2026-09-15,,105.63728934151786,0.8427518427518428,1.5,0.6397533624063481,2.4621965933443857,223
1186,Lakeside Residential Building,29.6412528,-82.3642235,38,118,none,12001000901,49.78902953586498,0.0,36.38099670410156,39.14933776855469,32,2026-06-02;2026-06-03;2026-06-10;2026-06-11;2026-06-18;2026-06-19;2026-06-26;2026-06-27;2026-07-05;2026-07-12;2026-07-13;2026-07-20;2026-07-21;2026-07-28;2026-07-29;2026-08-05;2026-08-06;2026-08-13;2026-08-14;2026-08-21;2026-08-22;2026-08-29;2026-08-30;2026-09-06;2026-09-15,,97.48579406738281,0.2985257985257985,1.5,1.5,2.4607522481835185,224
436,Applebee's @ NW 13th Street,29.661331,-82.339275,37,"8,10",none,12001001000,6.52607580507267,9.155578975102095,39.66260104709201,46.450225830078125,36,2026-06-02;2026-06-03;2026-06-10;2026-06-11;2026-06-18;2026-06-19;2026-06-26;2026-06-27;2026-07-05;2026-07-12;2026-07-13;2026-07-20;2026-07-21;2026-07-28;2026-07-29;2026-08-05;2026-08-06;2026-08-13;2026-08-14;2026-08-21;2026-08-22;2026-08-29;2026-08-30;2026-09-06;2026-09-15,,103.39268188476562,0.7223587223587223,1.5,0.6238177079804916,2.4587544997229824,225
564,MLK Center,29.660445,-82.305716,17,11,unknown,12001000600,20.242214532871973,17.217034843999087,39.96086774553572,42.21188354492188,35,2026-06-02;2026-06-03;2026-06-10;2026-06-11;2026-06-18;2026-06-19;2026-06-26;2026-06-27;2026-07-05;2026-07-12;2026-07-13;2026-07-20;2026-07-21;2026-07-28;2026-07-29;2026-08-05;2026-08-06;2026-08-13;2026-08-14;2026-08-21;2026-08-22;2026-08-29;2026-08-30;2026-09-06;2026-09-15,,103.9295619419643,0.7542997542997543,1.25,0.901603592480261,2.45710274901861,226
679,Meridian Behavioral Healthcare,29.613399,-82.341148,62,13,unknown,12001110800,12.026726057906458,40.537989617744216,39.02451869419643,39.836334228515625,35,2026-06-02;2026-06-03;2026-06-10;2026-06-11;2026-06-18;2026-06-19;2026-06-26;2026-06-27;2026-07-05;2026-07-12;2026-07-13;2026-07-20;2026-07-21;2026-07-28;2026-07-29;2026-08-05;2026-08-06;2026-08-13;2026-08-14;2026-08-21;2026-08-22;2026-08-29;2026-08-30;2026-09-06;2026-09-15,,102.24413364955358,0.644963144963145,1.25,0.7352195409694231,2.4557887686560673,227
1300,Gainesville Jrs. Volleyball Club,29.620509,-82.37289,52,37,unknown,12001001519,12.811791383219957,0.7092198581560284,39.08730181525736,41.77096557617188,34,2026-06-02;2026-06-03;2026-06-10;2026-06-11;2026-06-18;2026-06-19;2026-06-26;2026-06-27;2026-07-05;2026-07-12;2026-07-13;2026-07-20;2026-07-21;2026-07-28;2026-07-29;2026-08-05;2026-08-06;2026-08-13;2026-08-14;2026-08-21;2026-08-22;2026-08-29;2026-08-30;2026-09-06;2026-09-15,,102.35714326746326,0.6584766584766585,1.25,0.7511190641595986,2.4546050419987147,228
637,Aspen Ridge Apartments,29.618393,-82.372338,96,"12,37",unknown,12001001517,11.43627262225645,5.445716267776621,38.66890345982143,40.83612060546875,35,2026-06-02;2026-06-03;2026-06-10;2026-06-11;2026-06-18;2026-06-19;2026-06-26;2026-06-27;2026-07-05;2026-07-12;2026-07-13;2026-07-20;2026-07-21;2026-07-28;2026-07-29;2026-08-05;2026-08-06;2026-08-13;2026-08-14;2026-08-21;2026-08-22;2026-08-29;2026-08-30;2026-09-06;2026-09-15,,101.60402622767857,0.5933660933660934,1.25,0.723261392022917,2.4540967661093145,229
278,NW 6th Street & NW 16th Avenue,29.666947,-82.330972,23,"6,55",unknown,12001000301,14.08811475409836,9.192399049881235,40.370532886402025,42.78268432617188,37,2026-06-02;2026-06-03;2026-06-10;2026-06-11;2026-06-18;2026-06-19;2026-06-26;2026-06-27;2026-07-05;2026-07-12;2026-07-13;2026-07-20;2026-07-21;2026-07-28;2026-07-29;2026-08-05;2026-08-06;2026-08-13;2026-08-14;2026-08-21;2026-08-22;2026-08-29;2026-08-30;2026-09-06;2026-09-15,,104.66695919552365,0.7923832923832924,1.25,0.7769677832140807,2.4457360388172567,230
1548,Sam's Club,29.622999,-82.383453,97,"1,37",none,12001001522,15.617875056999544,3.28125,37.66011555989584,41.31292724609375,36,2026-06-02;2026-06-03;2026-06-10;2026-06-11;2026-06-18;2026-06-19;2026-06-26;2026-06-27;2026-07-05;2026-07-12;2026-07-13;2026-07-20;2026-07-21;2026-07-28;2026-07-29;2026-08-05;2026-08-06;2026-08-13;2026-08-14;2026-08-21;2026-08-22;2026-08-29;2026-08-30;2026-09-06;2026-09-15,,99.78820800781253,0.43857493857493857,1.5,0.8079492297601685,2.43699928121062,231
220,Medical Marijuana Treatment Center,29.666341,-82.330768,23,"6,55",unknown,12001000301,14.08811475409836,9.192399049881235,40.25969587053572,42.78268432617188,35,2026-06-02;2026-06-03;2026-06-10;2026-06-11;2026-06-18;2026-06-19;2026-06-26;2026-06-27;2026-07-05;2026-07-12;2026-07-13;2026-07-20;2026-07-21;2026-07-28;2026-07-29;2026-08-05;2026-08-06;2026-08-13;2026-08-14;2026-08-21;2026-08-22;2026-08-29;2026-08-30;2026-09-06;2026-09-15,,104.4674525669643,0.7874692874692875,1.25,0.7769677832140807,2.43056868353777,232
89,Lincoln Estate Neighborhood,29.640199,-82.299548,14,3,none,12001000700,12.61942675159236,21.483491632745363,40.3984619140625,41.24800109863281,35,2026-06-02;2026-06-03;2026-06-10;2026-06-11;2026-06-18;2026-06-19;2026-06-26;2026-06-27;2026-07-05;2026-07-12;2026-07-13;2026-07-20;2026-07-21;2026-07-28;2026-07-29;2026-08-05;2026-08-06;2026-08-13;2026-08-14;2026-08-21;2026-08-22;2026-08-29;2026-08-30;2026-09-06;2026-09-15,,104.7172314453125,0.7960687960687961,1.5,0.7472232024740616,2.416289239930875,233
52,Eastbound SW 2nd Avenue @ SW 10th Street,29.650154,-82.33541,43,1,none,12001000201,21.14384748700173,1.9492808478425436,37.84686453683036,39.644927978515625,35,2026-06-02;2026-06-03;2026-06-10;2026-06-11;2026-06-18;2026-06-19;2026-06-26;2026-06-27;2026-07-05;2026-07-12;2026-07-13;2026-07-20;2026-07-21;2026-07-28;2026-07-29;2026-08-05;2026-08-06;2026-08-13;2026-08-14;2026-08-21;2026-08-22;2026-08-29;2026-08-30;2026-09-06;2026-09-15,,100.12435616629465,0.4606879606879607,1.5,0.9198638997451218,2.4054403337131487,234
1352,Colonial Oaks,29.6330892,-82.3892534,29,21,unknown,12001001522,15.617875056999544,3.28125,39.466807338169644,40.57977294921875,35,2026-06-02;2026-06-03;2026-06-10;2026-06-11;2026-06-18;2026-06-19;2026-06-26;2026-06-27;2026-07-05;2026-07-12;2026-07-13;2026-07-20;2026-07-21;2026-07-28;2026-07-29;2026-08-05;2026-08-06;2026-08-13;2026-08-14;2026-08-21;2026-08-22;2026-08-29;2026-08-30;2026-09-06;2026-09-15,,103.04025320870537,0.6965601965601965,1.25,0.8079492297601685,2.3926797517016705,235
1223,Forest Meadows Funeral Home,29.673845,-82.331648,14,6,unknown,12001000301,14.08811475409836,9.192399049881235,41.82798549107143,43.41842651367188,35,2026-06-02;2026-06-03;2026-06-10;2026-06-11;2026-06-18;2026-06-19;2026-06-26;2026-06-27;2026-07-05;2026-07-12;2026-07-13;2026-07-20;2026-07-21;2026-07-28;2026-07-29;2026-08-05;2026-08-06;2026-08-13;2026-08-14;2026-08-21;2026-08-22;2026-08-29;2026-08-30;2026-09-06;2026-09-15,,107.29037388392858,0.9066339066339066,1.25,0.7769677832140807,2.3845239681328754,236
22,Country Village,29.632046,-82.362534,42,1,none,12001001514,8.333333333333332,2.7532467532467533,38.98851776123047,40.243072509765625,32,2026-06-02;2026-06-03;2026-06-10;2026-06-11;2026-06-18;2026-06-19;2026-06-26;2026-06-27;2026-07-05;2026-07-12;2026-07-13;2026-07-20;2026-07-21;2026-07-28;2026-07-29;2026-08-05;2026-08-06;2026-08-13;2026-08-14;2026-08-21;2026-08-22;2026-08-29;2026-08-30;2026-09-06;2026-09-15,,102.17933197021485,0.6375921375921376,1.5,0.6604191627316935,2.3756383039874573,237
434,Direct Auto Insurance,29.664539,-82.339265,37,"8,10",none,12001001000,6.52607580507267,9.155578975102095,39.4734001159668,41.50778198242188,16,2026-06-02;2026-06-03;2026-06-10;2026-06-11;2026-06-18;2026-06-19;2026-06-26;2026-06-27;2026-07-05;2026-07-12;2026-07-13;2026-07-20;2026-07-21;2026-07-28;2026-07-29;2026-08-05;2026-08-06;2026-08-13;2026-08-14;2026-08-21;2026-08-22;2026-08-29;2026-08-30;2026-09-06;2026-09-15,,103.05212020874023,0.6977886977886978,1.5,0.6238177079804916,2.3751233942902283,238
250,Gainesville High School Tennis Courts,29.666822,-82.343063,20,10,none,12001001100,7.312925170068027,27.624720774385704,40.51187381228885,41.98287963867188,37,2026-06-02;2026-06-03;2026-06-10;2026-06-11;2026-06-18;2026-06-19;2026-06-26;2026-06-27;2026-07-05;2026-07-12;2026-07-13;2026-07-20;2026-07-21;2026-07-28;2026-07-29;2026-08-05;2026-08-06;2026-08-13;2026-08-14;2026-08-21;2026-08-22;2026-08-29;2026-08-30;2026-09-06;2026-09-15,,104.92137286211992,0.8095823095823096,1.5,0.6397533624063481,2.3652879810698986,239
1481,Cancer/Genetics Research Complex,29.638354,-82.353572,194,"9,12,21,33,52",none,12001000902,30.48780487804878,0.0114639458901753,36.122032165527344,39.894439697265625,32,2026-06-02;2026-06-03;2026-06-10;2026-06-11;2026-06-18;2026-06-19;2026-06-26;2026-06-27;2026-07-05;2026-07-12;2026-07-13;2026-07-20;2026-07-21;2026-07-28;2026-07-29;2026-08-05;2026-08-06;2026-08-13;2026-08-14;2026-08-21;2026-08-22;2026-08-29;2026-08-30;2026-09-06;2026-09-15,,97.01965789794922,0.269041769041769,1.5,1.1091022502831978,2.3601537218842146,240
743,Pine Forest Homes,29.6883,-82.322752,23,15,unknown,12001000302,11.592076302274394,26.838966202783297,40.60312228732639,42.40328979492188,36,2026-06-02;2026-06-03;2026-06-10;2026-06-11;2026-06-18;2026-06-19;2026-06-26;2026-06-27;2026-07-05;2026-07-12;2026-07-13;2026-07-20;2026-07-21;2026-07-28;2026-07-29;2026-08-05;2026-08-06;2026-08-13;2026-08-14;2026-08-21;2026-08-22;2026-08-29;2026-08-30;2026-09-06;2026-09-15,,105.08562011718752,0.816953316953317,1.25,0.7264168036092977,2.3575145637559283,241
23,UF Surge Area Drive,29.63054,-82.365763,42,1,none,12001001514,8.333333333333332,2.7532467532467533,38.94240260768581,41.94528198242188,37,2026-06-02;2026-06-03;2026-06-10;2026-06-11;2026-06-18;2026-06-19;2026-06-26;2026-06-27;2026-07-05;2026-07-12;2026-07-13;2026-07-20;2026-07-21;2026-07-28;2026-07-29;2026-08-05;2026-08-06;2026-08-13;2026-08-14;2026-08-21;2026-08-22;2026-08-29;2026-08-30;2026-09-06;2026-09-15,,102.09632469383446,0.6326781326781327,1.5,0.6604191627316935,2.357328952896995,242
869,Fair View Apartments,29.666434,-82.304088,27,"3,26",none,12001000500,10.72961373390558,13.34805299076676,39.12134552001953,41.18988037109375,32,2026-06-02;2026-06-03;2026-06-10;2026-06-11;2026-06-18;2026-06-19;2026-06-26;2026-06-27;2026-07-05;2026-07-12;2026-07-13;2026-07-20;2026-07-21;2026-07-28;2026-07-29;2026-08-05;2026-08-06;2026-08-13;2026-08-14;2026-08-21;2026-08-22;2026-08-29;2026-08-30;2026-09-06;2026-09-15,,102.41842193603516,0.6646191646191646,1.5,0.7089497939678231,2.355110278032904,243
1005,Springhill Professional Center,29.687951,-82.430174,23,"43,55",none,12001001701,17.254556143445033,28.263455248290214,38.630392635569855,42.09909057617188,34,2026-06-02;2026-06-03;2026-06-10;2026-06-11;2026-06-18;2026-06-19;2026-06-26;2026-06-27;2026-07-05;2026-07-12;2026-07-13;2026-07-20;2026-07-21;2026-07-28;2026-07-29;2026-08-05;2026-08-06;2026-08-13;2026-08-14;2026-08-21;2026-08-22;2026-08-29;2026-08-30;2026-09-06;2026-09-15,,101.53470674402574,0.5872235872235873,1.5,0.8410960877983454,2.3545158199048553,244
1364,Southbound SE 19th TER @ SE 12th AVE,29.640368,-82.29943,14,3,none,12001000700,12.61942675159236,21.483491632745363,40.13941107855903,41.12324523925781,36,2026-06-02;2026-06-03;2026-06-10;2026-06-11;2026-06-18;2026-06-19;2026-06-26;2026-06-27;2026-07-05;2026-07-12;2026-07-13;2026-07-20;2026-07-21;2026-07-28;2026-07-29;2026-08-05;2026-08-06;2026-08-13;2026-08-14;2026-08-21;2026-08-22;2026-08-29;2026-08-30;2026-09-06;2026-09-15,,104.25093994140624,0.773955773955774,1.5,0.7472232024740616,2.3491700943772402,245
1053,Galen College of Nursing,29.630901,-82.418044,39,"52,75",none,12001002219,16.47440519105984,14.393255043661547,38.21494140625,40.28239440917969,35,2026-06-02;2026-06-03;2026-06-10;2026-06-11;2026-06-18;2026-06-19;2026-06-26;2026-06-27;2026-07-05;2026-07-12;2026-07-13;2026-07-20;2026-07-21;2026-07-28;2026-07-29;2026-08-05;2026-08-06;2026-08-13;2026-08-14;2026-08-21;2026-08-22;2026-08-29;2026-08-30;2026-09-06;2026-09-15,,100.78689453125,0.5135135135135135,1.5,0.8252960928688374,2.345024522040927,246
762,Brakes 4 Less,29.665515,-82.324591,37,"3,15",none,12001000301,14.08811475409836,9.192399049881235,38.476513671875,40.164459228515625,35,2026-06-02;2026-06-03;2026-06-10;2026-06-11;2026-06-18;2026-06-19;2026-06-26;2026-06-27;2026-07-05;2026-07-12;2026-07-13;2026-07-20;2026-07-21;2026-07-28;2026-07-29;2026-08-05;2026-08-06;2026-08-13;2026-08-14;2026-08-21;2026-08-22;2026-08-29;2026-08-30;2026-09-06;2026-09-15,,101.257724609375,0.5528255528255528,1.5,0.7769677832140807,2.3436657210954057,247
1301,Stoneridge Apartments,29.618519,-82.372697,52,37,unknown,12001001519,12.811791383219957,0.7092198581560284,38.87953639674832,41.56930541992188,37,2026-06-02;2026-06-03;2026-06-10;2026-06-11;2026-06-18;2026-06-19;2026-06-26;2026-06-27;2026-07-05;2026-07-12;2026-07-13;2026-07-20;2026-07-21;2026-07-28;2026-07-29;2026-08-05;2026-08-06;2026-08-13;2026-08-14;2026-08-21;2026-08-22;2026-08-29;2026-08-30;2026-09-06;2026-09-15,,101.98316551414698,0.6265356265356266,1.25,0.7511190641595986,2.3355383795137024,248
207,Alachua County Office of the State Attorney,29.651862,-82.326017,40,"5,10",none,12001000500,10.72961373390558,13.34805299076676,38.66083441840278,39.942291259765625,36,2026-06-02;2026-06-03;2026-06-10;2026-06-11;2026-06-18;2026-06-19;2026-06-26;2026-06-27;2026-07-05;2026-07-12;2026-07-13;2026-07-20;2026-07-21;2026-07-28;2026-07-29;2026-08-05;2026-08-06;2026-08-13;2026-08-14;2026-08-21;2026-08-22;2026-08-29;2026-08-30;2026-09-06;2026-09-15,,101.589501953125,0.5896805896805897,1.5,0.7089497939678231,2.3287101095009475,249
361,Norman Hall,29.647158,-82.339203,90,"8,13,43",none,12001000202,25.107526881720432,1.4258389845244306,36.817970275878906,39.747467041015625,32,2026-06-02;2026-06-03;2026-06-10;2026-06-11;2026-06-18;2026-06-19;2026-06-26;2026-06-27;2026-07-05;2026-07-12;2026-07-13;2026-07-20;2026-07-21;2026-07-28;2026-07-29;2026-08-05;2026-08-06;2026-08-13;2026-08-14;2026-08-21;2026-08-22;2026-08-29;2026-08-30;2026-09-06;2026-09-15,,98.27234649658203,0.3415233415233415,1.5,1.0001382545315658,2.311165202604172,250
1363,Shands Parking Garage,29.63951,-82.34701,41,"21,52",unknown,12001000902,30.48780487804878,0.0114639458901753,37.71044582790799,38.855377197265625,36,2026-06-02;2026-06-03;2026-06-10;2026-06-11;2026-06-18;2026-06-19;2026-06-26;2026-06-27;2026-07-05;2026-07-12;2026-07-13;2026-07-20;2026-07-21;2026-07-28;2026-07-29;2026-08-05;2026-08-06;2026-08-13;2026-08-14;2026-08-21;2026-08-22;2026-08-29;2026-08-30;2026-09-06;2026-09-15,,99.87880249023438,0.44594594594594594,1.25,1.1091022502831978,2.3108126163337235,251
738,Green Oak Villa,29.688419,-82.33675,32,"15,55",none,12001000302,11.592076302274394,26.838966202783297,38.74477887834821,41.79144287109375,35,2026-06-02;2026-06-03;2026-06-10;2026-06-11;2026-06-18;2026-06-19;2026-06-26;2026-06-27;2026-07-05;2026-07-12;2026-07-13;2026-07-20;2026-07-21;2026-07-28;2026-07-29;2026-08-05;2026-08-06;2026-08-13;2026-08-14;2026-08-21;2026-08-22;2026-08-29;2026-08-30;2026-09-06;2026-09-15,,101.74060198102677,0.6056511056511057,1.5,0.7264168036092977,2.3074597119875984,252
98,SE Hawthorne Rd @ SE 18th St Eastbound,29.64879,-82.301287,14,3,none,12001000700,12.61942675159236,21.483491632745363,39.989013671875,40.51312255859375,3,2026-06-02;2026-06-03;2026-06-10;2026-06-11;2026-06-18;2026-06-19;2026-06-26;2026-06-27;2026-07-05;2026-07-12;2026-07-13;2026-07-20;2026-07-21;2026-07-28;2026-07-29;2026-08-05;2026-08-06;2026-08-13;2026-08-14;2026-08-21;2026-08-22;2026-08-29;2026-08-30;2026-09-06;2026-09-15,,103.980224609375,0.7592137592137592,1.5,0.7472232024740616,2.304423997341483,253
99,SE Hawthorne Rd @ SE 21st St Eastbound,29.647,-82.297773,14,3,none,12001000700,12.61942675159236,21.483491632745363,39.97332763671875,41.44625854492188,13,2026-06-02;2026-06-03;2026-06-10;2026-06-11;2026-06-18;2026-06-19;2026-06-26;2026-06-27;2026-07-05;2026-07-12;2026-07-13;2026-07-20;2026-07-21;2026-07-28;2026-07-29;2026-08-05;2026-08-06;2026-08-13;2026-08-14;2026-08-21;2026-08-22;2026-08-29;2026-08-30;2026-09-06;2026-09-15,,103.95198974609374,0.7567567567567568,1.5,0.7472232024740616,2.2969663145021904,254
1351,Hailey Gardens,29.631395,-82.3892135,29,21,unknown,12001001522,15.617875056999544,3.28125,39.14810267857143,40.03286743164063,35,2026-06-02;2026-06-03;2026-06-10;2026-06-11;2026-06-18;2026-06-19;2026-06-26;2026-06-27;2026-07-05;2026-07-12;2026-07-13;2026-07-20;2026-07-21;2026-07-28;2026-07-29;2026-08-05;2026-08-06;2026-08-13;2026-08-14;2026-08-21;2026-08-22;2026-08-29;2026-08-30;2026-09-06;2026-09-15,,102.46658482142858,0.6670761670761671,1.25,0.8079492297601685,2.291402301894193,255
642,University Terrace Condominiums,29.617006,-82.372153,42,12,unknown,12001001517,11.43627262225645,5.445716267776621,39.26285574776786,41.52145385742188,35,2026-06-02;2026-06-03;2026-06-10;2026-06-11;2026-06-18;2026-06-19;2026-06-26;2026-06-27;2026-07-05;2026-07-12;2026-07-13;2026-07-20;2026-07-21;2026-07-28;2026-07-29;2026-08-05;2026-08-06;2026-08-13;2026-08-14;2026-08-21;2026-08-22;2026-08-29;2026-08-30;2026-09-06;2026-09-15,,102.67314034598215,0.6732186732186732,1.25,0.723261392022917,2.289221891249384,256
1501,NE 15th St @ NE 8th Ave,29.659135,-82.305768,14,3,none,12001000600,20.242214532871973,17.217034843999087,38.84156319754464,42.39303588867188,35,2026-06-02;2026-06-03;2026-06-10;2026-06-11;2026-06-18;2026-06-19;2026-06-26;2026-06-27;2026-07-05;2026-07-12;2026-07-13;2026-07-20;2026-07-21;2026-07-28;2026-07-29;2026-08-05;2026-08-06;2026-08-13;2026-08-14;2026-08-21;2026-08-22;2026-08-29;2026-08-30;2026-09-06;2026-09-15,,101.91481375558035,0.6203931203931204,1.5,0.901603592480261,2.272116401563224,257
741,Gainesville Public Works,29.688362,-82.32783,23,15,none,12001000302,11.592076302274394,26.838966202783297,39.07194688585069,41.51461791992188,36,2026-06-02;2026-06-03;2026-06-10;2026-06-11;2026-06-18;2026-06-19;2026-06-26;2026-06-27;2026-07-05;2026-07-12;2026-07-13;2026-07-20;2026-07-21;2026-07-28;2026-07-29;2026-08-05;2026-08-06;2026-08-13;2026-08-14;2026-08-21;2026-08-22;2026-08-29;2026-08-30;2026-09-06;2026-09-15,,102.32950439453126,0.6547911547911548,1.5,0.7264168036092977,2.267468142824499,258
733,Bel Air Apartments,29.676726,-82.330878,32,"15,55",unknown,12001000302,11.592076302274394,26.838966202783297,39.62459564208984,43.02877807617188,32,2026-06-02;2026-06-03;2026-06-10;2026-06-11;2026-06-18;2026-06-19;2026-06-26;2026-06-27;2026-07-05;2026-07-12;2026-07-13;2026-07-20;2026-07-21;2026-07-28;2026-07-29;2026-08-05;2026-08-06;2026-08-13;2026-08-14;2026-08-21;2026-08-22;2026-08-29;2026-08-30;2026-09-06;2026-09-15,,103.3242721557617,0.7137592137592138,1.25,0.7264168036092977,2.2661157752954613,259
1552,Circle K @ Newberry/Tower Road,29.659585,-82.422572,25,23,none,12001002207,0.4123711340206186,18.689934243803744,42.273304658777576,43.51754760742188,34,2026-06-02;2026-06-03;2026-06-10;2026-06-11;2026-06-18;2026-06-19;2026-06-26;2026-06-27;2026-07-05;2026-07-12;2026-07-13;2026-07-20;2026-07-21;2026-07-28;2026-07-29;2026-08-05;2026-08-06;2026-08-13;2026-08-14;2026-08-21;2026-08-22;2026-08-29;2026-08-30;2026-09-06;2026-09-15,,108.09194838579964,0.9262899262899262,1.5,0.5,2.263456501537037,260
563,MLK Center and Citizens Field,29.659261,-82.308213,17,11,unknown,12001000500,10.72961373390558,13.34805299076676,41.48716612119932,43.19967651367188,37,2026-06-02;2026-06-03;2026-06-10;2026-06-11;2026-06-18;2026-06-19;2026-06-26;2026-06-27;2026-07-05;2026-07-12;2026-07-13;2026-07-20;2026-07-21;2026-07-28;2026-07-29;2026-08-05;2026-08-06;2026-08-13;2026-08-14;2026-08-21;2026-08-22;2026-08-29;2026-08-30;2026-09-06;2026-09-15,,106.67689901815878,0.8832923832923832,1.25,0.7089497939678231,2.262474453867318,261
932,UF Law School,29.650455,-82.359095,20,5,none,12001001000,6.52607580507267,9.155578975102095,40.28701319839015,44.84375,33,2026-06-02;2026-06-03;2026-06-10;2026-06-11;2026-06-18;2026-06-19;2026-06-26;2026-06-27;2026-07-05;2026-07-12;2026-07-13;2026-07-20;2026-07-21;2026-07-28;2026-07-29;2026-08-05;2026-08-06;2026-08-13;2026-08-14;2026-08-21;2026-08-22;2026-08-29;2026-08-30;2026-09-06;2026-09-15,,104.51662375710227,0.7911547911547911,1.5,0.6238177079804916,2.2538738214864216,262
1289,Pepboys Auto @ Newberry RD,29.659597,-82.424971,25,23,none,12001002207,0.4123711340206186,18.689934243803744,42.11674329969618,44.81298828125,36,2026-06-02;2026-06-03;2026-06-10;2026-06-11;2026-06-18;2026-06-19;2026-06-26;2026-06-27;2026-07-05;2026-07-12;2026-07-13;2026-07-20;2026-07-21;2026-07-28;2026-07-29;2026-08-05;2026-08-06;2026-08-13;2026-08-14;2026-08-21;2026-08-22;2026-08-29;2026-08-30;2026-09-06;2026-09-15,,107.81013793945313,0.9213759213759214,1.5,0.5,2.251448774738432,263
936,Westgate Plaza,29.650484,-82.370704,20,5,none,12001001000,6.52607580507267,9.155578975102095,40.263580322265625,40.263580322265625,1,2026-06-02;2026-06-03;2026-06-10;2026-06-11;2026-06-18;2026-06-19;2026-06-26;2026-06-27;2026-07-05;2026-07-12;2026-07-13;2026-07-20;2026-07-21;2026-07-28;2026-07-29;2026-08-05;2026-08-06;2026-08-13;2026-08-14;2026-08-21;2026-08-22;2026-08-29;2026-08-30;2026-09-06;2026-09-15,,104.47444458007813,0.7893120393120393,1.5,0.6238177079804916,2.2486241153804754,264
1222,Hearing Aid Gainesville,29.673867,-82.335108,14,6,unknown,12001000301,14.08811475409836,9.192399049881235,40.99544852120536,43.01510620117188,35,2026-06-02;2026-06-03;2026-06-10;2026-06-11;2026-06-18;2026-06-19;2026-06-26;2026-06-27;2026-07-05;2026-07-12;2026-07-13;2026-07-20;2026-07-21;2026-07-28;2026-07-29;2026-08-05;2026-08-06;2026-08-13;2026-08-14;2026-08-21;2026-08-22;2026-08-29;2026-08-30;2026-09-06;2026-09-15,,105.79180733816966,0.8538083538083538,1.25,0.7769677832140807,2.2455882897728294,265
1585,NW 6th St @ NW 3rd Ave,29.653714,-82.330751,14,6,unknown,12001000201,21.14384748700173,1.9492808478425436,39.65871360085227,41.70602416992188,33,2026-06-02;2026-06-03;2026-06-10;2026-06-11;2026-06-18;2026-06-19;2026-06-26;2026-06-27;2026-07-05;2026-07-12;2026-07-13;2026-07-20;2026-07-21;2026-07-28;2026-07-29;2026-08-05;2026-08-06;2026-08-13;2026-08-14;2026-08-21;2026-08-22;2026-08-29;2026-08-30;2026-09-06;2026-09-15,,103.38568448153408,0.7199017199017199,1.25,0.9198638997451218,2.241627832544816,266
591,Compassionate Outreach,29.648327,-82.272498,17,11,unknown,12001000600,20.242214532871973,17.217034843999087,39.40200343276515,42.18453979492188,33,2026-06-02;2026-06-03;2026-06-10;2026-06-11;2026-06-18;2026-06-19;2026-06-26;2026-06-27;2026-07-05;2026-07-12;2026-07-13;2026-07-20;2026-07-21;2026-07-28;2026-07-29;2026-08-05;2026-08-06;2026-08-13;2026-08-14;2026-08-21;2026-08-22;2026-08-29;2026-08-30;2026-09-06;2026-09-15,,102.92360617897727,0.687960687960688,1.25,0.901603592480261,2.2410057645772343,267
532,NW 23rd Ave @ NW 43rd St,29.673993,-82.390196,20,10,none,12001001702,5.506141465480729,33.90179910044978,40.54625447591146,43.58078002929688,36,2026-06-02;2026-06-03;2026-06-10;2026-06-11;2026-06-18;2026-06-19;2026-06-26;2026-06-27;2026-07-05;2026-07-12;2026-07-13;2026-07-20;2026-07-21;2026-07-28;2026-07-29;2026-08-05;2026-08-06;2026-08-13;2026-08-14;2026-08-21;2026-08-22;2026-08-29;2026-08-30;2026-09-06;2026-09-15,,104.98325805664062,0.8132678132678133,1.5,0.6031615037616609,2.2401527772124865,268
970,Williston Plaza,29.605936,-82.371055,43,12,none,12001001517,11.43627262225645,5.445716267776621,38.447021484375,41.35054016113281,35,2026-06-02;2026-06-03;2026-06-10;2026-06-11;2026-06-18;2026-06-19;2026-06-26;2026-06-27;2026-07-05;2026-07-12;2026-07-13;2026-07-20;2026-07-21;2026-07-28;2026-07-29;2026-08-05;2026-08-06;2026-08-13;2026-08-14;2026-08-21;2026-08-22;2026-08-29;2026-08-30;2026-09-06;2026-09-15,,101.204638671875,0.5454545454545454,1.5,0.723261392022917,2.239329487341611,269
1494,NE 15th St @ NE 20th Pl,29.67179,-82.305762,13,26,none,12001000400,18.24006834686032,13.6077655941039,39.077121310763886,39.87736511230469,36,2026-06-02;2026-06-03;2026-06-10;2026-06-11;2026-06-18;2026-06-19;2026-06-26;2026-06-27;2026-07-05;2026-07-12;2026-07-13;2026-07-20;2026-07-21;2026-07-28;2026-07-29;2026-08-05;2026-08-06;2026-08-13;2026-08-14;2026-08-21;2026-08-22;2026-08-29;2026-08-30;2026-09-06;2026-09-15,,102.338818359375,0.6560196560196561,1.5,0.8610551582440376,2.236082942481732,270
624,East End Eatery,29.659389,-82.309766,17,11,unknown,12001000500,10.72961373390558,13.34805299076676,41.245340983072914,42.43405151367188,36,2026-06-02;2026-06-03;2026-06-10;2026-06-11;2026-06-18;2026-06-19;2026-06-26;2026-06-27;2026-07-05;2026-07-12;2026-07-13;2026-07-20;2026-07-21;2026-07-28;2026-07-29;2026-08-05;2026-08-06;2026-08-13;2026-08-14;2026-08-21;2026-08-22;2026-08-29;2026-08-30;2026-09-06;2026-09-15,,106.24161376953126,0.8673218673218673,1.25,0.7089497939678231,2.221567405327297,271
992,Tire Plus @ NW 39th Avenue,29.688786,-82.397096,14,43,none,12001001811,12.61518906895456,20.87149187592319,39.75762176513672,41.11126708984375,32,2026-06-02;2026-06-03;2026-06-10;2026-06-11;2026-06-18;2026-06-19;2026-06-26;2026-06-27;2026-07-05;2026-07-12;2026-07-13;2026-07-20;2026-07-21;2026-07-28;2026-07-29;2026-08-05;2026-08-06;2026-08-13;2026-08-14;2026-08-21;2026-08-22;2026-08-29;2026-08-30;2026-09-06;2026-09-15,,103.5637191772461,0.730958230958231,1.5,0.7471373788728913,2.2184058166199416,272
343,Dollar General,29.645231,-82.293693,14,7,unknown,12001000600,20.242214532871973,17.217034843999087,39.696400669642856,42.12643432617188,35,2026-06-02;2026-06-03;2026-06-10;2026-06-11;2026-06-18;2026-06-19;2026-06-26;2026-06-27;2026-07-05;2026-07-12;2026-07-13;2026-07-20;2026-07-21;2026-07-28;2026-07-29;2026-08-05;2026-08-06;2026-08-13;2026-08-14;2026-08-21;2026-08-22;2026-08-29;2026-08-30;2026-09-06;2026-09-15,,103.45352120535713,0.726044226044226,1.25,0.901603592480261,2.215875896574035,273
1601,Markets West (Eastbound),29.6379503,-82.4208262,9,76,unknown,12001002218,15.250836120401337,8.166317678731678,43.076847076416016,44.93603515625,32,2026-06-02;2026-06-03;2026-06-10;2026-06-11;2026-06-18;2026-06-19;2026-06-26;2026-06-27;2026-07-05;2026-07-12;2026-07-13;2026-07-20;2026-07-21;2026-07-28;2026-07-29;2026-08-05;2026-08-06;2026-08-13;2026-08-14;2026-08-21;2026-08-22;2026-08-29;2026-08-30;2026-09-06;2026-09-15,,109.53832473754883,0.9533169533169533,1.25,0.8005157794523101,2.1965086356992587,274
855,Walgreens @ NE 3rd Avenue,29.653405,-82.31039,13,26,unknown,12001000600,20.242214532871973,17.217034843999087,39.77568054199219,42.87155151367188,32,2026-06-02;2026-06-03;2026-06-10;2026-06-11;2026-06-18;2026-06-19;2026-06-26;2026-06-27;2026-07-05;2026-07-12;2026-07-13;2026-07-20;2026-07-21;2026-07-28;2026-07-29;2026-08-05;2026-08-06;2026-08-13;2026-08-14;2026-08-21;2026-08-22;2026-08-29;2026-08-30;2026-09-06;2026-09-15,,103.59622497558594,0.7346437346437347,1.25,0.901603592480261,2.184999039230964,275
295,Williams Elementary School,29.645722,-82.308078,14,3,unknown,12001000700,12.61942675159236,21.483491632745363,41.18781812263258,42.62887573242188,33,2026-06-02;2026-06-03;2026-06-10;2026-06-11;2026-06-18;2026-06-19;2026-06-26;2026-06-27;2026-07-05;2026-07-12;2026-07-13;2026-07-20;2026-07-21;2026-07-28;2026-07-29;2026-08-05;2026-08-06;2026-08-13;2026-08-14;2026-08-21;2026-08-22;2026-08-29;2026-08-30;2026-09-06;2026-09-15,,106.13807262073864,0.8636363636363636,1.25,0.7472232024740616,2.184479598342857,276
262,Westgate Mobile Manor Park,29.695,-82.338885,14,6,unknown,12001000302,11.592076302274394,26.838966202783297,41.54404296875,43.65426635742188,35,2026-06-02;2026-06-03;2026-06-10;2026-06-11;2026-06-18;2026-06-19;2026-06-26;2026-06-27;2026-07-05;2026-07-12;2026-07-13;2026-07-20;2026-07-21;2026-07-28;2026-07-29;2026-08-05;2026-08-06;2026-08-13;2026-08-14;2026-08-21;2026-08-22;2026-08-29;2026-08-30;2026-09-06;2026-09-15,,106.77927734375,0.8857493857493858,1.25,0.7264168036092977,2.178028034953609,277
176,Panera Bread @ Newberry Road,29.659464,-82.407681,29,"5,76",unknown,12001001605,5.992043759323719,8.548422678138099,40.85785435267857,43.55172729492188,35,2026-06-02;2026-06-03;2026-06-10;2026-06-11;2026-06-18;2026-06-19;2026-06-26;2026-06-27;2026-07-05;2026-07-12;2026-07-13;2026-07-20;2026-07-21;2026-07-28;2026-07-29;2026-08-05;2026-08-06;2026-08-13;2026-08-14;2026-08-21;2026-08-22;2026-08-29;2026-08-30;2026-09-06;2026-09-15,,105.54413783482144,0.8353808353808354,1.25,0.6130022323482037,2.1771503064783806,278
387,Walnut Creek Neighborhood,29.688675,-82.360317,25,"8,55",none,12001001202,0.5906123717749456,16.054477919933966,41.50911937040441,45.735870361328125,34,2026-06-02;2026-06-03;2026-06-10;2026-06-11;2026-06-18;2026-06-19;2026-06-26;2026-06-27;2026-07-05;2026-07-12;2026-07-13;2026-07-20;2026-07-21;2026-07-28;2026-07-29;2026-08-05;2026-08-06;2026-08-13;2026-08-14;2026-08-21;2026-08-22;2026-08-29;2026-08-30;2026-09-06;2026-09-15,,106.71641486672794,0.8845208845208845,1.5,0.5036098278725899,2.1769953214271522,279
1600,Markets West,29.6381107,-82.4211188,9,76,unknown,12001002218,15.250836120401337,8.166317678731678,42.70793108258928,44.93603515625,35,2026-06-02;2026-06-03;2026-06-10;2026-06-11;2026-06-18;2026-06-19;2026-06-26;2026-06-27;2026-07-05;2026-07-12;2026-07-13;2026-07-20;2026-07-21;2026-07-28;2026-07-29;2026-08-05;2026-08-06;2026-08-13;2026-08-14;2026-08-21;2026-08-22;2026-08-29;2026-08-30;2026-09-06;2026-09-15,,108.87427594866071,0.9398034398034398,1.25,0.8005157794523101,2.1653725596777487,280
1083,Cricket Club Apartments,29.647935,-82.422297,27,75,none,12001002217,15.908324907313784,7.102560393461594,38.32772064208984,44.00631713867188,32,2026-06-02;2026-06-03;2026-06-10;2026-06-11;2026-06-18;2026-06-19;2026-06-26;2026-06-27;2026-07-05;2026-07-12;2026-07-13;2026-07-20;2026-07-21;2026-07-28;2026-07-29;2026-08-05;2026-08-06;2026-08-13;2026-08-14;2026-08-21;2026-08-22;2026-08-29;2026-08-30;2026-09-06;2026-09-15,,100.98989715576171,0.5307125307125307,1.5,0.8138315607990667,2.158821709983524,281
528,Northwest Baptist Church,29.674028,-82.401846,29,"10,76",none,12001001702,5.506141465480729,33.90179910044978,39.488850911458336,41.37446594238281,36,2026-06-02;2026-06-03;2026-06-10;2026-06-11;2026-06-18;2026-06-19;2026-06-26;2026-06-27;2026-07-05;2026-07-12;2026-07-13;2026-07-20;2026-07-21;2026-07-28;2026-07-29;2026-08-05;2026-08-06;2026-08-13;2026-08-14;2026-08-21;2026-08-22;2026-08-29;2026-08-30;2026-09-06;2026-09-15,,103.079931640625,0.7014742014742015,1.5,0.6031615037616609,2.1585813167617593,282
783,Chevron Gas Station @ Williston Road,29.635095,-82.317764,24,17,unknown,12001000700,12.61942675159236,21.483491632745363,39.624709670608105,41.11468505859375,37,2026-06-02;2026-06-03;2026-06-10;2026-06-11;2026-06-18;2026-06-19;2026-06-26;2026-06-27;2026-07-05;2026-07-12;2026-07-13;2026-07-20;2026-07-21;2026-07-28;2026-07-29;2026-08-05;2026-08-06;2026-08-13;2026-08-14;2026-08-21;2026-08-22;2026-08-29;2026-08-30;2026-09-06;2026-09-15,,103.32447740709459,0.714987714987715,1.25,0.7472232024740616,2.1496272799363845,283
1407,Eastbound SW 24th AVE @ SW 76th ST,29.630418,-82.423629,21,"52,76",none,12001002221,0.8246527777777778,16.533758639021798,41.83320661272322,45.879425048828125,35,2026-06-02;2026-06-03;2026-06-10;2026-06-11;2026-06-18;2026-06-19;2026-06-26;2026-06-27;2026-07-05;2026-07-12;2026-07-13;2026-07-20;2026-07-21;2026-07-28;2026-07-29;2026-08-05;2026-08-06;2026-08-13;2026-08-14;2026-08-21;2026-08-22;2026-08-29;2026-08-30;2026-09-06;2026-09-15,,107.29977190290178,0.9078624078624079,1.5,0.5083497275251369,2.1398279580253035,284
301,Eastbound University Avenue @ SE 15th Street,29.651804,-82.304736,14,7,unknown,12001000600,20.242214532871973,17.217034843999087,39.47521275111607,41.78804016113281,35,2026-06-02;2026-06-03;2026-06-10;2026-06-11;2026-06-18;2026-06-19;2026-06-26;2026-06-27;2026-07-05;2026-07-12;2026-07-13;2026-07-20;2026-07-21;2026-07-28;2026-07-29;2026-08-05;2026-08-06;2026-08-13;2026-08-14;2026-08-21;2026-08-22;2026-08-29;2026-08-30;2026-09-06;2026-09-15,,103.05538295200893,0.699017199017199,1.25,0.901603592480261,2.133389822589892,285
763,Publix @ N Main Street,29.663764,-82.324586,23,15,none,12001000301,14.08811475409836,9.192399049881235,38.5787590874566,42.11787414550781,36,2026-06-02;2026-06-03;2026-06-10;2026-06-11;2026-06-18;2026-06-19;2026-06-26;2026-06-27;2026-07-05;2026-07-12;2026-07-13;2026-07-20;2026-07-21;2026-07-28;2026-07-29;2026-08-05;2026-08-06;2026-08-13;2026-08-14;2026-08-21;2026-08-22;2026-08-29;2026-08-30;2026-09-06;2026-09-15,,101.44176635742188,0.5749385749385749,1.5,0.7769677832140807,2.129496681239955,286
1139,Casablanca Apartments,29.619912,-82.361263,95,"12,37",none,12001001515,9.41336971350614,5.387755102040816,37.82840983072917,42.77243041992188,36,2026-06-02;2026-06-03;2026-06-10;2026-06-11;2026-06-18;2026-06-19;2026-06-26;2026-06-27;2026-07-05;2026-07-12;2026-07-13;2026-07-20;2026-07-21;2026-07-28;2026-07-29;2026-08-05;2026-08-06;2026-08-13;2026-08-14;2026-08-21;2026-08-22;2026-08-29;2026-08-30;2026-09-06;2026-09-15,,100.09113769531251,0.4557739557739558,1.5,0.6822925825849184,2.1290711786305807,287
1101,Tower Plaza,29.658162,-82.422504,26,75,none,12001002207,0.4123711340206186,18.689934243803744,41.074068777901786,42.24606323242188,35,2026-06-02;2026-06-03;2026-06-10;2026-06-11;2026-06-18;2026-06-19;2026-06-26;2026-06-27;2026-07-05;2026-07-12;2026-07-13;2026-07-20;2026-07-21;2026-07-28;2026-07-29;2026-08-05;2026-08-06;2026-08-13;2026-08-14;2026-08-21;2026-08-22;2026-08-29;2026-08-30;2026-09-06;2026-09-15,,105.93332380022322,0.8611793611793612,1.5,0.5,2.128730015112747,288
985,Thorn Brook Shops,29.675062,-82.388855,14,43,none,12001001100,7.312925170068027,27.624720774385704,40.581642150878906,43.48336791992188,32,2026-06-02;2026-06-03;2026-06-10;2026-06-11;2026-06-18;2026-06-19;2026-06-26;2026-06-27;2026-07-05;2026-07-12;2026-07-13;2026-07-20;2026-07-21;2026-07-28;2026-07-29;2026-08-05;2026-08-06;2026-08-13;2026-08-14;2026-08-21;2026-08-22;2026-08-29;2026-08-30;2026-09-06;2026-09-15,,105.04695587158203,0.8144963144963145,1.5,0.6397533624063481,2.116653020271332,289
1103,Tower Hill,29.653548,-82.422532,26,75,none,12001002207,0.4123711340206186,18.689934243803744,40.96330091688368,41.83932495117188,36,2026-06-02;2026-06-03;2026-06-10;2026-06-11;2026-06-18;2026-06-19;2026-06-26;2026-06-27;2026-07-05;2026-07-12;2026-07-13;2026-07-20;2026-07-21;2026-07-28;2026-07-29;2026-08-05;2026-08-06;2026-08-13;2026-08-14;2026-08-21;2026-08-22;2026-08-29;2026-08-30;2026-09-06;2026-09-15,,105.73394165039062,0.8488943488943489,1.5,0.5,2.0983629678215525,290
140,Alachua County Office of the State Attorney,29.652057,-82.326408,40,"5,10",none,12001000500,10.72961373390558,13.34805299076676,38.32715503589528,39.942291259765625,37,2026-06-02;2026-06-03;2026-06-10;2026-06-11;2026-06-18;2026-06-19;2026-06-26;2026-06-27;2026-07-05;2026-07-12;2026-07-13;2026-07-20;2026-07-21;2026-07-28;2026-07-29;2026-08-05;2026-08-06;2026-08-13;2026-08-14;2026-08-21;2026-08-22;2026-08-29;2026-08-30;2026-09-06;2026-09-15,,100.9888790646115,0.5294840294840295,1.5,0.7089497939678231,2.090987619156059,291
236,Early Learning Coalition,29.694993,-82.339162,14,6,none,12001001203,5.620753551575047,12.678288431061809,40.95619070870536,43.65426635742188,35,2026-06-02;2026-06-03;2026-06-10;2026-06-11;2026-06-18;2026-06-19;2026-06-26;2026-06-27;2026-07-05;2026-07-12;2026-07-13;2026-07-20;2026-07-21;2026-07-28;2026-07-29;2026-08-05;2026-08-06;2026-08-13;2026-08-14;2026-08-21;2026-08-22;2026-08-29;2026-08-30;2026-09-06;2026-09-15,,105.72114327566965,0.8464373464373465,1.5,0.6054826832380354,2.0818264108442763,292
726,Bella Vista Village,29.688589,-82.325418,23,15,none,12001001902,16.82586333578251,25.576208178438662,38.30718470982143,40.40032958984375,35,2026-06-02;2026-06-03;2026-06-10;2026-06-11;2026-06-18;2026-06-19;2026-06-26;2026-06-27;2026-07-05;2026-07-12;2026-07-13;2026-07-20;2026-07-21;2026-07-28;2026-07-29;2026-08-05;2026-08-06;2026-08-13;2026-08-14;2026-08-21;2026-08-22;2026-08-29;2026-08-30;2026-09-06;2026-09-15,,100.95293247767856,0.5245700245700246,1.5,0.8324139934335614,2.081590756278697,293
1066,KISS 105.3 FM Station,29.631028,-82.418071,38,"52,75",none,12001002218,15.250836120401337,8.166317678731678,37.95611233181424,40.28239440917969,36,2026-06-02;2026-06-03;2026-06-10;2026-06-11;2026-06-18;2026-06-19;2026-06-26;2026-06-27;2026-07-05;2026-07-12;2026-07-13;2026-07-20;2026-07-21;2026-07-28;2026-07-29;2026-08-05;2026-08-06;2026-08-13;2026-08-14;2026-08-21;2026-08-22;2026-08-29;2026-08-30;2026-09-06;2026-09-15,,100.32100219726563,0.47174447174447176,1.5,0.8005157794523101,2.075255049474796,294
618,Duval Elementary School,29.659297,-82.29714,17,11,unknown,12001000600,20.242214532871973,17.217034843999087,38.97715890066964,42.56051635742188,35,2026-06-02;2026-06-03;2026-06-10;2026-06-11;2026-06-18;2026-06-19;2026-06-26;2026-06-27;2026-07-05;2026-07-12;2026-07-13;2026-07-20;2026-07-21;2026-07-28;2026-07-29;2026-08-05;2026-08-06;2026-08-13;2026-08-14;2026-08-21;2026-08-22;2026-08-29;2026-08-30;2026-09-06;2026-09-15,,102.15888602120535,0.6363636363636364,1.25,0.901603592480261,2.072930332233941,295
1068,CVS Pharmacy @ SW 75th Street,29.6311309,-82.422398,9,76,none,12001002218,15.250836120401337,8.166317678731678,39.92736467633929,41.97946166992188,35,2026-06-02;2026-06-03;2026-06-10;2026-06-11;2026-06-18;2026-06-19;2026-06-26;2026-06-27;2026-07-05;2026-07-12;2026-07-13;2026-07-20;2026-07-21;2026-07-28;2026-07-29;2026-08-05;2026-08-06;2026-08-13;2026-08-14;2026-08-21;2026-08-22;2026-08-29;2026-08-30;2026-09-06;2026-09-15,,103.86925641741071,0.7493857493857494,1.5,0.8005157794523101,2.0719643316132186,296
727,Oasis Carwash,29.688606,-82.327849,23,15,none,12001000302,11.592076302274394,26.838966202783297,38.6802547679228,41.51461791992188,34,2026-06-02;2026-06-03;2026-06-10;2026-06-11;2026-06-18;2026-06-19;2026-06-26;2026-06-27;2026-07-05;2026-07-12;2026-07-13;2026-07-20;2026-07-21;2026-07-28;2026-07-29;2026-08-05;2026-08-06;2026-08-13;2026-08-14;2026-08-21;2026-08-22;2026-08-29;2026-08-30;2026-09-06;2026-09-15,,101.62445858226104,0.597051597051597,1.5,0.7264168036092977,2.0675225467405376,297
226,Oak Gate Apartments,29.6787889,-82.3306919,9,55,none,12001000302,11.592076302274394,26.838966202783297,40.65239800347222,41.82907104492188,36,2026-06-02;2026-06-03;2026-06-10;2026-06-11;2026-06-18;2026-06-19;2026-06-26;2026-06-27;2026-07-05;2026-07-12;2026-07-13;2026-07-20;2026-07-21;2026-07-28;2026-07-29;2026-08-05;2026-08-06;2026-08-13;2026-08-14;2026-08-21;2026-08-22;2026-08-29;2026-08-30;2026-09-06;2026-09-15,,105.17431640625,0.8218673218673219,1.5,0.7264168036092977,2.062027925126132,298
454,Northbound SW 27th Street @ SW 35th Place,29.619626,-82.362759,50,9,unknown,12001001516,8.51472471190781,5.001866368047779,38.902308872767854,42.49215698242188,35,2026-06-02;2026-06-03;2026-06-10;2026-06-11;2026-06-18;2026-06-19;2026-06-26;2026-06-27;2026-07-05;2026-07-12;2026-07-13;2026-07-20;2026-07-21;2026-07-28;2026-07-29;2026-08-05;2026-08-06;2026-08-13;2026-08-14;2026-08-21;2026-08-22;2026-08-29;2026-08-30;2026-09-06;2026-09-15,,102.02415597098214,0.628992628992629,1.25,0.6640927887818456,2.0529509971025783,299
337,Lana's Place,29.632697,-82.289072,14,7,unknown,12001000700,12.61942675159236,21.483491632745363,40.522161668346776,42.51779174804688,31,2026-06-02;2026-06-03;2026-06-10;2026-06-11;2026-06-18;2026-06-19;2026-06-26;2026-06-27;2026-07-05;2026-07-12;2026-07-13;2026-07-20;2026-07-21;2026-07-28;2026-07-29;2026-08-05;2026-08-06;2026-08-13;2026-08-14;2026-08-21;2026-08-22;2026-08-29;2026-08-30;2026-09-06;2026-09-15,,104.9398910030242,0.8108108108108109,1.25,0.7472232024740616,2.050862780805527,300
1402,Westbound SW 87th Dr @ SW 91st St,29.62839,-82.436398,30,"52,76",unknown,12001002221,0.8246527777777778,16.533758639021798,42.680419921875,45.2197265625,37,2026-06-02;2026-06-03;2026-06-10;2026-06-11;2026-06-18;2026-06-19;2026-06-26;2026-06-27;2026-07-05;2026-07-12;2026-07-13;2026-07-20;2026-07-21;2026-07-28;2026-07-29;2026-08-05;2026-08-06;2026-08-13;2026-08-14;2026-08-21;2026-08-22;2026-08-29;2026-08-30;2026-09-06;2026-09-15,,108.824755859375,0.9385749385749386,1.25,0.5083497275251369,2.0480484877607044,301
1610,Jonesville Publix,29.655092,-82.492428,24,52,unknown,12001002204,5.470500373412994,18.014849550605703,40.92791922433036,46.204132080078125,35,2026-06-02;2026-06-03;2026-06-10;2026-06-11;2026-06-18;2026-06-19;2026-06-26;2026-06-27;2026-07-05;2026-07-12;2026-07-13;2026-07-20;2026-07-21;2026-07-28;2026-07-29;2026-08-05;2026-08-06;2026-08-13;2026-08-14;2026-08-21;2026-08-22;2026-08-29;2026-08-30;2026-09-06;2026-09-15,,105.67025460379465,0.8439803439803439,1.25,0.6024396831034527,2.0457857054723525,302
858,Lakeside Housing Complex,29.6412313,-82.3641003,38,118,unknown,12001000901,49.78902953586498,0.0,36.37081821986608,39.36979675292969,35,2026-06-02;2026-06-03;2026-06-10;2026-06-11;2026-06-18;2026-06-19;2026-06-26;2026-06-27;2026-07-05;2026-07-12;2026-07-13;2026-07-20;2026-07-21;2026-07-28;2026-07-29;2026-08-05;2026-08-06;2026-08-13;2026-08-14;2026-08-21;2026-08-22;2026-08-29;2026-08-30;2026-09-06;2026-09-15,,97.46747279575894,0.2972972972972973,1.25,1.5,2.042188079768215,303
988,Monterey Apartments,29.685112,-82.388816,14,43,none,12001001100,7.312925170068027,27.624720774385704,40.24377092633929,41.74871826171875,35,2026-06-02;2026-06-03;2026-06-10;2026-06-11;2026-06-18;2026-06-19;2026-06-26;2026-06-27;2026-07-05;2026-07-12;2026-07-13;2026-07-20;2026-07-21;2026-07-28;2026-07-29;2026-08-05;2026-08-06;2026-08-13;2026-08-14;2026-08-21;2026-08-22;2026-08-29;2026-08-30;2026-09-06;2026-09-15,,104.43878766741071,0.785012285012285,1.5,0.6397533624063481,2.040032096460605,304
760,Wash King (Southbound),29.66734,-82.321898,23,15,unknown,12001000400,18.24006834686032,13.6077655941039,38.67819393382353,39.870513916015625,34,2026-06-02;2026-06-03;2026-06-10;2026-06-11;2026-06-18;2026-06-19;2026-06-26;2026-06-27;2026-07-05;2026-07-12;2026-07-13;2026-07-20;2026-07-21;2026-07-28;2026-07-29;2026-08-05;2026-08-06;2026-08-13;2026-08-14;2026-08-21;2026-08-22;2026-08-29;2026-08-30;2026-09-06;2026-09-15,,101.62074908088235,0.5958230958230958,1.25,0.8610551582440376,2.0380722162809968,305
912,Waldo Road @ NE 1st Avenue,29.652721,-82.311092,13,26,unknown,12001000500,10.72961373390558,13.34805299076676,41.282796223958336,42.87155151367188,36,2026-06-02;2026-06-03;2026-06-10;2026-06-11;2026-06-18;2026-06-19;2026-06-26;2026-06-27;2026-07-05;2026-07-12;2026-07-13;2026-07-20;2026-07-21;2026-07-28;2026-07-29;2026-08-05;2026-08-06;2026-08-13;2026-08-14;2026-08-21;2026-08-22;2026-08-29;2026-08-30;2026-09-06;2026-09-15,,106.309033203125,0.8697788697788698,1.25,0.7089497939678231,2.0341509187205276,306
386,Forest of the Unicorn Neighborhood,29.688636,-82.358168,25,"8,55",none,12001001202,0.5906123717749456,16.054477919933966,40.71321953667535,42.52462768554688,36,2026-06-02;2026-06-03;2026-06-10;2026-06-11;2026-06-18;2026-06-19;2026-06-26;2026-06-27;2026-07-05;2026-07-12;2026-07-13;2026-07-20;2026-07-21;2026-07-28;2026-07-29;2026-08-05;2026-08-06;2026-08-13;2026-08-14;2026-08-21;2026-08-22;2026-08-29;2026-08-30;2026-09-06;2026-09-15,,105.28379516601564,0.8255528255528255,1.5,0.5036098278725899,2.0318622999986755,307
877,Quick Mart @ NE 15th Street,29.688155,-82.305679,13,26,none,12001000400,18.24006834686032,13.6077655941039,38.67544937133789,40.07389831542969,32,2026-06-02;2026-06-03;2026-06-10;2026-06-11;2026-06-18;2026-06-19;2026-06-26;2026-06-27;2026-07-05;2026-07-12;2026-07-13;2026-07-20;2026-07-21;2026-07-28;2026-07-29;2026-08-05;2026-08-06;2026-08-13;2026-08-14;2026-08-21;2026-08-22;2026-08-29;2026-08-30;2026-09-06;2026-09-15,,101.61580886840821,0.5945945945945946,1.5,0.8610551582440376,2.026711880451607,308
1117,Tower Square @ SW 75th Street,29.60064,-82.421481,26,75,none,12001002221,0.8246527777777778,16.533758639021798,40.46008639865451,43.12277221679688,36,2026-06-02;2026-06-03;2026-06-10;2026-06-11;2026-06-18;2026-06-19;2026-06-26;2026-06-27;2026-07-05;2026-07-12;2026-07-13;2026-07-20;2026-07-21;2026-07-28;2026-07-29;2026-08-05;2026-08-06;2026-08-13;2026-08-14;2026-08-21;2026-08-22;2026-08-29;2026-08-30;2026-09-06;2026-09-15,,104.82815551757812,0.8046683046683046,1.5,0.5083497275251369,2.0222575083250507,309
1398,Westbound SW 24th AVE @ SW 75th ST,29.630617,-82.423787,21,"52,76",none,12001002207,0.4123711340206186,18.689934243803744,41.31148644649621,45.879425048828125,33,2026-06-02;2026-06-03;2026-06-10;2026-06-11;2026-06-18;2026-06-19;2026-06-26;2026-06-27;2026-07-05;2026-07-12;2026-07-13;2026-07-20;2026-07-21;2026-07-28;2026-07-29;2026-08-05;2026-08-06;2026-08-13;2026-08-14;2026-08-21;2026-08-22;2026-08-29;2026-08-30;2026-09-06;2026-09-15,,106.36067560369318,0.8722358722358723,1.5,0.5,2.022088582817326,310
742,Bella Vista Village Eastbound,29.688335,-82.325246,23,15,none,12001000302,11.592076302274394,26.838966202783297,38.62466348184122,40.40032958984375,37,2026-06-02;2026-06-03;2026-06-10;2026-06-11;2026-06-18;2026-06-19;2026-06-26;2026-06-27;2026-07-05;2026-07-12;2026-07-13;2026-07-20;2026-07-21;2026-07-28;2026-07-29;2026-08-05;2026-08-06;2026-08-13;2026-08-14;2026-08-21;2026-08-22;2026-08-29;2026-08-30;2026-09-06;2026-09-15,,101.5243942673142,0.5835380835380836,1.5,0.7264168036092977,2.0207267689336534,311
784,Southbound Williston Road @ SE 1st Terrace,29.6342265,-82.3190123,24,17,unknown,12001000700,12.61942675159236,21.483491632745363,39.23454996744792,40.86517333984375,15,2026-06-02;2026-06-03;2026-06-10;2026-06-11;2026-06-18;2026-06-19;2026-06-26;2026-06-27;2026-07-05;2026-07-12;2026-07-13;2026-07-20;2026-07-21;2026-07-28;2026-07-29;2026-08-05;2026-08-06;2026-08-13;2026-08-14;2026-08-21;2026-08-22;2026-08-29;2026-08-30;2026-09-06;2026-09-15,,102.62218994140626,0.671990171990172,1.25,0.7472232024740616,2.020354161727152,312
341,Alachua County Sheriffs Department,29.641906,-82.289168,14,7,unknown,12001000700,12.61942675159236,21.483491632745363,40.42034388950893,45.0830078125,35,2026-06-02;2026-06-03;2026-06-10;2026-06-11;2026-06-18;2026-06-19;2026-06-26;2026-06-27;2026-07-05;2026-07-12;2026-07-13;2026-07-20;2026-07-21;2026-07-28;2026-07-29;2026-08-05;2026-08-06;2026-08-13;2026-08-14;2026-08-21;2026-08-22;2026-08-29;2026-08-30;2026-09-06;2026-09-15,,104.75661900111606,0.7985257985257985,1.25,0.7472232024740616,2.0197891023084735,313
757,Pointe 23 Apartments,29.673966,-82.317613,23,15,unknown,12001000400,18.24006834686032,13.6077655941039,38.64462890625,41.01214599609375,35,2026-06-02;2026-06-03;2026-06-10;2026-06-11;2026-06-18;2026-06-19;2026-06-26;2026-06-27;2026-07-05;2026-07-12;2026-07-13;2026-07-20;2026-07-21;2026-07-28;2026-07-29;2026-08-05;2026-08-06;2026-08-13;2026-08-14;2026-08-21;2026-08-22;2026-08-29;2026-08-30;2026-09-06;2026-09-15,,101.56033203125,0.5884520884520884,1.25,0.8610551582440376,2.0128589517496853,314
1468,N Main Post Office,29.664846,-82.325668,28,3,none,12001000301,14.08811475409836,9.192399049881235,38.2076653374566,40.42767333984375,36,2026-06-02;2026-06-03;2026-06-10;2026-06-11;2026-06-18;2026-06-19;2026-06-26;2026-06-27;2026-07-05;2026-07-12;2026-07-13;2026-07-20;2026-07-21;2026-07-28;2026-07-29;2026-08-05;2026-08-06;2026-08-13;2026-08-14;2026-08-21;2026-08-22;2026-08-29;2026-08-30;2026-09-06;2026-09-15,,100.77379760742188,0.5122850122850123,1.5,0.7769677832140807,2.010421837186555,315
609,Mt Carmel Baptist Church,29.659145,-82.292292,17,11,unknown,12001000600,20.242214532871973,17.217034843999087,38.76621791294643,40.76947021484375,35,2026-06-02;2026-06-03;2026-06-10;2026-06-11;2026-06-18;2026-06-19;2026-06-26;2026-06-27;2026-07-05;2026-07-12;2026-07-13;2026-07-20;2026-07-21;2026-07-28;2026-07-29;2026-08-05;2026-08-06;2026-08-13;2026-08-14;2026-08-21;2026-08-22;2026-08-29;2026-08-30;2026-09-06;2026-09-15,,101.77919224330358,0.6130221130221131,1.25,0.901603592480261,1.9968962080786425,316
20,Mt Vernon Apartments,29.633883,-82.358637,42,1,unknown,12001001514,8.333333333333332,2.7532467532467533,39.018059807854726,44.53955078125,37,2026-06-02;2026-06-03;2026-06-10;2026-06-11;2026-06-18;2026-06-19;2026-06-26;2026-06-27;2026-07-05;2026-07-12;2026-07-13;2026-07-20;2026-07-21;2026-07-28;2026-07-29;2026-08-05;2026-08-06;2026-08-13;2026-08-14;2026-08-21;2026-08-22;2026-08-29;2026-08-30;2026-09-06;2026-09-15,,102.23250765413852,0.6425061425061425,1.25,0.6604191627316935,1.9949563792315992,317
990,Magnolia Park Neighborhood,29.688786,-82.3929,23,"43,55",unknown,12001001811,12.61518906895456,20.87149187592319,39.232533482142856,42.85446166992188,35,2026-06-02;2026-06-03;2026-06-10;2026-06-11;2026-06-18;2026-06-19;2026-06-26;2026-06-27;2026-07-05;2026-07-12;2026-07-13;2026-07-20;2026-07-21;2026-07-28;2026-07-29;2026-08-05;2026-08-06;2026-08-13;2026-08-14;2026-08-21;2026-08-22;2026-08-29;2026-08-30;2026-09-06;2026-09-15,,102.61856026785713,0.6707616707616708,1.25,0.7471373788728913,1.99085653188394,318
97,Veteran's Honor Center,29.649098,-82.303346,14,3,none,12001000700,12.61942675159236,21.483491632745363,39.06177462064303,42.23580932617188,26,2026-06-02;2026-06-03;2026-06-10;2026-06-11;2026-06-18;2026-06-19;2026-06-26;2026-06-27;2026-07-05;2026-07-12;2026-07-13;2026-07-20;2026-07-21;2026-07-28;2026-07-29;2026-08-05;2026-08-06;2026-08-13;2026-08-14;2026-08-21;2026-08-22;2026-08-29;2026-08-30;2026-09-06;2026-09-15,,102.31119431715744,0.6523341523341524,1.5,0.7472232024740616,1.9800147938322452,319
968,Hideaway Apartments,29.6089,-82.364014,43,12,unknown,12001001517,11.43627262225645,5.445716267776621,38.59591854319853,39.97990417480469,34,2026-06-02;2026-06-03;2026-06-10;2026-06-11;2026-06-18;2026-06-19;2026-06-26;2026-06-27;2026-07-05;2026-07-12;2026-07-13;2026-07-20;2026-07-21;2026-07-28;2026-07-29;2026-08-05;2026-08-06;2026-08-13;2026-08-14;2026-08-21;2026-08-22;2026-08-29;2026-08-30;2026-09-06;2026-09-15,,101.47265337775735,0.5786240786240786,1.25,0.723261392022917,1.9795874409495104,320
350,Fast Eddie's Restaurant,29.650506,-82.305928,28,"3,7",none,12001000700,12.61942675159236,21.483491632745363,38.26078752790178,42.06147766113281,35,2026-06-02;2026-06-03;2026-06-10;2026-06-11;2026-06-18;2026-06-19;2026-06-26;2026-06-27;2026-07-05;2026-07-12;2026-07-13;2026-07-20;2026-07-21;2026-07-28;2026-07-29;2026-08-05;2026-08-06;2026-08-13;2026-08-14;2026-08-21;2026-08-22;2026-08-29;2026-08-30;2026-09-06;2026-09-15,,100.86941755022322,0.5196560196560197,1.5,0.7472232024740616,1.961276582986179,321
1015,Southbound NW 43rd Street @ NW 33rd Court,29.684033,-82.389073,14,43,none,12001001701,17.254556143445033,28.263455248290214,38.57671780056424,41.18475341796875,36,2026-06-02;2026-06-03;2026-06-10;2026-06-11;2026-06-18;2026-06-19;2026-06-26;2026-06-27;2026-07-05;2026-07-12;2026-07-13;2026-07-20;2026-07-21;2026-07-28;2026-07-29;2026-08-05;2026-08-06;2026-08-13;2026-08-14;2026-08-21;2026-08-22;2026-08-29;2026-08-30;2026-09-06;2026-09-15,,101.43809204101562,0.5737100737100738,1.5,0.8410960877983454,1.960135339079691,322
313,Lana's Place,29.632589,-82.288082,14,7,unknown,12001000700,12.61942675159236,21.483491632745363,40.12547433035714,42.51779174804688,35,2026-06-02;2026-06-03;2026-06-10;2026-06-11;2026-06-18;2026-06-19;2026-06-26;2026-06-27;2026-07-05;2026-07-12;2026-07-13;2026-07-20;2026-07-21;2026-07-28;2026-07-29;2026-08-05;2026-08-06;2026-08-13;2026-08-14;2026-08-21;2026-08-22;2026-08-29;2026-08-30;2026-09-06;2026-09-15,,104.22585379464286,0.7727272727272727,1.25,0.7472232024740616,1.954534377464661,323
216,Gainesville Police Department,29.659244,-82.330767,23,"6,55",unknown,12001000201,21.14384748700173,1.9492808478425436,38.35439046223959,40.46185302734375,21,2026-06-02;2026-06-03;2026-06-10;2026-06-11;2026-06-18;2026-06-19;2026-06-26;2026-06-27;2026-07-05;2026-07-12;2026-07-13;2026-07-20;2026-07-21;2026-07-28;2026-07-29;2026-08-05;2026-08-06;2026-08-13;2026-08-14;2026-08-21;2026-08-22;2026-08-29;2026-08-30;2026-09-06;2026-09-15,,101.03790283203128,0.5331695331695332,1.25,0.9198638997451218,1.948319431285261,324
972,Laurels Apartments,29.611504,-82.371563,43,12,none,12001001517,11.43627262225645,5.445716267776621,37.96781529017857,43.28854370117188,35,2026-06-02;2026-06-03;2026-06-10;2026-06-11;2026-06-18;2026-06-19;2026-06-26;2026-06-27;2026-07-05;2026-07-12;2026-07-13;2026-07-20;2026-07-21;2026-07-28;2026-07-29;2026-08-05;2026-08-06;2026-08-13;2026-08-14;2026-08-21;2026-08-22;2026-08-29;2026-08-30;2026-09-06;2026-09-15,,100.34206752232143,0.47297297297297297,1.5,0.723261392022917,1.94176092933901,325
206,AT&T Building,29.651934,-82.328047,40,"5,10",none,12001000500,10.72961373390558,13.34805299076676,38.09220504760742,38.85366821289063,32,2026-06-02;2026-06-03;2026-06-10;2026-06-11;2026-06-18;2026-06-19;2026-06-26;2026-06-27;2026-07-05;2026-07-12;2026-07-13;2026-07-20;2026-07-21;2026-07-28;2026-07-29;2026-08-05;2026-08-06;2026-08-13;2026-08-14;2026-08-21;2026-08-22;2026-08-29;2026-08-30;2026-09-06;2026-09-15,,100.56596908569335,0.49017199017199015,1.5,0.7089497939678231,1.9357402785226623,326
237,Sandy's Boutique,29.691988,-82.339157,14,6,none,12001001203,5.620753551575047,12.678288431061809,40.25227399553572,42.61007690429688,35,2026-06-02;2026-06-03;2026-06-10;2026-06-11;2026-06-18;2026-06-19;2026-06-26;2026-06-27;2026-07-05;2026-07-12;2026-07-13;2026-07-20;2026-07-21;2026-07-28;2026-07-29;2026-08-05;2026-08-06;2026-08-13;2026-08-14;2026-08-21;2026-08-22;2026-08-29;2026-08-30;2026-09-06;2026-09-15,,104.45409319196429,0.7862407862407862,1.5,0.6054826832380354,1.933771992656512,327
64,Sugarhill Neighborhood @ SE 4th Street,29.634003,-82.316071,14,7,unknown,12001000700,12.61942675159236,21.483491632745363,40.04827008928572,42.42037963867188,35,2026-06-02;2026-06-03;2026-06-10;2026-06-11;2026-06-18;2026-06-19;2026-06-26;2026-06-27;2026-07-05;2026-07-12;2026-07-13;2026-07-20;2026-07-21;2026-07-28;2026-07-29;2026-08-05;2026-08-06;2026-08-13;2026-08-14;2026-08-21;2026-08-22;2026-08-29;2026-08-30;2026-09-06;2026-09-15,,104.0868861607143,0.7641277641277642,1.25,0.7472232024740616,1.9327828025167242,328
1082,Sparrow Apartments,29.645945,-82.422326,27,75,none,12001002217,15.908324907313784,7.102560393461594,37.979271782769096,44.29684448242188,36,2026-06-02;2026-06-03;2026-06-10;2026-06-11;2026-06-18;2026-06-19;2026-06-26;2026-06-27;2026-07-05;2026-07-12;2026-07-13;2026-07-20;2026-07-21;2026-07-28;2026-07-29;2026-08-05;2026-08-06;2026-08-13;2026-08-14;2026-08-21;2026-08-22;2026-08-29;2026-08-30;2026-09-06;2026-09-15,,100.36268920898438,0.4742014742014742,1.5,0.8138315607990667,1.9289471760500934,329
1330,Alachua County Jail (Westbound),29.680186,-82.27963,13,26,none,12001001902,16.82586333578251,25.576208178438662,38.62886439732143,40.31829833984375,35,2026-06-02;2026-06-03;2026-06-10;2026-06-11;2026-06-18;2026-06-19;2026-06-26;2026-06-27;2026-07-05;2026-07-12;2026-07-13;2026-07-20;2026-07-21;2026-07-28;2026-07-29;2026-08-05;2026-08-06;2026-08-13;2026-08-14;2026-08-21;2026-08-22;2026-08-29;2026-08-30;2026-09-06;2026-09-15,,101.53195591517857,0.5847665847665847,1.5,0.8324139934335614,1.9269125441776849,330
635,BLVD Gainesville,29.617592,-82.377741,54,37,unknown,12001001519,12.811791383219957,0.7092198581560284,38.201028262867645,40.106353759765625,34,2026-06-02;2026-06-03;2026-06-10;2026-06-11;2026-06-18;2026-06-19;2026-06-26;2026-06-27;2026-07-05;2026-07-12;2026-07-13;2026-07-20;2026-07-21;2026-07-28;2026-07-29;2026-08-05;2026-08-06;2026-08-13;2026-08-14;2026-08-21;2026-08-22;2026-08-29;2026-08-30;2026-09-06;2026-09-15,,100.76185087316176,0.5110565110565111,1.25,0.7511190641595986,1.9228401265001336,331
706,Wash King,29.667191,-82.321744,23,15,unknown,12001000400,18.24006834686032,13.6077655941039,38.53589215959821,39.446685791015625,35,2026-06-02;2026-06-03;2026-06-10;2026-06-11;2026-06-18;2026-06-19;2026-06-26;2026-06-27;2026-07-05;2026-07-12;2026-07-13;2026-07-20;2026-07-21;2026-07-28;2026-07-29;2026-08-05;2026-08-06;2026-08-13;2026-08-14;2026-08-21;2026-08-22;2026-08-29;2026-08-30;2026-09-06;2026-09-15,,101.36460588727678,0.5614250614250614,1.25,0.8610551582440376,1.9204103151348777,332
179,Eastbound W Newberry Rd @ NW 53rd Terrace,29.659006,-82.39996,20,5,none,12001001605,5.992043759323719,8.548422678138099,39.37989637586806,41.04119873046875,36,2026-06-02;2026-06-03;2026-06-10;2026-06-11;2026-06-18;2026-06-19;2026-06-26;2026-06-27;2026-07-05;2026-07-12;2026-07-13;2026-07-20;2026-07-21;2026-07-28;2026-07-29;2026-08-05;2026-08-06;2026-08-13;2026-08-14;2026-08-21;2026-08-22;2026-08-29;2026-08-30;2026-09-06;2026-09-15,,102.8838134765625,0.6855036855036855,1.5,0.6130022323482037,1.91903231632063,333
349,Westbound E University Avenue @ NE 16th Street,29.652024,-82.304293,14,7,unknown,12001000600,20.242214532871973,17.217034843999087,38.84547334558823,40.38836669921875,34,2026-06-02;2026-06-03;2026-06-10;2026-06-11;2026-06-18;2026-06-19;2026-06-26;2026-06-27;2026-07-05;2026-07-12;2026-07-13;2026-07-20;2026-07-21;2026-07-28;2026-07-29;2026-08-05;2026-08-06;2026-08-13;2026-08-14;2026-08-21;2026-08-22;2026-08-29;2026-08-30;2026-09-06;2026-09-15,,101.92185202205881,0.6228501228501229,1.25,0.901603592480261,1.9009290686345783,334
243,Verizon Shop,29.677474,-82.339253,14,6,unknown,12001001203,5.620753551575047,12.678288431061809,42.17860412597656,43.18258666992188,32,2026-06-02;2026-06-03;2026-06-10;2026-06-11;2026-06-18;2026-06-19;2026-06-26;2026-06-27;2026-07-05;2026-07-12;2026-07-13;2026-07-20;2026-07-21;2026-07-28;2026-07-29;2026-08-05;2026-08-06;2026-08-13;2026-08-14;2026-08-21;2026-08-22;2026-08-29;2026-08-30;2026-09-06;2026-09-15,,107.9214874267578,0.9238329238329238,1.25,0.6054826832380354,1.8934850761428348,335
455,Casablanca East Apartments,29.619771,-82.361514,146,"9,12,37",unknown,12001001516,8.51472471190781,5.001866368047779,37.82982700892857,42.03756713867188,35,2026-06-02;2026-06-03;2026-06-10;2026-06-11;2026-06-18;2026-06-19;2026-06-26;2026-06-27;2026-07-05;2026-07-12;2026-07-13;2026-07-20;2026-07-21;2026-07-28;2026-07-29;2026-08-05;2026-08-06;2026-08-13;2026-08-14;2026-08-21;2026-08-22;2026-08-29;2026-08-30;2026-09-06;2026-09-15,,100.09368861607143,0.457002457002457,1.25,0.6640927887818456,1.893195683794209,336
115,Williams Elementary School,29.64584,-82.309492,14,3,unknown,12001000700,12.61942675159236,21.483491632745363,39.87854942908654,42.29049682617188,13,2026-06-02;2026-06-03;2026-06-10;2026-06-11;2026-06-18;2026-06-19;2026-06-26;2026-06-27;2026-07-05;2026-07-12;2026-07-13;2026-07-20;2026-07-21;2026-07-28;2026-07-29;2026-08-05;2026-08-06;2026-08-13;2026-08-14;2026-08-21;2026-08-22;2026-08-29;2026-08-30;2026-09-06;2026-09-15,,103.78138897235577,0.7457002457002457,1.25,0.7472232024740616,1.886172284771144,337
835,Kensington Apartments South,29.633958,-82.381892,102,"20,21,52",none,12001001522,15.617875056999544,3.28125,36.73380998883928,40.31488037109375,35,2026-06-02;2026-06-03;2026-06-10;2026-06-11;2026-06-18;2026-06-19;2026-06-26;2026-06-27;2026-07-05;2026-07-12;2026-07-13;2026-07-20;2026-07-21;2026-07-28;2026-07-29;2026-08-05;2026-08-06;2026-08-13;2026-08-14;2026-08-21;2026-08-22;2026-08-29;2026-08-30;2026-09-06;2026-09-15,,98.12085797991071,0.33415233415233414,1.5,0.8079492297601685,1.8769131353862427,338
152,Hillel at the University of Florida,29.652178,-82.350208,14,43,unknown,12001001000,6.52607580507267,9.155578975102095,41.57978515625,43.60643005371094,35,2026-06-02;2026-06-03;2026-06-10;2026-06-11;2026-06-18;2026-06-19;2026-06-26;2026-06-27;2026-07-05;2026-07-12;2026-07-13;2026-07-20;2026-07-21;2026-07-28;2026-07-29;2026-08-05;2026-08-06;2026-08-13;2026-08-14;2026-08-21;2026-08-22;2026-08-29;2026-08-30;2026-09-06;2026-09-15,,106.84361328125,0.8882063882063882,1.25,0.6238177079804916,1.8755917553485564,339
710,Pointe 23 Apartments,29.673785,-82.317586,23,15,unknown,12001000400,18.24006834686032,13.6077655941039,38.458203125,40.37298583984375,35,2026-06-02;2026-06-03;2026-06-10;2026-06-11;2026-06-18;2026-06-19;2026-06-26;2026-06-27;2026-07-05;2026-07-12;2026-07-13;2026-07-20;2026-07-21;2026-07-28;2026-07-29;2026-08-05;2026-08-06;2026-08-13;2026-08-14;2026-08-21;2026-08-22;2026-08-29;2026-08-30;2026-09-06;2026-09-15,,101.224765625,0.547911547911548,1.25,0.8610551582440376,1.8741859968274734,340
1495,Passage Family Church,29.671629,-82.305909,13,26,unknown,12001000400,18.24006834686032,13.6077655941039,39.09273158482143,39.87736511230469,35,2026-06-02;2026-06-03;2026-06-10;2026-06-11;2026-06-18;2026-06-19;2026-06-26;2026-06-27;2026-07-05;2026-07-12;2026-07-13;2026-07-20;2026-07-21;2026-07-28;2026-07-29;2026-08-05;2026-08-06;2026-08-13;2026-08-14;2026-08-21;2026-08-22;2026-08-29;2026-08-30;2026-09-06;2026-09-15,,102.36691685267857,0.6597051597051597,1.25,0.8610551582440376,1.8738710051696164,341
998,Springhill Professional Center,29.687955,-82.430373,23,"43,55",unknown,12001001701,17.254556143445033,28.263455248290214,38.53217629825368,41.36422729492188,34,2026-06-02;2026-06-03;2026-06-10;2026-06-11;2026-06-18;2026-06-19;2026-06-26;2026-06-27;2026-07-05;2026-07-12;2026-07-13;2026-07-20;2026-07-21;2026-07-28;2026-07-29;2026-08-05;2026-08-06;2026-08-13;2026-08-14;2026-08-21;2026-08-22;2026-08-29;2026-08-30;2026-09-06;2026-09-15,,101.35791733685662,0.5601965601965602,1.25,0.8410960877983454,1.8717908191712236,342
1593,Social Security NB NW 13th St,29.696835,-82.338851,14,6,unknown,12001000302,11.592076302274394,26.838966202783297,39.993724149816174,42.59469604492188,34,2026-06-02;2026-06-03;2026-06-10;2026-06-11;2026-06-18;2026-06-19;2026-06-26;2026-06-27;2026-07-05;2026-07-12;2026-07-13;2026-07-20;2026-07-21;2026-07-28;2026-07-29;2026-08-05;2026-08-06;2026-08-13;2026-08-14;2026-08-21;2026-08-22;2026-08-29;2026-08-30;2026-09-06;2026-09-15,,103.9887034696691,0.7604422604422605,1.25,0.7264168036092977,1.8699020161390905,343
133,Gainesville Housing Authority,29.633971,-82.315961,14,7,unknown,12001000700,12.61942675159236,21.483491632745363,39.7783447265625,42.19821166992188,35,2026-06-02;2026-06-03;2026-06-10;2026-06-11;2026-06-18;2026-06-19;2026-06-26;2026-06-27;2026-07-05;2026-07-12;2026-07-13;2026-07-20;2026-07-21;2026-07-28;2026-07-29;2026-08-05;2026-08-06;2026-08-13;2026-08-14;2026-08-21;2026-08-22;2026-08-29;2026-08-30;2026-09-06;2026-09-15,,103.6010205078125,0.7358722358722358,1.25,0.7472232024740616,1.8613133419735008,344
1303,O2B Kids @ SW 37th BLVD,29.617791,-82.377778,52,37,unknown,12001001519,12.811791383219957,0.7092198581560284,38.10613632202149,39.69790649414063,32,2026-06-02;2026-06-03;2026-06-10;2026-06-11;2026-06-18;2026-06-19;2026-06-26;2026-06-27;2026-07-05;2026-07-12;2026-07-13;2026-07-20;2026-07-21;2026-07-28;2026-07-29;2026-08-05;2026-08-06;2026-08-13;2026-08-14;2026-08-21;2026-08-22;2026-08-29;2026-08-30;2026-09-06;2026-09-15,,100.59104537963869,0.4963144963144963,1.25,0.7511190641595986,1.8501127555363444,345
1453,St. Patrick Catholic Church,29.666624,-82.319375,14,3,none,12001000400,18.24006834686032,13.6077655941039,38.3158203125,41.04119873046875,35,2026-06-02;2026-06-03;2026-06-10;2026-06-11;2026-06-18;2026-06-19;2026-06-26;2026-06-27;2026-07-05;2026-07-12;2026-07-13;2026-07-20;2026-07-21;2026-07-28;2026-07-29;2026-08-05;2026-08-06;2026-08-13;2026-08-14;2026-08-21;2026-08-22;2026-08-29;2026-08-30;2026-09-06;2026-09-15,,100.9684765625,0.527027027027027,1.5,0.8610551582440376,1.843367091552802,346
578,Southbound NE 25th Street @ NE 8th Avenue,29.658841,-82.292389,17,11,unknown,12001000600,20.242214532871973,17.217034843999087,38.54096943623311,40.76947021484375,37,2026-06-02;2026-06-03;2026-06-10;2026-06-11;2026-06-18;2026-06-19;2026-06-26;2026-06-27;2026-07-05;2026-07-12;2026-07-13;2026-07-20;2026-07-21;2026-07-28;2026-07-29;2026-08-05;2026-08-06;2026-08-13;2026-08-14;2026-08-21;2026-08-22;2026-08-29;2026-08-30;2026-09-06;2026-09-15,,101.3737449852196,0.5638820638820639,1.25,0.901603592480261,1.836824367751697,347
338,Durelle Heights Neighborhood,29.634861,-82.289182,14,7,unknown,12001000700,12.61942675159236,21.483491632745363,39.66372680664063,40.003814697265625,2,2026-06-02;2026-06-03;2026-06-10;2026-06-11;2026-06-18;2026-06-19;2026-06-26;2026-06-27;2026-07-05;2026-07-12;2026-07-13;2026-07-20;2026-07-21;2026-07-28;2026-07-29;2026-08-05;2026-08-06;2026-08-13;2026-08-14;2026-08-21;2026-08-22;2026-08-29;2026-08-30;2026-09-06;2026-09-15,,103.39470825195313,0.7248157248157249,1.25,0.7472232024740616,1.8333470313261528,348
569,Duval Elementary School,29.65918,-82.298217,17,11,unknown,12001000600,20.242214532871973,17.217034843999087,38.537161690848215,42.56051635742188,35,2026-06-02;2026-06-03;2026-06-10;2026-06-11;2026-06-18;2026-06-19;2026-06-26;2026-06-27;2026-07-05;2026-07-12;2026-07-13;2026-07-20;2026-07-21;2026-07-28;2026-07-29;2026-08-05;2026-08-06;2026-08-13;2026-08-14;2026-08-21;2026-08-22;2026-08-29;2026-08-30;2026-09-06;2026-09-15,,101.36689104352679,0.5626535626535627,1.25,0.901603592480261,1.8328225717435236,349
949,Lexington Crossing Apartments,29.616983,-82.362634,43,12,none,12001001517,11.43627262225645,5.445716267776621,37.70916069878472,41.20355224609375,36,2026-06-02;2026-06-03;2026-06-10;2026-06-11;2026-06-18;2026-06-19;2026-06-26;2026-06-27;2026-07-05;2026-07-12;2026-07-13;2026-07-20;2026-07-21;2026-07-28;2026-07-29;2026-08-05;2026-08-06;2026-08-13;2026-08-14;2026-08-21;2026-08-22;2026-08-29;2026-08-30;2026-09-06;2026-09-15,,99.8764892578125,0.44471744471744473,1.5,0.723261392022917,1.8257596270668095,350
312,Durelle Heights Neighborhood,29.634589,-82.289253,14,7,unknown,12001000700,12.61942675159236,21.483491632745363,39.66202290852865,40.75921630859375,6,2026-06-02;2026-06-03;2026-06-10;2026-06-11;2026-06-18;2026-06-19;2026-06-26;2026-06-27;2026-07-05;2026-07-12;2026-07-13;2026-07-20;2026-07-21;2026-07-28;2026-07-29;2026-08-05;2026-08-06;2026-08-13;2026-08-14;2026-08-21;2026-08-22;2026-08-29;2026-08-30;2026-09-06;2026-09-15,,103.39164123535156,0.7211302211302212,1.25,0.7472232024740616,1.824024927777037,351
1057,Linton Oaks Neighborhood @ SW 61st Street,29.643187,-82.40819,27,75,unknown,12001002217,15.908324907313784,7.102560393461594,38.37428283691406,40.079010009765625,8,2026-06-02;2026-06-03;2026-06-10;2026-06-11;2026-06-18;2026-06-19;2026-06-26;2026-06-27;2026-07-05;2026-07-12;2026-07-13;2026-07-20;2026-07-21;2026-07-28;2026-07-29;2026-08-05;2026-08-06;2026-08-13;2026-08-14;2026-08-21;2026-08-22;2026-08-29;2026-08-30;2026-09-06;2026-09-15,,101.0737091064453,0.5368550368550369,1.25,0.8138315607990667,1.8198400603063276,352
142,Seagle Building,29.652076,-82.328427,40,"5,10",none,12001000500,10.72961373390558,13.34805299076676,37.836474609375,38.85366821289063,35,2026-06-02;2026-06-03;2026-06-10;2026-06-11;2026-06-18;2026-06-19;2026-06-26;2026-06-27;2026-07-05;2026-07-12;2026-07-13;2026-07-20;2026-07-21;2026-07-28;2026-07-29;2026-08-05;2026-08-06;2026-08-13;2026-08-14;2026-08-21;2026-08-22;2026-08-29;2026-08-30;2026-09-06;2026-09-15,,100.105654296875,0.4582309582309582,1.5,0.7089497939678231,1.809601814258028,353
1041,Bank of America @ Tower Square on Archer Road,29.600454,-82.418626,27,75,none,12001002219,16.47440519105984,14.393255043661547,37.651495856207774,40.69427490234375,37,2026-06-02;2026-06-03;2026-06-10;2026-06-11;2026-06-18;2026-06-19;2026-06-26;2026-06-27;2026-07-05;2026-07-12;2026-07-13;2026-07-20;2026-07-21;2026-07-28;2026-07-29;2026-08-05;2026-08-06;2026-08-13;2026-08-14;2026-08-21;2026-08-22;2026-08-29;2026-08-30;2026-09-06;2026-09-15,,99.772692541174,0.43734643734643736,1.5,0.8252960928688374,1.8040903731964772,354
384,Girls Place of Alachua County,29.68863,-82.351327,25,"8,55",none,12001001203,5.620753551575047,12.678288431061809,38.75704048775338,39.911529541015625,37,2026-06-02;2026-06-03;2026-06-10;2026-06-11;2026-06-18;2026-06-19;2026-06-26;2026-06-27;2026-07-05;2026-07-12;2026-07-13;2026-07-20;2026-07-21;2026-07-28;2026-07-29;2026-08-05;2026-08-06;2026-08-13;2026-08-14;2026-08-21;2026-08-22;2026-08-29;2026-08-30;2026-09-06;2026-09-15,,101.76267287795608,0.6093366093366094,1.5,0.6054826832380354,1.8030767191189339,355
703,US Post Office @ Main St,29.6640224,-82.3244543,23,15,none,12001000301,14.08811475409836,9.192399049881235,38.080773247612846,41.40182495117188,36,2026-06-02;2026-06-03;2026-06-10;2026-06-11;2026-06-18;2026-06-19;2026-06-26;2026-06-27;2026-07-05;2026-07-12;2026-07-13;2026-07-20;2026-07-21;2026-07-28;2026-07-29;2026-08-05;2026-08-06;2026-08-13;2026-08-14;2026-08-21;2026-08-22;2026-08-29;2026-08-30;2026-09-06;2026-09-15,,100.54539184570312,0.4864864864864865,1.5,0.7769677832140807,1.8018818072030391,356
545,NW 16th Ave @ NW 17th St,29.666583,-82.344558,20,10,unknown,12001001000,6.52607580507267,9.155578975102095,39.9819091796875,41.85641479492188,35,2026-06-02;2026-06-03;2026-06-10;2026-06-11;2026-06-18;2026-06-19;2026-06-26;2026-06-27;2026-07-05;2026-07-12;2026-07-13;2026-07-20;2026-07-21;2026-07-28;2026-07-29;2026-08-05;2026-08-06;2026-08-13;2026-08-14;2026-08-21;2026-08-22;2026-08-29;2026-08-30;2026-09-06;2026-09-15,,103.9674365234375,0.757985257985258,1.25,0.6238177079804916,1.7994825929828184,357
496,Forest Ridge Neighborhood,29.666822,-82.352564,20,10,none,12001001100,7.312925170068027,27.624720774385704,38.76978236607143,39.96109008789063,35,2026-06-02;2026-06-03;2026-06-10;2026-06-11;2026-06-18;2026-06-19;2026-06-26;2026-06-27;2026-07-05;2026-07-12;2026-07-13;2026-07-20;2026-07-21;2026-07-28;2026-07-29;2026-08-05;2026-08-06;2026-08-13;2026-08-14;2026-08-21;2026-08-22;2026-08-29;2026-08-30;2026-09-06;2026-09-15,,101.78560825892858,0.6142506142506142,1.5,0.6397533624063481,1.7946039310090274,358
1551,Social Security Administration,29.696799,-82.339162,14,6,none,12001001203,5.620753551575047,12.678288431061809,39.698353794642856,42.23239135742188,35,2026-06-02;2026-06-03;2026-06-10;2026-06-11;2026-06-18;2026-06-19;2026-06-26;2026-06-27;2026-07-05;2026-07-12;2026-07-13;2026-07-20;2026-07-21;2026-07-28;2026-07-29;2026-08-05;2026-08-06;2026-08-13;2026-08-14;2026-08-21;2026-08-22;2026-08-29;2026-08-30;2026-09-06;2026-09-15,,103.45703683035714,0.7272727272727273,1.5,0.6054826832380354,1.788739093207274,359
177,Durant Estate,29.659434,-82.403171,20,5,none,12001001605,5.992043759323719,8.548422678138099,39.00684291294643,40.22770690917969,35,2026-06-02;2026-06-03;2026-06-10;2026-06-11;2026-06-18;2026-06-19;2026-06-26;2026-06-27;2026-07-05;2026-07-12;2026-07-13;2026-07-20;2026-07-21;2026-07-28;2026-07-29;2026-08-05;2026-08-06;2026-08-13;2026-08-14;2026-08-21;2026-08-22;2026-08-29;2026-08-30;2026-09-06;2026-09-15,,102.21231724330357,0.6388206388206388,1.5,0.6130022323482037,1.788345527753992,360
309,Alachua County Sheriff's Office,29.64283,-82.289449,14,7,unknown,12001000700,12.61942675159236,21.483491632745363,39.53292759486608,45.185546875,35,2026-06-02;2026-06-03;2026-06-10;2026-06-11;2026-06-18;2026-06-19;2026-06-26;2026-06-27;2026-07-05;2026-07-12;2026-07-13;2026-07-20;2026-07-21;2026-07-28;2026-07-29;2026-08-05;2026-08-06;2026-08-13;2026-08-14;2026-08-21;2026-08-22;2026-08-29;2026-08-30;2026-09-06;2026-09-15,,103.15926967075895,0.7063882063882064,1.25,0.7472232024740616,1.786736513580573,361
1304,Seacoast Bank @ Archer Road,29.619763,-82.379447,52,37,unknown,12001001519,12.811791383219957,0.7092198581560284,37.99702962239584,41.82223510742188,36,2026-06-02;2026-06-03;2026-06-10;2026-06-11;2026-06-18;2026-06-19;2026-06-26;2026-06-27;2026-07-05;2026-07-12;2026-07-13;2026-07-20;2026-07-21;2026-07-28;2026-07-29;2026-08-05;2026-08-06;2026-08-13;2026-08-14;2026-08-21;2026-08-22;2026-08-29;2026-08-30;2026-09-06;2026-09-15,,100.39465332031253,0.47788697788697787,1.25,0.7511190641595986,1.7814204502565296,362
239,Publix @ NW 39th Avenue,29.687499,-82.339152,14,6,unknown,12001001203,5.620753551575047,12.678288431061809,41.28201832490809,42.42208862304688,34,2026-06-02;2026-06-03;2026-06-10;2026-06-11;2026-06-18;2026-06-19;2026-06-26;2026-06-27;2026-07-05;2026-07-12;2026-07-13;2026-07-20;2026-07-21;2026-07-28;2026-07-29;2026-08-05;2026-08-06;2026-08-13;2026-08-14;2026-08-21;2026-08-22;2026-08-29;2026-08-30;2026-09-06;2026-09-15,,106.30763298483456,0.8685503685503686,1.25,0.6054826832380354,1.7801781234481175,363
260,Auto Zone @ NW 13th Street,29.689456,-82.338859,14,6,unknown,12001000302,11.592076302274394,26.838966202783297,39.66278435202206,41.99824523925781,34,2026-06-02;2026-06-03;2026-06-10;2026-06-11;2026-06-18;2026-06-19;2026-06-26;2026-06-27;2026-07-05;2026-07-12;2026-07-13;2026-07-20;2026-07-21;2026-07-28;2026-07-29;2026-08-05;2026-08-06;2026-08-13;2026-08-14;2026-08-21;2026-08-22;2026-08-29;2026-08-30;2026-09-06;2026-09-15,,103.3930118336397,0.7235872235872236,1.25,0.7264168036092977,1.7792767164877612,364
194,Eastbound SW 2nd Avenue @ SW 26th Street,29.650347,-82.361278,20,5,none,12001000901,49.78902953586498,0.0,36.05821010044643,37.27455139160156,35,2026-06-02;2026-06-03;2026-06-10;2026-06-11;2026-06-18;2026-06-19;2026-06-26;2026-06-27;2026-07-05;2026-07-12;2026-07-13;2026-07-20;2026-07-21;2026-07-28;2026-07-29;2026-08-05;2026-08-06;2026-08-13;2026-08-14;2026-08-21;2026-08-22;2026-08-29;2026-08-30;2026-09-06;2026-09-15,,96.90477818080358,0.2592137592137592,1.5,1.5,1.7756597387090847,365
730,Southbound NW 6th Street @ NW 32nd Place,29.68268,-82.330833,32,"15,55",unknown,12001000302,11.592076302274394,26.838966202783297,38.49663947610294,39.92863464355469,34,2026-06-02;2026-06-03;2026-06-10;2026-06-11;2026-06-18;2026-06-19;2026-06-26;2026-06-27;2026-07-05;2026-07-12;2026-07-13;2026-07-20;2026-07-21;2026-07-28;2026-07-29;2026-08-05;2026-08-06;2026-08-13;2026-08-14;2026-08-21;2026-08-22;2026-08-29;2026-08-30;2026-09-06;2026-09-15,,101.29395105698529,0.5577395577395577,1.25,0.7264168036092977,1.7707686092670212,366
225,Northbound NW 6th Street @ NW 26th Avenue,29.6764714,-82.3306776,9,55,none,12001000302,11.592076302274394,26.838966202783297,39.50226353236607,42.62203979492188,35,2026-06-02;2026-06-03;2026-06-10;2026-06-11;2026-06-18;2026-06-19;2026-06-26;2026-06-27;2026-07-05;2026-07-12;2026-07-13;2026-07-20;2026-07-21;2026-07-28;2026-07-29;2026-08-05;2026-08-06;2026-08-13;2026-08-14;2026-08-21;2026-08-22;2026-08-29;2026-08-30;2026-09-06;2026-09-15,,103.10407435825894,0.7039312039312039,1.5,0.7264168036092977,1.7661315412515302,367
241,Grace Presbyterian Church,29.681354,-82.339209,14,6,none,12001001203,5.620753551575047,12.678288431061809,39.649498833550346,42.08541870117188,36,2026-06-02;2026-06-03;2026-06-10;2026-06-11;2026-06-18;2026-06-19;2026-06-26;2026-06-27;2026-07-05;2026-07-12;2026-07-13;2026-07-20;2026-07-21;2026-07-28;2026-07-29;2026-08-05;2026-08-06;2026-08-13;2026-08-14;2026-08-21;2026-08-22;2026-08-29;2026-08-30;2026-09-06;2026-09-15,,103.36909790039063,0.7162162162162162,1.5,0.6054826832380354,1.7615454245605415,368
561,Eastbound NE 8th Avenue @ NE 11th Street,29.659281,-82.311524,17,11,unknown,12001000500,10.72961373390558,13.34805299076676,39.37037527901786,41.69577026367188,35,2026-06-02;2026-06-03;2026-06-10;2026-06-11;2026-06-18;2026-06-19;2026-06-26;2026-06-27;2026-07-05;2026-07-12;2026-07-13;2026-07-20;2026-07-21;2026-07-28;2026-07-29;2026-08-05;2026-08-06;2026-08-13;2026-08-14;2026-08-21;2026-08-22;2026-08-29;2026-08-30;2026-09-06;2026-09-15,,102.86667550223214,0.683046683046683,1.25,0.7089497939678231,1.7495629990962849,369
385,Sonic Drive In,29.688627,-82.354962,25,"8,55",none,12001001202,0.5906123717749456,16.054477919933966,39.50532023111979,41.08392333984375,36,2026-06-02;2026-06-03;2026-06-10;2026-06-11;2026-06-18;2026-06-19;2026-06-26;2026-06-27;2026-07-05;2026-07-12;2026-07-13;2026-07-20;2026-07-21;2026-07-28;2026-07-29;2026-08-05;2026-08-06;2026-08-13;2026-08-14;2026-08-21;2026-08-22;2026-08-29;2026-08-30;2026-09-06;2026-09-15,,103.10957641601563,0.7051597051597052,1.5,0.5036098278725899,1.7355490479155353,370
619,Bartley Temple United Methodist Church,29.659676,-82.299812,44,"3,11,26",unknown,12001000600,20.242214532871973,17.217034843999087,37.35667898995536,39.012603759765625,35,2026-06-02;2026-06-03;2026-06-10;2026-06-11;2026-06-18;2026-06-19;2026-06-26;2026-06-27;2026-07-05;2026-07-12;2026-07-13;2026-07-20;2026-07-21;2026-07-28;2026-07-29;2026-08-05;2026-08-06;2026-08-13;2026-08-14;2026-08-21;2026-08-22;2026-08-29;2026-08-30;2026-09-06;2026-09-15,,99.24202218191965,0.40417690417690416,1.25,0.901603592480261,1.7339697321084135,371
984,Millhopper Plaza,29.67246,-82.388864,14,43,unknown,12001001702,5.506141465480729,33.90179910044978,40.96258544921875,43.18772888183594,36,2026-06-02;2026-06-03;2026-06-10;2026-06-11;2026-06-18;2026-06-19;2026-06-26;2026-06-27;2026-07-05;2026-07-12;2026-07-13;2026-07-20;2026-07-21;2026-07-28;2026-07-29;2026-08-05;2026-08-06;2026-08-13;2026-08-14;2026-08-21;2026-08-22;2026-08-29;2026-08-30;2026-09-06;2026-09-15,,105.73265380859375,0.8476658476658476,1.25,0.6031615037616609,1.730712877419572,372
345,Harper's Pointe,29.652024,-82.295187,14,7,unknown,12001000600,20.242214532871973,17.217034843999087,38.54765625,40.91644287109375,35,2026-06-02;2026-06-03;2026-06-10;2026-06-11;2026-06-18;2026-06-19;2026-06-26;2026-06-27;2026-07-05;2026-07-12;2026-07-13;2026-07-20;2026-07-21;2026-07-28;2026-07-29;2026-08-05;2026-08-06;2026-08-13;2026-08-14;2026-08-21;2026-08-22;2026-08-29;2026-08-30;2026-09-06;2026-09-15,,101.38578125000001,0.5663390663390664,1.25,0.901603592480261,1.728458186667733,373
1391,Metrocorp Center,29.688541,-82.386885,9,55,none,12001001100,7.312925170068027,27.624720774385704,40.19802594866072,42.97409057617188,35,2026-06-02;2026-06-03;2026-06-10;2026-06-11;2026-06-18;2026-06-19;2026-06-26;2026-06-27;2026-07-05;2026-07-12;2026-07-13;2026-07-20;2026-07-21;2026-07-28;2026-07-29;2026-08-05;2026-08-06;2026-08-13;2026-08-14;2026-08-21;2026-08-22;2026-08-29;2026-08-30;2026-09-06;2026-09-15,,104.3564467075893,0.7813267813267813,1.5,0.6397533624063481,1.7264429655013138,374
728,Stephen Foster Elementary School,29.687605,-82.330845,32,"15,55",unknown,12001000302,11.592076302274394,26.838966202783297,38.41388617621528,40.57122802734375,36,2026-06-02;2026-06-03;2026-06-10;2026-06-11;2026-06-18;2026-06-19;2026-06-26;2026-06-27;2026-07-05;2026-07-12;2026-07-13;2026-07-20;2026-07-21;2026-07-28;2026-07-29;2026-08-05;2026-08-06;2026-08-13;2026-08-14;2026-08-21;2026-08-22;2026-08-29;2026-08-30;2026-09-06;2026-09-15,,101.1449951171875,0.542997542997543,1.25,0.7264168036092977,1.7239641526344127,375
950,Lexington Crossing Apartments,29.615368,-82.362445,43,12,none,12001001517,11.43627262225645,5.445716267776621,37.452834670608105,41.96577453613281,37,2026-06-02;2026-06-03;2026-06-10;2026-06-11;2026-06-18;2026-06-19;2026-06-26;2026-06-27;2026-07-05;2026-07-12;2026-07-13;2026-07-20;2026-07-21;2026-07-28;2026-07-29;2026-08-05;2026-08-06;2026-08-13;2026-08-14;2026-08-21;2026-08-22;2026-08-29;2026-08-30;2026-09-06;2026-09-15,,99.4151024070946,0.4189189189189189,1.5,0.723261392022917,1.719845394557409,376
755,Highland Court Manor Neighborhood @ NE 23rd Avenue,29.673917,-82.311155,23,15,unknown,12001000400,18.24006834686032,13.6077655941039,38.14227818080357,38.845123291015625,35,2026-06-02;2026-06-03;2026-06-10;2026-06-11;2026-06-18;2026-06-19;2026-06-26;2026-06-27;2026-07-05;2026-07-12;2026-07-13;2026-07-20;2026-07-21;2026-07-28;2026-07-29;2026-08-05;2026-08-06;2026-08-13;2026-08-14;2026-08-21;2026-08-22;2026-08-29;2026-08-30;2026-09-06;2026-09-15,,100.65610072544644,0.5024570024570024,1.25,0.8610551582440376,1.718704198884387,377
1380,Westbound NW 39th AVE @ NW 7th ST,29.688639,-82.332443,9,55,none,12001000302,11.592076302274394,26.838966202783297,39.37516043526786,40.89935302734375,35,2026-06-02;2026-06-03;2026-06-10;2026-06-11;2026-06-18;2026-06-19;2026-06-26;2026-06-27;2026-07-05;2026-07-12;2026-07-13;2026-07-20;2026-07-21;2026-07-28;2026-07-29;2026-08-05;2026-08-06;2026-08-13;2026-08-14;2026-08-21;2026-08-22;2026-08-29;2026-08-30;2026-09-06;2026-09-15,,102.87528878348215,0.6842751842751843,1.5,0.7264168036092977,1.7168154772724298,378
413,Northwood Oaks Neighborhood,29.704084,-82.362233,31,"6,8",none,12001001803,5.032119914346895,22.788033099936342,38.48510360717773,40.031158447265625,32,2026-06-02;2026-06-03;2026-06-10;2026-06-11;2026-06-18;2026-06-19;2026-06-26;2026-06-27;2026-07-05;2026-07-12;2026-07-13;2026-07-20;2026-07-21;2026-07-28;2026-07-29;2026-08-05;2026-08-06;2026-08-13;2026-08-14;2026-08-21;2026-08-22;2026-08-29;2026-08-30;2026-09-06;2026-09-15,,101.2731864929199,0.5540540540540541,1.5,0.5935613897305314,1.7096393467925057,379
307,Southeast Gator Liquor @ Hawthorne Road,29.644997,-82.293838,14,7,unknown,12001000700,12.61942675159236,21.483491632745363,39.30645577566964,42.12643432617188,35,2026-06-02;2026-06-03;2026-06-10;2026-06-11;2026-06-18;2026-06-19;2026-06-26;2026-06-27;2026-07-05;2026-07-12;2026-07-13;2026-07-20;2026-07-21;2026-07-28;2026-07-29;2026-08-05;2026-08-06;2026-08-13;2026-08-14;2026-08-21;2026-08-22;2026-08-29;2026-08-30;2026-09-06;2026-09-15,,102.75162039620535,0.6744471744471745,1.25,0.7472232024740616,1.705944949488234,380
785,Springhill Baptist Church,29.6332729,-82.3201121,24,17,unknown,12001000700,12.61942675159236,21.483491632745363,38.54364929199219,40.82757568359375,10,2026-06-02;2026-06-03;2026-06-10;2026-06-11;2026-06-18;2026-06-19;2026-06-26;2026-06-27;2026-07-05;2026-07-12;2026-07-13;2026-07-20;2026-07-21;2026-07-28;2026-07-29;2026-08-05;2026-08-06;2026-08-13;2026-08-14;2026-08-21;2026-08-22;2026-08-29;2026-08-30;2026-09-06;2026-09-15,,101.37856872558595,0.5651105651105651,1.25,0.7472232024740616,1.6990181250356304,381
1459,Kensington South @ 38th Terrace,29.633451,-82.3809735,90,"21,33",none,12001001522,15.617875056999544,3.28125,36.51759168836806,40.239654541015625,36,2026-06-02;2026-06-03;2026-06-10;2026-06-11;2026-06-18;2026-06-19;2026-06-26;2026-06-27;2026-07-05;2026-07-12;2026-07-13;2026-07-20;2026-07-21;2026-07-28;2026-07-29;2026-08-05;2026-08-06;2026-08-13;2026-08-14;2026-08-21;2026-08-22;2026-08-29;2026-08-30;2026-09-06;2026-09-15,,97.7316650390625,0.3095823095823096,1.5,0.8079492297601685,1.692430203113051,382
683,Meridian Behavioral Healthcare (Northbound),29.613107,-82.340904,60,13,none,12001002101,0.5649717514124294,30.800405268490376,38.43972685842803,39.805572509765625,33,2026-06-02;2026-06-03;2026-06-10;2026-06-11;2026-06-18;2026-06-19;2026-06-26;2026-06-27;2026-07-05;2026-07-12;2026-07-13;2026-07-20;2026-07-21;2026-07-28;2026-07-29;2026-08-05;2026-08-06;2026-08-13;2026-08-14;2026-08-21;2026-08-22;2026-08-29;2026-08-30;2026-09-06;2026-09-15,,101.19150834517045,0.5442260442260443,1.5,0.5030905416107727,1.688304912452379,383
697,Masonic Temple,29.653697,-82.324896,23,15,unknown,12001000500,10.72961373390558,13.34805299076676,38.6922607421875,39.832916259765625,36,2026-06-02;2026-06-03;2026-06-10;2026-06-11;2026-06-18;2026-06-19;2026-06-26;2026-06-27;2026-07-05;2026-07-12;2026-07-13;2026-07-20;2026-07-21;2026-07-28;2026-07-29;2026-08-05;2026-08-06;2026-08-13;2026-08-14;2026-08-21;2026-08-22;2026-08-29;2026-08-30;2026-09-06;2026-09-15,,101.6460693359375,0.5982800982800983,1.25,0.7089497939678231,1.6849666096663758,384
453,Windsor Park Apartments,29.617383,-82.362563,50,9,unknown,12001001516,8.51472471190781,5.001866368047779,38.242148006663605,42.20162963867188,34,2026-06-02;2026-06-03;2026-06-10;2026-06-11;2026-06-18;2026-06-19;2026-06-26;2026-06-27;2026-07-05;2026-07-12;2026-07-13;2026-07-20;2026-07-21;2026-07-28;2026-07-29;2026-08-05;2026-08-06;2026-08-13;2026-08-14;2026-08-21;2026-08-22;2026-08-29;2026-08-30;2026-09-06;2026-09-15,,100.83586641199449,0.515970515970516,1.25,0.6640927887818456,1.6840613648107092,385
143,Santa Fe College Charles L. Blount Center,29.652077,-82.330034,40,"5,10",none,12001000500,10.72961373390558,13.34805299076676,37.51258002387153,40.41741943359375,36,2026-06-02;2026-06-03;2026-06-10;2026-06-11;2026-06-18;2026-06-19;2026-06-26;2026-06-27;2026-07-05;2026-07-12;2026-07-13;2026-07-20;2026-07-21;2026-07-28;2026-07-29;2026-08-05;2026-08-06;2026-08-13;2026-08-14;2026-08-21;2026-08-22;2026-08-29;2026-08-30;2026-09-06;2026-09-15,,99.52264404296875,0.4250614250614251,1.5,0.7089497939678231,1.6786118705985997,386
1126,Haystacks Housing Complex,29.613121,-82.393946,26,75,none,12001002220,6.800766283524904,16.68472372697725,38.375699429898646,43.33468627929688,37,2026-06-02;2026-06-03;2026-06-10;2026-06-11;2026-06-18;2026-06-19;2026-06-26;2026-06-27;2026-07-05;2026-07-12;2026-07-13;2026-07-20;2026-07-21;2026-07-28;2026-07-29;2026-08-05;2026-08-06;2026-08-13;2026-08-14;2026-08-21;2026-08-22;2026-08-29;2026-08-30;2026-09-06;2026-09-15,,101.07625897381756,0.538083538083538,1.5,0.6293808725878798,1.6742496320515377,387
768,Friends of the Library Alachua County,29.656048,-82.325088,23,15,unknown,12001000500,10.72961373390558,13.34805299076676,38.66093275282118,39.409088134765625,36,2026-06-02;2026-06-03;2026-06-10;2026-06-11;2026-06-18;2026-06-19;2026-06-26;2026-06-27;2026-07-05;2026-07-12;2026-07-13;2026-07-20;2026-07-21;2026-07-28;2026-07-29;2026-08-05;2026-08-06;2026-08-13;2026-08-14;2026-08-21;2026-08-22;2026-08-29;2026-08-30;2026-09-06;2026-09-15,,101.58967895507813,0.5909090909090909,1.25,0.7089497939678231,1.664207267452827,388
868,Gainesville Christian Center,29.66645,-82.305939,14,3,unknown,12001000500,10.72961373390558,13.34805299076676,39.43537521362305,42.37252807617188,32,2026-06-02;2026-06-03;2026-06-10;2026-06-11;2026-06-18;2026-06-19;2026-06-26;2026-06-27;2026-07-05;2026-07-12;2026-07-13;2026-07-20;2026-07-21;2026-07-28;2026-07-29;2026-08-05;2026-08-06;2026-08-13;2026-08-14;2026-08-21;2026-08-22;2026-08-29;2026-08-30;2026-09-06;2026-09-15,,102.98367538452149,0.6928746928746928,1.25,0.7089497939678231,1.6627880843351144,389
920,GRU Administration Building,29.648414,-82.321461,13,26,unknown,12001000500,10.72961373390558,13.34805299076676,39.54656982421875,42.11959838867188,32,2026-06-02;2026-06-03;2026-06-10;2026-06-11;2026-06-18;2026-06-19;2026-06-26;2026-06-27;2026-07-05;2026-07-12;2026-07-13;2026-07-20;2026-07-21;2026-07-28;2026-07-29;2026-08-05;2026-08-06;2026-08-13;2026-08-14;2026-08-21;2026-08-22;2026-08-29;2026-08-30;2026-09-06;2026-09-15,,103.18382568359375,0.7100737100737101,1.25,0.7089497939678231,1.6606486313848379,390
739,Eastbound NW 39th Avenue @ NW 10th Street,29.688421,-82.334462,32,"15,55",none,12001000302,11.592076302274394,26.838966202783297,37.64556884765625,38.858795166015625,32,2026-06-02;2026-06-03;2026-06-10;2026-06-11;2026-06-18;2026-06-19;2026-06-26;2026-06-27;2026-07-05;2026-07-12;2026-07-13;2026-07-20;2026-07-21;2026-07-28;2026-07-29;2026-08-05;2026-08-06;2026-08-13;2026-08-14;2026-08-21;2026-08-22;2026-08-29;2026-08-30;2026-09-06;2026-09-15,,99.76202392578125,0.4348894348894349,1.5,0.7264168036092977,1.6568777647943407,391
399,The Home Depot @ NW 53rd Avenue,29.703167,-82.346494,14,6,unknown,12001001203,5.620753551575047,12.678288431061809,40.50670623779297,42.33151245117188,4,2026-06-02;2026-06-03;2026-06-10;2026-06-11;2026-06-18;2026-06-19;2026-06-26;2026-06-27;2026-07-05;2026-07-12;2026-07-13;2026-07-20;2026-07-21;2026-07-28;2026-07-29;2026-08-05;2026-08-06;2026-08-13;2026-08-14;2026-08-21;2026-08-22;2026-08-29;2026-08-30;2026-09-06;2026-09-15,,104.91207122802734,0.8083538083538083,1.25,0.6054826832380354,1.6567994416249805,392
314,Faith Missionary Church,29.632585,-82.285681,14,7,unknown,12001000700,12.61942675159236,21.483491632745363,39.05607604980469,40.24308776855469,32,2026-06-02;2026-06-03;2026-06-10;2026-06-11;2026-06-18;2026-06-19;2026-06-26;2026-06-27;2026-07-05;2026-07-12;2026-07-13;2026-07-20;2026-07-21;2026-07-28;2026-07-29;2026-08-05;2026-08-06;2026-08-13;2026-08-14;2026-08-21;2026-08-22;2026-08-29;2026-08-30;2026-09-06;2026-09-15,,102.30093688964844,0.6511056511056511,1.25,0.7472232024740616,1.6469049603438322,393
713,NE 23rd Avenue @ NE 11th Terrace,29.673758,-82.311133,23,15,unknown,12001000400,18.24006834686032,13.6077655941039,38.01680980009191,38.845123291015625,34,2026-06-02;2026-06-03;2026-06-10;2026-06-11;2026-06-18;2026-06-19;2026-06-26;2026-06-27;2026-07-05;2026-07-12;2026-07-13;2026-07-20;2026-07-21;2026-07-28;2026-07-29;2026-08-05;2026-08-06;2026-08-13;2026-08-14;2026-08-21;2026-08-22;2026-08-29;2026-08-30;2026-09-06;2026-09-15,,100.43025764016544,0.48034398034398035,1.25,0.8610551582440376,1.643064405290453,394
336,Faith Missionary Church,29.632658,-82.28569,14,7,unknown,12001000700,12.61942675159236,21.483491632745363,39.03510877821181,40.24308776855469,36,2026-06-02;2026-06-03;2026-06-10;2026-06-11;2026-06-18;2026-06-19;2026-06-26;2026-06-27;2026-07-05;2026-07-12;2026-07-13;2026-07-20;2026-07-21;2026-07-28;2026-07-29;2026-08-05;2026-08-06;2026-08-13;2026-08-14;2026-08-21;2026-08-22;2026-08-29;2026-08-30;2026-09-06;2026-09-15,,102.26319580078125,0.6474201474201474,1.25,0.7472232024740616,1.6375828567947162,395
404,Pine Ridge Apartments,29.707734,-82.357905,16,8,unknown,12001001803,5.032119914346895,22.788033099936342,40.16081633391204,42.43405151367188,27,2026-06-02;2026-06-03;2026-06-10;2026-06-11;2026-06-18;2026-06-19;2026-06-26;2026-06-27;2026-07-05;2026-07-12;2026-07-13;2026-07-20;2026-07-21;2026-07-28;2026-07-29;2026-08-05;2026-08-06;2026-08-13;2026-08-14;2026-08-21;2026-08-22;2026-08-29;2026-08-30;2026-09-06;2026-09-15,,104.28946940104167,0.7764127764127764,1.25,0.5935613897305314,1.632103168822929,396
261,Sunshine Inn,29.691449,-82.338884,14,6,unknown,12001000302,11.592076302274394,26.838966202783297,39.10972377232143,42.61007690429688,35,2026-06-02;2026-06-03;2026-06-10;2026-06-11;2026-06-18;2026-06-19;2026-06-26;2026-06-27;2026-07-05;2026-07-12;2026-07-13;2026-07-20;2026-07-21;2026-07-28;2026-07-29;2026-08-05;2026-08-06;2026-08-13;2026-08-14;2026-08-21;2026-08-22;2026-08-29;2026-08-30;2026-09-06;2026-09-15,,102.39750279017858,0.6621621621621622,1.25,0.7264168036092977,1.6282345504022127,397
553,Downtown Library,29.651766,-82.322318,17,11,unknown,12001000500,10.72961373390558,13.34805299076676,38.96199205186632,39.983306884765625,36,2026-06-02;2026-06-03;2026-06-10;2026-06-11;2026-06-18;2026-06-19;2026-06-26;2026-06-27;2026-07-05;2026-07-12;2026-07-13;2026-07-20;2026-07-21;2026-07-28;2026-07-29;2026-08-05;2026-08-06;2026-08-13;2026-08-14;2026-08-21;2026-08-22;2026-08-29;2026-08-30;2026-09-06;2026-09-15,,102.13158569335937,0.6339066339066339,1.25,0.7089497939678231,1.6236951574346816,398
766,Fire Stone @ N Main Street,29.65817,-82.325113,23,15,none,12001000500,10.72961373390558,13.34805299076676,38.009056091308594,39.43986511230469,32,2026-06-02;2026-06-03;2026-06-10;2026-06-11;2026-06-18;2026-06-19;2026-06-26;2026-06-27;2026-07-05;2026-07-12;2026-07-13;2026-07-20;2026-07-21;2026-07-28;2026-07-29;2026-08-05;2026-08-06;2026-08-13;2026-08-14;2026-08-21;2026-08-22;2026-08-29;2026-08-30;2026-09-06;2026-09-15,,100.41630096435547,0.47911547911547914,1.5,0.7089497939678231,1.6192286926568045,399
543,Forest Ridge Neighborhood,29.666632,-82.353084,20,10,none,12001001000,6.52607580507267,9.155578975102095,38.55435519748264,39.96109008789063,36,2026-06-02;2026-06-03;2026-06-10;2026-06-11;2026-06-18;2026-06-19;2026-06-26;2026-06-27;2026-07-05;2026-07-12;2026-07-13;2026-07-20;2026-07-21;2026-07-28;2026-07-29;2026-08-05;2026-08-06;2026-08-13;2026-08-14;2026-08-21;2026-08-22;2026-08-29;2026-08-30;2026-09-06;2026-09-15,,101.39783935546876,0.5675675675675675,1.5,0.6238177079804916,1.6169094806315636,400
680,Bridge House,29.611419,-82.341485,62,13,none,12001110800,12.026726057906458,40.537989617744216,36.92334365844727,39.118560791015625,32,2026-06-02;2026-06-03;2026-06-10;2026-06-11;2026-06-18;2026-06-19;2026-06-26;2026-06-27;2026-07-05;2026-07-12;2026-07-13;2026-07-20;2026-07-21;2026-07-28;2026-07-29;2026-08-05;2026-08-06;2026-08-13;2026-08-14;2026-08-21;2026-08-22;2026-08-29;2026-08-30;2026-09-06;2026-09-15,,98.46201858520509,0.3538083538083538,1.5,0.7352195409694231,1.6166106637095938,401
168,Capital City Bank @ Newberry Road,29.659086,-82.399163,20,5,none,12001001605,5.992043759323719,8.548422678138099,38.58017578125,40.80364990234375,35,2026-06-02;2026-06-03;2026-06-10;2026-06-11;2026-06-18;2026-06-19;2026-06-26;2026-06-27;2026-07-05;2026-07-12;2026-07-13;2026-07-20;2026-07-21;2026-07-28;2026-07-29;2026-08-05;2026-08-06;2026-08-13;2026-08-14;2026-08-21;2026-08-22;2026-08-29;2026-08-30;2026-09-06;2026-09-15,,101.44431640625,0.5761670761670762,1.5,0.6130022323482037,1.6129501009935043,402
1500,NE 15th St @ NE 7th Ave,29.657879,-82.305915,14,3,none,12001000600,20.242214532871973,17.217034843999087,37.668674045138886,38.817779541015625,36,2026-06-02;2026-06-03;2026-06-10;2026-06-11;2026-06-18;2026-06-19;2026-06-26;2026-06-27;2026-07-05;2026-07-12;2026-07-13;2026-07-20;2026-07-21;2026-07-28;2026-07-29;2026-08-05;2026-08-06;2026-08-13;2026-08-14;2026-08-21;2026-08-22;2026-08-29;2026-08-30;2026-09-06;2026-09-15,,99.80361328125,0.4398034398034398,1.5,0.901603592480261,1.6107280628903646,403
424,Girls Place of Alachua County,29.688408,-82.351597,26,"8,55",none,12001001202,0.5906123717749456,16.054477919933966,39.01939561631944,41.41891479492188,36,2026-06-02;2026-06-03;2026-06-10;2026-06-11;2026-06-18;2026-06-19;2026-06-26;2026-06-27;2026-07-05;2026-07-12;2026-07-13;2026-07-20;2026-07-21;2026-07-28;2026-07-29;2026-08-05;2026-08-06;2026-08-13;2026-08-14;2026-08-21;2026-08-22;2026-08-29;2026-08-30;2026-09-06;2026-09-15,,102.234912109375,0.6437346437346437,1.5,0.5036098278725899,1.602721434536458,404
769,The Collier Companies,29.653764,-82.325126,23,15,unknown,12001000500,10.72961373390558,13.34805299076676,38.557669503348215,39.785064697265625,35,2026-06-02;2026-06-03;2026-06-10;2026-06-11;2026-06-18;2026-06-19;2026-06-26;2026-06-27;2026-07-05;2026-07-12;2026-07-13;2026-07-20;2026-07-21;2026-07-28;2026-07-29;2026-08-05;2026-08-06;2026-08-13;2026-08-14;2026-08-21;2026-08-22;2026-08-29;2026-08-30;2026-09-06;2026-09-15,,101.4038051060268,0.5687960687960688,1.25,0.7089497939678231,1.6019292408121804,405
1543,NW 2nd St @ NW 16th Ave Northbound,29.666315,-82.326527,14,3,none,12001000301,14.08811475409836,9.192399049881235,38.18288646024816,40.69769287109375,34,2026-06-02;2026-06-03;2026-06-10;2026-06-11;2026-06-18;2026-06-19;2026-06-26;2026-06-27;2026-07-05;2026-07-12;2026-07-13;2026-07-20;2026-07-21;2026-07-28;2026-07-29;2026-08-05;2026-08-06;2026-08-13;2026-08-14;2026-08-21;2026-08-22;2026-08-29;2026-08-30;2026-09-06;2026-09-15,,100.72919562844669,0.5073710073710074,1.5,0.7769677832140807,1.6013144696567112,406
586,Pine Meadows Apartments,29.65175,-82.289431,17,11,unknown,12001000600,20.242214532871973,17.217034843999087,38.096630859375,39.562896728515625,35,2026-06-02;2026-06-03;2026-06-10;2026-06-11;2026-06-18;2026-06-19;2026-06-26;2026-06-27;2026-07-05;2026-07-12;2026-07-13;2026-07-20;2026-07-21;2026-07-28;2026-07-29;2026-08-05;2026-08-06;2026-08-13;2026-08-14;2026-08-21;2026-08-22;2026-08-29;2026-08-30;2026-09-06;2026-09-15,,100.57393554687499,0.4914004914004914,1.25,0.901603592480261,1.6007184032694528,407
327,The Verdant Cove,29.642223,-82.2726,14,7,unknown,12001000600,20.242214532871973,17.217034843999087,38.30478166852679,42.11276245117188,35,2026-06-02;2026-06-03;2026-06-10;2026-06-11;2026-06-18;2026-06-19;2026-06-26;2026-06-27;2026-07-05;2026-07-12;2026-07-13;2026-07-20;2026-07-21;2026-07-28;2026-07-29;2026-08-05;2026-08-06;2026-08-13;2026-08-14;2026-08-21;2026-08-22;2026-08-29;2026-08-30;2026-09-06;2026-09-15,,100.94860700334823,0.5233415233415234,1.25,0.901603592480261,1.5972303416929594,408
423,Palmetto Woods Neighborhood,29.688383,-82.353988,26,"8,55",none,12001001202,0.5906123717749456,16.054477919933966,39.0126522288603,39.938873291015625,34,2026-06-02;2026-06-03;2026-06-10;2026-06-11;2026-06-18;2026-06-19;2026-06-26;2026-06-27;2026-07-05;2026-07-12;2026-07-13;2026-07-20;2026-07-21;2026-07-28;2026-07-29;2026-08-05;2026-08-06;2026-08-13;2026-08-14;2026-08-21;2026-08-22;2026-08-29;2026-08-30;2026-09-06;2026-09-15,,102.22277401194853,0.64004914004914,1.5,0.5036098278725899,1.5935455484608678,409
484,Towne Parc Apartments,29.623684,-82.356161,145,"9,12,37",unknown,12001001515,9.41336971350614,5.387755102040816,37.148080008370535,37.997467041015625,7,2026-06-02;2026-06-03;2026-06-10;2026-06-11;2026-06-18;2026-06-19;2026-06-26;2026-06-27;2026-07-05;2026-07-12;2026-07-13;2026-07-20;2026-07-21;2026-07-28;2026-07-29;2026-08-05;2026-08-06;2026-08-13;2026-08-14;2026-08-21;2026-08-22;2026-08-29;2026-08-30;2026-09-06;2026-09-15,,98.86654401506696,0.3746928746928747,1.25,0.6822925825849184,1.5925748447732921,410
407,Hampton Court Apartments,29.714336,-82.360139,16,8,none,12001001803,5.032119914346895,22.788033099936342,38.91538434709821,40.54216003417969,35,2026-06-02;2026-06-03;2026-06-10;2026-06-11;2026-06-18;2026-06-19;2026-06-26;2026-06-27;2026-07-05;2026-07-12;2026-07-13;2026-07-20;2026-07-21;2026-07-28;2026-07-29;2026-08-05;2026-08-06;2026-08-13;2026-08-14;2026-08-21;2026-08-22;2026-08-29;2026-08-30;2026-09-06;2026-09-15,,102.04769182477678,0.6302211302211302,1.5,0.5935613897305314,1.589751124568663,411
1377,CVS - NW 39th Ave @ NW 13th St,29.688621,-82.339716,9,55,unknown,12001001203,5.620753551575047,12.678288431061809,41.92160034179688,43.82174682617188,32,2026-06-02;2026-06-03;2026-06-10;2026-06-11;2026-06-18;2026-06-19;2026-06-26;2026-06-27;2026-07-05;2026-07-12;2026-07-13;2026-07-20;2026-07-21;2026-07-28;2026-07-29;2026-08-05;2026-08-06;2026-08-13;2026-08-14;2026-08-21;2026-08-22;2026-08-29;2026-08-30;2026-09-06;2026-09-15,,107.45888061523439,0.9115479115479116,1.25,0.6054826832380354,1.5885720933100933,412
1273,SW 38th Terr nearside SW 20th Ave,29.633806,-82.380826,61,33,unknown,12001001522,15.617875056999544,3.28125,37.178409576416016,40.31488037109375,32,2026-06-02;2026-06-03;2026-06-10;2026-06-11;2026-06-18;2026-06-19;2026-06-26;2026-06-27;2026-07-05;2026-07-12;2026-07-13;2026-07-20;2026-07-21;2026-07-28;2026-07-29;2026-08-05;2026-08-06;2026-08-13;2026-08-14;2026-08-21;2026-08-22;2026-08-29;2026-08-30;2026-09-06;2026-09-15,,98.92113723754883,0.3808353808353808,1.25,0.8079492297601685,1.5873766350265748,413
7,Infinity Hall,29.650314,-82.334603,42,1,unknown,12001000201,21.14384748700173,1.9492808478425436,36.99240650850184,39.23136901855469,34,2026-06-02;2026-06-03;2026-06-10;2026-06-11;2026-06-18;2026-06-19;2026-06-26;2026-06-27;2026-07-05;2026-07-12;2026-07-13;2026-07-20;2026-07-21;2026-07-28;2026-07-29;2026-08-05;2026-08-06;2026-08-13;2026-08-14;2026-08-21;2026-08-22;2026-08-29;2026-08-30;2026-09-06;2026-09-15,,98.58633171530332,0.36609336609336607,1.25,0.9198638997451218,1.5832587184134177,414
557,Northbound NE 9th Street @ NE 3rd Avenue,29.654205,-82.314684,17,11,unknown,12001000500,10.72961373390558,13.34805299076676,38.814306640625,40.78656005859375,35,2026-06-02;2026-06-03;2026-06-10;2026-06-11;2026-06-18;2026-06-19;2026-06-26;2026-06-27;2026-07-05;2026-07-12;2026-07-13;2026-07-20;2026-07-21;2026-07-28;2026-07-29;2026-08-05;2026-08-06;2026-08-13;2026-08-14;2026-08-21;2026-08-22;2026-08-29;2026-08-30;2026-09-06;2026-09-15,,101.865751953125,0.6179361179361179,1.25,0.7089497939678231,1.5827881088946605,415
238,CVS @ NW 13th Street,29.690166,-82.339194,14,6,none,12001001203,5.620753551575047,12.678288431061809,39.01483832465278,41.66839599609375,36,2026-06-02;2026-06-03;2026-06-10;2026-06-11;2026-06-18;2026-06-19;2026-06-26;2026-06-27;2026-07-05;2026-07-12;2026-07-13;2026-07-20;2026-07-21;2026-07-28;2026-07-29;2026-08-05;2026-08-06;2026-08-13;2026-08-14;2026-08-21;2026-08-22;2026-08-29;2026-08-30;2026-09-06;2026-09-15,,102.226708984375,0.6412776412776413,1.5,0.6054826832380354,1.5772327815104676,416
1381,Publix - NW 39th AVE @ NW 13th ST,29.688431,-82.340422,9,55,unknown,12001001203,5.620753551575047,12.678288431061809,41.77934221540178,43.94821166992188,35,2026-06-02;2026-06-03;2026-06-10;2026-06-11;2026-06-18;2026-06-19;2026-06-26;2026-06-27;2026-07-05;2026-07-12;2026-07-13;2026-07-20;2026-07-21;2026-07-28;2026-07-29;2026-08-05;2026-08-06;2026-08-13;2026-08-14;2026-08-21;2026-08-22;2026-08-29;2026-08-30;2026-09-06;2026-09-15,,107.20281598772321,0.9004914004914005,1.25,0.6054826832380354,1.5693036986473026,417
699,Alachua County Property Appraiser,29.65634,-82.324921,23,15,unknown,12001000500,10.72961373390558,13.34805299076676,38.486725725446426,39.409088134765625,35,2026-06-02;2026-06-03;2026-06-10;2026-06-11;2026-06-18;2026-06-19;2026-06-26;2026-06-27;2026-07-05;2026-07-12;2026-07-13;2026-07-20;2026-07-21;2026-07-28;2026-07-29;2026-08-05;2026-08-06;2026-08-13;2026-08-14;2026-08-21;2026-08-22;2026-08-29;2026-08-30;2026-09-06;2026-09-15,,101.27610630580357,0.5552825552825553,1.25,0.7089497939678231,1.5638704467540079,418
412,Northwood Pines Neighborhood,29.705193,-82.359716,31,"6,8",none,12001001803,5.032119914346895,22.788033099936342,38.17931410845589,39.781646728515625,34,2026-06-02;2026-06-03;2026-06-10;2026-06-11;2026-06-18;2026-06-19;2026-06-26;2026-06-27;2026-07-05;2026-07-12;2026-07-13;2026-07-20;2026-07-21;2026-07-28;2026-07-29;2026-08-05;2026-08-06;2026-08-13;2026-08-14;2026-08-21;2026-08-22;2026-08-29;2026-08-30;2026-09-06;2026-09-15,,100.7227653952206,0.5061425061425061,1.5,0.5935613897305314,1.5617991372029096,419
1620,SW 87th Dr @ Nearside SW 27th Ln,29.628545,-82.4360931,12,52,unknown,12001002221,0.8246527777777778,16.533758639021798,43.154296875,45.2197265625,36,2026-06-02;2026-06-03;2026-06-10;2026-06-11;2026-06-18;2026-06-19;2026-06-26;2026-06-27;2026-07-05;2026-07-12;2026-07-13;2026-07-20;2026-07-21;2026-07-28;2026-07-29;2026-08-05;2026-08-06;2026-08-13;2026-08-14;2026-08-21;2026-08-22;2026-08-29;2026-08-30;2026-09-06;2026-09-15,,109.677734375,0.9582309582309583,1.25,0.5083497275251369,1.561786270647191,420
221,Family Acupuncture Center,29.669248,-82.330771,23,"6,55",none,12001000301,14.08811475409836,9.192399049881235,37.46027688419117,39.282623291015625,34,2026-06-02;2026-06-03;2026-06-10;2026-06-11;2026-06-18;2026-06-19;2026-06-26;2026-06-27;2026-07-05;2026-07-12;2026-07-13;2026-07-20;2026-07-21;2026-07-28;2026-07-29;2026-08-05;2026-08-06;2026-08-13;2026-08-14;2026-08-21;2026-08-22;2026-08-29;2026-08-30;2026-09-06;2026-09-15,,99.4284983915441,0.4213759213759214,1.5,0.7769677832140807,1.5607208582591983,421
1378,Westbound NW 39th AVE @ NW 12th ST,29.688623,-82.337154,9,55,none,12001000302,11.592076302274394,26.838966202783297,38.81797880284927,42.28022766113281,34,2026-06-02;2026-06-03;2026-06-10;2026-06-11;2026-06-18;2026-06-19;2026-06-26;2026-06-27;2026-07-05;2026-07-12;2026-07-13;2026-07-20;2026-07-21;2026-07-28;2026-07-29;2026-08-05;2026-08-06;2026-08-13;2026-08-14;2026-08-21;2026-08-22;2026-08-29;2026-08-30;2026-09-06;2026-09-15,,101.87236184512868,0.6191646191646192,1.5,0.7264168036092977,1.55345601534166,422
850,GRU Administration Building,29.648317,-82.321369,13,26,unknown,12001000500,10.72961373390558,13.34805299076676,39.12110694679054,42.04098510742188,37,2026-06-02;2026-06-03;2026-06-10;2026-06-11;2026-06-18;2026-06-19;2026-06-26;2026-06-27;2026-07-05;2026-07-12;2026-07-13;2026-07-20;2026-07-21;2026-07-28;2026-07-29;2026-08-05;2026-08-06;2026-08-13;2026-08-14;2026-08-21;2026-08-22;2026-08-29;2026-08-30;2026-09-06;2026-09-15,,102.41799250422297,0.6633906633906634,1.25,0.7089497939678231,1.5514710397020974,423
113,Southbound SE 15th Street @ SE 7th Avenue,29.645997,-82.305961,14,7,unknown,12001000700,12.61942675159236,21.483491632745363,38.76009792751736,40.77630615234375,36,2026-06-02;2026-06-03;2026-06-10;2026-06-11;2026-06-18;2026-06-19;2026-06-26;2026-06-27;2026-07-05;2026-07-12;2026-07-13;2026-07-20;2026-07-21;2026-07-28;2026-07-29;2026-08-05;2026-08-06;2026-08-13;2026-08-14;2026-08-21;2026-08-22;2026-08-29;2026-08-30;2026-09-06;2026-09-15,,101.76817626953124,0.6105651105651105,1.25,0.7472232024740616,1.5443618213035557,424
450,Lexington Crossing Apartments,29.615121,-82.36231,50,9,none,12001001516,8.51472471190781,5.001866368047779,37.26120954241071,41.21038818359375,35,2026-06-02;2026-06-03;2026-06-10;2026-06-11;2026-06-18;2026-06-19;2026-06-26;2026-06-27;2026-07-05;2026-07-12;2026-07-13;2026-07-20;2026-07-21;2026-07-28;2026-07-29;2026-08-05;2026-08-06;2026-08-13;2026-08-14;2026-08-21;2026-08-22;2026-08-29;2026-08-30;2026-09-06;2026-09-15,,99.07017717633929,0.3931203931203931,1.5,0.6640927887818456,1.5397132478269338,425
1478,Tractor Supply Co @ NW 53rd Avenue,29.703324,-82.346442,14,6,unknown,12001001202,0.5906123717749456,16.054477919933966,41.68079376220703,43.19625854492188,4,2026-06-02;2026-06-03;2026-06-10;2026-06-11;2026-06-18;2026-06-19;2026-06-26;2026-06-27;2026-07-05;2026-07-12;2026-07-13;2026-07-20;2026-07-21;2026-07-28;2026-07-29;2026-08-05;2026-08-06;2026-08-13;2026-08-14;2026-08-21;2026-08-22;2026-08-29;2026-08-30;2026-09-06;2026-09-15,,107.02542877197266,0.8955773955773956,1.25,0.5036098278725899,1.5267363438681918,426
993,Huntington Lakes Apartments,29.68883,-82.399846,23,"43,55",none,12001001811,12.61518906895456,20.87149187592319,37.53250503540039,38.482818603515625,32,2026-06-02;2026-06-03;2026-06-10;2026-06-11;2026-06-18;2026-06-19;2026-06-26;2026-06-27;2026-07-05;2026-07-12;2026-07-13;2026-07-20;2026-07-21;2026-07-28;2026-07-29;2026-08-05;2026-08-06;2026-08-13;2026-08-14;2026-08-21;2026-08-22;2026-08-29;2026-08-30;2026-09-06;2026-09-15,,99.5585090637207,0.4275184275184275,1.5,0.7471373788728913,1.522677083726618,427
242,McDonald's @ NW 13th Street,29.679423,-82.339222,14,6,unknown,12001001203,5.620753551575047,12.678288431061809,39.85067569508272,41.54194641113281,34,2026-06-02;2026-06-03;2026-06-10;2026-06-11;2026-06-18;2026-06-19;2026-06-26;2026-06-27;2026-07-05;2026-07-12;2026-07-13;2026-07-20;2026-07-21;2026-07-28;2026-07-29;2026-08-05;2026-08-06;2026-08-13;2026-08-14;2026-08-21;2026-08-22;2026-08-29;2026-08-30;2026-09-06;2026-09-15,,103.7312162511489,0.742014742014742,1.25,0.6054826832380354,1.5208310983913194,428
1168,Northwood Oaks Neighborhood,29.704007,-82.362109,30,"6,8",none,12001001202,0.5906123717749456,16.054477919933966,38.629830496651785,40.031158447265625,35,2026-06-02;2026-06-03;2026-06-10;2026-06-11;2026-06-18;2026-06-19;2026-06-26;2026-06-27;2026-07-05;2026-07-12;2026-07-13;2026-07-20;2026-07-21;2026-07-28;2026-07-29;2026-08-05;2026-08-06;2026-08-13;2026-08-14;2026-08-21;2026-08-22;2026-08-29;2026-08-30;2026-09-06;2026-09-15,,101.5336948939732,0.585995085995086,1.5,0.5036098278725899,1.5201208033221176,429
608,Northbound NE 25th Street @ NE 6th Avenue,29.657133,-82.292273,17,11,unknown,12001000600,20.242214532871973,17.217034843999087,37.92880859375,39.873931884765625,35,2026-06-02;2026-06-03;2026-06-10;2026-06-11;2026-06-18;2026-06-19;2026-06-26;2026-06-27;2026-07-05;2026-07-12;2026-07-13;2026-07-20;2026-07-21;2026-07-28;2026-07-29;2026-08-05;2026-08-06;2026-08-13;2026-08-14;2026-08-21;2026-08-22;2026-08-29;2026-08-30;2026-09-06;2026-09-15,,100.27185546874999,0.4656019656019656,1.25,0.901603592480261,1.5166806870978065,430
602,Pine Meadows Apartments,29.651991,-82.289878,17,11,unknown,12001000600,20.242214532871973,17.217034843999087,37.90481746897978,39.562896728515625,34,2026-06-02;2026-06-03;2026-06-10;2026-06-11;2026-06-18;2026-06-19;2026-06-26;2026-06-27;2026-07-05;2026-07-12;2026-07-13;2026-07-20;2026-07-21;2026-07-28;2026-07-29;2026-08-05;2026-08-06;2026-08-13;2026-08-14;2026-08-21;2026-08-22;2026-08-29;2026-08-30;2026-09-06;2026-09-15,,100.22867144416361,0.4643734643734644,1.25,0.901603592480261,1.512678891089633,431
125,SE 12th Avenue @ SE 17th Drive,29.640324,-82.302536,14,3,none,12001000700,12.61942675159236,21.483491632745363,38.09794224330357,39.57487487792969,35,2026-06-02;2026-06-03;2026-06-10;2026-06-11;2026-06-18;2026-06-19;2026-06-26;2026-06-27;2026-07-05;2026-07-12;2026-07-13;2026-07-20;2026-07-21;2026-07-28;2026-07-29;2026-08-05;2026-08-06;2026-08-13;2026-08-14;2026-08-21;2026-08-22;2026-08-29;2026-08-30;2026-09-06;2026-09-15,,100.57629603794643,0.4926289926289926,1.5,0.7472232024740616,1.4952654092782116,432
1594,AT&T Store @ NW 4th Place,29.656272,-82.408713,20,5,none,12001001605,5.992043759323719,8.548422678138099,38.33905388327206,42.57931518554688,34,2026-06-02;2026-06-03;2026-06-10;2026-06-11;2026-06-18;2026-06-19;2026-06-26;2026-06-27;2026-07-05;2026-07-12;2026-07-13;2026-07-20;2026-07-21;2026-07-28;2026-07-29;2026-08-05;2026-08-06;2026-08-13;2026-08-14;2026-08-21;2026-08-22;2026-08-29;2026-08-30;2026-09-06;2026-09-15,,101.01029698988971,0.5319410319410319,1.5,0.6130022323482037,1.4891415644566894,433
630,Southbound NE 9th Street @ NE 3rd Avenue,29.65409,-82.314813,17,11,unknown,12001000500,10.72961373390558,13.34805299076676,38.60380859375,40.78656005859375,35,2026-06-02;2026-06-03;2026-06-10;2026-06-11;2026-06-18;2026-06-19;2026-06-26;2026-06-27;2026-07-05;2026-07-12;2026-07-13;2026-07-20;2026-07-21;2026-07-28;2026-07-29;2026-08-05;2026-08-06;2026-08-13;2026-08-14;2026-08-21;2026-08-22;2026-08-29;2026-08-30;2026-09-06;2026-09-15,,101.48685546875001,0.581081081081081,1.25,0.7089497939678231,1.488387227648458,434
745,Highland Court Manor,29.688255,-82.310561,23,15,none,12001000400,18.24006834686032,13.6077655941039,36.975125558035714,38.257232666015625,35,2026-06-02;2026-06-03;2026-06-10;2026-06-11;2026-06-18;2026-06-19;2026-06-26;2026-06-27;2026-07-05;2026-07-12;2026-07-13;2026-07-20;2026-07-21;2026-07-28;2026-07-29;2026-08-05;2026-08-06;2026-08-13;2026-08-14;2026-08-21;2026-08-22;2026-08-29;2026-08-30;2026-09-06;2026-09-15,,98.55522600446429,0.36240786240786244,1.5,0.8610551582440376,1.4875826073473668,435
285,Santa Fe Blount Center,29.6526615,-82.3300376,18,55,unknown,12001000500,10.72961373390558,13.34805299076676,38.55853456439394,41.85299682617188,33,2026-06-02;2026-06-03;2026-06-10;2026-06-11;2026-06-18;2026-06-19;2026-06-26;2026-06-27;2026-07-05;2026-07-12;2026-07-13;2026-07-20;2026-07-21;2026-07-28;2026-07-29;2026-08-05;2026-08-06;2026-08-13;2026-08-14;2026-08-21;2026-08-22;2026-08-29;2026-08-30;2026-09-06;2026-09-15,,101.4053622159091,0.5700245700245701,1.25,0.7089497939678231,1.4873789390981669,436
1010,Huntington Lakes Apartments,29.688594,-82.400465,23,"43,55",none,12001001701,17.254556143445033,28.263455248290214,37.054474748883926,38.045318603515625,35,2026-06-02;2026-06-03;2026-06-10;2026-06-11;2026-06-18;2026-06-19;2026-06-26;2026-06-27;2026-07-05;2026-07-12;2026-07-13;2026-07-20;2026-07-21;2026-07-28;2026-07-29;2026-08-05;2026-08-06;2026-08-13;2026-08-14;2026-08-21;2026-08-22;2026-08-29;2026-08-30;2026-09-06;2026-09-15,,98.69805454799106,0.36977886977886976,1.5,0.8410960877983454,1.4826553593961536,437
368,LifeSouth Community Blood Center @ NW 13th Street,29.664005,-82.339053,36,"8,10",unknown,12001000301,14.08811475409836,9.192399049881235,37.46176424893466,38.855377197265625,11,2026-06-02;2026-06-03;2026-06-10;2026-06-11;2026-06-18;2026-06-19;2026-06-26;2026-06-27;2026-07-05;2026-07-12;2026-07-13;2026-07-20;2026-07-21;2026-07-28;2026-07-29;2026-08-05;2026-08-06;2026-08-13;2026-08-14;2026-08-21;2026-08-22;2026-08-29;2026-08-30;2026-09-06;2026-09-15,,99.43117564808237,0.4226044226044226,1.25,0.7769677832140807,1.4820562173964806,438
483,University Club Apartments,29.625366,-82.356342,145,"9,12,37",none,12001001515,9.41336971350614,5.387755102040816,36.274220186121326,43.41673278808594,34,2026-06-02;2026-06-03;2026-06-10;2026-06-11;2026-06-18;2026-06-19;2026-06-26;2026-06-27;2026-07-05;2026-07-12;2026-07-13;2026-07-20;2026-07-21;2026-07-28;2026-07-29;2026-08-05;2026-08-06;2026-08-13;2026-08-14;2026-08-21;2026-08-22;2026-08-29;2026-08-30;2026-09-06;2026-09-15,,97.29359633501839,0.28992628992628994,1.5,0.6822925825849184,1.4787449050485126,439
1264,Cottage Grove Apartments at Gainesville,29.609502,-82.341857,62,13,unknown,12001110800,12.026726057906458,40.537989617744216,37.231232561383926,40.068756103515625,35,2026-06-02;2026-06-03;2026-06-10;2026-06-11;2026-06-18;2026-06-19;2026-06-26;2026-06-27;2026-07-05;2026-07-12;2026-07-13;2026-07-20;2026-07-21;2026-07-28;2026-07-29;2026-08-05;2026-08-06;2026-08-13;2026-08-14;2026-08-21;2026-08-22;2026-08-29;2026-08-30;2026-09-06;2026-09-15,,99.01621861049107,0.3882063882063882,1.25,0.7352195409694231,1.4781509540863185,440
87,Lincoln Estate Neighborhood,29.640225,-82.302744,14,3,none,12001000700,12.61942675159236,21.483491632745363,38.067924948299634,39.31852722167969,34,2026-06-02;2026-06-03;2026-06-10;2026-06-11;2026-06-18;2026-06-19;2026-06-26;2026-06-27;2026-07-05;2026-07-12;2026-07-13;2026-07-20;2026-07-21;2026-07-28;2026-07-29;2026-08-05;2026-08-06;2026-08-13;2026-08-14;2026-08-21;2026-08-22;2026-08-29;2026-08-30;2026-09-06;2026-09-15,,100.52226490693934,0.48525798525798525,1.5,0.7472232024740616,1.4728923607603328,441
92,Lincoln Estates,29.644442,-82.299354,14,3,none,12001000700,12.61942675159236,21.483491632745363,38.06664709142736,41.06341552734375,37,2026-06-02;2026-06-03;2026-06-10;2026-06-11;2026-06-18;2026-06-19;2026-06-26;2026-06-27;2026-07-05;2026-07-12;2026-07-13;2026-07-20;2026-07-21;2026-07-28;2026-07-29;2026-08-05;2026-08-06;2026-08-13;2026-08-14;2026-08-21;2026-08-22;2026-08-29;2026-08-30;2026-09-06;2026-09-15,,100.51996476456925,0.48402948402948404,1.5,0.7472232024740616,1.4691635193406867,442
1454,Northeast Park,29.666505,-82.319449,14,3,none,12001000500,10.72961373390558,13.34805299076676,38.191616482204864,41.04119873046875,36,2026-06-02;2026-06-03;2026-06-10;2026-06-11;2026-06-18;2026-06-19;2026-06-26;2026-06-27;2026-07-05;2026-07-12;2026-07-13;2026-07-20;2026-07-21;2026-07-28;2026-07-29;2026-08-05;2026-08-06;2026-08-13;2026-08-14;2026-08-21;2026-08-22;2026-08-29;2026-08-30;2026-09-06;2026-09-15,,100.74490966796876,0.5098280098280098,1.5,0.7089497939678231,1.4682064999980264,443
700,Fire Stone @ N Main Street,29.658463,-82.324913,23,15,unknown,12001000500,10.72961373390558,13.34805299076676,38.26812569754464,39.72355651855469,35,2026-06-02;2026-06-03;2026-06-10;2026-06-11;2026-06-18;2026-06-19;2026-06-26;2026-06-27;2026-07-05;2026-07-12;2026-07-13;2026-07-20;2026-07-21;2026-07-28;2026-07-29;2026-08-05;2026-08-06;2026-08-13;2026-08-14;2026-08-21;2026-08-22;2026-08-29;2026-08-30;2026-09-06;2026-09-15,,100.88262625558035,0.5208845208845209,1.25,0.7089497939678231,1.4669935164241135,444
258,M&E Auto Specialists,29.682885,-82.338931,37,"6,15",unknown,12001000302,11.592076302274394,26.838966202783297,37.67366768973214,40.137115478515625,35,2026-06-02;2026-06-03;2026-06-10;2026-06-11;2026-06-18;2026-06-19;2026-06-26;2026-06-27;2026-07-05;2026-07-12;2026-07-13;2026-07-20;2026-07-21;2026-07-28;2026-07-29;2026-08-05;2026-08-06;2026-08-13;2026-08-14;2026-08-21;2026-08-22;2026-08-29;2026-08-30;2026-09-06;2026-09-15,,99.81260184151786,0.44226044226044225,1.25,0.7264168036092977,1.4607882923228963,445
1498,NE 15th St @ NE 3rd Ave Farside,29.65342,-82.305914,14,3,none,12001000600,20.242214532871973,17.217034843999087,37.292336856617645,39.10661315917969,34,2026-06-02;2026-06-03;2026-06-10;2026-06-11;2026-06-18;2026-06-19;2026-06-26;2026-06-27;2026-07-05;2026-07-12;2026-07-13;2026-07-20;2026-07-21;2026-07-28;2026-07-29;2026-08-05;2026-08-06;2026-08-13;2026-08-14;2026-08-21;2026-08-22;2026-08-29;2026-08-30;2026-09-06;2026-09-15,,99.12620634191175,0.39803439803439805,1.5,0.901603592480261,1.4577538893197712,446
505,B'Nai Israel School & Day Care,29.670967,-82.381747,20,10,none,12001001100,7.312925170068027,27.624720774385704,38.12106735641892,38.981842041015625,37,2026-06-02;2026-06-03;2026-06-10;2026-06-11;2026-06-18;2026-06-19;2026-06-26;2026-06-27;2026-07-05;2026-07-12;2026-07-13;2026-07-20;2026-07-21;2026-07-28;2026-07-29;2026-08-05;2026-08-06;2026-08-13;2026-08-14;2026-08-21;2026-08-22;2026-08-29;2026-08-30;2026-09-06;2026-09-15,,100.61792124155406,0.4975429975429975,1.5,0.6397533624063481,1.4536291841173126,447
420,Vida Springs Church,29.688495,-82.366151,26,"8,55",none,12001001202,0.5906123717749456,16.054477919933966,38.602447509765625,38.602447509765625,1,2026-06-02;2026-06-03;2026-06-10;2026-06-11;2026-06-18;2026-06-19;2026-06-26;2026-06-27;2026-07-05;2026-07-12;2026-07-13;2026-07-20;2026-07-21;2026-07-28;2026-07-29;2026-08-05;2026-08-06;2026-08-13;2026-08-14;2026-08-21;2026-08-22;2026-08-29;2026-08-30;2026-09-06;2026-09-15,,101.48440551757812,0.5798525798525799,1.5,0.5036098278725899,1.443672742559558,448
90,Lincoln Estate Neighborhood,29.641749,-82.299326,14,3,none,12001000700,12.61942675159236,21.483491632745363,37.980794270833336,39.59878540039063,36,2026-06-02;2026-06-03;2026-06-10;2026-06-11;2026-06-18;2026-06-19;2026-06-26;2026-06-27;2026-07-05;2026-07-12;2026-07-13;2026-07-20;2026-07-21;2026-07-28;2026-07-29;2026-08-05;2026-08-06;2026-08-13;2026-08-14;2026-08-21;2026-08-22;2026-08-29;2026-08-30;2026-09-06;2026-09-15,,100.3654296875,0.47542997542997545,1.5,0.7472232024740616,1.4430616294031617,449
596,Lake Forest Elementary School,29.648533,-82.272339,17,11,unknown,12001001400,3.571428571428571,15.002627430373094,39.54102240668403,42.18453979492188,36,2026-06-02;2026-06-03;2026-06-10;2026-06-11;2026-06-18;2026-06-19;2026-06-26;2026-06-27;2026-07-05;2026-07-12;2026-07-13;2026-07-20;2026-07-21;2026-07-28;2026-07-29;2026-08-05;2026-08-06;2026-08-13;2026-08-14;2026-08-21;2026-08-22;2026-08-29;2026-08-30;2026-09-06;2026-09-15,,103.17384033203125,0.7076167076167076,1.25,0.5639787612134148,1.441864820754857,450
382,Ridgeview Baptist Church,29.685662,-82.347437,16,8,none,12001001203,5.620753551575047,12.678288431061809,38.47411411830357,39.703033447265625,35,2026-06-02;2026-06-03;2026-06-10;2026-06-11;2026-06-18;2026-06-19;2026-06-26;2026-06-27;2026-07-05;2026-07-12;2026-07-13;2026-07-20;2026-07-21;2026-07-28;2026-07-29;2026-08-05;2026-08-06;2026-08-13;2026-08-14;2026-08-21;2026-08-22;2026-08-29;2026-08-30;2026-09-06;2026-09-15,,101.25340541294642,0.5515970515970516,1.5,0.6054826832380354,1.4193653557140469,451
205,The Continuum,29.651925,-82.329437,40,"5,10",unknown,12001000500,10.72961373390558,13.34805299076676,37.57626604352679,39.02798461914063,35,2026-06-02;2026-06-03;2026-06-10;2026-06-11;2026-06-18;2026-06-19;2026-06-26;2026-06-27;2026-07-05;2026-07-12;2026-07-13;2026-07-20;2026-07-21;2026-07-28;2026-07-29;2026-08-05;2026-08-06;2026-08-13;2026-08-14;2026-08-21;2026-08-22;2026-08-29;2026-08-30;2026-09-06;2026-09-15,,99.63727887834823,0.4312039312039312,1.25,0.7089497939678231,1.4190577229771395,452
661,Seacoast Bank @ SW 37th Boulevard,29.619314,-82.379226,54,37,unknown,12001001519,12.811791383219957,0.7092198581560284,37.1583812816723,40.130279541015625,37,2026-06-02;2026-06-03;2026-06-10;2026-06-11;2026-06-18;2026-06-19;2026-06-26;2026-06-27;2026-07-05;2026-07-12;2026-07-13;2026-07-20;2026-07-21;2026-07-28;2026-07-29;2026-08-05;2026-08-06;2026-08-13;2026-08-14;2026-08-21;2026-08-22;2026-08-29;2026-08-30;2026-09-06;2026-09-15,,98.88508630701014,0.3759213759213759,1.25,0.7511190641595986,1.41439682381981,453
489,Southbound SW 23rd Street @ Williston Road,29.613806,-82.355183,50,9,none,12001001516,8.51472471190781,5.001866368047779,36.96380092075893,38.40933227539063,35,2026-06-02;2026-06-03;2026-06-10;2026-06-11;2026-06-18;2026-06-19;2026-06-26;2026-06-27;2026-07-05;2026-07-12;2026-07-13;2026-07-20;2026-07-21;2026-07-28;2026-07-29;2026-08-05;2026-08-06;2026-08-13;2026-08-14;2026-08-21;2026-08-22;2026-08-29;2026-08-30;2026-09-06;2026-09-15,,98.53484165736606,0.35872235872235875,1.5,0.6640927887818456,1.4049883386420774,454
776,Spring Hill Church,29.632621,-82.320267,24,17,unknown,12001000700,12.61942675159236,21.483491632745363,37.92908977640087,40.83099365234375,29,2026-06-02;2026-06-03;2026-06-10;2026-06-11;2026-06-18;2026-06-19;2026-06-26;2026-06-27;2026-07-05;2026-07-12;2026-07-13;2026-07-20;2026-07-21;2026-07-28;2026-07-29;2026-08-05;2026-08-06;2026-08-13;2026-08-14;2026-08-21;2026-08-22;2026-08-29;2026-08-30;2026-09-06;2026-09-15,,100.27236159752157,0.4668304668304668,1.25,0.7472232024740616,1.4035367119859556,455
1557,The Ridge @ SW 38th TER northbound,29.631626,-82.380875,61,33,unknown,12001001522,15.617875056999544,3.28125,36.75133928571429,41.54537963867188,35,2026-06-02;2026-06-03;2026-06-10;2026-06-11;2026-06-18;2026-06-19;2026-06-26;2026-06-27;2026-07-05;2026-07-12;2026-07-13;2026-07-20;2026-07-21;2026-07-28;2026-07-29;2026-08-05;2026-08-06;2026-08-13;2026-08-14;2026-08-21;2026-08-22;2026-08-29;2026-08-30;2026-09-06;2026-09-15,,98.15241071428571,0.3353808353808354,1.25,0.8079492297601685,1.3979155527814673,456
511,First Church of the Nazarene,29.674215,-82.396915,20,10,none,12001001701,17.254556143445033,28.263455248290214,36.975730895996094,40.55072021484375,32,2026-06-02;2026-06-03;2026-06-10;2026-06-11;2026-06-18;2026-06-19;2026-06-26;2026-06-27;2026-07-05;2026-07-12;2026-07-13;2026-07-20;2026-07-21;2026-07-28;2026-07-29;2026-08-05;2026-08-06;2026-08-13;2026-08-14;2026-08-21;2026-08-22;2026-08-29;2026-08-30;2026-09-06;2026-09-15,,98.55631561279297,0.36363636363636365,1.5,0.8410960877983454,1.3967650426818836,457
1499,NE 15th St @ NE 3rd Ave Nearside,29.653654,-82.305737,14,3,none,12001000600,20.242214532871973,17.217034843999087,37.1647216796875,38.749420166015625,35,2026-06-02;2026-06-03;2026-06-10;2026-06-11;2026-06-18;2026-06-19;2026-06-26;2026-06-27;2026-07-05;2026-07-12;2026-07-13;2026-07-20;2026-07-21;2026-07-28;2026-07-29;2026-08-05;2026-08-06;2026-08-13;2026-08-14;2026-08-21;2026-08-22;2026-08-29;2026-08-30;2026-09-06;2026-09-15,,98.8964990234375,0.37714987714987713,1.5,0.901603592480261,1.3812668025344745,458
406,Northbound NW 23rd Terrace @ NW 62nd Avenue,29.711336,-82.360175,16,8,unknown,12001001803,5.032119914346895,22.788033099936342,39.06847381591797,43.21334838867188,32,2026-06-02;2026-06-03;2026-06-10;2026-06-11;2026-06-18;2026-06-19;2026-06-26;2026-06-27;2026-07-05;2026-07-12;2026-07-13;2026-07-20;2026-07-21;2026-07-28;2026-07-29;2026-08-05;2026-08-06;2026-08-13;2026-08-14;2026-08-21;2026-08-22;2026-08-29;2026-08-30;2026-09-06;2026-09-15,,102.32325286865235,0.6535626535626535,1.25,0.5935613897305314,1.3738589965408197,459
325,Verdant Cove Apartments,29.641583,-82.272389,14,7,unknown,12001001400,3.571428571428571,15.002627430373094,39.61060965401786,42.11276245117188,35,2026-06-02;2026-06-03;2026-06-10;2026-06-11;2026-06-18;2026-06-19;2026-06-26;2026-06-27;2026-07-05;2026-07-12;2026-07-13;2026-07-20;2026-07-21;2026-07-28;2026-07-29;2026-08-05;2026-08-06;2026-08-13;2026-08-14;2026-08-21;2026-08-22;2026-08-29;2026-08-30;2026-09-06;2026-09-15,,103.29909737723214,0.7125307125307125,1.25,0.5639787612134148,1.360294875120379,460
124,Lincoln Estates Neighborhood,29.641882,-82.29942,14,3,none,12001000700,12.61942675159236,21.483491632745363,37.72754287719727,39.28091430664063,32,2026-06-02;2026-06-03;2026-06-10;2026-06-11;2026-06-18;2026-06-19;2026-06-26;2026-06-27;2026-07-05;2026-07-12;2026-07-13;2026-07-20;2026-07-21;2026-07-28;2026-07-29;2026-08-05;2026-08-06;2026-08-13;2026-08-14;2026-08-21;2026-08-22;2026-08-29;2026-08-30;2026-09-06;2026-09-15,,99.90957717895509,0.44717444717444715,1.5,0.7472232024740616,1.3572982767512942,461
579,Southbound NE 25th Street @ NE 6th Avenue,29.656705,-82.292423,17,11,unknown,12001000600,20.242214532871973,17.217034843999087,37.439787946428574,39.364654541015625,35,2026-06-02;2026-06-03;2026-06-10;2026-06-11;2026-06-18;2026-06-19;2026-06-26;2026-06-27;2026-07-05;2026-07-12;2026-07-13;2026-07-20;2026-07-21;2026-07-28;2026-07-29;2026-08-05;2026-08-06;2026-08-13;2026-08-14;2026-08-21;2026-08-22;2026-08-29;2026-08-30;2026-09-06;2026-09-15,,99.39161830357143,0.41646191646191644,1.25,0.901603592480261,1.3566088467708612,462
135,Dignity Project,29.639714,-82.318874,38,"7,17",none,12001000700,12.61942675159236,21.483491632745363,36.7003173828125,40.246490478515625,35,2026-06-02;2026-06-03;2026-06-10;2026-06-11;2026-06-18;2026-06-19;2026-06-26;2026-06-27;2026-07-05;2026-07-12;2026-07-13;2026-07-20;2026-07-21;2026-07-28;2026-07-29;2026-08-05;2026-08-06;2026-08-13;2026-08-14;2026-08-21;2026-08-22;2026-08-29;2026-08-30;2026-09-06;2026-09-15,,98.0605712890625,0.32923832923832924,1.5,0.7472232024740616,1.351934032929017,463
1236,Cabana Beach Apartments (SW 52nd St),29.635913,-82.397884,25,23,unknown,12001001605,5.992043759323719,8.548422678138099,38.39850192599826,40.41400146484375,36,2026-06-02;2026-06-03;2026-06-10;2026-06-11;2026-06-18;2026-06-19;2026-06-26;2026-06-27;2026-07-05;2026-07-12;2026-07-13;2026-07-20;2026-07-21;2026-07-28;2026-07-29;2026-08-05;2026-08-06;2026-08-13;2026-08-14;2026-08-21;2026-08-22;2026-08-29;2026-08-30;2026-09-06;2026-09-15,,101.11730346679687,0.5405405405405406,1.25,0.6130022323482037,1.3494732777115694,464
428,Southbound NW 21st Street @ NW 36th Avenue,29.68524,-82.351557,17,8,none,12001001202,0.5906123717749456,16.054477919933966,38.812412806919646,41.10614013671875,35,2026-06-02;2026-06-03;2026-06-10;2026-06-11;2026-06-18;2026-06-19;2026-06-26;2026-06-27;2026-07-05;2026-07-12;2026-07-13;2026-07-20;2026-07-21;2026-07-28;2026-07-29;2026-08-05;2026-08-06;2026-08-13;2026-08-14;2026-08-21;2026-08-22;2026-08-29;2026-08-30;2026-09-06;2026-09-15,,101.86234305245537,0.6167076167076168,1.5,0.5036098278725899,1.3465375632455252,465
122,Lincoln Estates,29.644228,-82.299412,14,3,none,12001000700,12.61942675159236,21.483491632745363,37.67269112723214,41.06341552734375,35,2026-06-02;2026-06-03;2026-06-10;2026-06-11;2026-06-18;2026-06-19;2026-06-26;2026-06-27;2026-07-05;2026-07-12;2026-07-13;2026-07-20;2026-07-21;2026-07-28;2026-07-29;2026-08-05;2026-08-06;2026-08-13;2026-08-14;2026-08-21;2026-08-22;2026-08-29;2026-08-30;2026-09-06;2026-09-15,,99.81084402901786,0.44103194103194104,1.5,0.7472232024740616,1.3386540696530622,466
297,Eastbound SE 7th Avenue @ SE 15th Street,29.645724,-82.306015,14,3,unknown,12001000700,12.61942675159236,21.483491632745363,38.323018391927086,40.77630615234375,36,2026-06-02;2026-06-03;2026-06-10;2026-06-11;2026-06-18;2026-06-19;2026-06-26;2026-06-27;2026-07-05;2026-07-12;2026-07-13;2026-07-20;2026-07-21;2026-07-28;2026-07-29;2026-08-05;2026-08-06;2026-08-13;2026-08-14;2026-08-21;2026-08-22;2026-08-29;2026-08-30;2026-09-06;2026-09-15,,100.98143310546875,0.5282555282555282,1.25,0.7472232024740616,1.336168175373298,467
451,Lexington Crossing Apartments,29.616214,-82.362444,50,9,unknown,12001001516,8.51472471190781,5.001866368047779,37.39893237964528,41.47529602050781,37,2026-06-02;2026-06-03;2026-06-10;2026-06-11;2026-06-18;2026-06-19;2026-06-26;2026-06-27;2026-07-05;2026-07-12;2026-07-13;2026-07-20;2026-07-21;2026-07-28;2026-07-29;2026-08-05;2026-08-06;2026-08-13;2026-08-14;2026-08-21;2026-08-22;2026-08-29;2026-08-30;2026-09-06;2026-09-15,,99.3180782833615,0.4090909090909091,1.25,0.6640927887818456,1.3352200820999194,468
1556,The Ridge @ SW 38th TER southbound,29.6315487,-82.3809919,90,"21,33",unknown,12001001522,15.617875056999544,3.28125,36.28531668526786,41.44284057617188,35,2026-06-02;2026-06-03;2026-06-10;2026-06-11;2026-06-18;2026-06-19;2026-06-26;2026-06-27;2026-07-05;2026-07-12;2026-07-13;2026-07-20;2026-07-21;2026-07-28;2026-07-29;2026-08-05;2026-08-06;2026-08-13;2026-08-14;2026-08-21;2026-08-22;2026-08-29;2026-08-30;2026-09-06;2026-09-15,,97.31357003348214,0.29115479115479115,1.25,0.8079492297601685,1.3264085917255062,469
556,Northbound NE 9th Street @ E University Avenue,29.652402,-82.314658,17,11,unknown,12001000500,10.72961373390558,13.34805299076676,38.25532362196181,39.79191589355469,36,2026-06-02;2026-06-03;2026-06-10;2026-06-11;2026-06-18;2026-06-19;2026-06-26;2026-06-27;2026-07-05;2026-07-12;2026-07-13;2026-07-20;2026-07-21;2026-07-28;2026-07-29;2026-08-05;2026-08-06;2026-08-13;2026-08-14;2026-08-21;2026-08-22;2026-08-29;2026-08-30;2026-09-06;2026-09-15,,100.85958251953124,0.5171990171990172,1.25,0.7089497939678231,1.3247590334883739,470
416,Pizza Hut @ NW 34th Street,29.700335,-82.37026,17,8,none,12001001201,3.313696612665685,27.57630161579892,38.45447455512153,40.33538818359375,36,2026-06-02;2026-06-03;2026-06-10;2026-06-11;2026-06-18;2026-06-19;2026-06-26;2026-06-27;2026-07-05;2026-07-12;2026-07-13;2026-07-20;2026-07-21;2026-07-28;2026-07-29;2026-08-05;2026-08-06;2026-08-13;2026-08-14;2026-08-21;2026-08-22;2026-08-29;2026-08-30;2026-09-06;2026-09-15,,101.21805419921876,0.5466830466830467,1.5,0.558759048760106,1.3243572077990522,471
986,Bank of America @ NW 43rd Street,29.677745,-82.388858,14,43,none,12001001100,7.312925170068027,27.624720774385704,38.1435775756836,39.57827758789063,16,2026-06-02;2026-06-03;2026-06-10;2026-06-11;2026-06-18;2026-06-19;2026-06-26;2026-06-27;2026-07-05;2026-07-12;2026-07-13;2026-07-20;2026-07-21;2026-07-28;2026-07-29;2026-08-05;2026-08-06;2026-08-13;2026-08-14;2026-08-21;2026-08-22;2026-08-29;2026-08-30;2026-09-06;2026-09-15,,100.65843963623048,0.5036855036855037,1.5,0.6397533624063481,1.3089407817665855,472
335,Westbound SE 21st Avenue @ SE 32nd Terrace,29.632664,-82.283656,14,7,unknown,12001000700,12.61942675159236,21.483491632745363,38.216628615920605,40.068756103515625,37,2026-06-02;2026-06-03;2026-06-10;2026-06-11;2026-06-18;2026-06-19;2026-06-26;2026-06-27;2026-07-05;2026-07-12;2026-07-13;2026-07-20;2026-07-21;2026-07-28;2026-07-29;2026-08-05;2026-08-06;2026-08-13;2026-08-14;2026-08-21;2026-08-22;2026-08-29;2026-08-30;2026-09-06;2026-09-15,,100.78993150865709,0.5147420147420148,1.25,0.7472232024740616,1.3019871290265392,473
1069,Sunrise Subdivision,29.6354866,-82.422394,9,76,none,12001002218,15.250836120401337,8.166317678731678,37.95002746582031,39.395416259765625,32,2026-06-02;2026-06-03;2026-06-10;2026-06-11;2026-06-18;2026-06-19;2026-06-26;2026-06-27;2026-07-05;2026-07-12;2026-07-13;2026-07-20;2026-07-21;2026-07-28;2026-07-29;2026-08-05;2026-08-06;2026-08-13;2026-08-14;2026-08-21;2026-08-22;2026-08-29;2026-08-30;2026-09-06;2026-09-15,,100.31004943847657,0.4692874692874693,1.5,0.8005157794523101,1.297525204387294,474
535,B'Nai Israel School & Day Care,29.670727,-82.381721,20,10,none,12001001702,5.506141465480729,33.90179910044978,37.94046559053309,38.981842041015625,34,2026-06-02;2026-06-03;2026-06-10;2026-06-11;2026-06-18;2026-06-19;2026-06-26;2026-06-27;2026-07-05;2026-07-12;2026-07-13;2026-07-20;2026-07-21;2026-07-28;2026-07-29;2026-08-05;2026-08-06;2026-08-13;2026-08-14;2026-08-21;2026-08-22;2026-08-29;2026-08-30;2026-09-06;2026-09-15,,100.29283806295956,0.4680589680589681,1.5,0.6031615037616609,1.2892722177008418,475
128,Southbound SE 15th Street @ SE 14th Avenue,29.638459,-82.305946,14,7,none,12001000700,12.61942675159236,21.483491632745363,37.51210021972656,38.34950256347656,16,2026-06-02;2026-06-03;2026-06-10;2026-06-11;2026-06-18;2026-06-19;2026-06-26;2026-06-27;2026-07-05;2026-07-12;2026-07-13;2026-07-20;2026-07-21;2026-07-28;2026-07-29;2026-08-05;2026-08-06;2026-08-13;2026-08-14;2026-08-21;2026-08-22;2026-08-29;2026-08-30;2026-09-06;2026-09-15,,99.52178039550782,0.4238329238329238,1.5,0.7472232024740616,1.2864502897780121,476
833,Addison Lane,29.634296,-82.38484,102,"20,21,52",none,12001001522,15.617875056999544,3.28125,35.82295608520508,40.45843505859375,32,2026-06-02;2026-06-03;2026-06-10;2026-06-11;2026-06-18;2026-06-19;2026-06-26;2026-06-27;2026-07-05;2026-07-12;2026-07-13;2026-07-20;2026-07-21;2026-07-28;2026-07-29;2026-08-05;2026-08-06;2026-08-13;2026-08-14;2026-08-21;2026-08-22;2026-08-29;2026-08-30;2026-09-06;2026-09-15,,96.48132095336913,0.2285012285012285,1.5,0.8079492297601685,1.283477364639122,477
554,Salvation Army,29.651848,-82.318251,17,11,unknown,12001000500,10.72961373390558,13.34805299076676,38.13173828125,40.39006042480469,35,2026-06-02;2026-06-03;2026-06-10;2026-06-11;2026-06-18;2026-06-19;2026-06-26;2026-06-27;2026-07-05;2026-07-12;2026-07-13;2026-07-20;2026-07-21;2026-07-28;2026-07-29;2026-08-05;2026-08-06;2026-08-13;2026-08-14;2026-08-21;2026-08-22;2026-08-29;2026-08-30;2026-09-06;2026-09-15,,100.63712890625001,0.5,1.25,0.7089497939678231,1.280705288906813,478
1329,Alachua County Jail,29.680156,-82.280206,13,26,none,12001001400,3.571428571428571,15.002627430373094,38.56494479709201,40.31829833984375,36,2026-06-02;2026-06-03;2026-06-10;2026-06-11;2026-06-18;2026-06-19;2026-06-26;2026-06-27;2026-07-05;2026-07-12;2026-07-13;2026-07-20;2026-07-21;2026-07-28;2026-07-29;2026-08-05;2026-08-06;2026-08-13;2026-08-14;2026-08-21;2026-08-22;2026-08-29;2026-08-30;2026-09-06;2026-09-15,,101.41690063476562,0.5724815724815725,1.5,0.5639787612134148,1.2780985579678004,479
403,Kangaroo Gas @ NW 34th Street,29.706605,-82.356652,31,"6,8",none,12001001803,5.032119914346895,22.788033099936342,37.42596620501894,40.63958740234375,33,2026-06-02;2026-06-03;2026-06-10;2026-06-11;2026-06-18;2026-06-19;2026-06-26;2026-06-27;2026-07-05;2026-07-12;2026-07-13;2026-07-20;2026-07-21;2026-07-28;2026-07-29;2026-08-05;2026-08-06;2026-08-13;2026-08-14;2026-08-21;2026-08-22;2026-08-29;2026-08-30;2026-09-06;2026-09-15,,99.36673916903409,0.414004914004914,1.5,0.5935613897305314,1.2774910418383025,480
315,Eastbound SE 21st Avenue @ SE 32nd Terrace,29.63259,-82.2837,14,7,unknown,12001000700,12.61942675159236,21.483491632745363,38.156103515625,40.068756103515625,35,2026-06-02;2026-06-03;2026-06-10;2026-06-11;2026-06-18;2026-06-19;2026-06-26;2026-06-27;2026-07-05;2026-07-12;2026-07-13;2026-07-20;2026-07-21;2026-07-28;2026-07-29;2026-08-05;2026-08-06;2026-08-13;2026-08-14;2026-08-21;2026-08-22;2026-08-29;2026-08-30;2026-09-06;2026-09-15,,100.68098632812499,0.504914004914005,1.25,0.7472232024740616,1.2771281862288963,481
1560,Eastwood Meadows,29.64243,-82.271588,34,11,unknown,12001001400,3.571428571428571,15.002627430373094,38.186614990234375,40.079010009765625,32,2026-06-02;2026-06-03;2026-06-10;2026-06-11;2026-06-18;2026-06-19;2026-06-26;2026-06-27;2026-07-05;2026-07-12;2026-07-13;2026-07-20;2026-07-21;2026-07-28;2026-07-29;2026-08-05;2026-08-06;2026-08-13;2026-08-14;2026-08-21;2026-08-22;2026-08-29;2026-08-30;2026-09-06;2026-09-15,,100.73590698242188,0.5085995085995086,1.25,0.5639787612134148,1.2747670290174211,482
462,University of Florida Energy Research,29.628062,-82.35935,146,"9,12,37",none,12001001514,8.333333333333332,2.7532467532467533,35.989524841308594,38.988677978515625,32,2026-06-02;2026-06-03;2026-06-10;2026-06-11;2026-06-18;2026-06-19;2026-06-26;2026-06-27;2026-07-05;2026-07-12;2026-07-13;2026-07-20;2026-07-21;2026-07-28;2026-07-29;2026-08-05;2026-08-06;2026-08-13;2026-08-14;2026-08-21;2026-08-22;2026-08-29;2026-08-30;2026-09-06;2026-09-15,,96.78114471435546,0.25675675675675674,1.5,0.6604191627316935,1.2693196399045557,483
857,Episcopal Children's Services Northbound,29.656539,-82.308253,13,26,unknown,12001000600,20.242214532871973,17.217034843999087,37.52853214039522,39.34927368164063,34,2026-06-02;2026-06-03;2026-06-10;2026-06-11;2026-06-18;2026-06-19;2026-06-26;2026-06-27;2026-07-05;2026-07-12;2026-07-13;2026-07-20;2026-07-21;2026-07-28;2026-07-29;2026-08-05;2026-08-06;2026-08-13;2026-08-14;2026-08-21;2026-08-22;2026-08-29;2026-08-30;2026-09-06;2026-09-15,,99.55135785271139,0.4262899262899263,1.25,0.901603592480261,1.2678840578815125,484
1392,Northbound NW 55th St @ NW 9th Ln,29.6603661,-82.4014717,9,76,unknown,12001001702,5.506141465480729,33.90179910044978,39.72238071986608,43.63034057617188,35,2026-06-02;2026-06-03;2026-06-10;2026-06-11;2026-06-18;2026-06-19;2026-06-26;2026-06-27;2026-07-05;2026-07-12;2026-07-13;2026-07-20;2026-07-21;2026-07-28;2026-07-29;2026-08-05;2026-08-06;2026-08-13;2026-08-14;2026-08-21;2026-08-22;2026-08-29;2026-08-30;2026-09-06;2026-09-15,,103.50028529575894,0.7285012285012284,1.25,0.6031615037616609,1.264706077283595,485
61,Dignity Project,29.639719,-82.318989,38,"7,17",none,12001000700,12.61942675159236,21.483491632745363,36.46584123883929,40.246490478515625,35,2026-06-02;2026-06-03;2026-06-10;2026-06-11;2026-06-18;2026-06-19;2026-06-26;2026-06-27;2026-07-05;2026-07-12;2026-07-13;2026-07-20;2026-07-21;2026-07-28;2026-07-29;2026-08-05;2026-08-06;2026-08-13;2026-08-14;2026-08-21;2026-08-22;2026-08-29;2026-08-30;2026-09-06;2026-09-15,,97.63851422991073,0.3046683046683047,1.5,0.7472232024740616,1.2510434334567027,486
55,Second Avenue Center Apartments,29.650175,-82.3299,43,1,none,12001000202,25.107526881720432,1.4258389845244306,35.77554141773897,38.568267822265625,34,2026-06-02;2026-06-03;2026-06-10;2026-06-11;2026-06-18;2026-06-19;2026-06-26;2026-06-27;2026-07-05;2026-07-12;2026-07-13;2026-07-20;2026-07-21;2026-07-28;2026-07-29;2026-08-05;2026-08-06;2026-08-13;2026-08-14;2026-08-21;2026-08-22;2026-08-29;2026-08-30;2026-09-06;2026-09-15,,96.39597455193015,0.2199017199017199,1.5,1.0001382545315658,1.248397286122368,487
754,NE 23rd Ave Farside NE 14th St Westbound,29.673894,-82.308067,23,15,unknown,12001000400,18.24006834686032,13.6077655941039,36.98405827702703,38.540924072265625,37,2026-06-02;2026-06-03;2026-06-10;2026-06-11;2026-06-18;2026-06-19;2026-06-26;2026-06-27;2026-07-05;2026-07-12;2026-07-13;2026-07-20;2026-07-21;2026-07-28;2026-07-29;2026-08-05;2026-08-06;2026-08-13;2026-08-14;2026-08-21;2026-08-22;2026-08-29;2026-08-30;2026-09-06;2026-09-15,,98.57130489864866,0.36486486486486486,1.25,0.8610551582440376,1.2480565942999093,488
570,Eastbound NE 8th Avenue @ NE 22nd Street,29.659182,-82.296023,17,11,unknown,12001000600,20.242214532871973,17.217034843999087,37.18059624565972,39.422760009765625,36,2026-06-02;2026-06-03;2026-06-10;2026-06-11;2026-06-18;2026-06-19;2026-06-26;2026-06-27;2026-07-05;2026-07-12;2026-07-13;2026-07-20;2026-07-21;2026-07-28;2026-07-29;2026-08-05;2026-08-06;2026-08-13;2026-08-14;2026-08-21;2026-08-22;2026-08-29;2026-08-30;2026-09-06;2026-09-15,,98.9250732421875,0.3820638820638821,1.25,0.901603592480261,1.2445585585419996,489
379,Northbound NW 21st Avenue @ NW 33rd Avenue,29.683322,-82.351488,16,8,none,12001001203,5.620753551575047,12.678288431061809,38.04472351074219,40.51654052734375,32,2026-06-02;2026-06-03;2026-06-10;2026-06-11;2026-06-18;2026-06-19;2026-06-26;2026-06-27;2026-07-05;2026-07-12;2026-07-13;2026-07-20;2026-07-21;2026-07-28;2026-07-29;2026-08-05;2026-08-06;2026-08-13;2026-08-14;2026-08-21;2026-08-22;2026-08-29;2026-08-30;2026-09-06;2026-09-15,,100.48050231933594,0.4828009828009828,1.5,0.6054826832380354,1.2423398325069495,490
1479,Sorrento New Home Community,29.703359,-82.353141,14,6,none,12001001202,0.5906123717749456,16.054477919933966,38.75112915039063,39.532135009765625,4,2026-06-02;2026-06-03;2026-06-10;2026-06-11;2026-06-18;2026-06-19;2026-06-26;2026-06-27;2026-07-05;2026-07-12;2026-07-13;2026-07-20;2026-07-21;2026-07-28;2026-07-29;2026-08-05;2026-08-06;2026-08-13;2026-08-14;2026-08-21;2026-08-22;2026-08-29;2026-08-30;2026-09-06;2026-09-15,,101.75203247070314,0.6068796068796068,1.5,0.5036098278725899,1.2414942450549578,491
587,Fred Cone Park,29.651768,-82.28767,17,11,unknown,12001000600,20.242214532871973,17.217034843999087,37.17307477678571,39.566314697265625,35,2026-06-02;2026-06-03;2026-06-10;2026-06-11;2026-06-18;2026-06-19;2026-06-26;2026-06-27;2026-07-05;2026-07-12;2026-07-13;2026-07-20;2026-07-21;2026-07-28;2026-07-29;2026-08-05;2026-08-06;2026-08-13;2026-08-14;2026-08-21;2026-08-22;2026-08-29;2026-08-30;2026-09-06;2026-09-15,,98.91153459821427,0.3796068796068796,1.25,0.901603592480261,1.2365549665256523,492
1628,SW 52nd St @ Cabana Beach,29.635854,-82.3981222,25,23,unknown,12001001605,5.992043759323719,8.548422678138099,38.102989196777344,39.679107666015625,32,2026-06-02;2026-06-03;2026-06-10;2026-06-11;2026-06-18;2026-06-19;2026-06-26;2026-06-27;2026-07-05;2026-07-12;2026-07-13;2026-07-20;2026-07-21;2026-07-28;2026-07-29;2026-08-05;2026-08-06;2026-08-13;2026-08-14;2026-08-21;2026-08-22;2026-08-29;2026-08-30;2026-09-06;2026-09-15,,100.58538055419922,0.4950859950859951,1.25,0.6130022323482037,1.2359948429949148,493
1393,Northbound NW 55th ST @ NW 14th AVE,29.6652366,-82.401446,9,76,none,12001001702,5.506141465480729,33.90179910044978,38.66749572753906,41.37106323242188,32,2026-06-02;2026-06-03;2026-06-10;2026-06-11;2026-06-18;2026-06-19;2026-06-26;2026-06-27;2026-07-05;2026-07-12;2026-07-13;2026-07-20;2026-07-21;2026-07-28;2026-07-29;2026-08-05;2026-08-06;2026-08-13;2026-08-14;2026-08-21;2026-08-22;2026-08-29;2026-08-30;2026-09-06;2026-09-15,,101.60149230957032,0.5921375921375921,1.5,0.6031615037616609,1.2335682885342856,494
1118,Arredondo Farms,29.600282,-82.418395,26,75,none,12001002220,6.800766283524904,16.68472372697725,37.28020368303572,40.64640808105469,35,2026-06-02;2026-06-03;2026-06-10;2026-06-11;2026-06-18;2026-06-19;2026-06-26;2026-06-27;2026-07-05;2026-07-12;2026-07-13;2026-07-20;2026-07-21;2026-07-28;2026-07-29;2026-08-05;2026-08-06;2026-08-13;2026-08-14;2026-08-21;2026-08-22;2026-08-29;2026-08-30;2026-09-06;2026-09-15,,99.1043666294643,0.3955773955773956,1.5,0.6293808725878798,1.230841053699989,495
1503,Southbound Metcalfe Elementary School,29.668457,-82.305884,13,26,unknown,12001000400,18.24006834686032,13.6077655941039,37.626655129825366,38.78189086914063,34,2026-06-02;2026-06-03;2026-06-10;2026-06-11;2026-06-18;2026-06-19;2026-06-26;2026-06-27;2026-07-05;2026-07-12;2026-07-13;2026-07-20;2026-07-21;2026-07-28;2026-07-29;2026-08-05;2026-08-06;2026-08-13;2026-08-14;2026-08-21;2026-08-22;2026-08-29;2026-08-30;2026-09-06;2026-09-15,,99.72797923368566,0.43243243243243246,1.25,0.8610551582440376,1.2283102305767317,496
1542,The Polos Southwest Entrance,29.613578,-82.359939,43,12,unknown,12001001517,11.43627262225645,5.445716267776621,36.96260579427084,40.17132568359375,36,2026-06-02;2026-06-03;2026-06-10;2026-06-11;2026-06-18;2026-06-19;2026-06-26;2026-06-27;2026-07-05;2026-07-12;2026-07-13;2026-07-20;2026-07-21;2026-07-28;2026-07-29;2026-08-05;2026-08-06;2026-08-13;2026-08-14;2026-08-21;2026-08-22;2026-08-29;2026-08-30;2026-09-06;2026-09-15,,98.53269042968752,0.3574938574938575,1.25,0.723261392022917,1.2230572087395064,497
1169,Northwood Pines Neighborhood,29.704958,-82.359975,30,"6,8",none,12001001202,0.5906123717749456,16.054477919933966,37.95375279017857,39.781646728515625,35,2026-06-02;2026-06-03;2026-06-10;2026-06-11;2026-06-18;2026-06-19;2026-06-26;2026-06-27;2026-07-05;2026-07-12;2026-07-13;2026-07-20;2026-07-21;2026-07-28;2026-07-29;2026-08-05;2026-08-06;2026-08-13;2026-08-14;2026-08-21;2026-08-22;2026-08-29;2026-08-30;2026-09-06;2026-09-15,,100.31675502232142,0.4705159705159705,1.5,0.5036098278725899,1.2205582131496249,498
590,Southbound SE 43rd Street @ E University Avenue,29.650918,-82.272493,17,11,unknown,12001000600,20.242214532871973,17.217034843999087,37.08298627068015,38.585357666015625,34,2026-06-02;2026-06-03;2026-06-10;2026-06-11;2026-06-18;2026-06-19;2026-06-26;2026-06-27;2026-07-05;2026-07-12;2026-07-13;2026-07-20;2026-07-21;2026-07-28;2026-07-29;2026-08-05;2026-08-06;2026-08-13;2026-08-14;2026-08-21;2026-08-22;2026-08-29;2026-08-30;2026-09-06;2026-09-15,,98.74937528722428,0.37346437346437344,1.25,0.901603592480261,1.2165459864847843,499
1384,Metrocorp Center,29.688822,-82.386074,9,55,none,12001001201,3.313696612665685,27.57630161579892,38.89985615498311,41.55221557617188,37,2026-06-02;2026-06-03;2026-06-10;2026-06-11;2026-06-18;2026-06-19;2026-06-26;2026-06-27;2026-07-05;2026-07-12;2026-07-13;2026-07-20;2026-07-21;2026-07-28;2026-07-29;2026-08-05;2026-08-06;2026-08-13;2026-08-14;2026-08-21;2026-08-22;2026-08-29;2026-08-30;2026-09-06;2026-09-15,,102.0197410789696,0.6277641277641277,1.5,0.558759048760106,1.2115128150074312,500
813,Kensington Apartments North,29.634123,-82.382798,73,"20,52",none,12001001522,15.617875056999544,3.28125,35.8590648754223,41.00872802734375,37,2026-06-02;2026-06-03;2026-06-10;2026-06-11;2026-06-18;2026-06-19;2026-06-26;2026-06-27;2026-07-05;2026-07-12;2026-07-13;2026-07-20;2026-07-21;2026-07-28;2026-07-29;2026-08-05;2026-08-06;2026-08-13;2026-08-14;2026-08-21;2026-08-22;2026-08-29;2026-08-30;2026-09-06;2026-09-15,,96.54631677576013,0.2321867321867322,1.5,0.8079492297601685,1.2111322270256317,501
482,University of Florida Energy Research,29.627895,-82.359309,145,"9,12,37",none,12001001515,9.41336971350614,5.387755102040816,35.87227608816964,38.988677978515625,35,2026-06-02;2026-06-03;2026-06-10;2026-06-11;2026-06-18;2026-06-19;2026-06-26;2026-06-27;2026-07-05;2026-07-12;2026-07-13;2026-07-20;2026-07-21;2026-07-28;2026-07-29;2026-08-05;2026-08-06;2026-08-13;2026-08-14;2026-08-21;2026-08-22;2026-08-29;2026-08-30;2026-09-06;2026-09-15,,96.57009695870536,0.23587223587223588,1.5,0.6822925825849184,1.2030467024123492,502
448,Westbound SW 40th Place @ NW 26th Terrace,29.613651,-82.360105,50,9,unknown,12001001516,8.51472471190781,5.001866368047779,37.051361083984375,40.17132568359375,32,2026-06-02;2026-06-03;2026-06-10;2026-06-11;2026-06-18;2026-06-19;2026-06-26;2026-06-27;2026-07-05;2026-07-12;2026-07-13;2026-07-20;2026-07-21;2026-07-28;2026-07-29;2026-08-05;2026-08-06;2026-08-13;2026-08-14;2026-08-21;2026-08-22;2026-08-29;2026-08-30;2026-09-06;2026-09-15,,98.69244995117188,0.36855036855036855,1.25,0.6640927887818456,1.2029009748647923,503
764,Gainesville Shopping Center South,29.661585,-82.324594,23,15,unknown,12001000301,14.08811475409836,9.192399049881235,37.23376813616071,41.41891479492188,35,2026-06-02;2026-06-03;2026-06-10;2026-06-11;2026-06-18;2026-06-19;2026-06-26;2026-06-27;2026-07-05;2026-07-12;2026-07-13;2026-07-20;2026-07-21;2026-07-28;2026-07-29;2026-08-05;2026-08-06;2026-08-13;2026-08-14;2026-08-21;2026-08-22;2026-08-29;2026-08-30;2026-09-06;2026-09-15,,99.02078264508928,0.3894348894348894,1.25,0.7769677832140807,1.2020129058993339,504
1439,Cohens Temple,29.655976,-82.305789,14,3,none,12001000600,20.242214532871973,17.217034843999087,36.65871233258929,37.611236572265625,35,2026-06-02;2026-06-03;2026-06-10;2026-06-11;2026-06-18;2026-06-19;2026-06-26;2026-06-27;2026-07-05;2026-07-12;2026-07-13;2026-07-20;2026-07-21;2026-07-28;2026-07-29;2026-08-05;2026-08-06;2026-08-13;2026-08-14;2026-08-21;2026-08-22;2026-08-29;2026-08-30;2026-09-06;2026-09-15,,97.98568219866073,0.32678132678132676,1.5,0.901603592480261,1.1967979461699356,505
342,Alachua County Sheriffs Department,29.644039,-82.291375,14,7,unknown,12001000600,20.242214532871973,17.217034843999087,37.254038783482144,39.518463134765625,35,2026-06-02;2026-06-03;2026-06-10;2026-06-11;2026-06-18;2026-06-19;2026-06-26;2026-06-27;2026-07-05;2026-07-12;2026-07-13;2026-07-20;2026-07-21;2026-07-28;2026-07-29;2026-08-05;2026-08-06;2026-08-13;2026-08-14;2026-08-21;2026-08-22;2026-08-29;2026-08-30;2026-09-06;2026-09-15,,99.05726981026785,0.3918918918918919,1.25,0.901603592480261,1.1960480727700797,506
6,720 SW 2nd Ave,29.650335,-82.33279,42,1,none,12001000201,21.14384748700173,1.9492808478425436,35.83775111607143,37.7581787109375,35,2026-06-02;2026-06-03;2026-06-10;2026-06-11;2026-06-18;2026-06-19;2026-06-26;2026-06-27;2026-07-05;2026-07-12;2026-07-13;2026-07-20;2026-07-21;2026-07-28;2026-07-29;2026-08-05;2026-08-06;2026-08-13;2026-08-14;2026-08-21;2026-08-22;2026-08-29;2026-08-30;2026-09-06;2026-09-15,,96.50795200892858,0.22972972972972974,1.5,0.9198638997451218,1.192225692657621,507
326,Eastwood Meadows,29.642434,-82.271473,28,7,unknown,12001001400,3.571428571428571,15.002627430373094,38.14010081571691,40.079010009765625,34,2026-06-02;2026-06-03;2026-06-10;2026-06-11;2026-06-18;2026-06-19;2026-06-26;2026-06-27;2026-07-05;2026-07-12;2026-07-13;2026-07-20;2026-07-21;2026-07-28;2026-07-29;2026-08-05;2026-08-06;2026-08-13;2026-08-14;2026-08-21;2026-08-22;2026-08-29;2026-08-30;2026-09-06;2026-09-15,,100.65218146829044,0.5012285012285013,1.25,0.5639787612134148,1.1898433645279893,508
983,Millhopper Pines Apartments,29.670619,-82.38885,14,43,none,12001001702,5.506141465480729,33.90179910044978,38.03143484933036,41.77095031738281,35,2026-06-02;2026-06-03;2026-06-10;2026-06-11;2026-06-18;2026-06-19;2026-06-26;2026-06-27;2026-07-05;2026-07-12;2026-07-13;2026-07-20;2026-07-21;2026-07-28;2026-07-29;2026-08-05;2026-08-06;2026-08-13;2026-08-14;2026-08-21;2026-08-22;2026-08-29;2026-08-30;2026-09-06;2026-09-15,,100.45658272879464,0.48157248157248156,1.5,0.6031615037616609,1.1798946920842994,509
1395,Southbound NW 55th ST @ NW 9th LN,29.6602377,-82.4015993,9,76,unknown,12001001702,5.506141465480729,33.90179910044978,39.31548897879464,41.42575073242188,35,2026-06-02;2026-06-03;2026-06-10;2026-06-11;2026-06-18;2026-06-19;2026-06-26;2026-06-27;2026-07-05;2026-07-12;2026-07-13;2026-07-20;2026-07-21;2026-07-28;2026-07-29;2026-08-05;2026-08-06;2026-08-13;2026-08-14;2026-08-21;2026-08-22;2026-08-29;2026-08-30;2026-09-06;2026-09-15,,102.76788016183035,0.6769041769041769,1.25,0.6031615037616609,1.1751316164979106,510
1428,FDOT Operations Center,29.673438,-82.263966,9,26,none,12001001400,3.571428571428571,15.002627430373094,38.708911792652025,41.02239990234375,37,2026-06-02;2026-06-03;2026-06-10;2026-06-11;2026-06-18;2026-06-19;2026-06-26;2026-06-27;2026-07-05;2026-07-12;2026-07-13;2026-07-20;2026-07-21;2026-07-28;2026-07-29;2026-08-05;2026-08-06;2026-08-13;2026-08-14;2026-08-21;2026-08-22;2026-08-29;2026-08-30;2026-09-06;2026-09-15,,101.67604122677365,0.6007371007371007,1.5,0.5639787612134148,1.1701839880760583,511
346,Westbound E University Avenue @ SE 21st Street,29.652022,-82.297479,14,7,none,12001000600,20.242214532871973,17.217034843999087,36.60966159986413,37.74964904785156,23,2026-06-02;2026-06-03;2026-06-10;2026-06-11;2026-06-18;2026-06-19;2026-06-26;2026-06-27;2026-07-05;2026-07-12;2026-07-13;2026-07-20;2026-07-21;2026-07-28;2026-07-29;2026-08-05;2026-08-06;2026-08-13;2026-08-14;2026-08-21;2026-08-22;2026-08-29;2026-08-30;2026-09-06;2026-09-15,,97.89739087975543,0.3194103194103194,1.5,0.901603592480261,1.169802503775125,512
1502,Northbound Metcalfe Elementary School,29.668285,-82.305747,13,26,unknown,12001000400,18.24006834686032,13.6077655941039,37.4219970703125,38.63833618164063,36,2026-06-02;2026-06-03;2026-06-10;2026-06-11;2026-06-18;2026-06-19;2026-06-26;2026-06-27;2026-07-05;2026-07-12;2026-07-13;2026-07-20;2026-07-21;2026-07-28;2026-07-29;2026-08-05;2026-08-06;2026-08-13;2026-08-14;2026-08-21;2026-08-22;2026-08-29;2026-08-30;2026-09-06;2026-09-15,,99.3595947265625,0.41154791154791154,1.25,0.8610551582440376,1.1689884296681963,513
795,The Retreat Apartments,29.636485,-82.33557,24,17,unknown,12001000808,7.1806945261918775,3.871439006574142,37.745550537109374,38.493072509765625,10,2026-06-02;2026-06-03;2026-06-10;2026-06-11;2026-06-18;2026-06-19;2026-06-26;2026-06-27;2026-07-05;2026-07-12;2026-07-13;2026-07-20;2026-07-21;2026-07-28;2026-07-29;2026-08-05;2026-08-06;2026-08-13;2026-08-14;2026-08-21;2026-08-22;2026-08-29;2026-08-30;2026-09-06;2026-09-15,,99.94199096679687,0.45085995085995084,1.25,0.6370753633647764,1.1557042387464975,514
714,Boulware Charter School,29.673735,-82.308331,23,15,unknown,12001000400,18.24006834686032,13.6077655941039,36.77608235677084,37.806060791015625,36,2026-06-02;2026-06-03;2026-06-10;2026-06-11;2026-06-18;2026-06-19;2026-06-26;2026-06-27;2026-07-05;2026-07-12;2026-07-13;2026-07-20;2026-07-21;2026-07-28;2026-07-29;2026-08-05;2026-08-06;2026-08-13;2026-08-14;2026-08-21;2026-08-22;2026-08-29;2026-08-30;2026-09-06;2026-09-15,,98.19694824218752,0.33783783783783783,1.25,0.8610551582440376,1.1556079576851013,515
682,Budget Inn,29.611868,-82.341109,60,13,none,12001002101,0.5649717514124294,30.800405268490376,37.08006417410714,38.855377197265625,35,2026-06-02;2026-06-03;2026-06-10;2026-06-11;2026-06-18;2026-06-19;2026-06-26;2026-06-27;2026-07-05;2026-07-12;2026-07-13;2026-07-20;2026-07-21;2026-07-28;2026-07-29;2026-08-05;2026-08-06;2026-08-13;2026-08-14;2026-08-21;2026-08-22;2026-08-29;2026-08-30;2026-09-06;2026-09-15,,98.74411551339286,0.37223587223587223,1.5,0.5030905416107727,1.1547548272529815,516
1396,Eastbound SW 24th Ave @ Majestic Oaks,29.64007,-82.405336,21,"52,76",none,12001002217,15.908324907313784,7.102560393461594,36.47226291232639,41.67184448242188,18,2026-06-02;2026-06-03;2026-06-10;2026-06-11;2026-06-18;2026-06-19;2026-06-26;2026-06-27;2026-07-05;2026-07-12;2026-07-13;2026-07-20;2026-07-21;2026-07-28;2026-07-29;2026-08-05;2026-08-06;2026-08-13;2026-08-14;2026-08-21;2026-08-22;2026-08-29;2026-08-30;2026-09-06;2026-09-15,,97.65007324218752,0.3058968058968059,1.5,0.8138315607990667,1.1542654573228766,517
394,Family Dollar @ NW 34th Street,29.700757,-82.36939,16,8,none,12001001202,0.5906123717749456,16.054477919933966,38.38465118408203,40.59686279296875,32,2026-06-02;2026-06-03;2026-06-10;2026-06-11;2026-06-18;2026-06-19;2026-06-26;2026-06-27;2026-07-05;2026-07-12;2026-07-13;2026-07-20;2026-07-21;2026-07-28;2026-07-29;2026-08-05;2026-08-06;2026-08-13;2026-08-14;2026-08-21;2026-08-22;2026-08-29;2026-08-30;2026-09-06;2026-09-15,,101.09237213134766,0.5393120393120393,1.5,0.5036098278725899,1.1542631998288504,518
419,NW 39th Avenue @ NW 34th Street,29.688514,-82.371275,26,"8,55",none,12001001202,0.5906123717749456,16.054477919933966,37.857981962316174,38.821197509765625,34,2026-06-02;2026-06-03;2026-06-10;2026-06-11;2026-06-18;2026-06-19;2026-06-26;2026-06-27;2026-07-05;2026-07-12;2026-07-13;2026-07-20;2026-07-21;2026-07-28;2026-07-29;2026-08-05;2026-08-06;2026-08-13;2026-08-14;2026-08-21;2026-08-22;2026-08-29;2026-08-30;2026-09-06;2026-09-15,,100.14436753216911,0.4619164619164619,1.5,0.5036098278725899,1.1500443881406646,519
380,Kiwanis Park,29.685625,-82.351484,16,8,unknown,12001001203,5.620753551575047,12.678288431061809,38.36646185980903,40.40032958984375,36,2026-06-02;2026-06-03;2026-06-10;2026-06-11;2026-06-18;2026-06-19;2026-06-26;2026-06-27;2026-07-05;2026-07-12;2026-07-13;2026-07-20;2026-07-21;2026-07-28;2026-07-29;2026-08-05;2026-08-06;2026-08-13;2026-08-14;2026-08-21;2026-08-22;2026-08-29;2026-08-30;2026-09-06;2026-09-15,,101.05963134765625,0.5343980343980343,1.25,0.6054826832380354,1.145924145760227,520
398,Sorrento New Home Community,29.703231,-82.353051,14,6,none,12001001202,0.5906123717749456,16.054477919933966,38.49079386393229,39.241607666015625,3,2026-06-02;2026-06-03;2026-06-10;2026-06-11;2026-06-18;2026-06-19;2026-06-26;2026-06-27;2026-07-05;2026-07-12;2026-07-13;2026-07-20;2026-07-21;2026-07-28;2026-07-29;2026-08-05;2026-08-06;2026-08-13;2026-08-14;2026-08-21;2026-08-22;2026-08-29;2026-08-30;2026-09-06;2026-09-15,,101.28342895507812,0.5565110565110565,1.5,0.5036098278725899,1.1384552490078863,521
427,Altrusa House of Gainesville,29.685773,-82.349537,17,8,none,12001001203,5.620753551575047,12.678288431061809,37.64102935791016,38.489654541015625,32,2026-06-02;2026-06-03;2026-06-10;2026-06-11;2026-06-18;2026-06-19;2026-06-26;2026-06-27;2026-07-05;2026-07-12;2026-07-13;2026-07-20;2026-07-21;2026-07-28;2026-07-29;2026-08-05;2026-08-06;2026-08-13;2026-08-14;2026-08-21;2026-08-22;2026-08-29;2026-08-30;2026-09-06;2026-09-15,,99.7538528442383,0.43366093366093367,1.5,0.6054826832380354,1.1384055161735043,522
1440,Mt. Olive Primitive Baptist Church,29.656032,-82.305922,14,3,none,12001000600,20.242214532871973,17.217034843999087,36.5257667335304,37.611236572265625,37,2026-06-02;2026-06-03;2026-06-10;2026-06-11;2026-06-18;2026-06-19;2026-06-26;2026-06-27;2026-07-05;2026-07-12;2026-07-13;2026-07-20;2026-07-21;2026-07-28;2026-07-29;2026-08-05;2026-08-06;2026-08-13;2026-08-14;2026-08-21;2026-08-22;2026-08-29;2026-08-30;2026-09-06;2026-09-15,,97.74638012035473,0.3108108108108108,1.5,0.901603592480261,1.1383078209811794,523
162,Tire Kingdom @ Newberry Road,29.653808,-82.384512,34,"5,43",unknown,12001001605,5.992043759323719,8.548422678138099,37.44232388200431,43.91744995117188,29,2026-06-02;2026-06-03;2026-06-10;2026-06-11;2026-06-18;2026-06-19;2026-06-26;2026-06-27;2026-07-05;2026-07-12;2026-07-13;2026-07-20;2026-07-21;2026-07-28;2026-07-29;2026-08-05;2026-08-06;2026-08-13;2026-08-14;2026-08-21;2026-08-22;2026-08-29;2026-08-30;2026-09-06;2026-09-15,,99.39618298760776,0.4176904176904177,1.25,0.6130022323482037,1.1379120722958778,524
316,SE 35th St @ SE 21st Avenue,29.632543,-82.280937,14,7,unknown,12001000700,12.61942675159236,21.483491632745363,37.736117892795136,40.23625183105469,36,2026-06-02;2026-06-03;2026-06-10;2026-06-11;2026-06-18;2026-06-19;2026-06-26;2026-06-27;2026-07-05;2026-07-12;2026-07-13;2026-07-20;2026-07-21;2026-07-28;2026-07-29;2026-08-05;2026-08-06;2026-08-13;2026-08-14;2026-08-21;2026-08-22;2026-08-29;2026-08-30;2026-09-06;2026-09-15,,99.92501220703124,0.44963144963144963,1.25,0.7472232024740616,1.1372966329921559,525
188,Regal Royal Park Stadium 16,29.652001,-82.380226,34,"5,43",none,12001001605,5.992043759323719,8.548422678138099,36.84194946289063,37.32240295410156,8,2026-06-02;2026-06-03;2026-06-10;2026-06-11;2026-06-18;2026-06-19;2026-06-26;2026-06-27;2026-07-05;2026-07-12;2026-07-13;2026-07-20;2026-07-21;2026-07-28;2026-07-29;2026-08-05;2026-08-06;2026-08-13;2026-08-14;2026-08-21;2026-08-22;2026-08-29;2026-08-30;2026-09-06;2026-09-15,,98.31550903320314,0.3464373464373464,1.5,0.6130022323482037,1.1325571919556618,526
381,Altrusa House of Gainesville,29.685711,-82.349514,16,8,none,12001001203,5.620753551575047,12.678288431061809,37.64804159628378,38.489654541015625,37,2026-06-02;2026-06-03;2026-06-10;2026-06-11;2026-06-18;2026-06-19;2026-06-26;2026-06-27;2026-07-05;2026-07-12;2026-07-13;2026-07-20;2026-07-21;2026-07-28;2026-07-29;2026-08-05;2026-08-06;2026-08-13;2026-08-14;2026-08-21;2026-08-22;2026-08-29;2026-08-30;2026-09-06;2026-09-15,,99.76647487331081,0.43611793611793614,1.5,0.6054826832380354,1.1222153703307052,527
529,First Church of the Nazarene,29.673993,-82.396932,20,10,none,12001001702,5.506141465480729,33.90179910044978,37.39141845703125,40.76092529296875,36,2026-06-02;2026-06-03;2026-06-10;2026-06-11;2026-06-18;2026-06-19;2026-06-26;2026-06-27;2026-07-05;2026-07-12;2026-07-13;2026-07-20;2026-07-21;2026-07-28;2026-07-29;2026-08-05;2026-08-06;2026-08-13;2026-08-14;2026-08-21;2026-08-22;2026-08-29;2026-08-30;2026-09-06;2026-09-15,,99.30455322265625,0.40663390663390664,1.5,0.6031615037616609,1.1200763886062433,528
84,Northbound SE 15th Street @ SE 13th Place,29.639045,-82.305796,14,7,none,12001000700,12.61942675159236,21.483491632745363,37.00161743164063,38.134185791015625,20,2026-06-02;2026-06-03;2026-06-10;2026-06-11;2026-06-18;2026-06-19;2026-06-26;2026-06-27;2026-07-05;2026-07-12;2026-07-13;2026-07-20;2026-07-21;2026-07-28;2026-07-29;2026-08-05;2026-08-06;2026-08-13;2026-08-14;2026-08-21;2026-08-22;2026-08-29;2026-08-30;2026-09-06;2026-09-15,,98.60291137695313,0.36732186732186733,1.5,0.7472232024740616,1.1149235844742773,529
461,University Club Apartments,29.625831,-82.356333,146,"9,12,37",none,12001110800,12.026726057906458,40.537989617744216,35.627529568142364,42.93820190429688,36,2026-06-02;2026-06-03;2026-06-10;2026-06-11;2026-06-18;2026-06-19;2026-06-26;2026-06-27;2026-07-05;2026-07-12;2026-07-13;2026-07-20;2026-07-21;2026-07-28;2026-07-29;2026-08-05;2026-08-06;2026-08-13;2026-08-14;2026-08-21;2026-08-22;2026-08-29;2026-08-30;2026-09-06;2026-09-15,,96.12955322265626,0.20147420147420148,1.5,0.7352195409694231,1.1088324750612002,530
1001,Santa Fe College @ NW 83rd Street,29.680709,-82.430392,23,"43,55",none,12001001701,17.254556143445033,28.263455248290214,36.15659825942095,38.39224243164063,34,2026-06-02;2026-06-03;2026-06-10;2026-06-11;2026-06-18;2026-06-19;2026-06-26;2026-06-27;2026-07-05;2026-07-12;2026-07-13;2026-07-20;2026-07-21;2026-07-28;2026-07-29;2026-08-05;2026-08-06;2026-08-13;2026-08-14;2026-08-21;2026-08-22;2026-08-29;2026-08-30;2026-09-06;2026-09-15,,97.08187686695771,0.2764127764127764,1.5,0.8410960877983454,1.1082971955619088,531
228,Northbound NW 6th Street @ NW 33rd Avenue,29.6828388,-82.3306709,9,55,unknown,12001000302,11.592076302274394,26.838966202783297,38.31395806206597,39.92863464355469,36,2026-06-02;2026-06-03;2026-06-10;2026-06-11;2026-06-18;2026-06-19;2026-06-26;2026-06-27;2026-07-05;2026-07-12;2026-07-13;2026-07-20;2026-07-21;2026-07-28;2026-07-29;2026-08-05;2026-08-06;2026-08-13;2026-08-14;2026-08-21;2026-08-22;2026-08-29;2026-08-30;2026-09-06;2026-09-15,,100.96512451171876,0.5257985257985258,1.25,0.7264168036092977,1.0993372595341113,532
389,Westbound NW 39th Avenue @ NW 31st Street,29.68873,-82.368603,25,"8,55",none,12001001202,0.5906123717749456,16.054477919933966,37.70693487870066,38.363189697265625,19,2026-06-02;2026-06-03;2026-06-10;2026-06-11;2026-06-18;2026-06-19;2026-06-26;2026-06-27;2026-07-05;2026-07-12;2026-07-13;2026-07-20;2026-07-21;2026-07-28;2026-07-29;2026-08-05;2026-08-06;2026-08-13;2026-08-14;2026-08-21;2026-08-22;2026-08-29;2026-08-30;2026-09-06;2026-09-15,,99.87248278166119,0.44348894348894347,1.5,0.5036098278725899,1.0915212653266695,533
1505,Planned Furnishings,29.65192,-82.330772,14,6,unknown,12001000500,10.72961373390558,13.34805299076676,37.752404106987846,41.29241943359375,36,2026-06-02;2026-06-03;2026-06-10;2026-06-11;2026-06-18;2026-06-19;2026-06-26;2026-06-27;2026-07-05;2026-07-12;2026-07-13;2026-07-20;2026-07-21;2026-07-28;2026-07-29;2026-08-05;2026-08-06;2026-08-13;2026-08-14;2026-08-21;2026-08-22;2026-08-29;2026-08-30;2026-09-06;2026-09-15,,99.95432739257812,0.4520884520884521,1.25,0.7089497939678231,1.0849397429704295,534
308,Eastbound Hawthorne Road @ SE 26th Street,29.643847,-82.291551,14,7,unknown,12001000700,12.61942675159236,21.483491632745363,37.56341911764706,40.068756103515625,34,2026-06-02;2026-06-03;2026-06-10;2026-06-11;2026-06-18;2026-06-19;2026-06-26;2026-06-27;2026-07-05;2026-07-12;2026-07-13;2026-07-20;2026-07-21;2026-07-28;2026-07-29;2026-08-05;2026-08-06;2026-08-13;2026-08-14;2026-08-21;2026-08-22;2026-08-29;2026-08-30;2026-09-06;2026-09-15,,99.6141544117647,0.42874692874692877,1.25,0.7472232024740616,1.0844713795471652,535
1004,Windsor Assisted Living,29.685793,-82.430225,23,"43,55",none,12001001701,17.254556143445033,28.263455248290214,36.1284408569336,41.05828857421875,32,2026-06-02;2026-06-03;2026-06-10;2026-06-11;2026-06-18;2026-06-19;2026-06-26;2026-06-27;2026-07-05;2026-07-12;2026-07-13;2026-07-20;2026-07-21;2026-07-28;2026-07-29;2026-08-05;2026-08-06;2026-08-13;2026-08-14;2026-08-21;2026-08-22;2026-08-29;2026-08-30;2026-09-06;2026-09-15,,97.03119354248048,0.2702702702702703,1.5,0.8410960877983454,1.0836683689938664,536
488,Countryside at the University Apartments,29.615981,-82.355414,50,9,unknown,12001001516,8.51472471190781,5.001866368047779,36.675265066964286,38.18885803222656,35,2026-06-02;2026-06-03;2026-06-10;2026-06-11;2026-06-18;2026-06-19;2026-06-26;2026-06-27;2026-07-05;2026-07-12;2026-07-13;2026-07-20;2026-07-21;2026-07-28;2026-07-29;2026-08-05;2026-08-06;2026-08-13;2026-08-14;2026-08-21;2026-08-22;2026-08-29;2026-08-30;2026-09-06;2026-09-15,,98.01547712053572,0.32800982800982803,1.25,0.6640927887818456,1.0705818676296652,537
909,Episcopal Children's Services,29.656544,-82.308494,13,26,unknown,12001000500,10.72961373390558,13.34805299076676,37.799903663429056,39.53726196289063,37,2026-06-02;2026-06-03;2026-06-10;2026-06-11;2026-06-18;2026-06-19;2026-06-26;2026-06-27;2026-07-05;2026-07-12;2026-07-13;2026-07-20;2026-07-21;2026-07-28;2026-07-29;2026-08-05;2026-08-06;2026-08-13;2026-08-14;2026-08-21;2026-08-22;2026-08-29;2026-08-30;2026-09-06;2026-09-15,,100.0398265941723,0.45454545454545453,1.25,0.7089497939678231,1.0630449716477335,538
695,Oakbrook Walk Condominiums,29.6383072,-82.3392012,84,"13,17",none,12001000806,18.91348088531187,5.931198102016608,35.42470703125,39.08267211914063,35,2026-06-02;2026-06-03;2026-06-10;2026-06-11;2026-06-18;2026-06-19;2026-06-26;2026-06-27;2026-07-05;2026-07-12;2026-07-13;2026-07-20;2026-07-21;2026-07-28;2026-07-29;2026-08-05;2026-08-06;2026-08-13;2026-08-14;2026-08-21;2026-08-22;2026-08-29;2026-08-30;2026-09-06;2026-09-15,,95.76447265625,0.18181818181818182,1.5,0.8746934351191369,1.0598066968843267,539
390,NW 39th Avenue @ NW 34th Street,29.68876,-82.371579,25,"8,55",none,12001001202,0.5906123717749456,16.054477919933966,37.57252771714155,38.144439697265625,34,2026-06-02;2026-06-03;2026-06-10;2026-06-11;2026-06-18;2026-06-19;2026-06-26;2026-06-27;2026-07-05;2026-07-12;2026-07-13;2026-07-20;2026-07-21;2026-07-28;2026-07-29;2026-08-05;2026-08-06;2026-08-13;2026-08-14;2026-08-21;2026-08-22;2026-08-29;2026-08-30;2026-09-06;2026-09-15,,99.63054989085478,0.42997542997543,1.5,0.5036098278725899,1.0582616145826436,540
277,NW 6th Street @ NW 19th Lane,29.670009,-82.330932,23,"6,55",unknown,12001000301,14.08811475409836,9.192399049881235,36.7794677734375,38.523834228515625,35,2026-06-02;2026-06-03;2026-06-10;2026-06-11;2026-06-18;2026-06-19;2026-06-26;2026-06-27;2026-07-05;2026-07-12;2026-07-13;2026-07-20;2026-07-21;2026-07-28;2026-07-29;2026-08-05;2026-08-06;2026-08-13;2026-08-14;2026-08-21;2026-08-22;2026-08-29;2026-08-30;2026-09-06;2026-09-15,,98.20304199218751,0.33906633906633904,1.25,0.7769677832140807,1.0465475142845935,541
560,Northbound NE 9th Street @ NE 8th Avenue,29.658987,-82.314705,17,11,unknown,12001000500,10.72961373390558,13.34805299076676,37.39711565290179,38.08462524414063,35,2026-06-02;2026-06-03;2026-06-10;2026-06-11;2026-06-18;2026-06-19;2026-06-26;2026-06-27;2026-07-05;2026-07-12;2026-07-13;2026-07-20;2026-07-21;2026-07-28;2026-07-29;2026-08-05;2026-08-06;2026-08-13;2026-08-14;2026-08-21;2026-08-22;2026-08-29;2026-08-30;2026-09-06;2026-09-15,,99.31480817522322,0.40786240786240785,1.25,0.7089497939678231,1.0447030857913069,542
856,UF Health Family Medicine Eastside Northbound,29.655015,-82.309276,13,26,unknown,12001000600,20.242214532871973,17.217034843999087,36.8573428883272,41.04803466796875,34,2026-06-02;2026-06-03;2026-06-10;2026-06-11;2026-06-18;2026-06-19;2026-06-26;2026-06-27;2026-07-05;2026-07-12;2026-07-13;2026-07-20;2026-07-21;2026-07-28;2026-07-29;2026-08-05;2026-08-06;2026-08-13;2026-08-14;2026-08-21;2026-08-22;2026-08-29;2026-08-30;2026-09-06;2026-09-15,,98.34321719898897,0.3488943488943489,1.25,0.901603592480261,1.0376918514073474,543
585,Eastbound SE 25th Terrace @ E University Avenue,29.651786,-82.291256,17,11,unknown,12001000600,20.242214532871973,17.217034843999087,36.578643798828125,39.422760009765625,36,2026-06-02;2026-06-03;2026-06-10;2026-06-11;2026-06-18;2026-06-19;2026-06-26;2026-06-27;2026-07-05;2026-07-12;2026-07-13;2026-07-20;2026-07-21;2026-07-28;2026-07-29;2026-08-05;2026-08-06;2026-08-13;2026-08-14;2026-08-21;2026-08-22;2026-08-29;2026-08-30;2026-09-06;2026-09-15,,97.84155883789063,0.31695331695331697,1.25,0.901603592480261,1.032463370108797,544
801,UF Bat Houses,29.643222,-82.363619,99,"20,118",none,12001000901,49.78902953586498,0.0,34.42260044642857,35.81504821777344,35,2026-06-02;2026-06-03;2026-06-10;2026-06-11;2026-06-18;2026-06-19;2026-06-26;2026-06-27;2026-07-05;2026-07-12;2026-07-13;2026-07-20;2026-07-21;2026-07-28;2026-07-29;2026-08-05;2026-08-06;2026-08-13;2026-08-14;2026-08-21;2026-08-22;2026-08-29;2026-08-30;2026-09-06;2026-09-15,,93.96068080357142,0.09950859950859951,1.5,1.5,1.0310715803394714,545
4,The Continuum,29.650325,-82.329674,42,1,unknown,12001000500,10.72961373390558,13.34805299076676,36.501220703125,39.18862915039063,36,2026-06-02;2026-06-03;2026-06-10;2026-06-11;2026-06-18;2026-06-19;2026-06-26;2026-06-27;2026-07-05;2026-07-12;2026-07-13;2026-07-20;2026-07-21;2026-07-28;2026-07-29;2026-08-05;2026-08-06;2026-08-13;2026-08-14;2026-08-21;2026-08-22;2026-08-29;2026-08-30;2026-09-06;2026-09-15,,97.702197265625,0.3083538083538084,1.25,0.7089497939678231,1.0277825765053266,546
829,Forest View Apartments,29.641553,-82.398379,95,"20,23,76",unknown,12001001605,5.992043759323719,8.548422678138099,36.30838267008463,39.303131103515625,6,2026-06-02;2026-06-03;2026-06-10;2026-06-11;2026-06-18;2026-06-19;2026-06-26;2026-06-27;2026-07-05;2026-07-12;2026-07-13;2026-07-20;2026-07-21;2026-07-28;2026-07-29;2026-08-05;2026-08-06;2026-08-13;2026-08-14;2026-08-21;2026-08-22;2026-08-29;2026-08-30;2026-09-06;2026-09-15,,97.35508880615234,0.2936117936117936,1.25,0.6130022323482037,1.0268909639275807,547
1002,Santa Fe College @ NW 83rd Street (Northbound),29.68061,-82.43027,23,"43,55",none,12001001701,17.254556143445033,28.263455248290214,35.98162841796875,38.39224243164063,36,2026-06-02;2026-06-03;2026-06-10;2026-06-11;2026-06-18;2026-06-19;2026-06-26;2026-06-27;2026-07-05;2026-07-12;2026-07-13;2026-07-20;2026-07-21;2026-07-28;2026-07-29;2026-08-05;2026-08-06;2026-08-13;2026-08-14;2026-08-21;2026-08-22;2026-08-29;2026-08-30;2026-09-06;2026-09-15,,96.76693115234374,0.2542997542997543,1.5,0.8410960877983454,1.0196334199169563,548
1379,Westbound NW 39th AVE @ NW 10th ST,29.688624,-82.335082,9,55,none,12001000302,11.592076302274394,26.838966202783297,37.3746337890625,38.154693603515625,32,2026-06-02;2026-06-03;2026-06-10;2026-06-11;2026-06-18;2026-06-19;2026-06-26;2026-06-27;2026-07-05;2026-07-12;2026-07-13;2026-07-20;2026-07-21;2026-07-28;2026-07-29;2026-08-05;2026-08-06;2026-08-13;2026-08-14;2026-08-21;2026-08-22;2026-08-29;2026-08-30;2026-09-06;2026-09-15,,99.2743408203125,0.40540540540540543,1.5,0.7264168036092977,1.0171438195689442,549
581,Southbound NE 25th Street @ NE 3rd Place,29.654395,-82.292408,17,11,unknown,12001000600,20.242214532871973,17.217034843999087,36.52898406982422,37.419830322265625,32,2026-06-02;2026-06-03;2026-06-10;2026-06-11;2026-06-18;2026-06-19;2026-06-26;2026-06-27;2026-07-05;2026-07-12;2026-07-13;2026-07-20;2026-07-21;2026-07-28;2026-07-29;2026-08-05;2026-08-06;2026-08-13;2026-08-14;2026-08-21;2026-08-22;2026-08-29;2026-08-30;2026-09-06;2026-09-15,,97.75217132568359,0.31203931203931207,1.25,0.901603592480261,1.0164561860761028,550
1394,Southbound NW 55th ST @ NW 14th AVE,29.6652863,-82.4016127,9,76,none,12001001702,5.506141465480729,33.90179910044978,38.0824436497044,41.17962646484375,37,2026-06-02;2026-06-03;2026-06-10;2026-06-11;2026-06-18;2026-06-19;2026-06-26;2026-06-27;2026-07-05;2026-07-12;2026-07-13;2026-07-20;2026-07-21;2026-07-28;2026-07-29;2026-08-05;2026-08-06;2026-08-13;2026-08-14;2026-08-21;2026-08-22;2026-08-29;2026-08-30;2026-09-06;2026-09-15,,100.54839856946792,0.4877149877149877,1.5,0.6031615037616609,1.0160303123404801,551
978,Lenox Place Apartments,29.660922,-82.388936,14,43,none,12001001702,5.506141465480729,33.90179910044978,37.42455376519097,41.85983276367188,36,2026-06-02;2026-06-03;2026-06-10;2026-06-11;2026-06-18;2026-06-19;2026-06-26;2026-06-27;2026-07-05;2026-07-12;2026-07-13;2026-07-20;2026-07-21;2026-07-28;2026-07-29;2026-08-05;2026-08-06;2026-08-13;2026-08-14;2026-08-21;2026-08-22;2026-08-29;2026-08-30;2026-09-06;2026-09-15,,99.36419677734375,0.41277641277641275,1.5,0.6031615037616609,1.011338307500828,552
429,Glen Springs Apartments,29.682891,-82.351573,17,8,none,12001001202,0.5906123717749456,16.054477919933966,37.87363083298142,40.51654052734375,37,2026-06-02;2026-06-03;2026-06-10;2026-06-11;2026-06-18;2026-06-19;2026-06-26;2026-06-27;2026-07-05;2026-07-12;2026-07-13;2026-07-20;2026-07-21;2026-07-28;2026-07-29;2026-08-05;2026-08-06;2026-08-13;2026-08-14;2026-08-21;2026-08-22;2026-08-29;2026-08-30;2026-09-06;2026-09-15,,100.17253549936655,0.4631449631449631,1.5,0.5036098278725899,1.0112443453059023,553
334,Southbound SE 35th Street @ SE 20th Avenue,29.63276,-82.28088,14,7,unknown,12001000700,12.61942675159236,21.483491632745363,37.30387589738176,39.798736572265625,37,2026-06-02;2026-06-03;2026-06-10;2026-06-11;2026-06-18;2026-06-19;2026-06-26;2026-06-27;2026-07-05;2026-07-12;2026-07-13;2026-07-20;2026-07-21;2026-07-28;2026-07-29;2026-08-05;2026-08-06;2026-08-13;2026-08-14;2026-08-21;2026-08-22;2026-08-29;2026-08-30;2026-09-06;2026-09-15,,99.14697661528717,0.39926289926289926,1.25,0.7472232024740616,1.0098945511542368,554
1124,Dogwood Dog Park,29.609276,-82.40128,26,75,none,12001002220,6.800766283524904,16.68472372697725,36.644112723214285,42.17428588867188,35,2026-06-02;2026-06-03;2026-06-10;2026-06-11;2026-06-18;2026-06-19;2026-06-26;2026-06-27;2026-07-05;2026-07-12;2026-07-13;2026-07-20;2026-07-21;2026-07-28;2026-07-29;2026-08-05;2026-08-06;2026-08-13;2026-08-14;2026-08-21;2026-08-22;2026-08-29;2026-08-30;2026-09-06;2026-09-15,,97.95940290178571,0.3230958230958231,1.5,0.6293808725878798,1.0053142767798047,555
723,Highland Court,29.688502,-82.310905,23,15,none,12001001902,16.82586333578251,25.576208178438662,35.97096121651786,38.011138916015625,35,2026-06-02;2026-06-03;2026-06-10;2026-06-11;2026-06-18;2026-06-19;2026-06-26;2026-06-27;2026-07-05;2026-07-12;2026-07-13;2026-07-20;2026-07-21;2026-07-28;2026-07-29;2026-08-05;2026-08-06;2026-08-13;2026-08-14;2026-08-21;2026-08-22;2026-08-29;2026-08-30;2026-09-06;2026-09-15,,96.74773018973215,0.25307125307125306,1.5,0.8324139934335614,1.004233479609863,556
701,CVS Pharmacy @ N Main Street,29.660498,-82.324449,23,15,unknown,12001000301,14.08811475409836,9.192399049881235,36.64460797991072,37.93763732910156,35,2026-06-02;2026-06-03;2026-06-10;2026-06-11;2026-06-18;2026-06-19;2026-06-26;2026-06-27;2026-07-05;2026-07-12;2026-07-13;2026-07-20;2026-07-21;2026-07-28;2026-07-29;2026-08-05;2026-08-06;2026-08-13;2026-08-14;2026-08-21;2026-08-22;2026-08-29;2026-08-30;2026-09-06;2026-09-15,,97.96029436383928,0.32432432432432434,1.25,0.7769677832140807,1.001045448446133,557
306,Eastbound University Avenue @ SE 24th Street,29.651775,-82.293739,14,7,none,12001000600,20.242214532871973,17.217034843999087,36.13966200086806,40.91644287109375,36,2026-06-02;2026-06-03;2026-06-10;2026-06-11;2026-06-18;2026-06-19;2026-06-26;2026-06-27;2026-07-05;2026-07-12;2026-07-13;2026-07-20;2026-07-21;2026-07-28;2026-07-29;2026-08-05;2026-08-06;2026-08-13;2026-08-14;2026-08-21;2026-08-22;2026-08-29;2026-08-30;2026-09-06;2026-09-15,,97.0513916015625,0.2727272727272727,1.5,0.901603592480261,0.9988313686079915,558
913,Southbound SE 11th Street @ SE 2nd Avenue,29.65031,-82.311613,13,26,unknown,12001000700,12.61942675159236,21.483491632745363,37.32562934027778,39.53727722167969,36,2026-06-02;2026-06-03;2026-06-10;2026-06-11;2026-06-18;2026-06-19;2026-06-26;2026-06-27;2026-07-05;2026-07-12;2026-07-13;2026-07-20;2026-07-21;2026-07-28;2026-07-29;2026-08-05;2026-08-06;2026-08-13;2026-08-14;2026-08-21;2026-08-22;2026-08-29;2026-08-30;2026-09-06;2026-09-15,,99.1861328125,0.4004914004914005,1.25,0.7472232024740616,0.9871937153061566,559
910,UF Health Family Medicine Eastside,29.655029,-82.309495,13,26,unknown,12001000500,10.72961373390558,13.34805299076676,37.4578857421875,41.04803466796875,32,2026-06-02;2026-06-03;2026-06-10;2026-06-11;2026-06-18;2026-06-19;2026-06-26;2026-06-27;2026-07-05;2026-07-12;2026-07-13;2026-07-20;2026-07-21;2026-07-28;2026-07-29;2026-08-05;2026-08-06;2026-08-13;2026-08-14;2026-08-21;2026-08-22;2026-08-29;2026-08-30;2026-09-06;2026-09-15,,99.4241943359375,0.4201474201474201,1.25,0.7089497939678231,0.9825983251446616,560
627,Southbound NE 9th Street @ NE 7th Avenue,29.658631,-82.314848,17,11,unknown,12001000500,10.72961373390558,13.34805299076676,37.19940185546875,38.08462524414063,36,2026-06-02;2026-06-03;2026-06-10;2026-06-11;2026-06-18;2026-06-19;2026-06-26;2026-06-27;2026-07-05;2026-07-12;2026-07-13;2026-07-20;2026-07-21;2026-07-28;2026-07-29;2026-08-05;2026-08-06;2026-08-13;2026-08-14;2026-08-21;2026-08-22;2026-08-29;2026-08-30;2026-09-06;2026-09-15,,98.95892333984375,0.3832923832923833,1.25,0.7089497939678231,0.9817691649605051,561
1049,Tower Road Branch Library,29.626103,-82.422459,27,75,none,12001002219,16.47440519105984,14.393255043661547,35.8753231272978,37.358306884765625,34,2026-06-02;2026-06-03;2026-06-10;2026-06-11;2026-06-18;2026-06-19;2026-06-26;2026-06-27;2026-07-05;2026-07-12;2026-07-13;2026-07-20;2026-07-21;2026-07-28;2026-07-29;2026-08-05;2026-08-06;2026-08-13;2026-08-14;2026-08-21;2026-08-22;2026-08-29;2026-08-30;2026-09-06;2026-09-15,,96.57558162913604,0.2371007371007371,1.5,0.8252960928688374,0.9780602304126967,562
418,Southbound NW 34th Street @ NW 41st Avenue,29.6909,-82.372383,17,8,none,12001001201,3.313696612665685,27.57630161579892,37.35059611002604,40.072174072265625,36,2026-06-02;2026-06-03;2026-06-10;2026-06-11;2026-06-18;2026-06-19;2026-06-26;2026-06-27;2026-07-05;2026-07-12;2026-07-13;2026-07-20;2026-07-21;2026-07-28;2026-07-29;2026-08-05;2026-08-06;2026-08-13;2026-08-14;2026-08-21;2026-08-22;2026-08-29;2026-08-30;2026-09-06;2026-09-15,,99.23107299804687,0.40294840294840295,1.5,0.558759048760106,0.9761554250743576,563
818,Redpoint Apartments,29.641168,-82.39814,95,"20,23,76",unknown,12001001605,5.992043759323719,8.548422678138099,36.14584011501736,39.303131103515625,9,2026-06-02;2026-06-03;2026-06-10;2026-06-11;2026-06-18;2026-06-19;2026-06-26;2026-06-27;2026-07-05;2026-07-12;2026-07-13;2026-07-20;2026-07-21;2026-07-28;2026-07-29;2026-08-05;2026-08-06;2026-08-13;2026-08-14;2026-08-21;2026-08-22;2026-08-29;2026-08-30;2026-09-06;2026-09-15,,97.06251220703123,0.2751842751842752,1.25,0.6130022323482037,0.9624417402501175,564
1240,Northbound NE 25th Street @ NE 3rd Place,29.654117,-82.292269,17,11,unknown,12001000600,20.242214532871973,17.217034843999087,36.353138950892856,37.40956115722656,35,2026-06-02;2026-06-03;2026-06-10;2026-06-11;2026-06-18;2026-06-19;2026-06-26;2026-06-27;2026-07-05;2026-07-12;2026-07-13;2026-07-20;2026-07-21;2026-07-28;2026-07-29;2026-08-05;2026-08-06;2026-08-13;2026-08-14;2026-08-21;2026-08-22;2026-08-29;2026-08-30;2026-09-06;2026-09-15,,97.43565011160715,0.29484029484029484,1.25,0.901603592480261,0.9604310419616717,565
945,Ridgemar Commons,29.621566,-82.370416,96,"12,37",unknown,12001001517,11.43627262225645,5.445716267776621,35.83916558159722,38.342681884765625,36,2026-06-02;2026-06-03;2026-06-10;2026-06-11;2026-06-18;2026-06-19;2026-06-26;2026-06-27;2026-07-05;2026-07-12;2026-07-13;2026-07-20;2026-07-21;2026-07-28;2026-07-29;2026-08-05;2026-08-06;2026-08-13;2026-08-14;2026-08-21;2026-08-22;2026-08-29;2026-08-30;2026-09-06;2026-09-15,,96.510498046875,0.23095823095823095,1.25,0.723261392022917,0.9552177888789879,566
1374,Westbound NW 39th AVE @ NW 19th TER,29.688635,-82.347967,25,"8,55",none,12001001203,5.620753551575047,12.678288431061809,36.63625026393581,37.942779541015625,37,2026-06-02;2026-06-03;2026-06-10;2026-06-11;2026-06-18;2026-06-19;2026-06-26;2026-06-27;2026-07-05;2026-07-12;2026-07-13;2026-07-20;2026-07-21;2026-07-28;2026-07-29;2026-08-05;2026-08-06;2026-08-13;2026-08-14;2026-08-21;2026-08-22;2026-08-29;2026-08-30;2026-09-06;2026-09-15,,97.94525047508446,0.32186732186732187,1.5,0.6054826832380354,0.952431654050727,567
853,Northbound SE 11th Street @ SE 2nd Avenue,29.649885,-82.311313,13,26,unknown,12001000700,12.61942675159236,21.483491632745363,37.205543518066406,38.82632446289063,32,2026-06-02;2026-06-03;2026-06-10;2026-06-11;2026-06-18;2026-06-19;2026-06-26;2026-06-27;2026-07-05;2026-07-12;2026-07-13;2026-07-20;2026-07-21;2026-07-28;2026-07-29;2026-08-05;2026-08-06;2026-08-13;2026-08-14;2026-08-21;2026-08-22;2026-08-29;2026-08-30;2026-09-06;2026-09-15,,98.96997833251953,0.3857493857493858,1.25,0.7472232024740616,0.950855296337832,568
426,Ridgeview Baptist Church,29.685888,-82.347439,17,8,unknown,12001001202,0.5906123717749456,16.054477919933966,38.26044224330357,39.703033447265625,35,2026-06-02;2026-06-03;2026-06-10;2026-06-11;2026-06-18;2026-06-19;2026-06-26;2026-06-27;2026-07-05;2026-07-12;2026-07-13;2026-07-20;2026-07-21;2026-07-28;2026-07-29;2026-08-05;2026-08-06;2026-08-13;2026-08-14;2026-08-21;2026-08-22;2026-08-29;2026-08-30;2026-09-06;2026-09-15,,100.86879603794644,0.5184275184275184,1.25,0.5036098278725899,0.9432915864701389,569
592,Lake Forest Trails Neighborhood,29.646066,-82.27251,17,11,unknown,12001000600,20.242214532871973,17.217034843999087,36.25524553571429,40.56781005859375,35,2026-06-02;2026-06-03;2026-06-10;2026-06-11;2026-06-18;2026-06-19;2026-06-26;2026-06-27;2026-07-05;2026-07-12;2026-07-13;2026-07-20;2026-07-21;2026-07-28;2026-07-29;2026-08-05;2026-08-06;2026-08-13;2026-08-14;2026-08-21;2026-08-22;2026-08-29;2026-08-30;2026-09-06;2026-09-15,,97.25944196428571,0.28746928746928746,1.25,0.901603592480261,0.93642026591263,570
1373,CVS @ SW 13th St,29.6358722,-82.3391716,60,13,unknown,12001000808,7.1806945261918775,3.871439006574142,36.220431082589286,37.686431884765625,35,2026-06-02;2026-06-03;2026-06-10;2026-06-11;2026-06-18;2026-06-19;2026-06-26;2026-06-27;2026-07-05;2026-07-12;2026-07-13;2026-07-20;2026-07-21;2026-07-28;2026-07-29;2026-08-05;2026-08-06;2026-08-13;2026-08-14;2026-08-21;2026-08-22;2026-08-29;2026-08-30;2026-09-06;2026-09-15,,97.19677594866072,0.28501228501228504,1.25,0.6370753633647764,0.9330363312307651,571
40,Shands Care Helicopter Pad,29.636402,-82.350912,154,"1,37,38",none,12001000809,3.034134007585335,10.265613783201722,35.791451590401785,36.3875732421875,35,2026-06-02;2026-06-03;2026-06-10;2026-06-11;2026-06-18;2026-06-19;2026-06-26;2026-06-27;2026-07-05;2026-07-12;2026-07-13;2026-07-20;2026-07-21;2026-07-28;2026-07-29;2026-08-05;2026-08-06;2026-08-13;2026-08-14;2026-08-21;2026-08-22;2026-08-29;2026-08-30;2026-09-06;2026-09-15,,96.42461286272321,0.22235872235872237,1.5,0.5530972114845825,0.9304059410903817,572
934,Campus Church of Christ,29.650428,-82.36276,20,5,none,12001001000,6.52607580507267,9.155578975102095,36.645206451416016,38.694732666015625,32,2026-06-02;2026-06-03;2026-06-10;2026-06-11;2026-06-18;2026-06-19;2026-06-26;2026-06-27;2026-07-05;2026-07-12;2026-07-13;2026-07-20;2026-07-21;2026-07-28;2026-07-29;2026-08-05;2026-08-06;2026-08-13;2026-08-14;2026-08-21;2026-08-22;2026-08-29;2026-08-30;2026-09-06;2026-09-15,,97.96137161254883,0.32555282555282555,1.5,0.6238177079804916,0.9274480787172389,573
1455,North Walmart Supercenter,29.709916,-82.355824,28,6,unknown,12001001803,5.032119914346895,22.788033099936342,37.056488037109375,39.03141784667969,10,2026-06-02;2026-06-03;2026-06-10;2026-06-11;2026-06-18;2026-06-19;2026-06-26;2026-06-27;2026-07-05;2026-07-12;2026-07-13;2026-07-20;2026-07-21;2026-07-28;2026-07-29;2026-08-05;2026-08-06;2026-08-13;2026-08-14;2026-08-21;2026-08-22;2026-08-29;2026-08-30;2026-09-06;2026-09-15,,98.70167846679688,0.371007371007371,1.25,0.5935613897305314,0.9269140530238631,574
1389,Eastbound NW 39th AVE @ NW 37th ST,29.688525,-82.377699,9,55,none,12001001100,7.312925170068027,27.624720774385704,37.43841029575893,39.73381042480469,35,2026-06-02;2026-06-03;2026-06-10;2026-06-11;2026-06-18;2026-06-19;2026-06-26;2026-06-27;2026-07-05;2026-07-12;2026-07-13;2026-07-20;2026-07-21;2026-07-28;2026-07-29;2026-08-05;2026-08-06;2026-08-13;2026-08-14;2026-08-21;2026-08-22;2026-08-29;2026-08-30;2026-09-06;2026-09-15,,99.38913853236606,0.4152334152334152,1.5,0.6397533624063481,0.917512142043151,575
292,The Cotton Club,29.645754,-82.315215,14,3,unknown,12001000700,12.61942675159236,21.483491632745363,36.95930598332332,38.619537353515625,13,2026-06-02;2026-06-03;2026-06-10;2026-06-11;2026-06-18;2026-06-19;2026-06-26;2026-06-27;2026-07-05;2026-07-12;2026-07-13;2026-07-20;2026-07-21;2026-07-28;2026-07-29;2026-08-05;2026-08-06;2026-08-13;2026-08-14;2026-08-21;2026-08-22;2026-08-29;2026-08-30;2026-09-06;2026-09-15,,98.52675076998197,0.35626535626535627,1.25,0.7472232024740616,0.9011366764145496,576
153,Westbound University Avenue @ NW 22nd Street,29.65213,-82.35529,14,43,none,12001001000,6.52607580507267,9.155578975102095,36.95015335083008,39.320220947265625,32,2026-06-02;2026-06-03;2026-06-10;2026-06-11;2026-06-18;2026-06-19;2026-06-26;2026-06-27;2026-07-05;2026-07-12;2026-07-13;2026-07-20;2026-07-21;2026-07-28;2026-07-29;2026-08-05;2026-08-06;2026-08-13;2026-08-14;2026-08-21;2026-08-22;2026-08-29;2026-08-30;2026-09-06;2026-09-15,,98.51027603149414,0.35503685503685506,1.5,0.6238177079804916,0.8996614394949923,577
555,Eastbound E University Avenue @ SE 8th Street,29.651849,-82.316318,17,11,unknown,12001000500,10.72961373390558,13.34805299076676,36.86619059244792,37.59242248535156,36,2026-06-02;2026-06-03;2026-06-10;2026-06-11;2026-06-18;2026-06-19;2026-06-26;2026-06-27;2026-07-05;2026-07-12;2026-07-13;2026-07-20;2026-07-21;2026-07-28;2026-07-29;2026-08-05;2026-08-06;2026-08-13;2026-08-14;2026-08-21;2026-08-22;2026-08-29;2026-08-30;2026-09-06;2026-09-15,,98.35914306640626,0.3501228501228501,1.25,0.7089497939678231,0.8968083718389229,578
53,Innovation Square East,29.650153,-82.332741,43,1,none,12001000201,21.14384748700173,1.9492808478425436,35.367333984375,37.412994384765625,35,2026-06-02;2026-06-03;2026-06-10;2026-06-11;2026-06-18;2026-06-19;2026-06-26;2026-06-27;2026-07-05;2026-07-12;2026-07-13;2026-07-20;2026-07-21;2026-07-28;2026-07-29;2026-08-05;2026-08-06;2026-08-13;2026-08-14;2026-08-21;2026-08-22;2026-08-29;2026-08-30;2026-09-06;2026-09-15,,95.661201171875,0.17076167076167076,1.5,0.9198638997451218,0.8916165503630071,579
632,Florida School of Traditional Midwifery,29.652046,-82.316547,17,11,unknown,12001000500,10.72961373390558,13.34805299076676,36.833169376148895,37.730865478515625,34,2026-06-02;2026-06-03;2026-06-10;2026-06-11;2026-06-18;2026-06-19;2026-06-26;2026-06-27;2026-07-05;2026-07-12;2026-07-13;2026-07-20;2026-07-21;2026-07-28;2026-07-29;2026-08-05;2026-08-06;2026-08-13;2026-08-14;2026-08-21;2026-08-22;2026-08-29;2026-08-30;2026-09-06;2026-09-15,,98.29970487706801,0.3452088452088452,1.25,0.7089497939678231,0.8842215876727627,580
435,State Farm Insurance @ NW 13th Street,29.663014,-82.339266,37,"8,10",none,12001001000,6.52607580507267,9.155578975102095,36.032706124441965,37.966705322265625,28,2026-06-02;2026-06-03;2026-06-10;2026-06-11;2026-06-18;2026-06-19;2026-06-26;2026-06-27;2026-07-05;2026-07-12;2026-07-13;2026-07-20;2026-07-21;2026-07-28;2026-07-29;2026-08-05;2026-08-06;2026-08-13;2026-08-14;2026-08-21;2026-08-22;2026-08-29;2026-08-30;2026-09-06;2026-09-15,,96.85887102399553,0.257985257985258,1.5,0.6238177079804916,0.8781266070439224,581
304,Eastbound University Avenue @ SE 21st Street,29.651799,-82.297724,14,7,none,12001000600,20.242214532871973,17.217034843999087,35.88817716899671,37.4625244140625,19,2026-06-02;2026-06-03;2026-06-10;2026-06-11;2026-06-18;2026-06-19;2026-06-26;2026-06-27;2026-07-05;2026-07-12;2026-07-13;2026-07-20;2026-07-21;2026-07-28;2026-07-29;2026-08-05;2026-08-06;2026-08-13;2026-08-14;2026-08-21;2026-08-22;2026-08-29;2026-08-30;2026-09-06;2026-09-15,,96.59871890419409,0.23955773955773957,1.5,0.901603592480261,0.8773518778313438,582
571,Northbound NE 24th Street @ NE 8th Avenue,29.659161,-82.293795,17,11,unknown,12001000600,20.242214532871973,17.217034843999087,36.11852678571429,38.004302978515625,35,2026-06-02;2026-06-03;2026-06-10;2026-06-11;2026-06-18;2026-06-19;2026-06-26;2026-06-27;2026-07-05;2026-07-12;2026-07-13;2026-07-20;2026-07-21;2026-07-28;2026-07-29;2026-08-05;2026-08-06;2026-08-13;2026-08-14;2026-08-21;2026-08-22;2026-08-29;2026-08-30;2026-09-06;2026-09-15,,97.01334821428571,0.2678132678132678,1.25,0.901603592480261,0.8723915297818517,583
217,Big Ron's Yoga,29.660995,-82.330803,23,"6,55",unknown,12001000301,14.08811475409836,9.192399049881235,36.20851353236607,39.200592041015625,35,2026-06-02;2026-06-03;2026-06-10;2026-06-11;2026-06-18;2026-06-19;2026-06-26;2026-06-27;2026-07-05;2026-07-12;2026-07-13;2026-07-20;2026-07-21;2026-07-28;2026-07-29;2026-08-05;2026-08-06;2026-08-13;2026-08-14;2026-08-21;2026-08-22;2026-08-29;2026-08-30;2026-09-06;2026-09-15,,97.17532435825892,0.28255528255528256,1.25,0.7769677832140807,0.8721229285704948,584
1105,Cricket Club Apartments,29.648113,-82.422538,26,75,none,12001002207,0.4123711340206186,18.689934243803744,36.87200404575893,43.31588745117188,35,2026-06-02;2026-06-03;2026-06-10;2026-06-11;2026-06-18;2026-06-19;2026-06-26;2026-06-27;2026-07-05;2026-07-12;2026-07-13;2026-07-20;2026-07-21;2026-07-28;2026-07-29;2026-08-05;2026-08-06;2026-08-13;2026-08-14;2026-08-21;2026-08-22;2026-08-29;2026-08-30;2026-09-06;2026-09-15,,98.36960728236606,0.35135135135135137,1.5,0.5,0.868497552528168,585
111,Southbound SE 15th Street @ SE 4th Avenue,29.648383,-82.305943,14,7,unknown,12001000700,12.61942675159236,21.483491632745363,36.81881374782986,39.562896728515625,36,2026-06-02;2026-06-03;2026-06-10;2026-06-11;2026-06-18;2026-06-19;2026-06-26;2026-06-27;2026-07-05;2026-07-12;2026-07-13;2026-07-20;2026-07-21;2026-07-28;2026-07-29;2026-08-05;2026-08-06;2026-08-13;2026-08-14;2026-08-21;2026-08-22;2026-08-29;2026-08-30;2026-09-06;2026-09-15,,98.27386474609374,0.34275184275184273,1.25,0.7472232024740616,0.8669556300677908,586
1039,Kanapaha Station Plaza,29.603437,-82.412954,27,75,none,12001002219,16.47440519105984,14.393255043661547,35.68711635044643,38.769927978515625,35,2026-06-02;2026-06-03;2026-06-10;2026-06-11;2026-06-18;2026-06-19;2026-06-26;2026-06-27;2026-07-05;2026-07-12;2026-07-13;2026-07-20;2026-07-21;2026-07-28;2026-07-29;2026-08-05;2026-08-06;2026-08-13;2026-08-14;2026-08-21;2026-08-22;2026-08-29;2026-08-30;2026-09-06;2026-09-15,,96.23680943080358,0.20884520884520885,1.5,0.8252960928688374,0.8615038298971943,587
756,Westbound NE 23rd Avenue @ NE 9th Street,29.673932,-82.314619,23,15,unknown,12001000400,18.24006834686032,13.6077655941039,35.96856166294643,37.546295166015625,35,2026-06-02;2026-06-03;2026-06-10;2026-06-11;2026-06-18;2026-06-19;2026-06-26;2026-06-27;2026-07-05;2026-07-12;2026-07-13;2026-07-20;2026-07-21;2026-07-28;2026-07-29;2026-08-05;2026-08-06;2026-08-13;2026-08-14;2026-08-21;2026-08-22;2026-08-29;2026-08-30;2026-09-06;2026-09-15,,96.74341099330357,0.25184275184275184,1.25,0.8610551582440376,0.8614532048198029,588
444,University Housing Office,29.643892,-82.339427,17,8,none,12001000902,30.48780487804878,0.0114639458901753,35.40931701660156,37.0540771484375,32,2026-06-02;2026-06-03;2026-06-10;2026-06-11;2026-06-18;2026-06-19;2026-06-26;2026-06-27;2026-07-05;2026-07-12;2026-07-13;2026-07-20;2026-07-21;2026-07-28;2026-07-29;2026-08-05;2026-08-06;2026-08-13;2026-08-14;2026-08-21;2026-08-22;2026-08-29;2026-08-30;2026-09-06;2026-09-15,,95.73677062988281,0.17813267813267813,1.5,1.1091022502831978,0.8565646511451921,589
666,Health Science Center Administration,29.63739,-82.343034,24,17,none,12001000809,3.034134007585335,10.265613783201722,36.60872650146485,37.70521545410156,32,2026-06-02;2026-06-03;2026-06-10;2026-06-11;2026-06-18;2026-06-19;2026-06-26;2026-06-27;2026-07-05;2026-07-12;2026-07-13;2026-07-20;2026-07-21;2026-07-28;2026-07-29;2026-08-05;2026-08-06;2026-08-13;2026-08-14;2026-08-21;2026-08-22;2026-08-29;2026-08-30;2026-09-06;2026-09-15,,97.89570770263673,0.3181818181818182,1.5,0.5530972114845825,0.8497130931782835,590
279,Little Warriors Day School,29.663883,-82.331009,23,"6,55",unknown,12001000301,14.08811475409836,9.192399049881235,36.14056735568576,38.284576416015625,36,2026-06-02;2026-06-03;2026-06-10;2026-06-11;2026-06-18;2026-06-19;2026-06-26;2026-06-27;2026-07-05;2026-07-12;2026-07-13;2026-07-20;2026-07-21;2026-07-28;2026-07-29;2026-08-05;2026-08-06;2026-08-13;2026-08-14;2026-08-21;2026-08-22;2026-08-29;2026-08-30;2026-09-06;2026-09-15,,97.05302124023437,0.273955773955774,1.25,0.7769677832140807,0.8455800568313926,591
425,Eastbound NW 39th Ave at NW 19th St Green Tree Pk,29.688417,-82.347868,26,"8,55",none,12001001202,0.5906123717749456,16.054477919933966,36.7588623046875,37.942779541015625,35,2026-06-02;2026-06-03;2026-06-10;2026-06-11;2026-06-18;2026-06-19;2026-06-26;2026-06-27;2026-07-05;2026-07-12;2026-07-13;2026-07-20;2026-07-21;2026-07-28;2026-07-29;2026-08-05;2026-08-06;2026-08-13;2026-08-14;2026-08-21;2026-08-22;2026-08-29;2026-08-30;2026-09-06;2026-09-15,,98.1659521484375,0.3366093366093366,1.5,0.5036098278725899,0.8380642615705908,592
1388,Sable Chase Neighborhood,29.688538,-82.374539,9,55,none,12001001100,7.312925170068027,27.624720774385704,37.168244280133926,39.88763427734375,35,2026-06-02;2026-06-03;2026-06-10;2026-06-11;2026-06-18;2026-06-19;2026-06-26;2026-06-27;2026-07-05;2026-07-12;2026-07-13;2026-07-20;2026-07-21;2026-07-28;2026-07-29;2026-08-05;2026-08-06;2026-08-13;2026-08-14;2026-08-21;2026-08-22;2026-08-29;2026-08-30;2026-09-06;2026-09-15,,98.90283970424107,0.3783783783783784,1.5,0.6397533624063481,0.8360761531044097,593
1020,Southbound NW 43rd Street @ NW 19th Avenue,29.670059,-82.389128,14,43,none,12001001702,5.506141465480729,33.90179910044978,36.78615373883929,40.37640380859375,35,2026-06-02;2026-06-03;2026-06-10;2026-06-11;2026-06-18;2026-06-19;2026-06-26;2026-06-27;2026-07-05;2026-07-12;2026-07-13;2026-07-20;2026-07-21;2026-07-28;2026-07-29;2026-08-05;2026-08-06;2026-08-13;2026-08-14;2026-08-21;2026-08-22;2026-08-29;2026-08-30;2026-09-06;2026-09-15,,98.21507672991072,0.3402948402948403,1.5,0.6031615037616609,0.8337521166003851,594
378,Misty Oaks Apartments,29.68161,-82.351504,16,8,none,12001001203,5.620753551575047,12.678288431061809,36.63230329241071,38.975006103515625,35,2026-06-02;2026-06-03;2026-06-10;2026-06-11;2026-06-18;2026-06-19;2026-06-26;2026-06-27;2026-07-05;2026-07-12;2026-07-13;2026-07-20;2026-07-21;2026-07-28;2026-07-29;2026-08-05;2026-08-06;2026-08-13;2026-08-14;2026-08-21;2026-08-22;2026-08-29;2026-08-30;2026-09-06;2026-09-15,,97.93814592633927,0.32063882063882065,1.5,0.6054826832380354,0.8250653849473634,595
814,Pinetree Gardens,29.634505,-82.385202,73,"20,52",none,12001001522,15.617875056999544,3.28125,35.24028778076172,40.45843505859375,32,2026-06-02;2026-06-03;2026-06-10;2026-06-11;2026-06-18;2026-06-19;2026-06-26;2026-06-27;2026-07-05;2026-07-12;2026-07-13;2026-07-20;2026-07-21;2026-07-28;2026-07-29;2026-08-05;2026-08-06;2026-08-13;2026-08-14;2026-08-21;2026-08-22;2026-08-29;2026-08-30;2026-09-06;2026-09-15,,95.4325180053711,0.15601965601965603,1.5,0.8079492297601685,0.813829591705054,596
538,Covenant Church,29.666661,-82.36891,20,10,none,12001001000,6.52607580507267,9.155578975102095,36.209510803222656,37.22840881347656,32,2026-06-02;2026-06-03;2026-06-10;2026-06-11;2026-06-18;2026-06-19;2026-06-26;2026-06-27;2026-07-05;2026-07-12;2026-07-13;2026-07-20;2026-07-21;2026-07-28;2026-07-29;2026-08-05;2026-08-06;2026-08-13;2026-08-14;2026-08-21;2026-08-22;2026-08-29;2026-08-30;2026-09-06;2026-09-15,,97.17711944580078,0.28378378378378377,1.5,0.6238177079804916,0.8084547403157818,597
634,Alachua County School Board Administration,29.652024,-82.31964,17,11,unknown,12001000500,10.72961373390558,13.34805299076676,36.54113420758929,40.55583190917969,35,2026-06-02;2026-06-03;2026-06-10;2026-06-11;2026-06-18;2026-06-19;2026-06-26;2026-06-27;2026-07-05;2026-07-12;2026-07-13;2026-07-20;2026-07-21;2026-07-28;2026-07-29;2026-08-05;2026-08-06;2026-08-13;2026-08-14;2026-08-21;2026-08-22;2026-08-29;2026-08-30;2026-09-06;2026-09-15,,97.77404157366071,0.3132678132678133,1.25,0.7089497939678231,0.8024074905927207,598
711,Chelsea Apartments Eastbound,29.67374,-82.315313,23,15,unknown,12001000400,18.24006834686032,13.6077655941039,35.86552734375,37.0643310546875,35,2026-06-02;2026-06-03;2026-06-10;2026-06-11;2026-06-18;2026-06-19;2026-06-26;2026-06-27;2026-07-05;2026-07-12;2026-07-13;2026-07-20;2026-07-21;2026-07-28;2026-07-29;2026-08-05;2026-08-06;2026-08-13;2026-08-14;2026-08-21;2026-08-22;2026-08-29;2026-08-30;2026-09-06;2026-09-15,,96.55794921875,0.2334152334152334,1.25,0.8610551582440376,0.7984200434915246,599
82,McPherson Recreational Center,29.633752,-82.305794,14,7,none,12001000700,12.61942675159236,21.483491632745363,36.07513242779356,37.966705322265625,33,2026-06-02;2026-06-03;2026-06-10;2026-06-11;2026-06-18;2026-06-19;2026-06-26;2026-06-27;2026-07-05;2026-07-12;2026-07-13;2026-07-20;2026-07-21;2026-07-28;2026-07-29;2026-08-05;2026-08-06;2026-08-13;2026-08-14;2026-08-21;2026-08-22;2026-08-29;2026-08-30;2026-09-06;2026-09-15,,96.93523837002842,0.2628992628992629,1.5,0.7472232024740616,0.7979720638043323,600
597,Sunrise Store @ SE 43rd Street,29.65097,-82.272361,17,11,unknown,12001001400,3.571428571428571,15.002627430373094,37.247202845982144,38.585357666015625,35,2026-06-02;2026-06-03;2026-06-10;2026-06-11;2026-06-18;2026-06-19;2026-06-26;2026-06-27;2026-07-05;2026-07-12;2026-07-13;2026-07-20;2026-07-21;2026-07-28;2026-07-29;2026-08-05;2026-08-06;2026-08-13;2026-08-14;2026-08-21;2026-08-22;2026-08-29;2026-08-30;2026-09-06;2026-09-15,,99.04496512276786,0.3906633906633907,1.25,0.5639787612134148,0.7960295364584108,601
1568,The Lark Apartments,29.6400117,-82.3391741,84,"13,17",none,12001000806,18.91348088531187,5.931198102016608,34.96491156684028,39.73211669921875,36,2026-06-02;2026-06-03;2026-06-10;2026-06-11;2026-06-18;2026-06-19;2026-06-26;2026-06-27;2026-07-05;2026-07-12;2026-07-13;2026-07-20;2026-07-21;2026-07-28;2026-07-29;2026-08-05;2026-08-06;2026-08-13;2026-08-14;2026-08-21;2026-08-22;2026-08-29;2026-08-30;2026-09-06;2026-09-15,,94.9368408203125,0.13636363636363635,1.5,0.8746934351191369,0.794855022663245,602
430,Misty Oaks Apartments,29.681387,-82.351572,17,8,none,12001001202,0.5906123717749456,16.054477919933966,36.9745662913603,39.887603759765625,34,2026-06-02;2026-06-03;2026-06-10;2026-06-11;2026-06-18;2026-06-19;2026-06-26;2026-06-27;2026-07-05;2026-07-12;2026-07-13;2026-07-20;2026-07-21;2026-07-28;2026-07-29;2026-08-05;2026-08-06;2026-08-13;2026-08-14;2026-08-21;2026-08-22;2026-08-29;2026-08-30;2026-09-06;2026-09-15,,98.55421932444854,0.36117936117936117,1.5,0.5036098278725899,0.7886096485939927,603
617,Westbound NE 8th Avenue @ NE 23nd Street,29.659288,-82.294666,17,11,unknown,12001000600,20.242214532871973,17.217034843999087,35.890838623046875,37.68814086914063,32,2026-06-02;2026-06-03;2026-06-10;2026-06-11;2026-06-18;2026-06-19;2026-06-26;2026-06-27;2026-07-05;2026-07-12;2026-07-13;2026-07-20;2026-07-21;2026-07-28;2026-07-29;2026-08-05;2026-08-06;2026-08-13;2026-08-14;2026-08-21;2026-08-22;2026-08-29;2026-08-30;2026-09-06;2026-09-15,,96.60350952148437,0.24201474201474202,1.25,0.901603592480261,0.7883538136102054,604
215,Williams Fellowship Hall,29.657373,-82.33077,23,"6,55",none,12001000201,21.14384748700173,1.9492808478425436,35.4159989790483,38.523834228515625,22,2026-06-02;2026-06-03;2026-06-10;2026-06-11;2026-06-18;2026-06-19;2026-06-26;2026-06-27;2026-07-05;2026-07-12;2026-07-13;2026-07-20;2026-07-21;2026-07-28;2026-07-29;2026-08-05;2026-08-06;2026-08-13;2026-08-14;2026-08-21;2026-08-22;2026-08-29;2026-08-30;2026-09-06;2026-09-15,,95.74879816228693,0.17936117936117937,1.5,0.9198638997451218,0.786510516961239,605
1283,Ft Clarke Middle School,29.674172,-82.439133,25,23,none,12001002204,5.470500373412994,18.014849550605703,36.11639404296875,37.0711669921875,3,2026-06-02;2026-06-03;2026-06-10;2026-06-11;2026-06-18;2026-06-19;2026-06-26;2026-06-27;2026-07-05;2026-07-12;2026-07-13;2026-07-20;2026-07-21;2026-07-28;2026-07-29;2026-08-05;2026-08-06;2026-08-13;2026-08-14;2026-08-21;2026-08-22;2026-08-29;2026-08-30;2026-09-06;2026-09-15,,97.00950927734375,0.2665847665847666,1.5,0.6024396831034527,0.7848815273168692,606
946,Victoria Station Apartments,29.620848,-82.368424,96,"12,37",unknown,12001001517,11.43627262225645,5.445716267776621,35.457763671875,40.16448974609375,34,2026-06-02;2026-06-03;2026-06-10;2026-06-11;2026-06-18;2026-06-19;2026-06-26;2026-06-27;2026-07-05;2026-07-12;2026-07-13;2026-07-20;2026-07-21;2026-07-28;2026-07-29;2026-08-05;2026-08-06;2026-08-13;2026-08-14;2026-08-21;2026-08-22;2026-08-29;2026-08-30;2026-09-06;2026-09-15,,95.823974609375,0.1891891891891892,1.25,0.723261392022917,0.7824656355710858,607
1108,Sunrise Subdivision (Southbound),29.635111,-82.4225495,9,76,none,12001002207,0.4123711340206186,18.689934243803744,37.7342628272804,39.395416259765625,37,2026-06-02;2026-06-03;2026-06-10;2026-06-11;2026-06-18;2026-06-19;2026-06-26;2026-06-27;2026-07-05;2026-07-12;2026-07-13;2026-07-20;2026-07-21;2026-07-28;2026-07-29;2026-08-05;2026-08-06;2026-08-13;2026-08-14;2026-08-21;2026-08-22;2026-08-29;2026-08-30;2026-09-06;2026-09-15,,99.92167308910473,0.4484029484029484,1.5,0.5,0.7743644584854056,608
684,UF Health Florida Recovery Center,29.615715,-82.340479,60,13,none,12001000808,7.1806945261918775,3.871439006574142,35.547190946691174,38.393951416015625,34,2026-06-02;2026-06-03;2026-06-10;2026-06-11;2026-06-18;2026-06-19;2026-06-26;2026-06-27;2026-07-05;2026-07-12;2026-07-13;2026-07-20;2026-07-21;2026-07-28;2026-07-29;2026-08-05;2026-08-06;2026-08-13;2026-08-14;2026-08-21;2026-08-22;2026-08-29;2026-08-30;2026-09-06;2026-09-15,,95.98494370404411,0.19533169533169534,1.5,0.6370753633647764,0.7673419482708189,609
1387,Sable Chase Neighborhood,29.688773,-82.374551,9,55,none,12001001201,3.313696612665685,27.57630161579892,37.28199598524306,39.88763427734375,36,2026-06-02;2026-06-03;2026-06-10;2026-06-11;2026-06-18;2026-06-19;2026-06-26;2026-06-27;2026-07-05;2026-07-12;2026-07-13;2026-07-20;2026-07-21;2026-07-28;2026-07-29;2026-08-05;2026-08-06;2026-08-13;2026-08-14;2026-08-21;2026-08-22;2026-08-29;2026-08-30;2026-09-06;2026-09-15,,99.1075927734375,0.3968058968058968,1.5,0.558759048760106,0.765789900679844,610
358,The Cotton Club,29.64585,-82.315044,14,3,unknown,12001000700,12.61942675159236,21.483491632745363,36.44474931196733,38.089752197265625,11,2026-06-02;2026-06-03;2026-06-10;2026-06-11;2026-06-18;2026-06-19;2026-06-26;2026-06-27;2026-07-05;2026-07-12;2026-07-13;2026-07-20;2026-07-21;2026-07-28;2026-07-29;2026-08-05;2026-08-06;2026-08-13;2026-08-14;2026-08-21;2026-08-22;2026-08-29;2026-08-30;2026-09-06;2026-09-15,,97.60054876154119,0.3022113022113022,1.25,0.7472232024740616,0.7644124910275147,611
589,Eastside Plaza,29.651755,-82.277637,17,11,unknown,12001000600,20.242214532871973,17.217034843999087,35.86731974283854,37.648834228515625,36,2026-06-02;2026-06-03;2026-06-10;2026-06-11;2026-06-18;2026-06-19;2026-06-26;2026-06-27;2026-07-05;2026-07-12;2026-07-13;2026-07-20;2026-07-21;2026-07-28;2026-07-29;2026-08-05;2026-08-06;2026-08-13;2026-08-14;2026-08-21;2026-08-22;2026-08-29;2026-08-30;2026-09-06;2026-09-15,,96.56117553710938,0.23464373464373464,1.25,0.901603592480261,0.7643430375611637,612
1120,Life Storage,29.603082,-82.413069,26,75,none,12001002220,6.800766283524904,16.68472372697725,35.92656947544643,39.210845947265625,35,2026-06-02;2026-06-03;2026-06-10;2026-06-11;2026-06-18;2026-06-19;2026-06-26;2026-06-27;2026-07-05;2026-07-12;2026-07-13;2026-07-20;2026-07-21;2026-07-28;2026-07-29;2026-08-05;2026-08-06;2026-08-13;2026-08-14;2026-08-21;2026-08-22;2026-08-29;2026-08-30;2026-09-06;2026-09-15,,96.66782505580356,0.24447174447174447,1.5,0.6293808725878798,0.7606750611375708,613
1359,Gainesville Healthcare Center,29.637382,-82.342875,17,8,none,12001000809,3.034134007585335,10.265613783201722,36.573757595486114,38.407623291015625,36,2026-06-02;2026-06-03;2026-06-10;2026-06-11;2026-06-18;2026-06-19;2026-06-26;2026-06-27;2026-07-05;2026-07-12;2026-07-13;2026-07-20;2026-07-21;2026-07-28;2026-07-29;2026-08-05;2026-08-06;2026-08-13;2026-08-14;2026-08-21;2026-08-22;2026-08-29;2026-08-30;2026-09-06;2026-09-15,,97.832763671875,0.3157248157248157,1.5,0.5530972114845825,0.7571033214576097,614
129,McPherson Recreational Center,29.633733,-82.305909,14,7,none,12001000700,12.61942675159236,21.483491632745363,35.957386997767856,37.966705322265625,35,2026-06-02;2026-06-03;2026-06-10;2026-06-11;2026-06-18;2026-06-19;2026-06-26;2026-06-27;2026-07-05;2026-07-12;2026-07-13;2026-07-20;2026-07-21;2026-07-28;2026-07-29;2026-08-05;2026-08-06;2026-08-13;2026-08-14;2026-08-21;2026-08-22;2026-08-29;2026-08-30;2026-09-06;2026-09-15,,96.72329659598213,0.2493857493857494,1.5,0.7472232024740616,0.7569548081882217,615
1179,Pressly Softball Stadium,29.637694,-82.365243,140,"21,33,52,118",none,12001000901,49.78902953586498,0.0,33.78703477647569,35.690277099609375,36,2026-06-02;2026-06-03;2026-06-10;2026-06-11;2026-06-18;2026-06-19;2026-06-26;2026-06-27;2026-07-05;2026-07-12;2026-07-13;2026-07-20;2026-07-21;2026-07-28;2026-07-29;2026-08-05;2026-08-06;2026-08-13;2026-08-14;2026-08-21;2026-08-22;2026-08-29;2026-08-30;2026-09-06;2026-09-15,,92.81666259765625,0.06756756756756757,1.5,1.5,0.7523452536047892,616
395,YMCA @ NW 34th Street,29.701907,-82.366863,16,8,none,12001001202,0.5906123717749456,16.054477919933966,36.85000430836397,38.366607666015625,34,2026-06-02;2026-06-03;2026-06-10;2026-06-11;2026-06-18;2026-06-19;2026-06-26;2026-06-27;2026-07-05;2026-07-12;2026-07-13;2026-07-20;2026-07-21;2026-07-28;2026-07-29;2026-08-05;2026-08-06;2026-08-13;2026-08-14;2026-08-21;2026-08-22;2026-08-29;2026-08-30;2026-09-06;2026-09-15,,98.33000775505515,0.3476658476658477,1.5,0.5036098278725899,0.7440922222131314,617
280,American Auto Insurance,29.661249,-82.331002,23,"6,55",unknown,12001000301,14.08811475409836,9.192399049881235,35.88941824776786,39.200592041015625,35,2026-06-02;2026-06-03;2026-06-10;2026-06-11;2026-06-18;2026-06-19;2026-06-26;2026-06-27;2026-07-05;2026-07-12;2026-07-13;2026-07-20;2026-07-21;2026-07-28;2026-07-29;2026-08-05;2026-08-06;2026-08-13;2026-08-14;2026-08-21;2026-08-22;2026-08-29;2026-08-30;2026-09-06;2026-09-15,,96.60095284598215,0.24078624078624078,1.25,0.7769677832140807,0.7432004086948564,618
1611,NW 2nd Lane @ NW 140th Way,29.655991,-82.490203,12,52,unknown,12001002204,5.470500373412994,18.014849550605703,37.2037841796875,40.35931396484375,30,2026-06-02;2026-06-03;2026-06-10;2026-06-11;2026-06-18;2026-06-19;2026-06-26;2026-06-27;2026-07-05;2026-07-12;2026-07-13;2026-07-20;2026-07-21;2026-07-28;2026-07-29;2026-08-05;2026-08-06;2026-08-13;2026-08-14;2026-08-21;2026-08-22;2026-08-29;2026-08-30;2026-09-06;2026-09-15,,98.9668115234375,0.3845208845208845,1.25,0.6024396831034527,0.7427151996940599,619
360,Norman Field,29.645428,-82.339205,90,"8,13,43",none,12001000202,25.107526881720432,1.4258389845244306,34.61357421875,37.55140686035156,35,2026-06-02;2026-06-03;2026-06-10;2026-06-11;2026-06-18;2026-06-19;2026-06-26;2026-06-27;2026-07-05;2026-07-12;2026-07-13;2026-07-20;2026-07-21;2026-07-28;2026-07-29;2026-08-05;2026-08-06;2026-08-13;2026-08-14;2026-08-21;2026-08-22;2026-08-29;2026-08-30;2026-09-06;2026-09-15,,94.30443359375,0.10933660933660934,1.5,1.0001382545315658,0.7399054065891054,620
218,Bailey Village Assisted Living,29.663864,-82.330763,23,"6,55",unknown,12001000301,14.08811475409836,9.192399049881235,35.88213094075521,38.284576416015625,36,2026-06-02;2026-06-03;2026-06-10;2026-06-11;2026-06-18;2026-06-19;2026-06-26;2026-06-27;2026-07-05;2026-07-12;2026-07-13;2026-07-20;2026-07-21;2026-07-28;2026-07-29;2026-08-05;2026-08-06;2026-08-13;2026-08-14;2026-08-21;2026-08-22;2026-08-29;2026-08-30;2026-09-06;2026-09-15,,96.58783569335938,0.23832923832923833,1.25,0.7769677832140807,0.7356167310551129,621
1550,Hotel Eleo @ SW 16th Ave Westbound,29.636454,-82.341105,17,8,none,12001000809,3.034134007585335,10.265613783201722,36.441378348214286,37.621490478515625,35,2026-06-02;2026-06-03;2026-06-10;2026-06-11;2026-06-18;2026-06-19;2026-06-26;2026-06-27;2026-07-05;2026-07-12;2026-07-13;2026-07-20;2026-07-21;2026-07-28;2026-07-29;2026-08-05;2026-08-06;2026-08-13;2026-08-14;2026-08-21;2026-08-22;2026-08-29;2026-08-30;2026-09-06;2026-09-15,,97.59448102678572,0.300982800982801,1.5,0.5530972114845825,0.7217521936074491,622
915,Triangle Club,29.648287,-82.3126,13,26,unknown,12001000700,12.61942675159236,21.483491632745363,36.3052001953125,38.50845336914063,25,2026-06-02;2026-06-03;2026-06-10;2026-06-11;2026-06-18;2026-06-19;2026-06-26;2026-06-27;2026-07-05;2026-07-12;2026-07-13;2026-07-20;2026-07-21;2026-07-28;2026-07-29;2026-08-05;2026-08-06;2026-08-13;2026-08-14;2026-08-21;2026-08-22;2026-08-29;2026-08-30;2026-09-06;2026-09-15,,97.34936035156251,0.29238329238329236,1.25,0.7472232024740616,0.7207119762051083,623
824,Hampton Oaks Apartments,29.651658,-82.408971,95,"20,23,76",unknown,12001001605,5.992043759323719,8.548422678138099,35.64208984375,37.86073303222656,34,2026-06-02;2026-06-03;2026-06-10;2026-06-11;2026-06-18;2026-06-19;2026-06-26;2026-06-27;2026-07-05;2026-07-12;2026-07-13;2026-07-20;2026-07-21;2026-07-28;2026-07-29;2026-08-05;2026-08-06;2026-08-13;2026-08-14;2026-08-21;2026-08-22;2026-08-29;2026-08-30;2026-09-06;2026-09-15,,96.15576171875,0.20393120393120392,1.25,0.6130022323482037,0.7132380753639264,624
322,E Hawthorne Road @ SE 39th Terrace,29.636666,-82.275829,14,7,unknown,12001000700,12.61942675159236,21.483491632745363,36.20491790771485,38.571685791015625,32,2026-06-02;2026-06-03;2026-06-10;2026-06-11;2026-06-18;2026-06-19;2026-06-26;2026-06-27;2026-07-05;2026-07-12;2026-07-13;2026-07-20;2026-07-21;2026-07-28;2026-07-29;2026-08-05;2026-08-06;2026-08-13;2026-08-14;2026-08-21;2026-08-22;2026-08-29;2026-08-30;2026-09-06;2026-09-15,,97.16885223388672,0.28132678132678135,1.25,0.7472232024740616,0.7115872375825238,625
999,Northridge Neighborhood,29.686069,-82.430369,23,"43,55",none,12001001701,17.254556143445033,28.263455248290214,35.40830775669643,40.74896240234375,35,2026-06-02;2026-06-03;2026-06-10;2026-06-11;2026-06-18;2026-06-19;2026-06-26;2026-06-27;2026-07-05;2026-07-12;2026-07-13;2026-07-20;2026-07-21;2026-07-28;2026-07-29;2026-08-05;2026-08-06;2026-08-13;2026-08-14;2026-08-21;2026-08-22;2026-08-29;2026-08-30;2026-09-06;2026-09-15,,95.73495396205358,0.1769041769041769,1.5,0.8410960877983454,0.7093102051596216,626
598,Eastside Plaza,29.651971,-82.276984,17,11,unknown,12001000600,20.242214532871973,17.217034843999087,35.740456973805145,37.648834228515625,34,2026-06-02;2026-06-03;2026-06-10;2026-06-11;2026-06-18;2026-06-19;2026-06-26;2026-06-27;2026-07-05;2026-07-12;2026-07-13;2026-07-20;2026-07-21;2026-07-28;2026-07-29;2026-08-05;2026-08-06;2026-08-13;2026-08-14;2026-08-21;2026-08-22;2026-08-29;2026-08-30;2026-09-06;2026-09-15,,96.33282255284925,0.21744471744471744,1.25,0.901603592480261,0.7083178934467328,627
1025,Landmark Woods Neighborhood,29.661398,-82.389176,14,43,none,12001001702,5.506141465480729,33.90179910044978,36.25733816964286,41.85983276367188,35,2026-06-02;2026-06-03;2026-06-10;2026-06-11;2026-06-18;2026-06-19;2026-06-26;2026-06-27;2026-07-05;2026-07-12;2026-07-13;2026-07-20;2026-07-21;2026-07-28;2026-07-29;2026-08-05;2026-08-06;2026-08-13;2026-08-14;2026-08-21;2026-08-22;2026-08-29;2026-08-30;2026-09-06;2026-09-15,,97.26320870535714,0.28869778869778867,1.5,0.6031615037616609,0.7073348281627815,628
852,Triangle Club,29.648183,-82.31268,13,26,unknown,12001000700,12.61942675159236,21.483491632745363,36.25497159090909,38.50845336914063,22,2026-06-02;2026-06-03;2026-06-10;2026-06-11;2026-06-18;2026-06-19;2026-06-26;2026-06-27;2026-07-05;2026-07-12;2026-07-13;2026-07-20;2026-07-21;2026-07-28;2026-07-29;2026-08-05;2026-08-06;2026-08-13;2026-08-14;2026-08-21;2026-08-22;2026-08-29;2026-08-30;2026-09-06;2026-09-15,,97.25894886363638,0.28624078624078625,1.25,0.7472232024740616,0.7055709683016397,629
851,Eastbound SE 4th Avenue @ SE 8th Street,29.648137,-82.316559,13,26,none,12001000500,10.72961373390558,13.34805299076676,35.9597598805147,38.800689697265625,34,2026-06-02;2026-06-03;2026-06-10;2026-06-11;2026-06-18;2026-06-19;2026-06-26;2026-06-27;2026-07-05;2026-07-12;2026-07-13;2026-07-20;2026-07-21;2026-07-28;2026-07-29;2026-08-05;2026-08-06;2026-08-13;2026-08-14;2026-08-21;2026-08-22;2026-08-29;2026-08-30;2026-09-06;2026-09-15,,96.72756778492646,0.25061425061425063,1.5,0.7089497939678231,0.7033335379982842,630
1322,Rocky Point Apartments,29.621652,-82.370304,52,37,unknown,12001001515,9.41336971350614,5.387755102040816,35.68604213169643,36.7122802734375,35,2026-06-02;2026-06-03;2026-06-10;2026-06-11;2026-06-18;2026-06-19;2026-06-26;2026-06-27;2026-07-05;2026-07-12;2026-07-13;2026-07-20;2026-07-21;2026-07-28;2026-07-29;2026-08-05;2026-08-06;2026-08-13;2026-08-14;2026-08-21;2026-08-22;2026-08-29;2026-08-30;2026-09-06;2026-09-15,,96.23487583705358,0.2076167076167076,1.25,0.6822925825849184,0.703016311793582,631
324,Eastside High School,29.639837,-82.272389,14,7,unknown,12001001400,3.571428571428571,15.002627430373094,36.96594587053571,39.713287353515625,35,2026-06-02;2026-06-03;2026-06-10;2026-06-11;2026-06-18;2026-06-19;2026-06-26;2026-06-27;2026-07-05;2026-07-12;2026-07-13;2026-07-20;2026-07-21;2026-07-28;2026-07-29;2026-08-05;2026-08-06;2026-08-13;2026-08-14;2026-08-21;2026-08-22;2026-08-29;2026-08-30;2026-09-06;2026-09-15,,98.53870256696429,0.35995085995085996,1.25,0.5639787612134148,0.68718344553495,632
823,Hampton Oaks Apartments,29.652416,-82.408796,95,"20,23,76",none,12001001605,5.992043759323719,8.548422678138099,35.32280815972222,39.07583618164063,36,2026-06-02;2026-06-03;2026-06-10;2026-06-11;2026-06-18;2026-06-19;2026-06-26;2026-06-27;2026-07-05;2026-07-12;2026-07-13;2026-07-20;2026-07-21;2026-07-28;2026-07-29;2026-08-05;2026-08-06;2026-08-13;2026-08-14;2026-08-21;2026-08-22;2026-08-29;2026-08-30;2026-09-06;2026-09-15,,95.5810546875,0.16216216216216217,1.5,0.6130022323482037,0.6805838020340116,633
1170,Pine Ridge Apartments,29.706292,-82.356987,14,6,none,12001001202,0.5906123717749456,16.054477919933966,36.72893524169922,40.63958740234375,32,2026-06-02;2026-06-03;2026-06-10;2026-06-11;2026-06-18;2026-06-19;2026-06-26;2026-06-27;2026-07-05;2026-07-12;2026-07-13;2026-07-20;2026-07-21;2026-07-28;2026-07-29;2026-08-05;2026-08-06;2026-08-13;2026-08-14;2026-08-21;2026-08-22;2026-08-29;2026-08-30;2026-09-06;2026-09-15,,98.1120834350586,0.3316953316953317,1.5,0.5036098278725899,0.6785494861636409,634
595,Lake Forest Trails Neighborhood,29.646171,-82.272391,17,11,unknown,12001001400,3.571428571428571,15.002627430373094,36.733743106617645,40.56781005859375,34,2026-06-02;2026-06-03;2026-06-10;2026-06-11;2026-06-18;2026-06-19;2026-06-26;2026-06-27;2026-07-05;2026-07-12;2026-07-13;2026-07-20;2026-07-21;2026-07-28;2026-07-29;2026-08-05;2026-08-06;2026-08-13;2026-08-14;2026-08-21;2026-08-22;2026-08-29;2026-08-30;2026-09-06;2026-09-15,,98.12073759191176,0.33292383292383293,1.25,0.5639787612134148,0.678377372264872,635
668,Ronald McDonald House of Gainesville,29.636273,-82.340471,24,17,unknown,12001000809,3.034134007585335,10.265613783201722,36.46039496527778,37.686431884765625,36,2026-06-02;2026-06-03;2026-06-10;2026-06-11;2026-06-18;2026-06-19;2026-06-26;2026-06-27;2026-07-05;2026-07-12;2026-07-13;2026-07-20;2026-07-21;2026-07-28;2026-07-29;2026-08-05;2026-08-06;2026-08-13;2026-08-14;2026-08-21;2026-08-22;2026-08-29;2026-08-30;2026-09-06;2026-09-15,,97.6287109375,0.3034398034398034,1.25,0.5530972114845825,0.6752867889801674,636
1469,Eastbound University Avenue @ SW 23rd DR,29.652168,-82.358601,14,43,none,12001001000,6.52607580507267,9.155578975102095,36.10430385044643,36.9071044921875,35,2026-06-02;2026-06-03;2026-06-10;2026-06-11;2026-06-18;2026-06-19;2026-06-26;2026-06-27;2026-07-05;2026-07-12;2026-07-13;2026-07-20;2026-07-21;2026-07-28;2026-07-29;2026-08-05;2026-08-06;2026-08-13;2026-08-14;2026-08-21;2026-08-22;2026-08-29;2026-08-30;2026-09-06;2026-09-15,,96.98774693080357,0.26535626535626533,1.5,0.6238177079804916,0.6724113181000632,637
1259,Sunco @ E University Avenue,29.651961,-82.272934,17,11,unknown,12001000600,20.242214532871973,17.217034843999087,35.65342843191964,37.877838134765625,35,2026-06-02;2026-06-03;2026-06-10;2026-06-11;2026-06-18;2026-06-19;2026-06-26;2026-06-27;2026-07-05;2026-07-12;2026-07-13;2026-07-20;2026-07-21;2026-07-28;2026-07-29;2026-08-05;2026-08-06;2026-08-13;2026-08-14;2026-08-21;2026-08-22;2026-08-29;2026-08-30;2026-09-06;2026-09-15,,96.17617117745536,0.20638820638820637,1.25,0.901603592480261,0.6723017293731701,638
447,Hunters Run,29.612789,-82.359331,100,9,unknown,12001001516,8.51472471190781,5.001866368047779,35.39365931919643,39.38175964355469,35,2026-06-02;2026-06-03;2026-06-10;2026-06-11;2026-06-18;2026-06-19;2026-06-26;2026-06-27;2026-07-05;2026-07-12;2026-07-13;2026-07-20;2026-07-21;2026-07-28;2026-07-29;2026-08-05;2026-08-06;2026-08-13;2026-08-14;2026-08-21;2026-08-22;2026-08-29;2026-08-30;2026-09-06;2026-09-15,,95.70858677455358,0.17444717444717445,1.25,0.6640927887818456,0.6683220088333328,639
333,Southbound Se 35th Street @ SE 18th Avenue,29.634792,-82.280864,14,7,unknown,12001000700,12.61942675159236,21.483491632745363,36.09933035714285,37.884674072265625,35,2026-06-02;2026-06-03;2026-06-10;2026-06-11;2026-06-18;2026-06-19;2026-06-26;2026-06-27;2026-07-05;2026-07-12;2026-07-13;2026-07-20;2026-07-21;2026-07-28;2026-07-29;2026-08-05;2026-08-06;2026-08-13;2026-08-14;2026-08-21;2026-08-22;2026-08-29;2026-08-30;2026-09-06;2026-09-15,,96.97879464285712,0.2641277641277641,1.25,0.7472232024740616,0.668084087686649,640
317,Northbound SE 35th Street @ SE 18th Ave,29.634715,-82.280703,14,7,unknown,12001000700,12.61942675159236,21.483491632745363,36.06606593276515,37.884674072265625,33,2026-06-02;2026-06-03;2026-06-10;2026-06-11;2026-06-18;2026-06-19;2026-06-26;2026-06-27;2026-07-05;2026-07-12;2026-07-13;2026-07-20;2026-07-21;2026-07-28;2026-07-29;2026-08-05;2026-08-06;2026-08-13;2026-08-14;2026-08-21;2026-08-22;2026-08-29;2026-08-30;2026-09-06;2026-09-15,,96.91891867897726,0.26044226044226043,1.25,0.7472232024740616,0.6587619841375328,641
1427,Holy Faith Catholic Church,29.658408,-82.389177,14,43,none,12001001605,5.992043759323719,8.548422678138099,36.072276088169644,39.31167602539063,35,2026-06-02;2026-06-03;2026-06-10;2026-06-11;2026-06-18;2026-06-19;2026-06-26;2026-06-27;2026-07-05;2026-07-12;2026-07-13;2026-07-20;2026-07-21;2026-07-28;2026-07-29;2026-08-05;2026-08-06;2026-08-13;2026-08-14;2026-08-21;2026-08-22;2026-08-29;2026-08-30;2026-09-06;2026-09-15,,96.93009695870536,0.2616707616707617,1.5,0.6130022323482037,0.6515762181061879,642
669,Liv+ Apartments 13th St,29.634414,-82.339508,62,13,unknown,12001000809,3.034134007585335,10.265613783201722,35.820260184151785,37.0985107421875,35,2026-06-02;2026-06-03;2026-06-10;2026-06-11;2026-06-18;2026-06-19;2026-06-26;2026-06-27;2026-07-05;2026-07-12;2026-07-13;2026-07-20;2026-07-21;2026-07-28;2026-07-29;2026-08-05;2026-08-06;2026-08-13;2026-08-14;2026-08-21;2026-08-22;2026-08-29;2026-08-30;2026-09-06;2026-09-15,,96.47646833147321,0.22727272727272727,1.25,0.5530972114845825,0.6510103022647997,643
189,Center for Independent Living,29.651061,-82.377396,20,5,unknown,12001001605,5.992043759323719,8.548422678138099,36.1694287109375,38.88442993164063,25,2026-06-02;2026-06-03;2026-06-10;2026-06-11;2026-06-18;2026-06-19;2026-06-26;2026-06-27;2026-07-05;2026-07-12;2026-07-13;2026-07-20;2026-07-21;2026-07-28;2026-07-29;2026-08-05;2026-08-06;2026-08-13;2026-08-14;2026-08-21;2026-08-22;2026-08-29;2026-08-30;2026-09-06;2026-09-15,,97.10497167968751,0.2788697788697789,1.25,0.6130022323482037,0.6505680044874298,644
154,Westbound University Avenue @ NW 23rd Drive,29.652275,-82.358781,14,43,none,12001001000,6.52607580507267,9.155578975102095,35.98608737521701,36.9071044921875,36,2026-06-02;2026-06-03;2026-06-10;2026-06-11;2026-06-18;2026-06-19;2026-06-26;2026-06-27;2026-07-05;2026-07-12;2026-07-13;2026-07-20;2026-07-21;2026-07-28;2026-07-29;2026-08-05;2026-08-06;2026-08-13;2026-08-14;2026-08-21;2026-08-22;2026-08-29;2026-08-30;2026-09-06;2026-09-15,,96.77495727539062,0.25552825552825553,1.5,0.6238177079804916,0.6475071952074685,645
967,Hunters Run Apartments,29.61204,-82.359379,43,12,unknown,12001001517,11.43627262225645,5.445716267776621,35.442433076746326,38.21107482910156,34,2026-06-02;2026-06-03;2026-06-10;2026-06-11;2026-06-18;2026-06-19;2026-06-26;2026-06-27;2026-07-05;2026-07-12;2026-07-13;2026-07-20;2026-07-21;2026-07-28;2026-07-29;2026-08-05;2026-08-06;2026-08-13;2026-08-14;2026-08-21;2026-08-22;2026-08-29;2026-08-30;2026-09-06;2026-09-15,,95.79637953814338,0.18673218673218672,1.25,0.723261392022917,0.6388477516440032,646
707,Pine Grove Apartments,29.670214,-82.321102,23,15,unknown,12001000400,18.24006834686032,13.6077655941039,35.440149480646305,38.749420166015625,22,2026-06-02;2026-06-03;2026-06-10;2026-06-11;2026-06-18;2026-06-19;2026-06-26;2026-06-27;2026-07-05;2026-07-12;2026-07-13;2026-07-20;2026-07-21;2026-07-28;2026-07-29;2026-08-05;2026-08-06;2026-08-13;2026-08-14;2026-08-21;2026-08-22;2026-08-29;2026-08-30;2026-09-06;2026-09-15,,95.79226906516335,0.1855036855036855,1.25,0.8610551582440376,0.6345338240380012,647
393,Capri Neighborhood,29.695491,-82.372212,16,8,none,12001001202,0.5906123717749456,16.054477919933966,36.35573381696429,38.253814697265625,35,2026-06-02;2026-06-03;2026-06-10;2026-06-11;2026-06-18;2026-06-19;2026-06-26;2026-06-27;2026-07-05;2026-07-12;2026-07-13;2026-07-20;2026-07-21;2026-07-28;2026-07-29;2026-08-05;2026-08-06;2026-08-13;2026-08-14;2026-08-21;2026-08-22;2026-08-29;2026-08-30;2026-09-06;2026-09-15,,97.44032087053571,0.29606879606879605,1.5,0.5036098278725899,0.6336615743935147,648
1137,Cypress Villas,29.620249,-82.356695,95,"12,37",none,12001001515,9.41336971350614,5.387755102040816,34.947723388671875,34.987884521484375,2,2026-06-02;2026-06-03;2026-06-10;2026-06-11;2026-06-18;2026-06-19;2026-06-26;2026-06-27;2026-07-05;2026-07-12;2026-07-13;2026-07-20;2026-07-21;2026-07-28;2026-07-29;2026-08-05;2026-08-06;2026-08-13;2026-08-14;2026-08-21;2026-08-22;2026-08-29;2026-08-30;2026-09-06;2026-09-15,,94.90590209960938,0.13513513513513514,1.5,0.6822925825849184,0.6312609963594713,649
1239,Caroline Manor Affordable Housing,29.652003,-82.291919,17,11,unknown,12001000600,20.242214532871973,17.217034843999087,35.48037109375,36.4798583984375,35,2026-06-02;2026-06-03;2026-06-10;2026-06-11;2026-06-18;2026-06-19;2026-06-26;2026-06-27;2026-07-05;2026-07-12;2026-07-13;2026-07-20;2026-07-21;2026-07-28;2026-07-29;2026-08-05;2026-08-06;2026-08-13;2026-08-14;2026-08-21;2026-08-22;2026-08-29;2026-08-30;2026-09-06;2026-09-15,,95.86466796875001,0.1928746928746929,1.25,0.901603592480261,0.6282819732832603,650
501,NW 30th Terrace @ NW 16th Avenue,29.666862,-82.367675,20,10,none,12001001100,7.312925170068027,27.624720774385704,35.7130557789522,37.22840881347656,34,2026-06-02;2026-06-03;2026-06-10;2026-06-11;2026-06-18;2026-06-19;2026-06-26;2026-06-27;2026-07-05;2026-07-12;2026-07-13;2026-07-20;2026-07-21;2026-07-28;2026-07-29;2026-08-05;2026-08-06;2026-08-13;2026-08-14;2026-08-21;2026-08-22;2026-08-29;2026-08-30;2026-09-06;2026-09-15,,96.28350040211396,0.21375921375921375,1.5,0.6397533624063481,0.6245221679911416,651
132,Westbound SE 22nd Avenue @ SE 12th Street,29.631855,-82.310984,14,7,none,12001000700,12.61942675159236,21.483491632745363,35.647862025669646,39.29801940917969,35,2026-06-02;2026-06-03;2026-06-10;2026-06-11;2026-06-18;2026-06-19;2026-06-26;2026-06-27;2026-07-05;2026-07-12;2026-07-13;2026-07-20;2026-07-21;2026-07-28;2026-07-29;2026-08-05;2026-08-06;2026-08-13;2026-08-14;2026-08-21;2026-08-22;2026-08-29;2026-08-30;2026-09-06;2026-09-15,,96.16615164620536,0.20515970515970516,1.5,0.7472232024740616,0.622716517080951,652
1618,Queen of Peace Church,29.630694,-82.456769,12,52,unknown,12001002208,2.901178603807797,19.58961205514588,36.90786743164063,43.12789916992188,36,2026-06-02;2026-06-03;2026-06-10;2026-06-11;2026-06-18;2026-06-19;2026-06-26;2026-06-27;2026-07-05;2026-07-12;2026-07-13;2026-07-20;2026-07-21;2026-07-28;2026-07-29;2026-08-05;2026-08-06;2026-08-13;2026-08-14;2026-08-21;2026-08-22;2026-08-29;2026-08-30;2026-09-06;2026-09-15,,98.43416137695314,0.3525798525798526,1.25,0.550404534254473,0.6221975585223266,653
859,Cabana Beach Apartments (Exit),29.638078,-82.397988,122,20,unknown,12001001605,5.992043759323719,8.548422678138099,35.35471452985491,39.747467041015625,28,2026-06-02;2026-06-03;2026-06-10;2026-06-11;2026-06-18;2026-06-19;2026-06-26;2026-06-27;2026-07-05;2026-07-12;2026-07-13;2026-07-20;2026-07-21;2026-07-28;2026-07-29;2026-08-05;2026-08-06;2026-08-13;2026-08-14;2026-08-21;2026-08-22;2026-08-29;2026-08-30;2026-09-06;2026-09-15,,95.63848615373884,0.1683046683046683,1.25,0.6130022323482037,0.6205981665649138,654
1116,Valwood Neighborhood,29.604319,-82.422747,26,75,none,12001002221,0.8246527777777778,16.533758639021798,35.93839285714286,39.515045166015625,35,2026-06-02;2026-06-03;2026-06-10;2026-06-11;2026-06-18;2026-06-19;2026-06-26;2026-06-27;2026-07-05;2026-07-12;2026-07-13;2026-07-20;2026-07-21;2026-07-28;2026-07-29;2026-08-05;2026-08-06;2026-08-13;2026-08-14;2026-08-21;2026-08-22;2026-08-29;2026-08-30;2026-09-06;2026-09-15,,96.68910714285714,0.24692874692874692,1.5,0.5083497275251369,0.6205706246921148,655
1026,Holy Faith Catholic Church,29.658381,-82.389439,14,43,none,12001001605,5.992043759323719,8.548422678138099,35.9086254222973,39.31167602539063,37,2026-06-02;2026-06-03;2026-06-10;2026-06-11;2026-06-18;2026-06-19;2026-06-26;2026-06-27;2026-07-05;2026-07-12;2026-07-13;2026-07-20;2026-07-21;2026-07-28;2026-07-29;2026-08-05;2026-08-06;2026-08-13;2026-08-14;2026-08-21;2026-08-22;2026-08-29;2026-08-30;2026-09-06;2026-09-15,,96.63552576013514,0.24324324324324326,1.5,0.6130022323482037,0.6056905689437803,656
1319,Gainesville Regional Airport Outbound,29.678967,-82.276616,13,26,none,12001001902,16.82586333578251,25.576208178438662,35.42064666748047,37.1531982421875,32,2026-06-02;2026-06-03;2026-06-10;2026-06-11;2026-06-18;2026-06-19;2026-06-26;2026-06-27;2026-07-05;2026-07-12;2026-07-13;2026-07-20;2026-07-21;2026-07-28;2026-07-29;2026-08-05;2026-08-06;2026-08-13;2026-08-14;2026-08-21;2026-08-22;2026-08-29;2026-08-30;2026-09-06;2026-09-15,,95.75716400146484,0.18058968058968058,1.5,0.8324139934335614,0.5950759327607555,657
391,Gethsemane Lutheran Church,29.691353,-82.372205,16,8,none,12001001202,0.5906123717749456,16.054477919933966,36.1668701171875,39.474029541015625,36,2026-06-02;2026-06-03;2026-06-10;2026-06-11;2026-06-18;2026-06-19;2026-06-26;2026-06-27;2026-07-05;2026-07-12;2026-07-13;2026-07-20;2026-07-21;2026-07-28;2026-07-29;2026-08-05;2026-08-06;2026-08-13;2026-08-14;2026-08-21;2026-08-22;2026-08-29;2026-08-30;2026-09-06;2026-09-15,,97.1003662109375,0.27764127764127766,1.5,0.5036098278725899,0.5942220573150802,658
822,Palm Garden of Gainesville,29.64998,-82.407117,95,"20,23,76",none,12001001605,5.992043759323719,8.548422678138099,35.00674057006836,37.983795166015625,32,2026-06-02;2026-06-03;2026-06-10;2026-06-11;2026-06-18;2026-06-19;2026-06-26;2026-06-27;2026-07-05;2026-07-12;2026-07-13;2026-07-20;2026-07-21;2026-07-28;2026-07-29;2026-08-05;2026-08-06;2026-08-13;2026-08-14;2026-08-21;2026-08-22;2026-08-29;2026-08-30;2026-09-06;2026-09-15,,95.01213302612305,0.14127764127764128,1.5,0.6130022323482037,0.5929328578326616,659
330,Westbound Hawthorne Road @ SE 39th Street,29.636919,-82.275702,14,7,unknown,12001000600,20.242214532871973,17.217034843999087,35.50947401258681,38.571685791015625,36,2026-06-02;2026-06-03;2026-06-10;2026-06-11;2026-06-18;2026-06-19;2026-06-26;2026-06-27;2026-07-05;2026-07-12;2026-07-13;2026-07-20;2026-07-21;2026-07-28;2026-07-29;2026-08-05;2026-08-06;2026-08-13;2026-08-14;2026-08-21;2026-08-22;2026-08-29;2026-08-30;2026-09-06;2026-09-15,,95.91705322265625,0.1941031941031941,1.25,0.901603592480261,0.5923999858861211,660
677,The Landings Apartments,29.618568,-82.340371,62,13,none,12001110800,12.026726057906458,40.537989617744216,34.85595005580357,36.17051696777344,35,2026-06-02;2026-06-03;2026-06-10;2026-06-11;2026-06-18;2026-06-19;2026-06-26;2026-06-27;2026-07-05;2026-07-12;2026-07-13;2026-07-20;2026-07-21;2026-07-28;2026-07-29;2026-08-05;2026-08-06;2026-08-13;2026-08-14;2026-08-21;2026-08-22;2026-08-29;2026-08-30;2026-09-06;2026-09-15,,94.74071010044642,0.128992628992629,1.5,0.7352195409694231,0.5893893044774562,661
678,Residence Inn,29.615843,-82.340786,62,13,none,12001110800,12.026726057906458,40.537989617744216,34.85325453016493,38.393951416015625,36,2026-06-02;2026-06-03;2026-06-10;2026-06-11;2026-06-18;2026-06-19;2026-06-26;2026-06-27;2026-07-05;2026-07-12;2026-07-13;2026-07-20;2026-07-21;2026-07-28;2026-07-29;2026-08-05;2026-08-06;2026-08-13;2026-08-14;2026-08-21;2026-08-22;2026-08-29;2026-08-30;2026-09-06;2026-09-15,,94.73585815429688,0.12776412776412777,1.5,0.7352195409694231,0.5837760730062423,662
85,Lincoln Estate Neighborhood,29.640245,-82.305449,14,3,none,12001000700,12.61942675159236,21.483491632745363,35.479257089120374,36.6883544921875,27,2026-06-02;2026-06-03;2026-06-10;2026-06-11;2026-06-18;2026-06-19;2026-06-26;2026-06-27;2026-07-05;2026-07-12;2026-07-13;2026-07-20;2026-07-21;2026-07-28;2026-07-29;2026-08-05;2026-08-06;2026-08-13;2026-08-14;2026-08-21;2026-08-22;2026-08-29;2026-08-30;2026-09-06;2026-09-15,,95.86266276041667,0.19164619164619165,1.5,0.7472232024740616,0.5816992614648404,663
1280,Hidden Oak Elementary School,29.670811,-82.439103,25,23,none,12001002204,5.470500373412994,18.014849550605703,35.54758071899414,36.25425720214844,4,2026-06-02;2026-06-03;2026-06-10;2026-06-11;2026-06-18;2026-06-19;2026-06-26;2026-06-27;2026-07-05;2026-07-12;2026-07-13;2026-07-20;2026-07-21;2026-07-28;2026-07-29;2026-08-05;2026-08-06;2026-08-13;2026-08-14;2026-08-21;2026-08-22;2026-08-29;2026-08-30;2026-09-06;2026-09-15,,95.98564529418945,0.19656019656019655,1.5,0.6024396831034527,0.5787144901875533,664
1110,Tower Road Library,29.626092,-82.422571,26,75,none,12001002221,0.8246527777777778,16.533758639021798,35.81891043526786,37.358306884765625,35,2026-06-02;2026-06-03;2026-06-10;2026-06-11;2026-06-18;2026-06-19;2026-06-26;2026-06-27;2026-07-05;2026-07-12;2026-07-13;2026-07-20;2026-07-21;2026-07-28;2026-07-29;2026-08-05;2026-08-06;2026-08-13;2026-08-14;2026-08-21;2026-08-22;2026-08-29;2026-08-30;2026-09-06;2026-09-15,,96.47403878348214,0.22604422604422605,1.5,0.5083497275251369,0.5680845519569607,665
320,Kangaroo @ SE 35th Street,29.638559,-82.280695,14,7,unknown,12001000700,12.61942675159236,21.483491632745363,35.77647181919643,37.341217041015625,35,2026-06-02;2026-06-03;2026-06-10;2026-06-11;2026-06-18;2026-06-19;2026-06-26;2026-06-27;2026-07-05;2026-07-12;2026-07-13;2026-07-20;2026-07-21;2026-07-28;2026-07-29;2026-08-05;2026-08-06;2026-08-13;2026-08-14;2026-08-21;2026-08-22;2026-08-29;2026-08-30;2026-09-06;2026-09-15,,96.39764927455357,0.22113022113022113,1.25,0.7472232024740616,0.5593262129469618,666
759,Pine Grove Apartments,29.670098,-82.321381,23,15,unknown,12001000400,18.24006834686032,13.6077655941039,35.3354325727983,36.5482177734375,22,2026-06-02;2026-06-03;2026-06-10;2026-06-11;2026-06-18;2026-06-19;2026-06-26;2026-06-27;2026-07-05;2026-07-12;2026-07-13;2026-07-20;2026-07-21;2026-07-28;2026-07-29;2026-08-05;2026-08-06;2026-08-13;2026-08-14;2026-08-21;2026-08-22;2026-08-29;2026-08-30;2026-09-06;2026-09-15,,95.60377863103693,0.16339066339066338,1.25,0.8610551582440376,0.5588940304440672,667
1166,Ironwood Golf Course,29.688133,-82.296986,13,26,none,12001001902,16.82586333578251,25.576208178438662,35.3567853655134,36.6917724609375,14,2026-06-02;2026-06-03;2026-06-10;2026-06-11;2026-06-18;2026-06-19;2026-06-26;2026-06-27;2026-07-05;2026-07-12;2026-07-13;2026-07-20;2026-07-21;2026-07-28;2026-07-29;2026-08-05;2026-08-06;2026-08-13;2026-08-14;2026-08-21;2026-08-22;2026-08-29;2026-08-30;2026-09-06;2026-09-15,,95.64221365792413,0.16953316953316952,1.5,0.8324139934335614,0.5586427123876482,668
1595,UF Heart Health,29.639961,-82.339442,79,"8,13",unknown,12001000809,3.034134007585335,10.265613783201722,35.42534722222222,40.55584716796875,36,2026-06-02;2026-06-03;2026-06-10;2026-06-11;2026-06-18;2026-06-19;2026-06-26;2026-06-27;2026-07-05;2026-07-12;2026-07-13;2026-07-20;2026-07-21;2026-07-28;2026-07-29;2026-08-05;2026-08-06;2026-08-13;2026-08-14;2026-08-21;2026-08-22;2026-08-29;2026-08-30;2026-09-06;2026-09-15,,95.765625,0.18304668304668303,1.25,0.5530972114845825,0.5545597667860943,669
515,Hickory Woods Neighborhood,29.67429,-82.41516,29,"10,76",unknown,12001001701,17.254556143445033,28.263455248290214,35.198089599609375,35.198089599609375,1,2026-06-02;2026-06-03;2026-06-10;2026-06-11;2026-06-18;2026-06-19;2026-06-26;2026-06-27;2026-07-05;2026-07-12;2026-07-13;2026-07-20;2026-07-21;2026-07-28;2026-07-29;2026-08-05;2026-08-06;2026-08-13;2026-08-14;2026-08-21;2026-08-22;2026-08-29;2026-08-30;2026-09-06;2026-09-15,,95.35656127929687,0.15356265356265356,1.25,0.8410960877983454,0.5491273440467627,670
537,Willowcroft Neighborhood,29.667381,-82.374398,20,10,none,12001001702,5.506141465480729,33.90179910044978,35.549997040719695,37.495025634765625,33,2026-06-02;2026-06-03;2026-06-10;2026-06-11;2026-06-18;2026-06-19;2026-06-26;2026-06-27;2026-07-05;2026-07-12;2026-07-13;2026-07-20;2026-07-21;2026-07-28;2026-07-29;2026-08-05;2026-08-06;2026-08-13;2026-08-14;2026-08-21;2026-08-22;2026-08-29;2026-08-30;2026-09-06;2026-09-15,,95.98999467329546,0.1977886977886978,1.5,0.6031615037616609,0.5448105696846076,671
417,Capri Neighborhood,29.694582,-82.37237,17,8,none,12001001201,3.313696612665685,27.57630161579892,35.809580775669644,38.253814697265625,35,2026-06-02;2026-06-03;2026-06-10;2026-06-11;2026-06-18;2026-06-19;2026-06-26;2026-06-27;2026-07-05;2026-07-12;2026-07-13;2026-07-20;2026-07-21;2026-07-28;2026-07-29;2026-08-05;2026-08-06;2026-08-13;2026-08-14;2026-08-21;2026-08-22;2026-08-29;2026-08-30;2026-09-06;2026-09-15,,96.45724539620537,0.22481572481572482,1.5,0.558759048760106,0.5446233011847788,672
1609,Jonesville Arbor Greens,29.654706,-82.487319,12,52,unknown,12001002204,5.470500373412994,18.014849550605703,36.19503696986608,39.026275634765625,35,2026-06-02;2026-06-03;2026-06-10;2026-06-11;2026-06-18;2026-06-19;2026-06-26;2026-06-27;2026-07-05;2026-07-12;2026-07-13;2026-07-20;2026-07-21;2026-07-28;2026-07-29;2026-08-05;2026-08-06;2026-08-13;2026-08-14;2026-08-21;2026-08-22;2026-08-29;2026-08-30;2026-09-06;2026-09-15,,97.15106654575894,0.2800982800982801,1.25,0.6024396831034527,0.5410193786908807,673
331,Eastside Food Store,29.638623,-82.280846,14,7,unknown,12001000700,12.61942675159236,21.483491632745363,35.700837053571426,37.341217041015625,35,2026-06-02;2026-06-03;2026-06-10;2026-06-11;2026-06-18;2026-06-19;2026-06-26;2026-06-27;2026-07-05;2026-07-12;2026-07-13;2026-07-20;2026-07-21;2026-07-28;2026-07-29;2026-08-05;2026-08-06;2026-08-13;2026-08-14;2026-08-21;2026-08-22;2026-08-29;2026-08-30;2026-09-06;2026-09-15,,96.26150669642857,0.2113022113022113,1.25,0.7472232024740616,0.534467270149319,674
96,Northbound SE 15th Street @ SE 3rd Avenue,29.64879,-82.305788,14,7,unknown,12001000700,12.61942675159236,21.483491632745363,35.69609239366319,38.814361572265625,36,2026-06-02;2026-06-03;2026-06-10;2026-06-11;2026-06-18;2026-06-19;2026-06-26;2026-06-27;2026-07-05;2026-07-12;2026-07-13;2026-07-20;2026-07-21;2026-07-28;2026-07-29;2026-08-05;2026-08-06;2026-08-13;2026-08-14;2026-08-21;2026-08-22;2026-08-29;2026-08-30;2026-09-06;2026-09-15,,96.25296630859376,0.21007371007371006,1.25,0.7472232024740616,0.5313599022996137,675
825,The Earl Apartments,29.650056,-82.407791,95,"20,23,76",none,12001001605,5.992043759323719,8.548422678138099,34.84955512152778,36.21495056152344,36,2026-06-02;2026-06-03;2026-06-10;2026-06-11;2026-06-18;2026-06-19;2026-06-26;2026-06-27;2026-07-05;2026-07-12;2026-07-13;2026-07-20;2026-07-21;2026-07-28;2026-07-29;2026-08-05;2026-08-06;2026-08-13;2026-08-14;2026-08-21;2026-08-22;2026-08-29;2026-08-30;2026-09-06;2026-09-15,,94.72919921875,0.12653562653562653,1.5,0.6130022323482037,0.5310616031022969,676
282,D.R. Williams Fellowship Hall,29.656663,-82.330881,23,"6,55",unknown,12001000201,21.14384748700173,1.9492808478425436,35.044439406622026,36.8729248046875,21,2026-06-02;2026-06-03;2026-06-10;2026-06-11;2026-06-18;2026-06-19;2026-06-26;2026-06-27;2026-07-05;2026-07-12;2026-07-13;2026-07-20;2026-07-21;2026-07-28;2026-07-29;2026-08-05;2026-08-06;2026-08-13;2026-08-14;2026-08-21;2026-08-22;2026-08-29;2026-08-30;2026-09-06;2026-09-15,,95.07999093191964,0.14496314496314497,1.25,0.9198638997451218,0.5297274029761769,677
502,Zion Evangelical Lutheran Church,29.667092,-82.373357,20,10,unknown,12001001100,7.312925170068027,27.624720774385704,35.72537051930147,36.9583740234375,34,2026-06-02;2026-06-03;2026-06-10;2026-06-11;2026-06-18;2026-06-19;2026-06-26;2026-06-27;2026-07-05;2026-07-12;2026-07-13;2026-07-20;2026-07-21;2026-07-28;2026-07-29;2026-08-05;2026-08-06;2026-08-13;2026-08-14;2026-08-21;2026-08-22;2026-08-29;2026-08-30;2026-09-06;2026-09-15,,96.30566693474265,0.21621621621621623,1.25,0.6397533624063481,0.5264171530959815,678
103,Northbound SE 24th Street @ E University Avenue,29.651128,-82.293201,14,7,none,12001000600,20.242214532871973,17.217034843999087,35.041939871651785,39.347564697265625,35,2026-06-02;2026-06-03;2026-06-10;2026-06-11;2026-06-18;2026-06-19;2026-06-26;2026-06-27;2026-07-05;2026-07-12;2026-07-13;2026-07-20;2026-07-21;2026-07-28;2026-07-29;2026-08-05;2026-08-06;2026-08-13;2026-08-14;2026-08-21;2026-08-22;2026-08-29;2026-08-30;2026-09-06;2026-09-15,,95.07549176897321,0.14373464373464373,1.5,0.901603592480261,0.5264111266988063,679
1473,Fire Station,29.651128,-82.377021,20,5,none,12001001605,5.992043759323719,8.548422678138099,35.44962935014205,38.02993774414063,22,2026-06-02;2026-06-03;2026-06-10;2026-06-11;2026-06-18;2026-06-19;2026-06-26;2026-06-27;2026-07-05;2026-07-12;2026-07-13;2026-07-20;2026-07-21;2026-07-28;2026-07-29;2026-08-05;2026-08-06;2026-08-13;2026-08-14;2026-08-21;2026-08-22;2026-08-29;2026-08-30;2026-09-06;2026-09-15,,95.80933283025568,0.18796068796068796,1.5,0.6130022323482037,0.5261862802814631,680
405,Pine Ridge Apartments,29.709679,-82.35963,16,8,unknown,12001001803,5.032119914346895,22.788033099936342,35.95186244419643,40.212310791015625,35,2026-06-02;2026-06-03;2026-06-10;2026-06-11;2026-06-18;2026-06-19;2026-06-26;2026-06-27;2026-07-05;2026-07-12;2026-07-13;2026-07-20;2026-07-21;2026-07-28;2026-07-29;2026-08-05;2026-08-06;2026-08-13;2026-08-14;2026-08-21;2026-08-22;2026-08-29;2026-08-30;2026-09-06;2026-09-15,,96.71335239955357,0.24815724815724816,1.25,0.5935613897305314,0.5216532280098601,681
1016,Millhopper Branch Library,29.681599,-82.389063,14,43,none,12001001701,17.254556143445033,28.263455248290214,35.08485514322917,38.513580322265625,15,2026-06-02;2026-06-03;2026-06-10;2026-06-11;2026-06-18;2026-06-19;2026-06-26;2026-06-27;2026-07-05;2026-07-12;2026-07-13;2026-07-20;2026-07-21;2026-07-28;2026-07-29;2026-08-05;2026-08-06;2026-08-13;2026-08-14;2026-08-21;2026-08-22;2026-08-29;2026-08-30;2026-09-06;2026-09-15,,95.1527392578125,0.14864864864864866,1.5,0.8410960877983454,0.5078723255431319,682
1470,Gainesville Women's Club,29.652037,-82.364712,14,43,none,12001001000,6.52607580507267,9.155578975102095,35.578582763671875,39.306549072265625,22,2026-06-02;2026-06-03;2026-06-10;2026-06-11;2026-06-18;2026-06-19;2026-06-26;2026-06-27;2026-07-05;2026-07-12;2026-07-13;2026-07-20;2026-07-21;2026-07-28;2026-07-29;2026-08-05;2026-08-06;2026-08-13;2026-08-14;2026-08-21;2026-08-22;2026-08-29;2026-08-30;2026-09-06;2026-09-15,,96.04144897460938,0.19901719901719903,1.5,0.6238177079804916,0.5043084885750475,683
601,Fred Cone Park,29.651992,-82.287071,17,11,unknown,12001000600,20.242214532871973,17.217034843999087,35.218896484375,39.00064086914063,35,2026-06-02;2026-06-03;2026-06-10;2026-06-11;2026-06-18;2026-06-19;2026-06-26;2026-06-27;2026-07-05;2026-07-12;2026-07-13;2026-07-20;2026-07-21;2026-07-28;2026-07-29;2026-08-05;2026-08-06;2026-08-13;2026-08-14;2026-08-21;2026-08-22;2026-08-29;2026-08-30;2026-09-06;2026-09-15,,95.394013671875,0.1547911547911548,1.25,0.901603592480261,0.5042262970298776,684
131,Westbound SE 22nd Avenue @ SE 13th Street,29.631864,-82.30858,14,7,none,12001000700,12.61942675159236,21.483491632745363,35.34434291294643,38.195709228515625,35,2026-06-02;2026-06-03;2026-06-10;2026-06-11;2026-06-18;2026-06-19;2026-06-26;2026-06-27;2026-07-05;2026-07-12;2026-07-13;2026-07-20;2026-07-21;2026-07-28;2026-07-29;2026-08-05;2026-08-06;2026-08-13;2026-08-14;2026-08-21;2026-08-22;2026-08-29;2026-08-30;2026-09-06;2026-09-15,,95.61981724330357,0.16584766584766586,1.5,0.7472232024740616,0.5033935916522657,685
510,Suburban Apartments,29.674235,-82.391874,20,10,unknown,12001001701,17.254556143445033,28.263455248290214,35.262664794921875,40.48919677734375,32,2026-06-02;2026-06-03;2026-06-10;2026-06-11;2026-06-18;2026-06-19;2026-06-26;2026-06-27;2026-07-05;2026-07-12;2026-07-13;2026-07-20;2026-07-21;2026-07-28;2026-07-29;2026-08-05;2026-08-06;2026-08-13;2026-08-14;2026-08-21;2026-08-22;2026-08-29;2026-08-30;2026-09-06;2026-09-15,,95.47279663085938,0.15724815724815724,1.25,0.8410960877983454,0.5033387541195976,686
376,Cobblestone Apartments,29.678397,-82.349288,16,8,none,12001001203,5.620753551575047,12.678288431061809,35.461335100446426,38.575103759765625,35,2026-06-02;2026-06-03;2026-06-10;2026-06-11;2026-06-18;2026-06-19;2026-06-26;2026-06-27;2026-07-05;2026-07-12;2026-07-13;2026-07-20;2026-07-21;2026-07-28;2026-07-29;2026-08-05;2026-08-06;2026-08-13;2026-08-14;2026-08-21;2026-08-22;2026-08-29;2026-08-30;2026-09-06;2026-09-15,,95.83040318080357,0.1904176904176904,1.5,0.6054826832380354,0.48998135887678673,687
1321,The Enclave Apartments,29.621161,-82.368827,52,37,unknown,12001001515,9.41336971350614,5.387755102040816,35.03926086425781,35.680023193359375,32,2026-06-02;2026-06-03;2026-06-10;2026-06-11;2026-06-18;2026-06-19;2026-06-26;2026-06-27;2026-07-05;2026-07-12;2026-07-13;2026-07-20;2026-07-21;2026-07-28;2026-07-29;2026-08-05;2026-08-06;2026-08-13;2026-08-14;2026-08-21;2026-08-22;2026-08-29;2026-08-30;2026-09-06;2026-09-15,,95.07066955566407,0.14250614250614252,1.25,0.6822925825849184,0.4825437406393818,688
1420,Southbound SW 13th ST @ SW 14th AVE,29.637981,-82.339427,79,"8,13",none,12001000809,3.034134007585335,10.265613783201722,34.90846521714155,37.2677001953125,34,2026-06-02;2026-06-03;2026-06-10;2026-06-11;2026-06-18;2026-06-19;2026-06-26;2026-06-27;2026-07-05;2026-07-12;2026-07-13;2026-07-20;2026-07-21;2026-07-28;2026-07-29;2026-08-05;2026-08-06;2026-08-13;2026-08-14;2026-08-21;2026-08-22;2026-08-29;2026-08-30;2026-09-06;2026-09-15,,94.83523739085479,0.13267813267813267,1.5,0.5530972114845825,0.4823553407750189,689
541,Raintree Neighborhood,29.66665,-82.357935,20,10,unknown,12001001000,6.52607580507267,9.155578975102095,35.64083077566964,38.985260009765625,35,2026-06-02;2026-06-03;2026-06-10;2026-06-11;2026-06-18;2026-06-19;2026-06-26;2026-06-27;2026-07-05;2026-07-12;2026-07-13;2026-07-20;2026-07-21;2026-07-28;2026-07-29;2026-08-05;2026-08-06;2026-08-13;2026-08-14;2026-08-21;2026-08-22;2026-08-29;2026-08-30;2026-09-06;2026-09-15,,96.15349539620536,0.20270270270270271,1.25,0.6238177079804916,0.48122305971177487,690
1050,Bellamy Grand,29.628397,-82.422371,27,75,none,12001002219,16.47440519105984,14.393255043661547,34.69985002790179,36.8353271484375,35,2026-06-02;2026-06-03;2026-06-10;2026-06-11;2026-06-18;2026-06-19;2026-06-26;2026-06-27;2026-07-05;2026-07-12;2026-07-13;2026-07-20;2026-07-21;2026-07-28;2026-07-29;2026-08-05;2026-08-06;2026-08-13;2026-08-14;2026-08-21;2026-08-22;2026-08-29;2026-08-30;2026-09-06;2026-09-15,,94.45973005022321,0.11547911547911548,1.5,0.8252960928688374,0.4763609412372721,691
729,Southbound SW 6th Street @ NW 36th Avenue,29.685223,-82.330834,32,"15,55",unknown,12001000302,11.592076302274394,26.838966202783297,35.091552734375,36.99427795410156,35,2026-06-02;2026-06-03;2026-06-10;2026-06-11;2026-06-18;2026-06-19;2026-06-26;2026-06-27;2026-07-05;2026-07-12;2026-07-13;2026-07-20;2026-07-21;2026-07-28;2026-07-29;2026-08-05;2026-08-06;2026-08-13;2026-08-14;2026-08-21;2026-08-22;2026-08-29;2026-08-30;2026-09-06;2026-09-15,,95.164794921875,0.14987714987714987,1.25,0.7264168036092977,0.47584530909818634,692
1386,Breckenridge Neighborhood,29.688792,-82.378614,9,55,none,12001001201,3.313696612665685,27.57630161579892,35.92901785714286,39.73381042480469,35,2026-06-02;2026-06-03;2026-06-10;2026-06-11;2026-06-18;2026-06-19;2026-06-26;2026-06-27;2026-07-05;2026-07-12;2026-07-13;2026-07-20;2026-07-21;2026-07-28;2026-07-29;2026-08-05;2026-08-06;2026-08-13;2026-08-14;2026-08-21;2026-08-22;2026-08-29;2026-08-30;2026-09-06;2026-09-15,,96.67223214285715,0.2457002457002457,1.5,0.558759048760106,0.47417331311445454,693
1279,Hidden Oak Elementary School,29.670888,-82.439,25,23,none,12001002204,5.470500373412994,18.014849550605703,35.31202189127604,35.719329833984375,3,2026-06-02;2026-06-03;2026-06-10;2026-06-11;2026-06-18;2026-06-19;2026-06-26;2026-06-27;2026-07-05;2026-07-12;2026-07-13;2026-07-20;2026-07-21;2026-07-28;2026-07-29;2026-08-05;2026-08-06;2026-08-13;2026-08-14;2026-08-21;2026-08-22;2026-08-29;2026-08-30;2026-09-06;2026-09-15,,95.56163940429687,0.16093366093366093,1.5,0.6024396831034527,0.47382248884105926,694
1009,Faith Presbyterian Church,29.6886514,-82.4057613,23,"43,55",none,12001001701,17.254556143445033,28.263455248290214,34.75606761259191,35.950042724609375,34,2026-06-02;2026-06-03;2026-06-10;2026-06-11;2026-06-18;2026-06-19;2026-06-26;2026-06-27;2026-07-05;2026-07-12;2026-07-13;2026-07-20;2026-07-21;2026-07-28;2026-07-29;2026-08-05;2026-08-06;2026-08-13;2026-08-14;2026-08-21;2026-08-22;2026-08-29;2026-08-30;2026-09-06;2026-09-15,,94.56092170266544,0.11793611793611794,1.5,0.8410960877983454,0.4728734701064144,695
791,Oakbrook Walk Condominiums @ SW 16th Avenue,29.6365343,-82.3382784,24,17,none,12001000806,18.91348088531187,5.931198102016608,34.661658393012154,36.7874755859375,36,2026-06-02;2026-06-03;2026-06-10;2026-06-11;2026-06-18;2026-06-19;2026-06-26;2026-06-27;2026-07-05;2026-07-12;2026-07-13;2026-07-20;2026-07-21;2026-07-28;2026-07-29;2026-08-05;2026-08-06;2026-08-13;2026-08-14;2026-08-21;2026-08-22;2026-08-29;2026-08-30;2026-09-06;2026-09-15,,94.39098510742187,0.11179361179361179,1.5,0.8746934351191369,0.47213732667440045,696
917,Westbound SE 4th Avenue @ SE 8th Street,29.64828,-82.31636,13,26,unknown,12001000500,10.72961373390558,13.34805299076676,35.582913643973214,38.332427978515625,35,2026-06-02;2026-06-03;2026-06-10;2026-06-11;2026-06-18;2026-06-19;2026-06-26;2026-06-27;2026-07-05;2026-07-12;2026-07-13;2026-07-20;2026-07-21;2026-07-28;2026-07-29;2026-08-05;2026-08-06;2026-08-13;2026-08-14;2026-08-21;2026-08-22;2026-08-29;2026-08-30;2026-09-06;2026-09-15,,96.04924455915179,0.20024570024570024,1.25,0.7089497939678231,0.468314406428596,697
396,Barnhill Clinic,29.702736,-82.364968,16,8,none,12001001202,0.5906123717749456,16.054477919933966,35.770866842830884,39.966217041015625,34,2026-06-02;2026-06-03;2026-06-10;2026-06-11;2026-06-18;2026-06-19;2026-06-26;2026-06-27;2026-07-05;2026-07-12;2026-07-13;2026-07-20;2026-07-21;2026-07-28;2026-07-29;2026-08-05;2026-08-06;2026-08-13;2026-08-14;2026-08-21;2026-08-22;2026-08-29;2026-08-30;2026-09-06;2026-09-15,,96.38756031709559,0.21867321867321868,1.5,0.5036098278725899,0.4680156026640897,698
127,Lincoln Estates Neighborhood,29.640328,-82.305742,14,3,none,12001000700,12.61942675159236,21.483491632745363,35.11062344637784,36.4251708984375,22,2026-06-02;2026-06-03;2026-06-10;2026-06-11;2026-06-18;2026-06-19;2026-06-26;2026-06-27;2026-07-05;2026-07-12;2026-07-13;2026-07-20;2026-07-21;2026-07-28;2026-07-29;2026-08-05;2026-08-06;2026-08-13;2026-08-14;2026-08-21;2026-08-22;2026-08-29;2026-08-30;2026-09-06;2026-09-15,,95.19912220348013,0.15233415233415235,1.5,0.7472232024740616,0.46237633603615524,699
1397,Westbound SW 24th Ave @ SW 61st St,29.639833,-82.406425,21,"52,76",none,12001002219,16.47440519105984,14.393255043661547,34.753753662109375,36.4251708984375,4,2026-06-02;2026-06-03;2026-06-10;2026-06-11;2026-06-18;2026-06-19;2026-06-26;2026-06-27;2026-07-05;2026-07-12;2026-07-13;2026-07-20;2026-07-21;2026-07-28;2026-07-29;2026-08-05;2026-08-06;2026-08-13;2026-08-14;2026-08-21;2026-08-22;2026-08-29;2026-08-30;2026-09-06;2026-09-15,,94.55675659179687,0.1167076167076167,1.5,0.8252960928688374,0.4465861173217274,700
375,Brook Wood Terrace Neighborhood,29.676457,-82.347891,16,8,none,12001001203,5.620753551575047,12.678288431061809,35.37938774956597,37.659088134765625,36,2026-06-02;2026-06-03;2026-06-10;2026-06-11;2026-06-18;2026-06-19;2026-06-26;2026-06-27;2026-07-05;2026-07-12;2026-07-13;2026-07-20;2026-07-21;2026-07-28;2026-07-29;2026-08-05;2026-08-06;2026-08-13;2026-08-14;2026-08-21;2026-08-22;2026-08-29;2026-08-30;2026-09-06;2026-09-15,,95.68289794921876,0.1732186732186732,1.5,0.6054826832380354,0.44572497807501243,701
685,The Landings Apartments,29.618673,-82.340078,60,13,unknown,12001000808,7.1806945261918775,3.871439006574142,34.92802734375,36.17051696777344,35,2026-06-02;2026-06-03;2026-06-10;2026-06-11;2026-06-18;2026-06-19;2026-06-26;2026-06-27;2026-07-05;2026-07-12;2026-07-13;2026-07-20;2026-07-21;2026-07-28;2026-07-29;2026-08-05;2026-08-06;2026-08-13;2026-08-14;2026-08-21;2026-08-22;2026-08-29;2026-08-30;2026-09-06;2026-09-15,,94.87044921875,0.1339066339066339,1.25,0.6370753633647764,0.4383662073454888,702
1400,Westbound SW 24th AVE @ SW 84th ST,29.630614,-82.431857,21,"52,76",unknown,12001002207,0.4123711340206186,18.689934243803744,35.79563993566177,37.0233154296875,34,2026-06-02;2026-06-03;2026-06-10;2026-06-11;2026-06-18;2026-06-19;2026-06-26;2026-06-27;2026-07-05;2026-07-12;2026-07-13;2026-07-20;2026-07-21;2026-07-28;2026-07-29;2026-08-05;2026-08-06;2026-08-13;2026-08-14;2026-08-21;2026-08-22;2026-08-29;2026-08-30;2026-09-06;2026-09-15,,96.43215188419119,0.22358722358722358,1.25,0.5,0.4319485000853912,703
1038,A Child's Place,29.605527,-82.408965,27,75,none,12001002219,16.47440519105984,14.393255043661547,34.55801773071289,36.2850341796875,32,2026-06-02;2026-06-03;2026-06-10;2026-06-11;2026-06-18;2026-06-19;2026-06-26;2026-06-27;2026-07-05;2026-07-12;2026-07-13;2026-07-20;2026-07-21;2026-07-28;2026-07-29;2026-08-05;2026-08-06;2026-08-13;2026-08-14;2026-08-21;2026-08-22;2026-08-29;2026-08-30;2026-09-06;2026-09-15,,94.20443191528321,0.10442260442260443,1.5,0.8252960928688374,0.43075191494859716,704
1119,CROM Equipment Rentals,29.601707,-82.415676,26,75,none,12001002220,6.800766283524904,16.68472372697725,34.97314453125,36.9959716796875,32,2026-06-02;2026-06-03;2026-06-10;2026-06-11;2026-06-18;2026-06-19;2026-06-26;2026-06-27;2026-07-05;2026-07-12;2026-07-13;2026-07-20;2026-07-21;2026-07-28;2026-07-29;2026-08-05;2026-08-06;2026-08-13;2026-08-14;2026-08-21;2026-08-22;2026-08-29;2026-08-30;2026-09-06;2026-09-15,,94.95166015625,0.1375921375921376,1.5,0.6293808725878798,0.4281186273739092,705
687,Bivens Cove Apartments,29.622049,-82.339557,60,13,unknown,12001000808,7.1806945261918775,3.871439006574142,34.894985622829864,41.05657958984375,36,2026-06-02;2026-06-03;2026-06-10;2026-06-11;2026-06-18;2026-06-19;2026-06-26;2026-06-27;2026-07-05;2026-07-12;2026-07-13;2026-07-20;2026-07-21;2026-07-28;2026-07-29;2026-08-05;2026-08-06;2026-08-13;2026-08-14;2026-08-21;2026-08-22;2026-08-29;2026-08-30;2026-09-06;2026-09-15,,94.81097412109375,0.13022113022113022,1.25,0.6370753633647764,0.42630108237267716,706
1405,Eastbound SW 24th AVE @ SW 84th ST,29.630494,-82.432433,21,"52,76",unknown,12001002221,0.8246527777777778,16.533758639021798,35.715234375,36.7840576171875,35,2026-06-02;2026-06-03;2026-06-10;2026-06-11;2026-06-18;2026-06-19;2026-06-26;2026-06-27;2026-07-05;2026-07-12;2026-07-13;2026-07-20;2026-07-21;2026-07-28;2026-07-29;2026-08-05;2026-08-06;2026-08-13;2026-08-14;2026-08-21;2026-08-22;2026-08-29;2026-08-30;2026-09-06;2026-09-15,,96.287421875,0.214987714987715,1.25,0.5083497275251369,0.4222709660063465,707
1184,Weed Science Building,29.6387966,-82.3641028,38,118,unknown,12001000901,49.78902953586498,0.0,33.70122146606445,35.874847412109375,32,2026-06-02;2026-06-03;2026-06-10;2026-06-11;2026-06-18;2026-06-19;2026-06-26;2026-06-27;2026-07-05;2026-07-12;2026-07-13;2026-07-20;2026-07-21;2026-07-28;2026-07-29;2026-08-05;2026-08-06;2026-08-13;2026-08-14;2026-08-21;2026-08-22;2026-08-29;2026-08-30;2026-09-06;2026-09-15,,92.66219863891601,0.06142506142506143,1.25,1.5,0.42193968590252384,708
186,Life South Blood Center,29.654297,-82.386555,34,"5,43",none,12001001605,5.992043759323719,8.548422678138099,34.84222881610577,37.1873779296875,26,2026-06-02;2026-06-03;2026-06-10;2026-06-11;2026-06-18;2026-06-19;2026-06-26;2026-06-27;2026-07-05;2026-07-12;2026-07-13;2026-07-20;2026-07-21;2026-07-28;2026-07-29;2026-08-05;2026-08-06;2026-08-13;2026-08-14;2026-08-21;2026-08-22;2026-08-29;2026-08-30;2026-09-06;2026-09-15,,94.71601186899038,0.12530712530712532,1.5,0.6130022323482037,0.40964834602651595,709
1006,Robin Lane Neighborhood,29.6886393,-82.4219068,23,"43,55",none,12001001701,17.254556143445033,28.263455248290214,34.53685825892857,37.0318603515625,35,2026-06-02;2026-06-03;2026-06-10;2026-06-11;2026-06-18;2026-06-19;2026-06-26;2026-06-27;2026-07-05;2026-07-12;2026-07-13;2026-07-20;2026-07-21;2026-07-28;2026-07-29;2026-08-05;2026-08-06;2026-08-13;2026-08-14;2026-08-21;2026-08-22;2026-08-29;2026-08-30;2026-09-06;2026-09-15,,94.16634486607143,0.10196560196560196,1.5,0.8410960877983454,0.4088385210295041,710
681,US 441 South,29.607556,-82.342145,122,13,unknown,12001110800,12.026726057906458,40.537989617744216,34.340793185763886,36.4200439453125,36,2026-06-02;2026-06-03;2026-06-10;2026-06-11;2026-06-18;2026-06-19;2026-06-26;2026-06-27;2026-07-05;2026-07-12;2026-07-13;2026-07-20;2026-07-21;2026-07-28;2026-07-29;2026-08-05;2026-08-06;2026-08-13;2026-08-14;2026-08-21;2026-08-22;2026-08-29;2026-08-30;2026-09-06;2026-09-15,,93.813427734375,0.09213759213759214,1.25,0.7352195409694231,0.4074798801616801,711
67,Eastbound SE 22nd Avenue @ SE 13th Street,29.631796,-82.308693,14,7,unknown,12001000700,12.61942675159236,21.483491632745363,35.29693080357143,38.195709228515625,35,2026-06-02;2026-06-03;2026-06-10;2026-06-11;2026-06-18;2026-06-19;2026-06-26;2026-06-27;2026-07-05;2026-07-12;2026-07-13;2026-07-20;2026-07-21;2026-07-28;2026-07-29;2026-08-05;2026-08-06;2026-08-13;2026-08-14;2026-08-21;2026-08-22;2026-08-29;2026-08-30;2026-09-06;2026-09-15,,95.53447544642856,0.15847665847665848,1.25,0.7472232024740616,0.40085045261198937,712
539,Brywood Neighborhood,29.666647,-82.362483,20,10,none,12001001000,6.52607580507267,9.155578975102095,35.00498046875,37.460845947265625,35,2026-06-02;2026-06-03;2026-06-10;2026-06-11;2026-06-18;2026-06-19;2026-06-26;2026-06-27;2026-07-05;2026-07-12;2026-07-13;2026-07-20;2026-07-21;2026-07-28;2026-07-29;2026-08-05;2026-08-06;2026-08-13;2026-08-14;2026-08-21;2026-08-22;2026-08-29;2026-08-30;2026-09-06;2026-09-15,,95.00896484375,0.14004914004914004,1.5,0.6238177079804916,0.39897766405194424,713
498,NW 24th St @ NW 16th Avenue,29.666836,-82.358027,20,10,unknown,12001001100,7.312925170068027,27.624720774385704,35.30823432074653,38.985260009765625,36,2026-06-02;2026-06-03;2026-06-10;2026-06-11;2026-06-18;2026-06-19;2026-06-26;2026-06-27;2026-07-05;2026-07-12;2026-07-13;2026-07-20;2026-07-21;2026-07-28;2026-07-29;2026-08-05;2026-08-06;2026-08-13;2026-08-14;2026-08-21;2026-08-22;2026-08-29;2026-08-30;2026-09-06;2026-09-15,,95.55482177734375,0.1597051597051597,1.25,0.6397533624063481,0.3888308517186226,714
433,Brookwood Terrace,29.676485,-82.348049,17,8,unknown,12001001100,7.312925170068027,27.624720774385704,35.35259184966216,37.1531982421875,37,2026-06-02;2026-06-03;2026-06-10;2026-06-11;2026-06-18;2026-06-19;2026-06-26;2026-06-27;2026-07-05;2026-07-12;2026-07-13;2026-07-20;2026-07-21;2026-07-28;2026-07-29;2026-08-05;2026-08-06;2026-08-13;2026-08-14;2026-08-21;2026-08-22;2026-08-29;2026-08-30;2026-09-06;2026-09-15,,95.6346653293919,0.16707616707616707,1.25,0.6397533624063481,0.38618090739819544,715
1121,SunState,29.605087,-82.409246,26,75,none,12001002220,6.800766283524904,16.68472372697725,34.82569099195076,36.2850341796875,33,2026-06-02;2026-06-03;2026-06-10;2026-06-11;2026-06-18;2026-06-19;2026-06-26;2026-06-27;2026-07-05;2026-07-12;2026-07-13;2026-07-20;2026-07-21;2026-07-28;2026-07-29;2026-08-05;2026-08-06;2026-08-13;2026-08-14;2026-08-21;2026-08-22;2026-08-29;2026-08-30;2026-09-06;2026-09-15,,94.68624378551137,0.12285012285012285,1.5,0.6293808725878798,0.3822487744409904,716
319,Northbound SE 35th Street @ SE 16th Avenue,29.636671,-82.28069,14,7,unknown,12001000700,12.61942675159236,21.483491632745363,35.102294921875,36.8985595703125,35,2026-06-02;2026-06-03;2026-06-10;2026-06-11;2026-06-18;2026-06-19;2026-06-26;2026-06-27;2026-07-05;2026-07-12;2026-07-13;2026-07-20;2026-07-21;2026-07-28;2026-07-29;2026-08-05;2026-08-06;2026-08-13;2026-08-14;2026-08-21;2026-08-22;2026-08-29;2026-08-30;2026-09-06;2026-09-15,,95.184130859375,0.1511056511056511,1.25,0.7472232024740616,0.38220624551375737,717
994,Faith Presbyterian Church,29.688905,-82.405853,23,"43,55",none,12001001811,12.61518906895456,20.87149187592319,34.590663364955354,35.950042724609375,35,2026-06-02;2026-06-03;2026-06-10;2026-06-11;2026-06-18;2026-06-19;2026-06-26;2026-06-27;2026-07-05;2026-07-12;2026-07-13;2026-07-20;2026-07-21;2026-07-28;2026-07-29;2026-08-05;2026-08-06;2026-08-13;2026-08-14;2026-08-21;2026-08-22;2026-08-29;2026-08-30;2026-09-06;2026-09-15,,94.26319405691963,0.10687960687960688,1.5,0.7471373788728913,0.3806692709316545,718
794,Sai Quick Stop,29.636379,-82.338066,24,17,unknown,12001000808,7.1806945261918775,3.871439006574142,35.0529899597168,36.7874755859375,32,2026-06-02;2026-06-03;2026-06-10;2026-06-11;2026-06-18;2026-06-19;2026-06-26;2026-06-27;2026-07-05;2026-07-12;2026-07-13;2026-07-20;2026-07-21;2026-07-28;2026-07-29;2026-08-05;2026-08-06;2026-08-13;2026-08-14;2026-08-21;2026-08-22;2026-08-29;2026-08-30;2026-09-06;2026-09-15,,95.09538192749024,0.14742014742014742,1.25,0.6370753633647764,0.3778869445492635,719
514,Westbound NW 23rd Avenue @ NW 63rd Terrace,29.67424,-82.410596,29,"10,76",none,12001001701,17.254556143445033,28.263455248290214,34.210891311233105,36.2303466796875,37,2026-06-02;2026-06-03;2026-06-10;2026-06-11;2026-06-18;2026-06-19;2026-06-26;2026-06-27;2026-07-05;2026-07-12;2026-07-13;2026-07-20;2026-07-21;2026-07-28;2026-07-29;2026-08-05;2026-08-06;2026-08-13;2026-08-14;2026-08-21;2026-08-22;2026-08-29;2026-08-30;2026-09-06;2026-09-15,,93.57960436021959,0.08722358722358722,1.5,0.8410960877983454,0.3742851977022735,720
1174,Lacrosse Field,29.637587,-82.365174,140,"21,33,52,118",none,12001001514,8.333333333333332,2.7532467532467533,33.911220974392364,35.690277099609375,36,2026-06-02;2026-06-03;2026-06-10;2026-06-11;2026-06-18;2026-06-19;2026-06-26;2026-06-27;2026-07-05;2026-07-12;2026-07-13;2026-07-20;2026-07-21;2026-07-28;2026-07-29;2026-08-05;2026-08-06;2026-08-13;2026-08-14;2026-08-21;2026-08-22;2026-08-29;2026-08-30;2026-09-06;2026-09-15,,93.04019775390626,0.07616707616707617,1.5,0.6604191627316935,0.3734002399174786,721
987,Millhopper Branch Library,29.682029,-82.388843,14,43,unknown,12001001100,7.312925170068027,27.624720774385704,35.37475907175165,38.513580322265625,19,2026-06-02;2026-06-03;2026-06-10;2026-06-11;2026-06-18;2026-06-19;2026-06-26;2026-06-27;2026-07-05;2026-07-12;2026-07-13;2026-07-20;2026-07-21;2026-07-28;2026-07-29;2026-08-05;2026-08-06;2026-08-13;2026-08-14;2026-08-21;2026-08-22;2026-08-29;2026-08-30;2026-09-06;2026-09-15,,95.67456632915297,0.171990171990172,1.25,0.6397533624063481,0.37246282407992265,722
414,Barnhill Clinic,29.702597,-82.365593,17,8,unknown,12001001201,3.313696612665685,27.57630161579892,35.43466796875,37.3975830078125,35,2026-06-02;2026-06-03;2026-06-10;2026-06-11;2026-06-18;2026-06-19;2026-06-26;2026-06-27;2026-07-05;2026-07-12;2026-07-13;2026-07-20;2026-07-21;2026-07-28;2026-07-29;2026-08-05;2026-08-06;2026-08-13;2026-08-14;2026-08-21;2026-08-22;2026-08-29;2026-08-30;2026-09-06;2026-09-15,,95.78240234375,0.18427518427518427,1.25,0.558759048760106,0.3720104516289472,723
332,Southbound SE 35th Street @ SE 16th Avenue,29.636636,-82.280843,14,7,unknown,12001000700,12.61942675159236,21.483491632745363,35.048486328125,36.8985595703125,35,2026-06-02;2026-06-03;2026-06-10;2026-06-11;2026-06-18;2026-06-19;2026-06-26;2026-06-27;2026-07-05;2026-07-12;2026-07-13;2026-07-20;2026-07-21;2026-07-28;2026-07-29;2026-08-05;2026-08-06;2026-08-13;2026-08-14;2026-08-21;2026-08-22;2026-08-29;2026-08-30;2026-09-06;2026-09-15,,95.08727539062501,0.14619164619164618,1.25,0.7472232024740616,0.3697767741149359,724
977,Millennium Center,29.65644,-82.38993,14,43,unknown,12001001605,5.992043759323719,8.548422678138099,35.39735979352679,38.19569396972656,35,2026-06-02;2026-06-03;2026-06-10;2026-06-11;2026-06-18;2026-06-19;2026-06-26;2026-06-27;2026-07-05;2026-07-12;2026-07-13;2026-07-20;2026-07-21;2026-07-28;2026-07-29;2026-08-05;2026-08-06;2026-08-13;2026-08-14;2026-08-21;2026-08-22;2026-08-29;2026-08-30;2026-09-06;2026-09-15,,95.71524762834822,0.17567567567567569,1.25,0.6130022323482037,0.3645359905680159,725
1000,The Arc,29.683831,-82.43038,23,"43,55",none,12001001701,17.254556143445033,28.263455248290214,34.33309151785714,36.8712158203125,35,2026-06-02;2026-06-03;2026-06-10;2026-06-11;2026-06-18;2026-06-19;2026-06-26;2026-06-27;2026-07-05;2026-07-12;2026-07-13;2026-07-20;2026-07-21;2026-07-28;2026-07-29;2026-08-05;2026-08-06;2026-08-13;2026-08-14;2026-08-21;2026-08-22;2026-08-29;2026-08-30;2026-09-06;2026-09-15,,93.79956473214285,0.09090909090909091,1.5,0.8410960877983454,0.3645066332070278,726
820,Spyglass Apartments,29.646795,-82.400843,95,"20,23,76",none,12001001605,5.992043759323719,8.548422678138099,34.19865036010742,38.691314697265625,32,2026-06-02;2026-06-03;2026-06-10;2026-06-11;2026-06-18;2026-06-19;2026-06-26;2026-06-27;2026-07-05;2026-07-12;2026-07-13;2026-07-20;2026-07-21;2026-07-28;2026-07-29;2026-08-05;2026-08-06;2026-08-13;2026-08-14;2026-08-21;2026-08-22;2026-08-29;2026-08-30;2026-09-06;2026-09-15,,93.55757064819336,0.085995085995086,1.5,0.6130022323482037,0.3609156525937941,727
521,Santa Fe College,29.67778,-82.430533,54,"10,23,76",none,12001001701,17.254556143445033,28.263455248290214,33.81522843644426,36.5926513671875,37,2026-06-02;2026-06-03;2026-06-10;2026-06-11;2026-06-18;2026-06-19;2026-06-26;2026-06-27;2026-07-05;2026-07-12;2026-07-13;2026-07-20;2026-07-21;2026-07-28;2026-07-29;2026-08-05;2026-08-06;2026-08-13;2026-08-14;2026-08-21;2026-08-22;2026-08-29;2026-08-30;2026-09-06;2026-09-15,,92.86741118559966,0.07125307125307126,1.5,0.8410960877983454,0.36024330100799234,728
486,Gator Place Condominiums,29.619053,-82.355743,50,9,unknown,12001001516,8.51472471190781,5.001866368047779,34.598147583007815,36.5721435546875,20,2026-06-02;2026-06-03;2026-06-10;2026-06-11;2026-06-18;2026-06-19;2026-06-26;2026-06-27;2026-07-05;2026-07-12;2026-07-13;2026-07-20;2026-07-21;2026-07-28;2026-07-29;2026-08-05;2026-08-06;2026-08-13;2026-08-14;2026-08-21;2026-08-22;2026-08-29;2026-08-30;2026-09-06;2026-09-15,,94.27666564941407,0.10810810810810811,1.25,0.6640927887818456,0.35285095262700567,729
495,Westbound NW 16th Avenue @ NW 20th Way,29.666841,-82.349253,20,10,none,12001001100,7.312925170068027,27.624720774385704,34.79115513392857,37.1019287109375,35,2026-06-02;2026-06-03;2026-06-10;2026-06-11;2026-06-18;2026-06-19;2026-06-26;2026-06-27;2026-07-05;2026-07-12;2026-07-13;2026-07-20;2026-07-21;2026-07-28;2026-07-29;2026-08-05;2026-08-06;2026-08-13;2026-08-14;2026-08-21;2026-08-22;2026-08-29;2026-08-30;2026-09-06;2026-09-15,,94.62407924107143,0.12039312039312039,1.5,0.6397533624063481,0.3517423704777694,730
66,Eastbound SE 22nd Avenue @ SE 12th Street,29.631789,-82.3106,14,7,unknown,12001000700,12.61942675159236,21.483491632745363,34.975732421875,37.546295166015625,35,2026-06-02;2026-06-03;2026-06-10;2026-06-11;2026-06-18;2026-06-19;2026-06-26;2026-06-27;2026-07-05;2026-07-12;2026-07-13;2026-07-20;2026-07-21;2026-07-28;2026-07-29;2026-08-05;2026-08-06;2026-08-13;2026-08-14;2026-08-21;2026-08-22;2026-08-29;2026-08-30;2026-09-06;2026-09-15,,94.956318359375,0.13882063882063883,1.25,0.7472232024740616,0.3511325670167039,731
500,NW 27th Terrace @ NW 16th Avenue,29.666871,-82.362903,20,10,none,12001001100,7.312925170068027,27.624720774385704,34.768310546875,37.0164794921875,35,2026-06-02;2026-06-03;2026-06-10;2026-06-11;2026-06-18;2026-06-19;2026-06-26;2026-06-27;2026-07-05;2026-07-12;2026-07-13;2026-07-20;2026-07-21;2026-07-28;2026-07-29;2026-08-05;2026-08-06;2026-08-13;2026-08-14;2026-08-21;2026-08-22;2026-08-29;2026-08-30;2026-09-06;2026-09-15,,94.582958984375,0.11916461916461916,1.5,0.6397533624063481,0.3481531626157514,732
518,Santa Fe College @ NW 83rd Street,29.675243,-82.430108,54,"10,23,76",none,12001001701,17.254556143445033,28.263455248290214,33.79791618795956,37.1942138671875,34,2026-06-02;2026-06-03;2026-06-10;2026-06-11;2026-06-18;2026-06-19;2026-06-26;2026-06-27;2026-07-05;2026-07-12;2026-07-13;2026-07-20;2026-07-21;2026-07-28;2026-07-29;2026-08-05;2026-08-06;2026-08-13;2026-08-14;2026-08-21;2026-08-22;2026-08-29;2026-08-30;2026-09-06;2026-09-15,,92.8362491383272,0.0687960687960688,1.5,0.8410960877983454,0.34782111821461326,733
156,West University Ave @ NW 28th St,29.652095,-82.364396,14,43,unknown,12001001000,6.52607580507267,9.155578975102095,35.340977260044646,39.306549072265625,28,2026-06-02;2026-06-03;2026-06-10;2026-06-11;2026-06-18;2026-06-19;2026-06-26;2026-06-27;2026-07-05;2026-07-12;2026-07-13;2026-07-20;2026-07-21;2026-07-28;2026-07-29;2026-08-05;2026-08-06;2026-08-13;2026-08-14;2026-08-21;2026-08-22;2026-08-29;2026-08-30;2026-09-06;2026-09-15,,95.61375906808037,0.16461916461916462,1.25,0.6238177079804916,0.3476200487091377,734
531,Eastbound NW 23rd Avenue @ NW 46th Street,29.674028,-82.392449,20,10,none,12001001702,5.506141465480729,33.90179910044978,34.842010498046875,40.48919677734375,36,2026-06-02;2026-06-03;2026-06-10;2026-06-11;2026-06-18;2026-06-19;2026-06-26;2026-06-27;2026-07-05;2026-07-12;2026-07-13;2026-07-20;2026-07-21;2026-07-28;2026-07-29;2026-08-05;2026-08-06;2026-08-13;2026-08-14;2026-08-21;2026-08-22;2026-08-29;2026-08-30;2026-09-06;2026-09-15,,94.71561889648437,0.12407862407862408,1.5,0.6031615037616609,0.3417755747710892,735
997,Robin Lane Neighborhood,29.688894,-82.422122,23,"43,55",none,12001001811,12.61518906895456,20.87149187592319,34.36937120225694,36.2747802734375,36,2026-06-02;2026-06-03;2026-06-10;2026-06-11;2026-06-18;2026-06-19;2026-06-26;2026-06-27;2026-07-05;2026-07-12;2026-07-13;2026-07-20;2026-07-21;2026-07-28;2026-07-29;2026-08-05;2026-08-06;2026-08-13;2026-08-14;2026-08-21;2026-08-22;2026-08-29;2026-08-30;2026-09-06;2026-09-15,,93.8648681640625,0.0945945945945946,1.5,0.7471373788728913,0.33691418231882064,736
1024,Landmark Woods Neighborhood,29.663224,-82.389178,14,43,none,12001001702,5.506141465480729,33.90179910044978,34.90618896484375,37.915435791015625,36,2026-06-02;2026-06-03;2026-06-10;2026-06-11;2026-06-18;2026-06-19;2026-06-26;2026-06-27;2026-07-05;2026-07-12;2026-07-13;2026-07-20;2026-07-21;2026-07-28;2026-07-29;2026-08-05;2026-08-06;2026-08-13;2026-08-14;2026-08-21;2026-08-22;2026-08-29;2026-08-30;2026-09-06;2026-09-15,,94.83114013671874,0.13144963144963145,1.5,0.6031615037616609,0.3220630919719899,737
878,Ironwood Golf Course,29.687791,-82.29661,13,26,none,12001000400,18.24006834686032,13.6077655941039,34.35058038884943,36.6917724609375,22,2026-06-02;2026-06-03;2026-06-10;2026-06-11;2026-06-18;2026-06-19;2026-06-26;2026-06-27;2026-07-05;2026-07-12;2026-07-13;2026-07-20;2026-07-21;2026-07-28;2026-07-29;2026-08-05;2026-08-06;2026-08-13;2026-08-14;2026-08-21;2026-08-22;2026-08-29;2026-08-30;2026-09-06;2026-09-15,,93.83104469992898,0.09336609336609336,1.5,0.8610551582440376,0.3182440142857895,738
599,Morningside Nature Center,29.651983,-82.279959,17,11,unknown,12001000600,20.242214532871973,17.217034843999087,34.387379365808826,35.8338623046875,34,2026-06-02;2026-06-03;2026-06-10;2026-06-11;2026-06-18;2026-06-19;2026-06-26;2026-06-27;2026-07-05;2026-07-12;2026-07-13;2026-07-20;2026-07-21;2026-07-28;2026-07-29;2026-08-05;2026-08-06;2026-08-13;2026-08-14;2026-08-21;2026-08-22;2026-08-29;2026-08-30;2026-09-06;2026-09-15,,93.8972828584559,0.09705159705159705,1.25,0.901603592480261,0.3161418846457169,739
163,Allstate Insurance @ Newberry Road,29.654595,-82.386667,34,"5,43",none,12001001605,5.992043759323719,8.548422678138099,34.379192483836206,36.6610107421875,29,2026-06-02;2026-06-03;2026-06-10;2026-06-11;2026-06-18;2026-06-19;2026-06-26;2026-06-27;2026-07-05;2026-07-12;2026-07-13;2026-07-20;2026-07-21;2026-07-28;2026-07-29;2026-08-05;2026-08-06;2026-08-13;2026-08-14;2026-08-21;2026-08-22;2026-08-29;2026-08-30;2026-09-06;2026-09-15,,93.88254647090517,0.09582309582309582,1.5,0.6130022323482037,0.31326049990262983,740
329,Chevron Food Mart @ SE 43rd Street,29.636223,-82.272559,14,7,unknown,12001000600,20.242214532871973,17.217034843999087,34.45563422309028,36.6405029296875,36,2026-06-02;2026-06-03;2026-06-10;2026-06-11;2026-06-18;2026-06-19;2026-06-26;2026-06-27;2026-07-05;2026-07-12;2026-07-13;2026-07-20;2026-07-21;2026-07-28;2026-07-29;2026-08-05;2026-08-06;2026-08-13;2026-08-14;2026-08-21;2026-08-22;2026-08-29;2026-08-30;2026-09-06;2026-09-15,,94.0201416015625,0.10073710073710074,1.25,0.901603592480261,0.3074480939408983,741
690,Comfort Suites Hotel,29.628293,-82.339192,60,13,unknown,12001000808,7.1806945261918775,3.871439006574142,34.26424386160714,38.445220947265625,35,2026-06-02;2026-06-03;2026-06-10;2026-06-11;2026-06-18;2026-06-19;2026-06-26;2026-06-27;2026-07-05;2026-07-12;2026-07-13;2026-07-20;2026-07-21;2026-07-28;2026-07-29;2026-08-05;2026-08-06;2026-08-13;2026-08-14;2026-08-21;2026-08-22;2026-08-29;2026-08-30;2026-09-06;2026-09-15,,93.67563895089286,0.08845208845208845,1.25,0.6370753633647764,0.2895629993474788,742
689,Boardwalk Apartments,29.626535,-82.3392,60,13,none,12001000808,7.1806945261918775,3.871439006574142,33.852302102481616,36.2508544921875,34,2026-06-02;2026-06-03;2026-06-10;2026-06-11;2026-06-18;2026-06-19;2026-06-26;2026-06-27;2026-07-05;2026-07-12;2026-07-13;2026-07-20;2026-07-21;2026-07-28;2026-07-29;2026-08-05;2026-08-06;2026-08-13;2026-08-14;2026-08-21;2026-08-22;2026-08-29;2026-08-30;2026-09-06;2026-09-15,,92.93414378446691,0.07371007371007371,1.5,0.6370753633647764,0.2895629993474788,743
1624,SW 6th St & SW 3rd Ave,29.6488947,-82.3308489,14,6,unknown,12001000202,25.107526881720432,1.4258389845244306,34.10155487060547,36.124359130859375,32,2026-06-02;2026-06-03;2026-06-10;2026-06-11;2026-06-18;2026-06-19;2026-06-26;2026-06-27;2026-07-05;2026-07-12;2026-07-13;2026-07-20;2026-07-21;2026-07-28;2026-07-29;2026-08-05;2026-08-06;2026-08-13;2026-08-14;2026-08-21;2026-08-22;2026-08-29;2026-08-30;2026-09-06;2026-09-15,,93.38279876708984,0.08230958230958231,1.25,1.0001382545315658,0.27866162206396305,744
979,Landmark Woods Neighborhood,29.663281,-82.388917,14,43,none,12001001702,5.506141465480729,33.90179910044978,34.694771902901785,37.915435791015625,35,2026-06-02;2026-06-03;2026-06-10;2026-06-11;2026-06-18;2026-06-19;2026-06-26;2026-06-27;2026-07-05;2026-07-12;2026-07-13;2026-07-20;2026-07-21;2026-07-28;2026-07-29;2026-08-05;2026-08-06;2026-08-13;2026-08-14;2026-08-21;2026-08-22;2026-08-29;2026-08-30;2026-09-06;2026-09-15,,94.45058942522321,0.11302211302211303,1.5,0.6031615037616609,0.27691406038713157,745
1023,Suburban Heights Neighborhood,29.66488,-82.389144,14,43,none,12001001702,5.506141465480729,33.90179910044978,34.65863560267857,37.624908447265625,35,2026-06-02;2026-06-03;2026-06-10;2026-06-11;2026-06-18;2026-06-19;2026-06-26;2026-06-27;2026-07-05;2026-07-12;2026-07-13;2026-07-20;2026-07-21;2026-07-28;2026-07-29;2026-08-05;2026-08-06;2026-08-13;2026-08-14;2026-08-21;2026-08-22;2026-08-29;2026-08-30;2026-09-06;2026-09-15,,94.38554408482143,0.11056511056511056,1.5,0.6031615037616609,0.2708941895091504,746
588,Morningside Nature Center,29.651773,-82.28012,17,11,unknown,12001000600,20.242214532871973,17.217034843999087,34.01629813058036,35.6373291015625,35,2026-06-02;2026-06-03;2026-06-10;2026-06-11;2026-06-18;2026-06-19;2026-06-26;2026-06-27;2026-07-05;2026-07-12;2026-07-13;2026-07-20;2026-07-21;2026-07-28;2026-07-29;2026-08-05;2026-08-06;2026-08-13;2026-08-14;2026-08-21;2026-08-22;2026-08-29;2026-08-30;2026-09-06;2026-09-15,,93.22933663504465,0.08108108108108109,1.25,0.901603592480261,0.2641185365394597,747
1040,Town & Country Veterinarians,29.602107,-82.415476,27,75,none,12001002219,16.47440519105984,14.393255043661547,33.7309326171875,36.9959716796875,35,2026-06-02;2026-06-03;2026-06-10;2026-06-11;2026-06-18;2026-06-19;2026-06-26;2026-06-27;2026-07-05;2026-07-12;2026-07-13;2026-07-20;2026-07-21;2026-07-28;2026-07-29;2026-08-05;2026-08-06;2026-08-13;2026-08-14;2026-08-21;2026-08-22;2026-08-29;2026-08-30;2026-09-06;2026-09-15,,92.7156787109375,0.06388206388206388,1.5,0.8252960928688374,0.2635188185567888,748
1625,SW 6th St & SW 3rd Ave (southbound),29.6492304,-82.3309826,14,6,unknown,12001000202,25.107526881720432,1.4258389845244306,33.92366768973214,35.232269287109375,35,2026-06-02;2026-06-03;2026-06-10;2026-06-11;2026-06-18;2026-06-19;2026-06-26;2026-06-27;2026-07-05;2026-07-12;2026-07-13;2026-07-20;2026-07-21;2026-07-28;2026-07-29;2026-08-05;2026-08-06;2026-08-13;2026-08-14;2026-08-21;2026-08-22;2026-08-29;2026-08-30;2026-09-06;2026-09-15,,93.06260184151786,0.0773955773955774,1.25,1.0001382545315658,0.2620251073138757,749
229,Northbound NW 6th Street @ NW 36th Avenue,29.6854008,-82.3306584,9,55,unknown,12001000302,11.592076302274394,26.838966202783297,34.80091094970703,36.43199157714844,32,2026-06-02;2026-06-03;2026-06-10;2026-06-11;2026-06-18;2026-06-19;2026-06-26;2026-06-27;2026-07-05;2026-07-12;2026-07-13;2026-07-20;2026-07-21;2026-07-28;2026-07-29;2026-08-05;2026-08-06;2026-08-13;2026-08-14;2026-08-21;2026-08-22;2026-08-29;2026-08-30;2026-09-06;2026-09-15,,94.64163970947266,0.12162162162162163,1.25,0.7264168036092977,0.25428595489223604,750
517,Shenandoah Neighborhood,29.674211,-82.425049,29,"10,76",unknown,12001001701,17.254556143445033,28.263455248290214,33.81330871582031,34.99473571777344,32,2026-06-02;2026-06-03;2026-06-10;2026-06-11;2026-06-18;2026-06-19;2026-06-26;2026-06-27;2026-07-05;2026-07-12;2026-07-13;2026-07-20;2026-07-21;2026-07-28;2026-07-29;2026-08-05;2026-08-06;2026-08-13;2026-08-14;2026-08-21;2026-08-22;2026-08-29;2026-08-30;2026-09-06;2026-09-15,,92.86395568847657,0.07002457002457002,1.25,0.8410960877983454,0.2504020688853238,751
526,Eastbound NW 23rd Avenue @ NW 63rd Terrace,29.674122,-82.410453,29,"10,76",none,12001001702,5.506141465480729,33.90179910044978,33.96879747178819,35.895355224609375,36,2026-06-02;2026-06-03;2026-06-10;2026-06-11;2026-06-18;2026-06-19;2026-06-26;2026-06-27;2026-07-05;2026-07-12;2026-07-13;2026-07-20;2026-07-21;2026-07-28;2026-07-29;2026-08-05;2026-08-06;2026-08-13;2026-08-14;2026-08-21;2026-08-22;2026-08-29;2026-08-30;2026-09-06;2026-09-15,,93.14383544921876,0.07985257985257985,1.5,0.6031615037616609,0.24572291696937712,752
1287,Paddock Club Apartments,29.663386,-82.43366,25,23,none,12001002204,5.470500373412994,18.014849550605703,33.961143493652344,37.4693603515625,32,2026-06-02;2026-06-03;2026-06-10;2026-06-11;2026-06-18;2026-06-19;2026-06-26;2026-06-27;2026-07-05;2026-07-12;2026-07-13;2026-07-20;2026-07-21;2026-07-28;2026-07-29;2026-08-05;2026-08-06;2026-08-13;2026-08-14;2026-08-21;2026-08-22;2026-08-29;2026-08-30;2026-09-06;2026-09-15,,93.13005828857422,0.07862407862407862,1.5,0.6024396831034527,0.23148579607502132,753
667,Summit House Condominiums,29.635747,-82.342482,24,17,unknown,12001000809,3.034134007585335,10.265613783201722,34.55390548706055,37.293365478515625,32,2026-06-02;2026-06-03;2026-06-10;2026-06-11;2026-06-18;2026-06-19;2026-06-26;2026-06-27;2026-07-05;2026-07-12;2026-07-13;2026-07-20;2026-07-21;2026-07-28;2026-07-29;2026-08-05;2026-08-06;2026-08-13;2026-08-14;2026-08-21;2026-08-22;2026-08-29;2026-08-30;2026-09-06;2026-09-15,,94.19702987670898,0.10319410319410319,1.25,0.5530972114845825,0.22965218734548207,754
1115,Stillwind Neighborhood,29.60622,-82.42273,26,75,none,12001002221,0.8246527777777778,16.533758639021798,34.179531521267364,36.8643798828125,36,2026-06-02;2026-06-03;2026-06-10;2026-06-11;2026-06-18;2026-06-19;2026-06-26;2026-06-27;2026-07-05;2026-07-12;2026-07-13;2026-07-20;2026-07-21;2026-07-28;2026-07-29;2026-08-05;2026-08-06;2026-08-13;2026-08-14;2026-08-21;2026-08-22;2026-08-29;2026-08-30;2026-09-06;2026-09-15,,93.52315673828124,0.08353808353808354,1.5,0.5083497275251369,0.20994429094061592,755
1472,Mavis Tires,29.651788,-82.376171,14,43,unknown,12001001605,5.992043759323719,8.548422678138099,34.402205855758105,35.533050537109375,27,2026-06-02;2026-06-03;2026-06-10;2026-06-11;2026-06-18;2026-06-19;2026-06-26;2026-06-27;2026-07-05;2026-07-12;2026-07-13;2026-07-20;2026-07-21;2026-07-28;2026-07-29;2026-08-05;2026-08-06;2026-08-13;2026-08-14;2026-08-21;2026-08-22;2026-08-29;2026-08-30;2026-09-06;2026-09-15,,93.92397054036459,0.09828009828009827,1.25,0.6130022323482037,0.2039362184995893,756
323,Chevron Food Mart @ SE 43rd Street,29.636216,-82.272412,14,7,unknown,12001001400,3.571428571428571,15.002627430373094,34.56090545654297,36.6405029296875,32,2026-06-02;2026-06-03;2026-06-10;2026-06-11;2026-06-18;2026-06-19;2026-06-26;2026-06-27;2026-07-05;2026-07-12;2026-07-13;2026-07-20;2026-07-21;2026-07-28;2026-07-29;2026-08-05;2026-08-06;2026-08-13;2026-08-14;2026-08-21;2026-08-22;2026-08-29;2026-08-30;2026-09-06;2026-09-15,,94.20962982177734,0.10565110565110565,1.25,0.5639787612134148,0.20169889527646995,757
523,Shenandoah Neighborhood,29.674075,-82.425183,29,"10,76",none,12001001702,5.506141465480729,33.90179910044978,33.73805803571429,34.99473571777344,35,2026-06-02;2026-06-03;2026-06-10;2026-06-11;2026-06-18;2026-06-19;2026-06-26;2026-06-27;2026-07-05;2026-07-12;2026-07-13;2026-07-20;2026-07-21;2026-07-28;2026-07-29;2026-08-05;2026-08-06;2026-08-13;2026-08-14;2026-08-21;2026-08-22;2026-08-29;2026-08-30;2026-09-06;2026-09-15,,92.72850446428572,0.06511056511056511,1.5,0.6031615037616609,0.2003586861442614,758
827,Lakewood Villas Apartments,29.646326,-82.400655,95,"20,23,76",unknown,12001001605,5.992043759323719,8.548422678138099,33.62278878348214,38.691314697265625,35,2026-06-02;2026-06-03;2026-06-10;2026-06-11;2026-06-18;2026-06-19;2026-06-26;2026-06-27;2026-07-05;2026-07-12;2026-07-13;2026-07-20;2026-07-21;2026-07-28;2026-07-29;2026-08-05;2026-08-06;2026-08-13;2026-08-14;2026-08-21;2026-08-22;2026-08-29;2026-08-30;2026-09-06;2026-09-15,,92.52101981026786,0.056511056511056514,1.25,0.6130022323482037,0.19764428594422054,759
1619,Queen of Peace Church (Eastbound),29.630593,-82.460325,12,52,unknown,12001002222,1.9463087248322148,22.49930342713848,34.69603794642857,37.351470947265625,35,2026-06-02;2026-06-03;2026-06-10;2026-06-11;2026-06-18;2026-06-19;2026-06-26;2026-06-27;2026-07-05;2026-07-12;2026-07-13;2026-07-20;2026-07-21;2026-07-28;2026-07-29;2026-08-05;2026-08-06;2026-08-13;2026-08-14;2026-08-21;2026-08-22;2026-08-29;2026-08-30;2026-09-06;2026-09-15,,94.45286830357142,0.11425061425061425,1.25,0.5310660470039889,0.19453416614100785,760
522,The Pentecostals of Gainesville,29.674223,-82.428413,29,"10,76",none,12001001702,5.506141465480729,33.90179910044978,33.692068917410715,37.457427978515625,35,2026-06-02;2026-06-03;2026-06-10;2026-06-11;2026-06-18;2026-06-19;2026-06-26;2026-06-27;2026-07-05;2026-07-12;2026-07-13;2026-07-20;2026-07-21;2026-07-28;2026-07-29;2026-08-05;2026-08-06;2026-08-13;2026-08-14;2026-08-21;2026-08-22;2026-08-29;2026-08-30;2026-09-06;2026-09-15,,92.64572405133929,0.060196560196560195,1.5,0.6031615037616609,0.18523727586922276,761
544,NW 16th Avenue @ NW 20th Way,29.666595,-82.347805,20,10,unknown,12001001000,6.52607580507267,9.155578975102095,33.90970993041992,36.3021240234375,32,2026-06-02;2026-06-03;2026-06-10;2026-06-11;2026-06-18;2026-06-19;2026-06-26;2026-06-27;2026-07-05;2026-07-12;2026-07-13;2026-07-20;2026-07-21;2026-07-28;2026-07-29;2026-08-05;2026-08-06;2026-08-13;2026-08-14;2026-08-21;2026-08-22;2026-08-29;2026-08-30;2026-09-06;2026-09-15,,93.03747787475587,0.07493857493857493,1.25,0.6238177079804916,0.17790670692374708,762
159,Fire Station @ W University Ave,29.651982,-82.376318,14,43,unknown,12001001605,5.992043759323719,8.548422678138099,34.190516880580354,35.447601318359375,28,2026-06-02;2026-06-03;2026-06-10;2026-06-11;2026-06-18;2026-06-19;2026-06-26;2026-06-27;2026-07-05;2026-07-12;2026-07-13;2026-07-20;2026-07-21;2026-07-28;2026-07-29;2026-08-05;2026-08-06;2026-08-13;2026-08-14;2026-08-21;2026-08-22;2026-08-29;2026-08-30;2026-09-06;2026-09-15,,93.54293038504463,0.08476658476658476,1.25,0.6130022323482037,0.17589498845589574,763
1623,SW 6th St nearside SW 5th Ave (southbound),29.6476299,-82.3313561,14,6,unknown,12001000202,25.107526881720432,1.4258389845244306,33.45471540178571,35.21006774902344,35,2026-06-02;2026-06-03;2026-06-10;2026-06-11;2026-06-18;2026-06-19;2026-06-26;2026-06-27;2026-07-05;2026-07-12;2026-07-13;2026-07-20;2026-07-21;2026-07-28;2026-07-29;2026-08-05;2026-08-06;2026-08-13;2026-08-14;2026-08-21;2026-08-22;2026-08-29;2026-08-30;2026-09-06;2026-09-15,,92.21848772321428,0.05036855036855037,1.25,1.0001382545315658,0.1705242761883953,764
1276,Paddock Club Apartments,29.663497,-82.433508,25,23,none,12001002204,5.470500373412994,18.014849550605703,33.67925604458513,37.4693603515625,29,2026-06-02;2026-06-03;2026-06-10;2026-06-11;2026-06-18;2026-06-19;2026-06-26;2026-06-27;2026-07-05;2026-07-12;2026-07-13;2026-07-20;2026-07-21;2026-07-28;2026-07-29;2026-08-05;2026-08-06;2026-08-13;2026-08-14;2026-08-21;2026-08-22;2026-08-29;2026-08-30;2026-09-06;2026-09-15,,92.62266088025324,0.05773955773955774,1.5,0.6024396831034527,0.16999738149259377,765
490,The Polos Apartments,29.613174,-82.356828,50,9,none,12001001516,8.51472471190781,5.001866368047779,33.12038225446429,35.488616943359375,35,2026-06-02;2026-06-03;2026-06-10;2026-06-11;2026-06-18;2026-06-19;2026-06-26;2026-06-27;2026-07-05;2026-07-12;2026-07-13;2026-07-20;2026-07-21;2026-07-28;2026-07-29;2026-08-05;2026-08-06;2026-08-13;2026-08-14;2026-08-21;2026-08-22;2026-08-29;2026-08-30;2026-09-06;2026-09-15,,91.61668805803572,0.04054054054054054,1.5,0.6640927887818456,0.15878292868215255,766
167,SunTrust Bank @ Newberry Road,29.658334,-82.396898,20,5,unknown,12001001605,5.992043759323719,8.548422678138099,33.756623186383926,37.0438232421875,35,2026-06-02;2026-06-03;2026-06-10;2026-06-11;2026-06-18;2026-06-19;2026-06-26;2026-06-27;2026-07-05;2026-07-12;2026-07-13;2026-07-20;2026-07-21;2026-07-28;2026-07-29;2026-08-05;2026-08-06;2026-08-13;2026-08-14;2026-08-21;2026-08-22;2026-08-29;2026-08-30;2026-09-06;2026-09-15,,92.76192173549107,0.06633906633906633,1.25,0.6130022323482037,0.15476067067101854,767
1617,SW 24th Avenue & School House Road (Eastbound),29.630503,-82.445867,12,52,unknown,12001002222,1.9463087248322148,22.49930342713848,34.320891462053574,36.4832763671875,35,2026-06-02;2026-06-03;2026-06-10;2026-06-11;2026-06-18;2026-06-19;2026-06-26;2026-06-27;2026-07-05;2026-07-12;2026-07-13;2026-07-20;2026-07-21;2026-07-28;2026-07-29;2026-08-05;2026-08-06;2026-08-13;2026-08-14;2026-08-21;2026-08-22;2026-08-29;2026-08-30;2026-09-06;2026-09-15,,93.77760463169643,0.08968058968058969,1.25,0.5310660470039889,0.15269886159455454,768
1033,Westbound Archer Road @ SW 50th Street,29.612137,-82.396352,27,75,none,12001002219,16.47440519105984,14.393255043661547,32.88761160714286,39.214263916015625,35,2026-06-02;2026-06-03;2026-06-10;2026-06-11;2026-06-18;2026-06-19;2026-06-26;2026-06-27;2026-07-05;2026-07-12;2026-07-13;2026-07-20;2026-07-21;2026-07-28;2026-07-29;2026-08-05;2026-08-06;2026-08-13;2026-08-14;2026-08-21;2026-08-22;2026-08-29;2026-08-30;2026-09-06;2026-09-15,,91.19770089285714,0.036855036855036855,1.5,0.8252960928688374,0.15203008762891662,769
672,City College Gainesville,29.628248,-82.339531,62,13,unknown,12001000809,3.034134007585335,10.265613783201722,33.50051498413086,36.4439697265625,32,2026-06-02;2026-06-03;2026-06-10;2026-06-11;2026-06-18;2026-06-19;2026-06-26;2026-06-27;2026-07-05;2026-07-12;2026-07-13;2026-07-20;2026-07-21;2026-07-28;2026-07-29;2026-08-05;2026-08-06;2026-08-13;2026-08-14;2026-08-21;2026-08-22;2026-08-29;2026-08-30;2026-09-06;2026-09-15,,92.30092697143554,0.052825552825552825,1.25,0.5530972114845825,0.1513159080939805,770
1125,Hailey Forest Condominiums,29.611973,-82.396169,26,75,none,12001002220,6.800766283524904,16.68472372697725,33.42970106336806,39.214263916015625,36,2026-06-02;2026-06-03;2026-06-10;2026-06-11;2026-06-18;2026-06-19;2026-06-26;2026-06-27;2026-07-05;2026-07-12;2026-07-13;2026-07-20;2026-07-21;2026-07-28;2026-07-29;2026-08-05;2026-08-06;2026-08-13;2026-08-14;2026-08-21;2026-08-22;2026-08-29;2026-08-30;2026-09-06;2026-09-15,,92.1734619140625,0.04791154791154791,1.5,0.6293808725878798,0.14907702203198625,771
787,Treehouse Village Apartments,29.6327748,-82.3259281,24,17,unknown,12001000700,12.61942675159236,21.483491632745363,33.451443917410714,35.714202880859375,35,2026-06-02;2026-06-03;2026-06-10;2026-06-11;2026-06-18;2026-06-19;2026-06-26;2026-06-27;2026-07-05;2026-07-12;2026-07-13;2026-07-20;2026-07-21;2026-07-28;2026-07-29;2026-08-05;2026-08-06;2026-08-13;2026-08-14;2026-08-21;2026-08-22;2026-08-29;2026-08-30;2026-09-06;2026-09-15,,92.21259905133928,0.04914004914004914,1.25,0.7472232024740616,0.14774070652483742,772
1044,Kanapaha Middle School,29.607026,-82.42254,27,75,none,12001002219,16.47440519105984,14.393255043661547,32.829734802246094,36.4320068359375,32,2026-06-02;2026-06-03;2026-06-10;2026-06-11;2026-06-18;2026-06-19;2026-06-26;2026-06-27;2026-07-05;2026-07-12;2026-07-13;2026-07-20;2026-07-21;2026-07-28;2026-07-29;2026-08-05;2026-08-06;2026-08-13;2026-08-14;2026-08-21;2026-08-22;2026-08-29;2026-08-30;2026-09-06;2026-09-15,,91.09352264404296,0.03562653562653563,1.5,0.8252960928688374,0.14696241804128607,773
980,NW 14th Place @ NW 43rd Street,29.665388,-82.388921,14,43,none,12001001702,5.506141465480729,33.90179910044978,33.688895089285715,37.624908447265625,35,2026-06-02;2026-06-03;2026-06-10;2026-06-11;2026-06-18;2026-06-19;2026-06-26;2026-06-27;2026-07-05;2026-07-12;2026-07-13;2026-07-20;2026-07-21;2026-07-28;2026-07-29;2026-08-05;2026-08-06;2026-08-13;2026-08-14;2026-08-21;2026-08-22;2026-08-29;2026-08-30;2026-09-06;2026-09-15,,92.6400111607143,0.05896805896805897,1.5,0.6031615037616609,0.1444769010715469,774
1048,Kanapaha Park,29.619526,-82.422449,27,75,unknown,12001002219,16.47440519105984,14.393255043661547,33.16987609863281,36.13804626464844,32,2026-06-02;2026-06-03;2026-06-10;2026-06-11;2026-06-18;2026-06-19;2026-06-26;2026-06-27;2026-07-05;2026-07-12;2026-07-13;2026-07-20;2026-07-21;2026-07-28;2026-07-29;2026-08-05;2026-08-06;2026-08-13;2026-08-14;2026-08-21;2026-08-22;2026-08-29;2026-08-30;2026-09-06;2026-09-15,,91.70577697753906,0.04176904176904177,1.25,0.8252960928688374,0.14358397164953238,775
693,home2 Hotel,29.631991,-82.339169,60,13,unknown,12001000808,7.1806945261918775,3.871439006574142,33.180001395089285,35.550140380859375,35,2026-06-02;2026-06-03;2026-06-10;2026-06-11;2026-06-18;2026-06-19;2026-06-26;2026-06-27;2026-07-05;2026-07-12;2026-07-13;2026-07-20;2026-07-21;2026-07-28;2026-07-29;2026-08-05;2026-08-06;2026-08-13;2026-08-14;2026-08-21;2026-08-22;2026-08-29;2026-08-30;2026-09-06;2026-09-15,,91.7240025111607,0.042997542997543,1.25,0.6370753633647764,0.14075979134946887,776
1111,Kenwood Neighborhood,29.620922,-82.422609,26,75,none,12001002221,0.8246527777777778,16.533758639021798,33.61640514026988,36.2440185546875,22,2026-06-02;2026-06-03;2026-06-10;2026-06-11;2026-06-18;2026-06-19;2026-06-26;2026-06-27;2026-07-05;2026-07-12;2026-07-13;2026-07-20;2026-07-21;2026-07-28;2026-07-29;2026-08-05;2026-08-06;2026-08-13;2026-08-14;2026-08-21;2026-08-22;2026-08-29;2026-08-30;2026-09-06;2026-09-15,,92.50952925248579,0.05528255528255528,1.5,0.5083497275251369,0.13893372194599585,777
981,Northbound NW 43rd Street @ NW 16th Place,29.666959,-82.388857,14,43,none,12001001702,5.506141465480729,33.90179910044978,33.59739815848214,35.29551696777344,35,2026-06-02;2026-06-03;2026-06-10;2026-06-11;2026-06-18;2026-06-19;2026-06-26;2026-06-27;2026-07-05;2026-07-12;2026-07-13;2026-07-20;2026-07-21;2026-07-28;2026-07-29;2026-08-05;2026-08-06;2026-08-13;2026-08-14;2026-08-21;2026-08-22;2026-08-29;2026-08-30;2026-09-06;2026-09-15,,92.47531668526786,0.05405405405405406,1.5,0.6031615037616609,0.13243715931558464,778
1616,SW 24th Avenue & School House Road,29.630689,-82.445365,12,52,unknown,12001002208,2.901178603807797,19.58961205514588,33.83367396763393,35.796234130859375,35,2026-06-02;2026-06-03;2026-06-10;2026-06-11;2026-06-18;2026-06-19;2026-06-26;2026-06-27;2026-07-05;2026-07-12;2026-07-13;2026-07-20;2026-07-21;2026-07-28;2026-07-29;2026-08-05;2026-08-06;2026-08-13;2026-08-14;2026-08-21;2026-08-22;2026-08-29;2026-08-30;2026-09-06;2026-09-15,,92.90061314174106,0.07248157248157248,1.25,0.550404534254473,0.12790820889483367,779
1046,Tower Village Apartments,29.612398,-82.4225,27,75,none,12001002219,16.47440519105984,14.393255043661547,32.610508510044646,33.926605224609375,35,2026-06-02;2026-06-03;2026-06-10;2026-06-11;2026-06-18;2026-06-19;2026-06-26;2026-06-27;2026-07-05;2026-07-12;2026-07-13;2026-07-20;2026-07-21;2026-07-28;2026-07-29;2026-08-05;2026-08-06;2026-08-13;2026-08-14;2026-08-21;2026-08-22;2026-08-29;2026-08-30;2026-09-06;2026-09-15,,90.69891531808037,0.030712530712530713,1.5,0.8252960928688374,0.12669173969076386,780
1022,Southbound NW 43rd Street @ NW 15th Place,29.666789,-82.389113,14,43,none,12001001702,5.506141465480729,33.90179910044978,33.48484933035714,35.29551696777344,35,2026-06-02;2026-06-03;2026-06-10;2026-06-11;2026-06-18;2026-06-19;2026-06-26;2026-06-27;2026-07-05;2026-07-12;2026-07-13;2026-07-20;2026-07-21;2026-07-28;2026-07-29;2026-08-05;2026-08-06;2026-08-13;2026-08-14;2026-08-21;2026-08-22;2026-08-29;2026-08-30;2026-09-06;2026-09-15,,92.27272879464286,0.051597051597051594,1.5,0.6031615037616609,0.1264172884376035,781
1612,Town of Tioga,29.65653,-82.482504,12,52,unknown,12001002204,5.470500373412994,18.014849550605703,33.71519165039062,35.33311462402344,10,2026-06-02;2026-06-03;2026-06-10;2026-06-11;2026-06-18;2026-06-19;2026-06-26;2026-06-27;2026-07-05;2026-07-12;2026-07-13;2026-07-20;2026-07-21;2026-07-28;2026-07-29;2026-08-05;2026-08-06;2026-08-13;2026-08-14;2026-08-21;2026-08-22;2026-08-29;2026-08-30;2026-09-06;2026-09-15,,92.68734497070312,0.06265356265356266,1.25,0.6024396831034527,0.12101749260190753,782
774,Treehouse Village Apartments,29.632727,-82.326077,24,17,unknown,12001000808,7.1806945261918775,3.871439006574142,33.29392438616071,34.603363037109375,35,2026-06-02;2026-06-03;2026-06-10;2026-06-11;2026-06-18;2026-06-19;2026-06-26;2026-06-27;2026-07-05;2026-07-12;2026-07-13;2026-07-20;2026-07-21;2026-07-28;2026-07-29;2026-08-05;2026-08-06;2026-08-13;2026-08-14;2026-08-21;2026-08-22;2026-08-29;2026-08-30;2026-09-06;2026-09-15,,91.92906389508929,0.045454545454545456,1.25,0.6370753633647764,0.11651514123602293,783
670,Dollar General,29.632126,-82.339524,62,13,unknown,12001000809,3.034134007585335,10.265613783201722,33.08019670758929,36.076507568359375,35,2026-06-02;2026-06-03;2026-06-10;2026-06-11;2026-06-18;2026-06-19;2026-06-26;2026-06-27;2026-07-05;2026-07-12;2026-07-13;2026-07-20;2026-07-21;2026-07-28;2026-07-29;2026-08-05;2026-08-06;2026-08-13;2026-08-14;2026-08-21;2026-08-22;2026-08-29;2026-08-30;2026-09-06;2026-09-15,,91.54435407366071,0.03931203931203931,1.25,0.5530972114845825,0.11260718741877616,784
184,Alarion Bank,29.655819,-82.390733,20,5,none,12001001605,5.992043759323719,8.548422678138099,33.074432373046875,36.086761474609375,32,2026-06-02;2026-06-03;2026-06-10;2026-06-11;2026-06-18;2026-06-19;2026-06-26;2026-06-27;2026-07-05;2026-07-12;2026-07-13;2026-07-20;2026-07-21;2026-07-28;2026-07-29;2026-08-05;2026-08-06;2026-08-13;2026-08-14;2026-08-21;2026-08-22;2026-08-29;2026-08-30;2026-09-06;2026-09-15,,91.53397827148437,0.038083538083538086,1.5,0.6130022323482037,0.10661290646225724,785
166,Gainesville Health & Fitness,29.657328,-82.394103,20,5,unknown,12001001605,5.992043759323719,8.548422678138099,33.1980712890625,35.345062255859375,35,2026-06-02;2026-06-03;2026-06-10;2026-06-11;2026-06-18;2026-06-19;2026-06-26;2026-06-27;2026-07-05;2026-07-12;2026-07-13;2026-07-20;2026-07-21;2026-07-28;2026-07-29;2026-08-05;2026-08-06;2026-08-13;2026-08-14;2026-08-21;2026-08-22;2026-08-29;2026-08-30;2026-09-06;2026-09-15,,91.7565283203125,0.044226044226044224,1.25,0.6130022323482037,0.10317378044734568,786
692,Village Square,29.630285,-82.339178,60,13,none,12001000808,7.1806945261918775,3.871439006574142,32.406626981847424,34.121429443359375,34,2026-06-02;2026-06-03;2026-06-10;2026-06-11;2026-06-18;2026-06-19;2026-06-26;2026-06-27;2026-07-05;2026-07-12;2026-07-13;2026-07-20;2026-07-21;2026-07-28;2026-07-29;2026-08-05;2026-08-06;2026-08-13;2026-08-14;2026-08-21;2026-08-22;2026-08-29;2026-08-30;2026-09-06;2026-09-15,,90.33192856732536,0.02457002457002457,1.5,0.6370753633647764,0.09652099978249293,787
182,Gainesville Health & Fitness,29.657274,-82.394708,20,5,none,12001001605,5.992043759323719,8.548422678138099,32.80236457375919,35.594573974609375,34,2026-06-02;2026-06-03;2026-06-10;2026-06-11;2026-06-18;2026-06-19;2026-06-26;2026-06-27;2026-07-05;2026-07-12;2026-07-13;2026-07-20;2026-07-21;2026-07-28;2026-07-29;2026-08-05;2026-08-06;2026-08-13;2026-08-14;2026-08-21;2026-08-22;2026-08-29;2026-08-30;2026-09-06;2026-09-15,,91.04425623276654,0.0343980343980344,1.5,0.6130022323482037,0.09629552841752266,788
1553,Health Department,29.649168,-82.293379,14,7,none,12001000600,20.242214532871973,17.217034843999087,32.50042724609375,35.18785095214844,8,2026-06-02;2026-06-03;2026-06-10;2026-06-11;2026-06-18;2026-06-19;2026-06-26;2026-06-27;2026-07-05;2026-07-12;2026-07-13;2026-07-20;2026-07-21;2026-07-28;2026-07-29;2026-08-05;2026-08-06;2026-08-13;2026-08-14;2026-08-21;2026-08-22;2026-08-29;2026-08-30;2026-09-06;2026-09-15,,90.50076904296876,0.025798525798525797,1.5,0.901603592480261,0.09448404838183702,789
1622,SW 6th St nearside SW 5th Ave,29.6470695,-82.3311777,14,6,unknown,12001000202,25.107526881720432,1.4258389845244306,32.513285319010414,34.786224365234375,36,2026-06-02;2026-06-03;2026-06-10;2026-06-11;2026-06-18;2026-06-19;2026-06-26;2026-06-27;2026-07-05;2026-07-12;2026-07-13;2026-07-20;2026-07-21;2026-07-28;2026-07-29;2026-08-05;2026-08-06;2026-08-13;2026-08-14;2026-08-21;2026-08-22;2026-08-29;2026-08-30;2026-09-06;2026-09-15,,90.52391357421875,0.02702702702702703,1.25,1.0001382545315658,0.0915008311254804,790
676,Chop Stix Cafe,29.620913,-82.340023,62,13,unknown,12001110800,12.026726057906458,40.537989617744216,32.01768493652344,36.110687255859375,32,2026-06-02;2026-06-03;2026-06-10;2026-06-11;2026-06-18;2026-06-19;2026-06-26;2026-06-27;2026-07-05;2026-07-12;2026-07-13;2026-07-20;2026-07-21;2026-07-28;2026-07-29;2026-08-05;2026-08-06;2026-08-13;2026-08-14;2026-08-21;2026-08-22;2026-08-29;2026-08-30;2026-09-06;2026-09-15,,89.63183288574218,0.022113022113022112,1.25,0.7352195409694231,0.084198472068208,791
1035,Kanapaha Botanical Gardens,29.608681,-82.402953,27,75,none,12001002219,16.47440519105984,14.393255043661547,31.8765625,35.360443115234375,35,2026-06-02;2026-06-03;2026-06-10;2026-06-11;2026-06-18;2026-06-19;2026-06-26;2026-06-27;2026-07-05;2026-07-12;2026-07-13;2026-07-20;2026-07-21;2026-07-28;2026-07-29;2026-08-05;2026-08-06;2026-08-13;2026-08-14;2026-08-21;2026-08-22;2026-08-29;2026-08-30;2026-09-06;2026-09-15,,89.37781249999999,0.019656019656019656,1.5,0.8252960928688374,0.08108271340208885,792
1613,Town of Tioga (Eastbound),29.656385,-82.48215,12,52,unknown,12001002202,1.6059537798668235,23.08284570372652,33.32003079927885,34.446136474609375,13,2026-06-02;2026-06-03;2026-06-10;2026-06-11;2026-06-18;2026-06-19;2026-06-26;2026-06-27;2026-07-05;2026-07-12;2026-07-13;2026-07-20;2026-07-21;2026-07-28;2026-07-29;2026-08-05;2026-08-06;2026-08-13;2026-08-14;2026-08-21;2026-08-22;2026-08-29;2026-08-30;2026-09-06;2026-09-15,,91.97605543870193,0.04668304668304668,1.25,0.5241730138182381,0.07845536690676773,793
1278,Northbound Fort Clarke Boulevard @ Eagle Point,29.66886,-82.436905,25,23,unknown,12001002204,5.470500373412994,18.014849550605703,32.619252232142856,33.829193115234375,35,2026-06-02;2026-06-03;2026-06-10;2026-06-11;2026-06-18;2026-06-19;2026-06-26;2026-06-27;2026-07-05;2026-07-12;2026-07-13;2026-07-20;2026-07-21;2026-07-28;2026-07-29;2026-08-05;2026-08-06;2026-08-13;2026-08-14;2026-08-21;2026-08-22;2026-08-29;2026-08-30;2026-09-06;2026-09-15,,90.71465401785714,0.03194103194103194,1.25,0.6024396831034527,0.07836758721289784,794
1113,Tower Village,29.612393,-82.422636,26,75,none,12001002221,0.8246527777777778,16.533758639021798,32.55742885044643,33.926605224609375,35,2026-06-02;2026-06-03;2026-06-10;2026-06-11;2026-06-18;2026-06-19;2026-06-26;2026-06-27;2026-07-05;2026-07-12;2026-07-13;2026-07-20;2026-07-21;2026-07-28;2026-07-29;2026-08-05;2026-08-06;2026-08-13;2026-08-14;2026-08-21;2026-08-22;2026-08-29;2026-08-30;2026-09-06;2026-09-15,,90.60337193080356,0.029484029484029485,1.5,0.5083497275251369,0.07409798503786445,795
686,CDS Family and Behavioral Services,29.620378,-82.339799,60,13,none,12001000808,7.1806945261918775,3.871439006574142,31.854042053222656,36.110687255859375,32,2026-06-02;2026-06-03;2026-06-10;2026-06-11;2026-06-18;2026-06-19;2026-06-26;2026-06-27;2026-07-05;2026-07-12;2026-07-13;2026-07-20;2026-07-21;2026-07-28;2026-07-29;2026-08-05;2026-08-06;2026-08-13;2026-08-14;2026-08-21;2026-08-22;2026-08-29;2026-08-30;2026-09-06;2026-09-15,,89.33727569580078,0.018427518427518427,1.5,0.6370753633647764,0.0723907498368697,796
1114,Haile Plantation Neighborhood,29.609472,-82.422687,26,75,unknown,12001002221,0.8246527777777778,16.533758639021798,32.62929835464015,33.448089599609375,33,2026-06-02;2026-06-03;2026-06-10;2026-06-11;2026-06-18;2026-06-19;2026-06-26;2026-06-27;2026-07-05;2026-07-12;2026-07-13;2026-07-20;2026-07-21;2026-07-28;2026-07-29;2026-08-05;2026-08-06;2026-08-13;2026-08-14;2026-08-21;2026-08-22;2026-08-29;2026-08-30;2026-09-06;2026-09-15,,90.73273703835227,0.033169533169533166,1.25,0.5083497275251369,0.06946686097299792,797
1285,Southbound Fort Clarke Boulevard @ Eagle Point,29.668913,-82.43714,25,23,unknown,12001002204,5.470500373412994,18.014849550605703,32.54705047607422,33.519866943359375,32,2026-06-02;2026-06-03;2026-06-10;2026-06-11;2026-06-18;2026-06-19;2026-06-26;2026-06-27;2026-07-05;2026-07-12;2026-07-13;2026-07-20;2026-07-21;2026-07-28;2026-07-29;2026-08-05;2026-08-06;2026-08-13;2026-08-14;2026-08-21;2026-08-22;2026-08-29;2026-08-30;2026-09-06;2026-09-15,,90.58469085693359,0.028255528255528257,1.25,0.6024396831034527,0.06932517330371732,798
1311,Depot Ave Farside SW 3rd St,29.6440734,-82.3284536,14,6,unknown,12001000202,25.107526881720432,1.4258389845244306,31.765573212594692,32.48760986328125,33,2026-06-02;2026-06-03;2026-06-10;2026-06-11;2026-06-18;2026-06-19;2026-06-26;2026-06-27;2026-07-05;2026-07-12;2026-07-13;2026-07-20;2026-07-21;2026-07-28;2026-07-29;2026-08-05;2026-08-06;2026-08-13;2026-08-14;2026-08-21;2026-08-22;2026-08-29;2026-08-30;2026-09-06;2026-09-15,,89.17803178267044,0.0171990171990172,1.25,1.0001382545315658,0.05822780162530571,799
1036,Westgate Mobile Manor Park,29.607308,-82.405561,27,75,none,12001002219,16.47440519105984,14.393255043661547,31.29225068933824,32.35772705078125,34,2026-06-02;2026-06-03;2026-06-10;2026-06-11;2026-06-18;2026-06-19;2026-06-26;2026-06-27;2026-07-05;2026-07-12;2026-07-13;2026-07-20;2026-07-21;2026-07-28;2026-07-29;2026-08-05;2026-08-06;2026-08-13;2026-08-14;2026-08-21;2026-08-22;2026-08-29;2026-08-30;2026-09-06;2026-09-15,,88.32605124080882,0.013513513513513514,1.5,0.8252960928688374,0.05574436546393609,800
671,Lakeshore Towers Apartments,29.630324,-82.33952,62,13,none,12001000809,3.034134007585335,10.265613783201722,31.684078543526784,33.851409912109375,35,2026-06-02;2026-06-03;2026-06-10;2026-06-11;2026-06-18;2026-06-19;2026-06-26;2026-06-27;2026-07-05;2026-07-12;2026-07-13;2026-07-20;2026-07-21;2026-07-28;2026-07-29;2026-08-05;2026-08-06;2026-08-13;2026-08-14;2026-08-21;2026-08-22;2026-08-29;2026-08-30;2026-09-06;2026-09-15,,89.03134137834822,0.01597051597051597,1.5,0.5530972114845825,0.054896003866653394,801
165,Orthopedic Institute,29.656458,-82.39186,20,5,unknown,12001001605,5.992043759323719,8.548422678138099,32.14063197544643,34.360687255859375,35,2026-06-02;2026-06-03;2026-06-10;2026-06-11;2026-06-18;2026-06-19;2026-06-26;2026-06-27;2026-07-05;2026-07-12;2026-07-13;2026-07-20;2026-07-21;2026-07-28;2026-07-29;2026-08-05;2026-08-06;2026-08-13;2026-08-14;2026-08-21;2026-08-22;2026-08-29;2026-08-30;2026-09-06;2026-09-15,,89.85313755580357,0.02334152334152334,1.25,0.6130022323482037,0.054452828569432454,802
1112,Vet Mem PK,29.615539,-82.422622,26,75,none,12001002221,0.8246527777777778,16.533758639021798,31.8951810948989,32.63629150390625,34,2026-06-02;2026-06-03;2026-06-10;2026-06-11;2026-06-18;2026-06-19;2026-06-26;2026-06-27;2026-07-05;2026-07-12;2026-07-13;2026-07-20;2026-07-21;2026-07-28;2026-07-29;2026-08-05;2026-08-06;2026-08-13;2026-08-14;2026-08-21;2026-08-22;2026-08-29;2026-08-30;2026-09-06;2026-09-15,,89.41132597081801,0.020884520884520884,1.5,0.5083497275251369,0.05248607273515398,803
819,Rockwood Villas Apartments,29.644826,-82.399248,95,"20,23,76",none,12001001605,5.992043759323719,8.548422678138099,30.82682146344866,32.09623718261719,14,2026-06-02;2026-06-03;2026-06-10;2026-06-11;2026-06-18;2026-06-19;2026-06-26;2026-06-27;2026-07-05;2026-07-12;2026-07-13;2026-07-20;2026-07-21;2026-07-28;2026-07-29;2026-08-05;2026-08-06;2026-08-13;2026-08-14;2026-08-21;2026-08-22;2026-08-29;2026-08-30;2026-09-06;2026-09-15,,87.48827863420759,0.012285012285012284,1.5,0.6130022323482037,0.051559378941970574,804
1312,Depot Ave nearside SW 3rd St,29.6439161,-82.3283348,14,6,unknown,12001000202,25.107526881720432,1.4258389845244306,31.653190843986746,32.48760986328125,33,2026-06-02;2026-06-03;2026-06-10;2026-06-11;2026-06-18;2026-06-19;2026-06-26;2026-06-27;2026-07-05;2026-07-12;2026-07-13;2026-07-20;2026-07-21;2026-07-28;2026-07-29;2026-08-05;2026-08-06;2026-08-13;2026-08-14;2026-08-21;2026-08-22;2026-08-29;2026-08-30;2026-09-06;2026-09-15,,88.97574351917613,0.014742014742014743,1.25,1.0001382545315658,0.04990954425026204,805
1122,Westgate Manor Park,29.607018,-82.405613,26,75,none,12001002220,6.800766283524904,16.68472372697725,30.745926339285717,32.31671142578125,35,2026-06-02;2026-06-03;2026-06-10;2026-06-11;2026-06-18;2026-06-19;2026-06-26;2026-06-27;2026-07-05;2026-07-12;2026-07-13;2026-07-20;2026-07-21;2026-07-28;2026-07-29;2026-08-05;2026-08-06;2026-08-13;2026-08-14;2026-08-21;2026-08-22;2026-08-29;2026-08-30;2026-09-06;2026-09-15,,87.34266741071428,0.011056511056511056,1.5,0.6293808725878798,0.03440238969968914,806
516,Quail Ridge Neighborhood,29.674303,-82.417978,29,"10,76",none,12001001701,17.254556143445033,28.263455248290214,30.327667236328125,31.503204345703125,7,2026-06-02;2026-06-03;2026-06-10;2026-06-11;2026-06-18;2026-06-19;2026-06-26;2026-06-27;2026-07-05;2026-07-12;2026-07-13;2026-07-20;2026-07-21;2026-07-28;2026-07-29;2026-08-05;2026-08-06;2026-08-13;2026-08-14;2026-08-21;2026-08-22;2026-08-29;2026-08-30;2026-09-06;2026-09-15,,86.58980102539063,0.007371007371007371,1.5,0.8410960877983454,0.031629735017093534,807
1275,Westbound Newberry Road @ Fort Clarke Boulevard,29.660459,-82.43263,25,23,none,12001002204,5.470500373412994,18.014849550605703,30.489028930664062,31.995391845703125,32,2026-06-02;2026-06-03;2026-06-10;2026-06-11;2026-06-18;2026-06-19;2026-06-26;2026-06-27;2026-07-05;2026-07-12;2026-07-13;2026-07-20;2026-07-21;2026-07-28;2026-07-29;2026-08-05;2026-08-06;2026-08-13;2026-08-14;2026-08-21;2026-08-22;2026-08-29;2026-08-30;2026-09-06;2026-09-15,,86.88025207519532,0.009828009828009828,1.5,0.6024396831034527,0.028935724509377665,808
1123,Broken Arrow Bluff Community,29.608152,-82.403389,26,75,none,12001002220,6.800766283524904,16.68472372697725,30.431863839285715,32.37823486328125,35,2026-06-02;2026-06-03;2026-06-10;2026-06-11;2026-06-18;2026-06-19;2026-06-26;2026-06-27;2026-07-05;2026-07-12;2026-07-13;2026-07-20;2026-07-21;2026-07-28;2026-07-29;2026-08-05;2026-08-06;2026-08-13;2026-08-14;2026-08-21;2026-08-22;2026-08-29;2026-08-30;2026-09-06;2026-09-15,,86.7773549107143,0.0085995085995086,1.5,0.6293808725878798,0.026757414210869326,809
1288,Eastbound Newberry Road @ Fort Clarke Boulevard,29.660235,-82.432204,25,23,none,12001002207,0.4123711340206186,18.689934243803744,30.28419404871324,31.164825439453125,34,2026-06-02;2026-06-03;2026-06-10;2026-06-11;2026-06-18;2026-06-19;2026-06-26;2026-06-27;2026-07-05;2026-07-12;2026-07-13;2026-07-20;2026-07-21;2026-07-28;2026-07-29;2026-08-05;2026-08-06;2026-08-13;2026-08-14;2026-08-21;2026-08-22;2026-08-29;2026-08-30;2026-09-06;2026-09-15,,86.51154928768383,0.006142506142506142,1.5,0.5,0.015009658498256213,810
1277,Legacy @ Fort Clarke Apartments,29.667466,-82.435114,25,23,none,12001002204,5.470500373412994,18.014849550605703,30.16931501116072,31.352813720703125,35,2026-06-02;2026-06-03;2026-06-10;2026-06-11;2026-06-18;2026-06-19;2026-06-26;2026-06-27;2026-07-05;2026-07-12;2026-07-13;2026-07-20;2026-07-21;2026-07-28;2026-07-29;2026-08-05;2026-08-06;2026-08-13;2026-08-14;2026-08-21;2026-08-22;2026-08-29;2026-08-30;2026-09-06;2026-09-15,,86.3047670200893,0.004914004914004914,1.5,0.6024396831034527,0.014467862254688832,811
828,Rockwood Villas Apartments,29.644196,-82.398964,95,"20,23,76",none,12001001605,5.992043759323719,8.548422678138099,29.691665649414062,29.691665649414062,1,2026-06-02;2026-06-03;2026-06-10;2026-06-11;2026-06-18;2026-06-19;2026-06-26;2026-06-27;2026-07-05;2026-07-12;2026-07-13;2026-07-20;2026-07-21;2026-07-28;2026-07-29;2026-08-05;2026-08-06;2026-08-13;2026-08-14;2026-08-21;2026-08-22;2026-08-29;2026-08-30;2026-09-06;2026-09-15,,85.44499816894532,0.002457002457002457,1.5,0.6130022323482037,0.010311875788394114,812
1286,Legacy @ Fort Clarke Apartments,29.667198,-82.435087,25,23,unknown,12001002204,5.470500373412994,18.014849550605703,30.037173800998264,31.639923095703125,36,2026-06-02;2026-06-03;2026-06-10;2026-06-11;2026-06-18;2026-06-19;2026-06-26;2026-06-27;2026-07-05;2026-07-12;2026-07-13;2026-07-20;2026-07-21;2026-07-28;2026-07-29;2026-08-05;2026-08-06;2026-08-13;2026-08-14;2026-08-21;2026-08-22;2026-08-29;2026-08-30;2026-09-06;2026-09-15,,86.06691284179688,0.0036855036855036856,1.25,0.6024396831034527,0.00904241390918052,813
524,Quail Ridge Neighborhood,29.67419,-82.418261,29,"10,76",none,12001001702,5.506141465480729,33.90179910044978,29.600669860839844,30.604278564453125,4,2026-06-02;2026-06-03;2026-06-10;2026-06-11;2026-06-18;2026-06-19;2026-06-26;2026-06-27;2026-07-05;2026-07-12;2026-07-13;2026-07-20;2026-07-21;2026-07-28;2026-07-29;2026-08-05;2026-08-06;2026-08-13;2026-08-14;2026-08-21;2026-08-22;2026-08-29;2026-08-30;2026-09-06;2026-09-15,,85.28120574951171,0.0012285012285012285,1.5,0.6031615037616609,0.0037803525687596486,814
1,Rosa Parks RTS Downtown Station,29.645567,-82.322697,403,"1,3,5,6,7,10,11,15,17,26",sheltered,12001000500,10.72961373390558,13.34805299076676,37.29665876116072,40.78656005859375,35,2026-06-02;2026-06-03;2026-06-10;2026-06-11;2026-06-18;2026-06-19;2026-06-26;2026-06-27;2026-07-05;2026-07-12;2026-07-13;2026-07-20;2026-07-21;2026-07-28;2026-07-29;2026-08-05;2026-08-06;2026-08-13;2026-08-14;2026-08-21;2026-08-22;2026-08-29;2026-08-30;2026-09-06;2026-09-15,already sheltered (OSM),99.1339857700893,,1.0,0.7089497939678231,,
10,Norman Hall,29.6467078,-82.3371755,0,,unknown,12001000202,25.107526881720432,1.4258389845244306,36.9512451171875,40.284088134765625,35,2026-06-02;2026-06-03;2026-06-10;2026-06-11;2026-06-18;2026-06-19;2026-06-26;2026-06-27;2026-07-05;2026-07-12;2026-07-13;2026-07-20;2026-07-21;2026-07-28;2026-07-29;2026-08-05;2026-08-06;2026-08-13;2026-08-14;2026-08-21;2026-08-22;2026-08-29;2026-08-30;2026-09-06;2026-09-15,no service on representative weekday,98.5122412109375,,1.25,1.0001382545315658,,
1003,The Arc,29.683896,-82.430216,23,"43,55",sheltered,12001001701,17.254556143445033,28.263455248290214,34.97833251953125,36.8712158203125,32,2026-06-02;2026-06-03;2026-06-10;2026-06-11;2026-06-18;2026-06-19;2026-06-26;2026-06-27;2026-07-05;2026-07-12;2026-07-13;2026-07-20;2026-07-21;2026-07-28;2026-07-29;2026-08-05;2026-08-06;2026-08-13;2026-08-14;2026-08-21;2026-08-22;2026-08-29;2026-08-30;2026-09-06;2026-09-15,already sheltered (OSM),94.96099853515625,,1.0,0.8410960877983454,,
1007,Unicorn Hill Farm,29.688679,-82.416157,23,"43,55",none,12001001701,17.254556143445033,28.263455248290214,,,0,2026-06-02;2026-06-03;2026-06-10;2026-06-11;2026-06-18;2026-06-19;2026-06-26;2026-06-27;2026-07-05;2026-07-12;2026-07-13;2026-07-20;2026-07-21;2026-07-28;2026-07-29;2026-08-05;2026-08-06;2026-08-13;2026-08-14;2026-08-21;2026-08-22;2026-08-29;2026-08-30;2026-09-06;2026-09-15,no satellite data in 100 m buffer,,,1.5,0.8410960877983454,,
1017,Radiant Credit Union,29.676449,-82.389093,14,43,sheltered,12001001701,17.254556143445033,28.263455248290214,40.37780043658088,41.72650146484375,17,2026-06-02;2026-06-03;2026-06-10;2026-06-11;2026-06-18;2026-06-19;2026-06-26;2026-06-27;2026-07-05;2026-07-12;2026-07-13;2026-07-20;2026-07-21;2026-07-28;2026-07-29;2026-08-05;2026-08-06;2026-08-13;2026-08-14;2026-08-21;2026-08-22;2026-08-29;2026-08-30;2026-09-06;2026-09-15,already sheltered (OSM),104.68004078584558,,1.0,0.8410960877983454,,
1019,Millhopper Plaza,29.672248,-82.389123,14,43,sheltered,12001001702,5.506141465480729,33.90179910044978,40.01789899553572,43.18772888183594,35,2026-06-02;2026-06-03;2026-06-10;2026-06-11;2026-06-18;2026-06-19;2026-06-26;2026-06-27;2026-07-05;2026-07-12;2026-07-13;2026-07-20;2026-07-21;2026-07-28;2026-07-29;2026-08-05;2026-08-06;2026-08-13;2026-08-14;2026-08-21;2026-08-22;2026-08-29;2026-08-30;2026-09-06;2026-09-15,already sheltered (OSM),104.03221819196429,,1.0,0.6031615037616609,,
1034,Madison Cove Apartments,29.609477,-82.401452,27,75,sheltered,12001002219,16.47440519105984,14.393255043661547,37.65570242745536,42.76217651367188,35,2026-06-02;2026-06-03;2026-06-10;2026-06-11;2026-06-18;2026-06-19;2026-06-26;2026-06-27;2026-07-05;2026-07-12;2026-07-13;2026-07-20;2026-07-21;2026-07-28;2026-07-29;2026-08-05;2026-08-06;2026-08-13;2026-08-14;2026-08-21;2026-08-22;2026-08-29;2026-08-30;2026-09-06;2026-09-15,already sheltered (OSM),99.78026436941965,,1.0,0.8252960928688374,,
1042,Publix @ Tower Square on SW 75th Street,29.600168,-82.420515,27,75,sheltered,12001002219,16.47440519105984,14.393255043661547,39.07898279138514,43.12277221679688,37,2026-06-02;2026-06-03;2026-06-10;2026-06-11;2026-06-18;2026-06-19;2026-06-26;2026-06-27;2026-07-05;2026-07-12;2026-07-13;2026-07-20;2026-07-21;2026-07-28;2026-07-29;2026-08-05;2026-08-06;2026-08-13;2026-08-14;2026-08-21;2026-08-22;2026-08-29;2026-08-30;2026-09-06;2026-09-15,already sheltered (OSM),102.34216902449324,,1.0,0.8252960928688374,,
1043,Asbury Park Apartments,29.603688,-82.422575,27,75,sheltered,12001002219,16.47440519105984,14.393255043661547,37.48875558035714,40.52337646484375,35,2026-06-02;2026-06-03;2026-06-10;2026-06-11;2026-06-18;2026-06-19;2026-06-26;2026-06-27;2026-07-05;2026-07-12;2026-07-13;2026-07-20;2026-07-21;2026-07-28;2026-07-29;2026-08-05;2026-08-06;2026-08-13;2026-08-14;2026-08-21;2026-08-22;2026-08-29;2026-08-30;2026-09-06;2026-09-15,already sheltered (OSM),99.47976004464286,,1.0,0.8252960928688374,,
1047,Vet Mem PK,29.61491,-82.422495,27,75,sheltered,12001002219,16.47440519105984,14.393255043661547,31.66803656684028,32.63629150390625,36,2026-06-02;2026-06-03;2026-06-10;2026-06-11;2026-06-18;2026-06-19;2026-06-26;2026-06-27;2026-07-05;2026-07-12;2026-07-13;2026-07-20;2026-07-21;2026-07-28;2026-07-29;2026-08-05;2026-08-06;2026-08-13;2026-08-14;2026-08-21;2026-08-22;2026-08-29;2026-08-30;2026-09-06;2026-09-15,already sheltered (OSM),89.0024658203125,,1.0,0.8252960928688374,,
1056,Linton Oaks Neighborhood,29.640571,-82.407144,27,75,none,12001002217,15.908324907313784,7.102560393461594,,,0,2026-06-02;2026-06-03;2026-06-10;2026-06-11;2026-06-18;2026-06-19;2026-06-26;2026-06-27;2026-07-05;2026-07-12;2026-07-13;2026-07-20;2026-07-21;2026-07-28;2026-07-29;2026-08-05;2026-08-06;2026-08-13;2026-08-14;2026-08-21;2026-08-22;2026-08-29;2026-08-30;2026-09-06;2026-09-15,no satellite data in 100 m buffer,,,1.5,0.8138315607990667,,
1062,Linton Oaks Neighborhood @ SW 61st Street,29.643025,-82.408221,26,75,sheltered,12001002218,15.250836120401337,8.166317678731678,38.79018293108259,39.730377197265625,7,2026-06-02;2026-06-03;2026-06-10;2026-06-11;2026-06-18;2026-06-19;2026-06-26;2026-06-27;2026-07-05;2026-07-12;2026-07-13;2026-07-20;2026-07-21;2026-07-28;2026-07-29;2026-08-05;2026-08-06;2026-08-13;2026-08-14;2026-08-21;2026-08-22;2026-08-29;2026-08-30;2026-09-06;2026-09-15,already sheltered (OSM),101.82232927594866,,1.0,0.8005157794523101,,
1063,Linton Oaks @ SW 24th Ave,29.640082,-82.408267,47,"52,75,76",none,12001002218,15.250836120401337,8.166317678731678,,,0,2026-06-02;2026-06-03;2026-06-10;2026-06-11;2026-06-18;2026-06-19;2026-06-26;2026-06-27;2026-07-05;2026-07-12;2026-07-13;2026-07-20;2026-07-21;2026-07-28;2026-07-29;2026-08-05;2026-08-06;2026-08-13;2026-08-14;2026-08-21;2026-08-22;2026-08-29;2026-08-30;2026-09-06;2026-09-15,no satellite data in 100 m buffer,,,1.5,0.8005157794523101,,
1087,Pine Meadow Apartments,29.653263,-82.418623,27,75,sheltered,12001002217,15.908324907313784,7.102560393461594,42.37705775669643,44.748046875,35,2026-06-02;2026-06-03;2026-06-10;2026-06-11;2026-06-18;2026-06-19;2026-06-26;2026-06-27;2026-07-05;2026-07-12;2026-07-13;2026-07-20;2026-07-21;2026-07-28;2026-07-29;2026-08-05;2026-08-06;2026-08-13;2026-08-14;2026-08-21;2026-08-22;2026-08-29;2026-08-30;2026-09-06;2026-09-15,already sheltered (OSM),108.27870396205358,,1.0,0.8138315607990667,,
1096,Oaks Square Complex,29.659467,-82.416029,52,"23,75",sheltered,12001001605,5.992043759323719,8.548422678138099,43.68804106841216,47.046661376953125,37,2026-06-02;2026-06-03;2026-06-10;2026-06-11;2026-06-18;2026-06-19;2026-06-26;2026-06-27;2026-07-05;2026-07-12;2026-07-13;2026-07-20;2026-07-21;2026-07-28;2026-07-29;2026-08-05;2026-08-06;2026-08-13;2026-08-14;2026-08-21;2026-08-22;2026-08-29;2026-08-30;2026-09-06;2026-09-15,already sheltered (OSM),110.6384739231419,,1.0,0.6130022323482037,,
1098,North Florida Regional Medical Center,29.65975,-82.41201,51,"23,75",sheltered,12001001702,5.506141465480729,33.90179910044978,44.41893833705357,47.540557861328125,35,2026-06-02;2026-06-03;2026-06-10;2026-06-11;2026-06-18;2026-06-19;2026-06-26;2026-06-27;2026-07-05;2026-07-12;2026-07-13;2026-07-20;2026-07-21;2026-07-28;2026-07-29;2026-08-05;2026-08-06;2026-08-13;2026-08-14;2026-08-21;2026-08-22;2026-08-29;2026-08-30;2026-09-06;2026-09-15,already sheltered (OSM),111.95408900669642,,1.0,0.6031615037616609,,
110,Veteran's Honor Center,29.649248,-82.304229,14,3,sheltered,12001000700,12.61942675159236,21.483491632745363,37.209126790364586,40.81390380859375,36,2026-06-02;2026-06-03;2026-06-10;2026-06-11;2026-06-18;2026-06-19;2026-06-26;2026-06-27;2026-07-05;2026-07-12;2026-07-13;2026-07-20;2026-07-21;2026-07-28;2026-07-29;2026-08-05;2026-08-06;2026-08-13;2026-08-14;2026-08-21;2026-08-22;2026-08-29;2026-08-30;2026-09-06;2026-09-15,already sheltered (OSM),98.97642822265625,,1.0,0.7472232024740616,,
1102,Advance Auto Parts,29.655418,-82.422514,26,75,sheltered,12001002207,0.4123711340206186,18.689934243803744,41.4823558910473,42.64936828613281,37,2026-06-02;2026-06-03;2026-06-10;2026-06-11;2026-06-18;2026-06-19;2026-06-26;2026-06-27;2026-07-05;2026-07-12;2026-07-13;2026-07-20;2026-07-21;2026-07-28;2026-07-29;2026-08-05;2026-08-06;2026-08-13;2026-08-14;2026-08-21;2026-08-22;2026-08-29;2026-08-30;2026-09-06;2026-09-15,already sheltered (OSM),106.66824060388514,,1.0,0.5,,
1104,The Gardens Apartments,29.651869,-82.422534,26,75,sheltered,12001002207,0.4123711340206186,18.689934243803744,40.75374930245536,41.82565307617188,35,2026-06-02;2026-06-03;2026-06-10;2026-06-11;2026-06-18;2026-06-19;2026-06-26;2026-06-27;2026-07-05;2026-07-12;2026-07-13;2026-07-20;2026-07-21;2026-07-28;2026-07-29;2026-08-05;2026-08-06;2026-08-13;2026-08-14;2026-08-21;2026-08-22;2026-08-29;2026-08-30;2026-09-06;2026-09-15,already sheltered (OSM),105.35674874441966,,1.0,0.5,,
1109,Tower 24 Shopping Center,29.628917,-82.422593,26,75,sheltered,12001002221,0.8246527777777778,16.533758639021798,36.09673713235294,41.46676635742188,34,2026-06-02;2026-06-03;2026-06-10;2026-06-11;2026-06-18;2026-06-19;2026-06-26;2026-06-27;2026-07-05;2026-07-12;2026-07-13;2026-07-20;2026-07-21;2026-07-28;2026-07-29;2026-08-05;2026-08-06;2026-08-13;2026-08-14;2026-08-21;2026-08-22;2026-08-29;2026-08-30;2026-09-06;2026-09-15,already sheltered (OSM),96.97412683823529,,1.0,0.5083497275251369,,
1138,Arbor Apartments,29.620101,-82.358529,95,"12,37",unknown,12001001515,9.41336971350614,5.387755102040816,,,0,2026-06-02;2026-06-03;2026-06-10;2026-06-11;2026-06-18;2026-06-19;2026-06-26;2026-06-27;2026-07-05;2026-07-12;2026-07-13;2026-07-20;2026-07-21;2026-07-28;2026-07-29;2026-08-05;2026-08-06;2026-08-13;2026-08-14;2026-08-21;2026-08-22;2026-08-29;2026-08-30;2026-09-06;2026-09-15,no satellite data in 100 m buffer,,,1.25,0.6822925825849184,,
1144,Fraternity Row,29.6464468,-82.3579702,0,,unknown,12001000901,49.78902953586498,0.0,36.5618896484375,39.990142822265625,35,2026-06-02;2026-06-03;2026-06-10;2026-06-11;2026-06-18;2026-06-19;2026-06-26;2026-06-27;2026-07-05;2026-07-12;2026-07-13;2026-07-20;2026-07-21;2026-07-28;2026-07-29;2026-08-05;2026-08-06;2026-08-13;2026-08-14;2026-08-21;2026-08-22;2026-08-29;2026-08-30;2026-09-06;2026-09-15,no service on representative weekday,97.8114013671875,,1.25,1.5,,
1145,Fraternity Row II across Springs,29.6483148,-82.3575968,0,,sheltered,12001000901,49.78902953586498,0.0,42.315098353794646,43.79270935058594,35,2026-06-02;2026-06-03;2026-06-10;2026-06-11;2026-06-18;2026-06-19;2026-06-26;2026-06-27;2026-07-05;2026-07-12;2026-07-13;2026-07-20;2026-07-21;2026-07-28;2026-07-29;2026-08-05;2026-08-06;2026-08-13;2026-08-14;2026-08-21;2026-08-22;2026-08-29;2026-08-30;2026-09-06;2026-09-15,already sheltered (OSM),108.16717703683037,,1.0,1.5,,
1146,Beta Theta Pi across Springs,29.6485434,-82.3564382,0,,none,12001000901,49.78902953586498,0.0,41.88349609375,44.38916015625,35,2026-06-02;2026-06-03;2026-06-10;2026-06-11;2026-06-18;2026-06-19;2026-06-26;2026-06-27;2026-07-05;2026-07-12;2026-07-13;2026-07-20;2026-07-21;2026-07-28;2026-07-29;2026-08-05;2026-08-06;2026-08-13;2026-08-14;2026-08-21;2026-08-22;2026-08-29;2026-08-30;2026-09-06;2026-09-15,no service on representative weekday,107.39029296875,,1.5,1.5,,
1153,Tolbert Residence Hall,29.6476543,-82.3498442,38,118,sheltered,12001000902,30.48780487804878,0.0114639458901753,42.6181209788603,44.947998046875,34,2026-06-02;2026-06-03;2026-06-10;2026-06-11;2026-06-18;2026-06-19;2026-06-26;2026-06-27;2026-07-05;2026-07-12;2026-07-13;2026-07-20;2026-07-21;2026-07-28;2026-07-29;2026-08-05;2026-08-06;2026-08-13;2026-08-14;2026-08-21;2026-08-22;2026-08-29;2026-08-30;2026-09-06;2026-09-15,already sheltered (OSM),108.71261776194854,,1.0,1.1091022502831978,,
1159,Phi Kappa Tau,29.650185,-82.338672,43,1,sheltered,12001000201,21.14384748700173,1.9492808478425436,39.41856166294643,40.59173583984375,35,2026-06-02;2026-06-03;2026-06-10;2026-06-11;2026-06-18;2026-06-19;2026-06-26;2026-06-27;2026-07-05;2026-07-12;2026-07-13;2026-07-20;2026-07-21;2026-07-28;2026-07-29;2026-08-05;2026-08-06;2026-08-13;2026-08-14;2026-08-21;2026-08-22;2026-08-29;2026-08-30;2026-09-06;2026-09-15,already sheltered (OSM),102.95341099330358,,1.0,0.9198638997451218,,
116,Waldo Rd @ SE 7th Avenue,29.645842,-82.311006,14,3,unknown,12001000700,12.61942675159236,21.483491632745363,,,0,2026-06-02;2026-06-03;2026-06-10;2026-06-11;2026-06-18;2026-06-19;2026-06-26;2026-06-27;2026-07-05;2026-07-12;2026-07-13;2026-07-20;2026-07-21;2026-07-28;2026-07-29;2026-08-05;2026-08-06;2026-08-13;2026-08-14;2026-08-21;2026-08-22;2026-08-29;2026-08-30;2026-09-06;2026-09-15,no satellite data in 100 m buffer,,,1.25,0.7472232024740616,,
1173,Cultural Plaza,29.637573,-82.368586,102,"21,33,52",sheltered,12001001514,8.333333333333332,2.7532467532467533,43.922998046875,48.172882080078125,25,2026-06-02;2026-06-03;2026-06-10;2026-06-11;2026-06-18;2026-06-19;2026-06-26;2026-06-27;2026-07-05;2026-07-12;2026-07-13;2026-07-20;2026-07-21;2026-07-28;2026-07-29;2026-08-05;2026-08-06;2026-08-13;2026-08-14;2026-08-21;2026-08-22;2026-08-29;2026-08-30;2026-09-06;2026-09-15,already sheltered (OSM),111.06139648437501,,1.0,0.6604191627316935,,
1176,Fifield Hall,29.637577,-82.362182,102,"21,33,52",sheltered,12001001514,8.333333333333332,2.7532467532467533,37.71153428819444,42.75192260742188,36,2026-06-02;2026-06-03;2026-06-10;2026-06-11;2026-06-18;2026-06-19;2026-06-26;2026-06-27;2026-07-05;2026-07-12;2026-07-13;2026-07-20;2026-07-21;2026-07-28;2026-07-29;2026-08-05;2026-08-06;2026-08-13;2026-08-14;2026-08-21;2026-08-22;2026-08-29;2026-08-30;2026-09-06;2026-09-15,already sheltered (OSM),99.88076171875,,1.0,0.6604191627316935,,
1177,Fifield Hall,29.637721,-82.362319,102,"21,33,52",sheltered,12001000901,49.78902953586498,0.0,36.96014404296875,42.75192260742188,32,2026-06-02;2026-06-03;2026-06-10;2026-06-11;2026-06-18;2026-06-19;2026-06-26;2026-06-27;2026-07-05;2026-07-12;2026-07-13;2026-07-20;2026-07-21;2026-07-28;2026-07-29;2026-08-05;2026-08-06;2026-08-13;2026-08-14;2026-08-21;2026-08-22;2026-08-29;2026-08-30;2026-09-06;2026-09-15,already sheltered (OSM),98.52825927734375,,1.0,1.5,,
1194,Commuter Lot/Garage 14,29.6422375,-82.350616,153,"9,12,33",sheltered,12001000901,49.78902953586498,0.0,38.83450964725379,40.78656005859375,33,2026-06-02;2026-06-03;2026-06-10;2026-06-11;2026-06-18;2026-06-19;2026-06-26;2026-06-27;2026-07-05;2026-07-12;2026-07-13;2026-07-20;2026-07-21;2026-07-28;2026-07-29;2026-08-05;2026-08-06;2026-08-13;2026-08-14;2026-08-21;2026-08-22;2026-08-29;2026-08-30;2026-09-06;2026-09-15,already sheltered (OSM),101.90211736505682,,1.0,1.5,,
12,Norman Field @ SW 8th Avenue,29.644956,-82.338095,0,,none,12001000202,25.107526881720432,1.4258389845244306,35.50303083147321,37.1907958984375,35,2026-06-02;2026-06-03;2026-06-10;2026-06-11;2026-06-18;2026-06-19;2026-06-26;2026-06-27;2026-07-05;2026-07-12;2026-07-13;2026-07-20;2026-07-21;2026-07-28;2026-07-29;2026-08-05;2026-08-06;2026-08-13;2026-08-14;2026-08-21;2026-08-22;2026-08-29;2026-08-30;2026-09-06;2026-09-15,no service on representative weekday,95.90545549665178,,1.5,1.0001382545315658,,
1209,Oxford Terrace Apartments,29.6432257,-82.3337333,0,,none,12001000202,25.107526881720432,1.4258389845244306,32.88771275111607,35.104095458984375,35,2026-06-02;2026-06-03;2026-06-10;2026-06-11;2026-06-18;2026-06-19;2026-06-26;2026-06-27;2026-07-05;2026-07-12;2026-07-13;2026-07-20;2026-07-21;2026-07-28;2026-07-29;2026-08-05;2026-08-06;2026-08-13;2026-08-14;2026-08-21;2026-08-22;2026-08-29;2026-08-30;2026-09-06;2026-09-15,no service on representative weekday,91.19788295200892,,1.5,1.0001382545315658,,
1216,Arlington Square Apartments,29.649744,-82.32248,123,"1,5,10,11,15",sheltered,12001000500,10.72961373390558,13.34805299076676,41.21135711669922,42.62203979492188,32,2026-06-02;2026-06-03;2026-06-10;2026-06-11;2026-06-18;2026-06-19;2026-06-26;2026-06-27;2026-07-05;2026-07-12;2026-07-13;2026-07-20;2026-07-21;2026-07-28;2026-07-29;2026-08-05;2026-08-06;2026-08-13;2026-08-14;2026-08-21;2026-08-22;2026-08-29;2026-08-30;2026-09-06;2026-09-15,already sheltered (OSM),106.1804428100586,,1.0,0.7089497939678231,,
1234,NE Walmart Supercenter,29.662615,-82.302423,44,"3,11,26",sheltered,12001000600,20.242214532871973,17.217034843999087,37.44340006510416,41.82905578613281,36,2026-06-02;2026-06-03;2026-06-10;2026-06-11;2026-06-18;2026-06-19;2026-06-26;2026-06-27;2026-07-05;2026-07-12;2026-07-13;2026-07-20;2026-07-21;2026-07-28;2026-07-29;2026-08-05;2026-08-06;2026-08-13;2026-08-14;2026-08-21;2026-08-22;2026-08-29;2026-08-30;2026-09-06;2026-09-15,already sheltered (OSM),99.39812011718747,,1.0,0.901603592480261,,
1235,NE Walmart Supercenter,29.662839,-82.302207,44,"3,11,26",sheltered,12001000600,20.242214532871973,17.217034843999087,38.72136094835069,42.83908081054688,36,2026-06-02;2026-06-03;2026-06-10;2026-06-11;2026-06-18;2026-06-19;2026-06-26;2026-06-27;2026-07-05;2026-07-12;2026-07-13;2026-07-20;2026-07-21;2026-07-28;2026-07-29;2026-08-05;2026-08-06;2026-08-13;2026-08-14;2026-08-21;2026-08-22;2026-08-29;2026-08-30;2026-09-06;2026-09-15,already sheltered (OSM),101.69844970703124,,1.0,0.901603592480261,,
1238,Sorority Row,29.644071,-82.335689,0,,none,12001000202,25.107526881720432,1.4258389845244306,32.152392578125,34.10089111328125,35,2026-06-02;2026-06-03;2026-06-10;2026-06-11;2026-06-18;2026-06-19;2026-06-26;2026-06-27;2026-07-05;2026-07-12;2026-07-13;2026-07-20;2026-07-21;2026-07-28;2026-07-29;2026-08-05;2026-08-06;2026-08-13;2026-08-14;2026-08-21;2026-08-22;2026-08-29;2026-08-30;2026-09-06;2026-09-15,no service on representative weekday,89.87430664062501,,1.5,1.0001382545315658,,
1248,Parkside II Apartments,29.642813,-82.33558,0,,none,12001000202,25.107526881720432,1.4258389845244306,31.87135225183824,33.769378662109375,34,2026-06-02;2026-06-03;2026-06-10;2026-06-11;2026-06-18;2026-06-19;2026-06-26;2026-06-27;2026-07-05;2026-07-12;2026-07-13;2026-07-20;2026-07-21;2026-07-28;2026-07-29;2026-08-05;2026-08-06;2026-08-13;2026-08-14;2026-08-21;2026-08-22;2026-08-29;2026-08-30;2026-09-06;2026-09-15,no service on representative weekday,89.36843405330883,,1.5,1.0001382545315658,,
1252,Plaza Health and Rehab,29.613287,-82.394175,27,75,sheltered,12001002219,16.47440519105984,14.393255043661547,39.8076171875,44.01315307617188,32,2026-06-02;2026-06-03;2026-06-10;2026-06-11;2026-06-18;2026-06-19;2026-06-26;2026-06-27;2026-07-05;2026-07-12;2026-07-13;2026-07-20;2026-07-21;2026-07-28;2026-07-29;2026-08-05;2026-08-06;2026-08-13;2026-08-14;2026-08-21;2026-08-22;2026-08-29;2026-08-30;2026-09-06;2026-09-15,already sheltered (OSM),103.6537109375,,1.0,0.8252960928688374,,
1253,Graham Hall,29.64581,-82.350257,248,"9,12,33,38,118",sheltered,12001000902,30.48780487804878,0.0114639458901753,38.364111328125,40.31144714355469,35,2026-06-02;2026-06-03;2026-06-10;2026-06-11;2026-06-18;2026-06-19;2026-06-26;2026-06-27;2026-07-05;2026-07-12;2026-07-13;2026-07-20;2026-07-21;2026-07-28;2026-07-29;2026-08-05;2026-08-06;2026-08-13;2026-08-14;2026-08-21;2026-08-22;2026-08-29;2026-08-30;2026-09-06;2026-09-15,already sheltered (OSM),101.055400390625,,1.0,1.1091022502831978,,
1284,Ft Clarke Middle School,29.673509,-82.439334,25,23,none,12001002204,5.470500373412994,18.014849550605703,,,0,2026-06-02;2026-06-03;2026-06-10;2026-06-11;2026-06-18;2026-06-19;2026-06-26;2026-06-27;2026-07-05;2026-07-12;2026-07-13;2026-07-20;2026-07-21;2026-07-28;2026-07-29;2026-08-05;2026-08-06;2026-08-13;2026-08-14;2026-08-21;2026-08-22;2026-08-29;2026-08-30;2026-09-06;2026-09-15,no satellite data in 100 m buffer,,,1.5,0.6024396831034527,,
13,Beaty Towers,29.644929,-82.340175,124,"13,17,43",sheltered,12001000902,30.48780487804878,0.0114639458901753,35.82364676339286,37.491607666015625,35,2026-06-02;2026-06-03;2026-06-10;2026-06-11;2026-06-18;2026-06-19;2026-06-26;2026-06-27;2026-07-05;2026-07-12;2026-07-13;2026-07-20;2026-07-21;2026-07-28;2026-07-29;2026-08-05;2026-08-06;2026-08-13;2026-08-14;2026-08-21;2026-08-22;2026-08-29;2026-08-30;2026-09-06;2026-09-15,already sheltered (OSM),96.48256417410714,,1.0,1.1091022502831978,,
1306,Publix at Butler Plaza,29.625277,-82.3788,43,1,sheltered,12001001522,15.617875056999544,3.28125,44.01980411305147,45.438507080078125,34,2026-06-02;2026-06-03;2026-06-10;2026-06-11;2026-06-18;2026-06-19;2026-06-26;2026-06-27;2026-07-05;2026-07-12;2026-07-13;2026-07-20;2026-07-21;2026-07-28;2026-07-29;2026-08-05;2026-08-06;2026-08-13;2026-08-14;2026-08-21;2026-08-22;2026-08-29;2026-08-30;2026-09-06;2026-09-15,already sheltered (OSM),111.23564740349265,,1.0,0.8079492297601685,,
1317,GRACE Marketplace,29.683304,-82.286191,13,26,sheltered,12001001400,3.571428571428571,15.002627430373094,42.015526024070944,43.61666870117188,37,2026-06-02;2026-06-03;2026-06-10;2026-06-11;2026-06-18;2026-06-19;2026-06-26;2026-06-27;2026-07-05;2026-07-12;2026-07-13;2026-07-20;2026-07-21;2026-07-28;2026-07-29;2026-08-05;2026-08-06;2026-08-13;2026-08-14;2026-08-21;2026-08-22;2026-08-29;2026-08-30;2026-09-06;2026-09-15,already sheltered (OSM),107.62794684332769,,1.0,0.5639787612134148,,
1320,Airport,29.686084,-82.27632,26,26,sheltered,12001001902,16.82586333578251,25.576208178438662,46.689660974451016,48.340362548828125,37,2026-06-02;2026-06-03;2026-06-10;2026-06-11;2026-06-18;2026-06-19;2026-06-26;2026-06-27;2026-07-05;2026-07-12;2026-07-13;2026-07-20;2026-07-21;2026-07-28;2026-07-29;2026-08-05;2026-08-06;2026-08-13;2026-08-14;2026-08-21;2026-08-22;2026-08-29;2026-08-30;2026-09-06;2026-09-15,already sheltered (OSM),116.04138975401183,,1.0,0.8324139934335614,,
1324,Sorority Row,29.644821,-82.335705,0,,none,12001000202,25.107526881720432,1.4258389845244306,34.00408172607422,36.3978271484375,32,2026-06-02;2026-06-03;2026-06-10;2026-06-11;2026-06-18;2026-06-19;2026-06-26;2026-06-27;2026-07-05;2026-07-12;2026-07-13;2026-07-20;2026-07-21;2026-07-28;2026-07-29;2026-08-05;2026-08-06;2026-08-13;2026-08-14;2026-08-21;2026-08-22;2026-08-29;2026-08-30;2026-09-06;2026-09-15,no service on representative weekday,93.2073471069336,,1.5,1.0001382545315658,,
1326,UF Counseling and Wellness Center,29.642148,-82.368834,61,20,sheltered,12001000901,49.78902953586498,0.0,38.291312081473215,39.82095336914063,35,2026-06-02;2026-06-03;2026-06-10;2026-06-11;2026-06-18;2026-06-19;2026-06-26;2026-06-27;2026-07-05;2026-07-12;2026-07-13;2026-07-20;2026-07-21;2026-07-28;2026-07-29;2026-08-05;2026-08-06;2026-08-13;2026-08-14;2026-08-21;2026-08-22;2026-08-29;2026-08-30;2026-09-06;2026-09-15,already sheltered (OSM),100.92436174665178,,1.0,1.5,,
1343,Northside Park and Senior Recreational Center,29.707923,-82.354454,17,8,sheltered,12001001202,0.5906123717749456,16.054477919933966,,,0,2026-06-02;2026-06-03;2026-06-10;2026-06-11;2026-06-18;2026-06-19;2026-06-26;2026-06-27;2026-07-05;2026-07-12;2026-07-13;2026-07-20;2026-07-21;2026-07-28;2026-07-29;2026-08-05;2026-08-06;2026-08-13;2026-08-14;2026-08-21;2026-08-22;2026-08-29;2026-08-30;2026-09-06;2026-09-15,already sheltered (OSM),,,1.0,0.5036098278725899,,
14,Frazier Rogers Hall,29.64494,-82.344997,145,"1,12,33",sheltered,12001000902,30.48780487804878,0.0114639458901753,41.212852478027344,43.38766479492188,32,2026-06-02;2026-06-03;2026-06-10;2026-06-11;2026-06-18;2026-06-19;2026-06-26;2026-06-27;2026-07-05;2026-07-12;2026-07-13;2026-07-20;2026-07-21;2026-07-28;2026-07-29;2026-08-05;2026-08-06;2026-08-13;2026-08-14;2026-08-21;2026-08-22;2026-08-29;2026-08-30;2026-09-06;2026-09-15,already sheltered (OSM),106.18313446044922,,1.0,1.1091022502831978,,
1444,Alight Apts,29.657978,-82.337149,122,13,none,12001000201,21.14384748700173,1.9492808478425436,,,0,2026-06-02;2026-06-03;2026-06-10;2026-06-11;2026-06-18;2026-06-19;2026-06-26;2026-06-27;2026-07-05;2026-07-12;2026-07-13;2026-07-20;2026-07-21;2026-07-28;2026-07-29;2026-08-05;2026-08-06;2026-08-13;2026-08-14;2026-08-21;2026-08-22;2026-08-29;2026-08-30;2026-09-06;2026-09-15,no satellite data in 100 m buffer,,,1.5,0.9198638997451218,,
146,Holiday Inn @ W University Avenue,29.652186,-82.338973,40,"5,10",sheltered,12001000201,21.14384748700173,1.9492808478425436,42.98063616071428,45.021484375,35,2026-06-02;2026-06-03;2026-06-10;2026-06-11;2026-06-18;2026-06-19;2026-06-26;2026-06-27;2026-07-05;2026-07-12;2026-07-13;2026-07-20;2026-07-21;2026-07-28;2026-07-29;2026-08-05;2026-08-06;2026-08-13;2026-08-14;2026-08-21;2026-08-22;2026-08-29;2026-08-30;2026-09-06;2026-09-15,already sheltered (OSM),109.36514508928572,,1.0,0.9198638997451218,,
1471,Westgate Plaza,29.65216,-82.369357,14,43,unknown,12001001000,6.52607580507267,9.155578975102095,,,0,2026-06-02;2026-06-03;2026-06-10;2026-06-11;2026-06-18;2026-06-19;2026-06-26;2026-06-27;2026-07-05;2026-07-12;2026-07-13;2026-07-20;2026-07-21;2026-07-28;2026-07-29;2026-08-05;2026-08-06;2026-08-13;2026-08-14;2026-08-21;2026-08-22;2026-08-29;2026-08-30;2026-09-06;2026-09-15,no satellite data in 100 m buffer,,,1.25,0.6238177079804916,,
1474,Renaissance Jewelers,29.650563,-82.373853,20,5,none,12001001605,5.992043759323719,8.548422678138099,,,0,2026-06-02;2026-06-03;2026-06-10;2026-06-11;2026-06-18;2026-06-19;2026-06-26;2026-06-27;2026-07-05;2026-07-12;2026-07-13;2026-07-20;2026-07-21;2026-07-28;2026-07-29;2026-08-05;2026-08-06;2026-08-13;2026-08-14;2026-08-21;2026-08-22;2026-08-29;2026-08-30;2026-09-06;2026-09-15,no satellite data in 100 m buffer,,,1.5,0.6130022323482037,,
1486,Campus Circle Apartments,29.636794,-82.380966,73,"33,52",sheltered,12001001522,15.617875056999544,3.28125,37.53948974609375,41.59323120117188,36,2026-06-02;2026-06-03;2026-06-10;2026-06-11;2026-06-18;2026-06-19;2026-06-26;2026-06-27;2026-07-05;2026-07-12;2026-07-13;2026-07-20;2026-07-21;2026-07-28;2026-07-29;2026-08-05;2026-08-06;2026-08-13;2026-08-14;2026-08-21;2026-08-22;2026-08-29;2026-08-30;2026-09-06;2026-09-15,already sheltered (OSM),99.57108154296876,,1.0,0.8079492297601685,,
1491,Lowe's @ Butler Plaza Eastbound,29.623953,-82.380799,43,1,sheltered,12001001522,15.617875056999544,3.28125,41.09901936848959,43.14840698242188,36,2026-06-02;2026-06-03;2026-06-10;2026-06-11;2026-06-18;2026-06-19;2026-06-26;2026-06-27;2026-07-05;2026-07-12;2026-07-13;2026-07-20;2026-07-21;2026-07-28;2026-07-29;2026-08-05;2026-08-06;2026-08-13;2026-08-14;2026-08-21;2026-08-22;2026-08-29;2026-08-30;2026-09-06;2026-09-15,already sheltered (OSM),105.97823486328127,,1.0,0.8079492297601685,,
1492,Butler Plaza,29.623861,-82.381311,42,1,sheltered,12001001522,15.617875056999544,3.28125,41.09446847098214,42.63227844238281,35,2026-06-02;2026-06-03;2026-06-10;2026-06-11;2026-06-18;2026-06-19;2026-06-26;2026-06-27;2026-07-05;2026-07-12;2026-07-13;2026-07-20;2026-07-21;2026-07-28;2026-07-29;2026-08-05;2026-08-06;2026-08-13;2026-08-14;2026-08-21;2026-08-22;2026-08-29;2026-08-30;2026-09-06;2026-09-15,already sheltered (OSM),105.97004324776785,,1.0,0.8079492297601685,,
1493,Butler Plaza Transfer Station,29.625154,-82.38789,416,"1,23,33,37,75",sheltered,12001001522,15.617875056999544,3.28125,42.084769112723215,44.90869140625,35,2026-06-02;2026-06-03;2026-06-10;2026-06-11;2026-06-18;2026-06-19;2026-06-26;2026-06-27;2026-07-05;2026-07-12;2026-07-13;2026-07-20;2026-07-21;2026-07-28;2026-07-29;2026-08-05;2026-08-06;2026-08-13;2026-08-14;2026-08-21;2026-08-22;2026-08-29;2026-08-30;2026-09-06;2026-09-15,already sheltered (OSM),107.75258440290179,,1.0,0.8079492297601685,,
1506,The Trophy Shop,29.657597,-82.338892,62,13,none,12001000201,21.14384748700173,1.9492808478425436,,,0,2026-06-02;2026-06-03;2026-06-10;2026-06-11;2026-06-18;2026-06-19;2026-06-26;2026-06-27;2026-07-05;2026-07-12;2026-07-13;2026-07-20;2026-07-21;2026-07-28;2026-07-29;2026-08-05;2026-08-06;2026-08-13;2026-08-14;2026-08-21;2026-08-22;2026-08-29;2026-08-30;2026-09-06;2026-09-15,no satellite data in 100 m buffer,,,1.5,0.9198638997451218,,
157,Westgate Shopping Center,29.652293,-82.369628,14,43,unknown,12001001000,6.52607580507267,9.155578975102095,,,0,2026-06-02;2026-06-03;2026-06-10;2026-06-11;2026-06-18;2026-06-19;2026-06-26;2026-06-27;2026-07-05;2026-07-12;2026-07-13;2026-07-20;2026-07-21;2026-07-28;2026-07-29;2026-08-05;2026-08-06;2026-08-13;2026-08-14;2026-08-21;2026-08-22;2026-08-29;2026-08-30;2026-09-06;2026-09-15,no satellite data in 100 m buffer,,,1.25,0.6238177079804916,,
158,Westgate Plaza,29.652165,-82.372949,14,43,unknown,12001001605,5.992043759323719,8.548422678138099,,,0,2026-06-02;2026-06-03;2026-06-10;2026-06-11;2026-06-18;2026-06-19;2026-06-26;2026-06-27;2026-07-05;2026-07-12;2026-07-13;2026-07-20;2026-07-21;2026-07-28;2026-07-29;2026-08-05;2026-08-06;2026-08-13;2026-08-14;2026-08-21;2026-08-22;2026-08-29;2026-08-30;2026-09-06;2026-09-15,no satellite data in 100 m buffer,,,1.25,0.6130022323482037,,
1581,Brain Institute Northbound,29.64189,-82.3436638,60,13,sheltered,12001000902,30.48780487804878,0.0114639458901753,37.68495396205357,39.084381103515625,35,2026-06-02;2026-06-03;2026-06-10;2026-06-11;2026-06-18;2026-06-19;2026-06-26;2026-06-27;2026-07-05;2026-07-12;2026-07-13;2026-07-20;2026-07-21;2026-07-28;2026-07-29;2026-08-05;2026-08-06;2026-08-13;2026-08-14;2026-08-21;2026-08-22;2026-08-29;2026-08-30;2026-09-06;2026-09-15,already sheltered (OSM),99.83291713169642,,1.0,1.1091022502831978,,
16,Shands Hospital @ Center Drive,29.640205,-82.34626,189,"1,21,37,38,52",sheltered,12001000902,30.48780487804878,0.0114639458901753,37.552734375,38.674224853515625,35,2026-06-02;2026-06-03;2026-06-10;2026-06-11;2026-06-18;2026-06-19;2026-06-26;2026-06-27;2026-07-05;2026-07-12;2026-07-13;2026-07-20;2026-07-21;2026-07-28;2026-07-29;2026-08-05;2026-08-06;2026-08-13;2026-08-14;2026-08-21;2026-08-22;2026-08-29;2026-08-30;2026-09-06;2026-09-15,already sheltered (OSM),99.594921875,,1.0,1.1091022502831978,,
161,Plaza Royale,29.652709,-82.381423,34,"5,43",unknown,12001001605,5.992043759323719,8.548422678138099,,,0,2026-06-02;2026-06-03;2026-06-10;2026-06-11;2026-06-18;2026-06-19;2026-06-26;2026-06-27;2026-07-05;2026-07-12;2026-07-13;2026-07-20;2026-07-21;2026-07-28;2026-07-29;2026-08-05;2026-08-06;2026-08-13;2026-08-14;2026-08-21;2026-08-22;2026-08-29;2026-08-30;2026-09-06;2026-09-15,no satellite data in 100 m buffer,,,1.25,0.6130022323482037,,
164,Millennium Center,29.655612,-82.389408,34,"5,43",sheltered,12001001605,5.992043759323719,8.548422678138099,35.097506277901786,38.24354553222656,35,2026-06-02;2026-06-03;2026-06-10;2026-06-11;2026-06-18;2026-06-19;2026-06-26;2026-06-27;2026-07-05;2026-07-12;2026-07-13;2026-07-20;2026-07-21;2026-07-28;2026-07-29;2026-08-05;2026-08-06;2026-08-13;2026-08-14;2026-08-21;2026-08-22;2026-08-29;2026-08-30;2026-09-06;2026-09-15,already sheltered (OSM),95.17551130022322,,1.0,0.6130022323482037,,
172,Oaks Mall SW 62nd Blvd,29.654389,-82.408973,122,"20,23,75,76",sheltered,12001001605,5.992043759323719,8.548422678138099,35.740879603794646,40.44303894042969,35,2026-06-02;2026-06-03;2026-06-10;2026-06-11;2026-06-18;2026-06-19;2026-06-26;2026-06-27;2026-07-05;2026-07-12;2026-07-13;2026-07-20;2026-07-21;2026-07-28;2026-07-29;2026-08-05;2026-08-06;2026-08-13;2026-08-14;2026-08-21;2026-08-22;2026-08-29;2026-08-30;2026-09-06;2026-09-15,already sheltered (OSM),96.33358328683036,,1.0,0.6130022323482037,,
174,Terwilliger Elementary School,29.655878,-82.408766,122,"20,23,75,76",sheltered,12001001605,5.992043759323719,8.548422678138099,37.20564662388393,42.51094055175781,35,2026-06-02;2026-06-03;2026-06-10;2026-06-11;2026-06-18;2026-06-19;2026-06-26;2026-06-27;2026-07-05;2026-07-12;2026-07-13;2026-07-20;2026-07-21;2026-07-28;2026-07-29;2026-08-05;2026-08-06;2026-08-13;2026-08-14;2026-08-21;2026-08-22;2026-08-29;2026-08-30;2026-09-06;2026-09-15,already sheltered (OSM),98.97016392299108,,1.0,0.6130022323482037,,
175,Oaks Mall SW 62nd Blvd,29.658046,-82.408785,127,"5,23,75,76",sheltered,12001001605,5.992043759323719,8.548422678138099,44.00778290719697,46.709991455078125,33,2026-06-02;2026-06-03;2026-06-10;2026-06-11;2026-06-18;2026-06-19;2026-06-26;2026-06-27;2026-07-05;2026-07-12;2026-07-13;2026-07-20;2026-07-21;2026-07-28;2026-07-29;2026-08-05;2026-08-06;2026-08-13;2026-08-14;2026-08-21;2026-08-22;2026-08-29;2026-08-30;2026-09-06;2026-09-15,already sheltered (OSM),111.21400923295455,,1.0,0.6130022323482037,,
181,Millpond Apartments,29.657733,-82.395924,20,5,sheltered,12001001605,5.992043759323719,8.548422678138099,33.36759905133928,36.004730224609375,35,2026-06-02;2026-06-03;2026-06-10;2026-06-11;2026-06-18;2026-06-19;2026-06-26;2026-06-27;2026-07-05;2026-07-12;2026-07-13;2026-07-20;2026-07-21;2026-07-28;2026-07-29;2026-08-05;2026-08-06;2026-08-13;2026-08-14;2026-08-21;2026-08-22;2026-08-29;2026-08-30;2026-09-06;2026-09-15,already sheltered (OSM),92.06167829241072,,1.0,0.6130022323482037,,
185,SIMED Health,29.6549,-82.388182,34,"5,43",sheltered,12001001605,5.992043759323719,8.548422678138099,34.45145786830357,36.6405029296875,35,2026-06-02;2026-06-03;2026-06-10;2026-06-11;2026-06-18;2026-06-19;2026-06-26;2026-06-27;2026-07-05;2026-07-12;2026-07-13;2026-07-20;2026-07-21;2026-07-28;2026-07-29;2026-08-05;2026-08-06;2026-08-13;2026-08-14;2026-08-21;2026-08-22;2026-08-29;2026-08-30;2026-09-06;2026-09-15,already sheltered (OSM),94.01262416294642,,1.0,0.6130022323482037,,
187,Community Foundation of North Central Florida,29.653333,-82.383899,34,"5,43",sheltered,12001001605,5.992043759323719,8.548422678138099,39.87782639723558,43.91744995117188,26,2026-06-02;2026-06-03;2026-06-10;2026-06-11;2026-06-18;2026-06-19;2026-06-26;2026-06-27;2026-07-05;2026-07-12;2026-07-13;2026-07-20;2026-07-21;2026-07-28;2026-07-29;2026-08-05;2026-08-06;2026-08-13;2026-08-14;2026-08-21;2026-08-22;2026-08-29;2026-08-30;2026-09-06;2026-09-15,already sheltered (OSM),103.78008751502405,,1.0,0.6130022323482037,,
190,The Wynwood Apartments,29.650453,-82.37451,20,5,unknown,12001001605,5.992043759323719,8.548422678138099,,,0,2026-06-02;2026-06-03;2026-06-10;2026-06-11;2026-06-18;2026-06-19;2026-06-26;2026-06-27;2026-07-05;2026-07-12;2026-07-13;2026-07-20;2026-07-21;2026-07-28;2026-07-29;2026-08-05;2026-08-06;2026-08-13;2026-08-14;2026-08-21;2026-08-22;2026-08-29;2026-08-30;2026-09-06;2026-09-15,no satellite data in 100 m buffer,,,1.25,0.6130022323482037,,
192,UF Golf Course,29.650343,-82.367421,20,5,none,12001000901,49.78902953586498,0.0,,,0,2026-06-02;2026-06-03;2026-06-10;2026-06-11;2026-06-18;2026-06-19;2026-06-26;2026-06-27;2026-07-05;2026-07-12;2026-07-13;2026-07-20;2026-07-21;2026-07-28;2026-07-29;2026-08-05;2026-08-06;2026-08-13;2026-08-14;2026-08-21;2026-08-22;2026-08-29;2026-08-30;2026-09-06;2026-09-15,no satellite data in 100 m buffer,,,1.5,1.5,,
195,University of Florida Law School,29.650334,-82.358847,20,5,sheltered,12001000901,49.78902953586498,0.0,40.9424487964527,45.14967346191406,37,2026-06-02;2026-06-03;2026-06-10;2026-06-11;2026-06-18;2026-06-19;2026-06-26;2026-06-27;2026-07-05;2026-07-12;2026-07-13;2026-07-20;2026-07-21;2026-07-28;2026-07-29;2026-08-05;2026-08-06;2026-08-13;2026-08-14;2026-08-21;2026-08-22;2026-08-29;2026-08-30;2026-09-06;2026-09-15,already sheltered (OSM),105.69640783361487,,1.0,1.5,,
245,Plaza Verde @ NW 13th St Southbound,29.67272,-82.339249,17,8,sheltered,12001001100,7.312925170068027,27.624720774385704,45.669677734375,49.837493896484375,36,2026-06-02;2026-06-03;2026-06-10;2026-06-11;2026-06-18;2026-06-19;2026-06-26;2026-06-27;2026-07-05;2026-07-12;2026-07-13;2026-07-20;2026-07-21;2026-07-28;2026-07-29;2026-08-05;2026-08-06;2026-08-13;2026-08-14;2026-08-21;2026-08-22;2026-08-29;2026-08-30;2026-09-06;2026-09-15,already sheltered (OSM),114.205419921875,,1.0,0.6397533624063481,,
247,Gainesville High School,29.670502,-82.339251,17,8,sheltered,12001001100,7.312925170068027,27.624720774385704,41.745556640625,44.32077026367188,35,2026-06-02;2026-06-03;2026-06-10;2026-06-11;2026-06-18;2026-06-19;2026-06-26;2026-06-27;2026-07-05;2026-07-12;2026-07-13;2026-07-20;2026-07-21;2026-07-28;2026-07-29;2026-08-05;2026-08-06;2026-08-13;2026-08-14;2026-08-21;2026-08-22;2026-08-29;2026-08-30;2026-09-06;2026-09-15,already sheltered (OSM),107.142001953125,,1.0,0.6397533624063481,,
252,Plaza Verde - NW 23rd Avenue,29.673883,-82.341767,17,8,sheltered,12001001100,7.312925170068027,27.624720774385704,40.62268763950893,45.27099609375,35,2026-06-02;2026-06-03;2026-06-10;2026-06-11;2026-06-18;2026-06-19;2026-06-26;2026-06-27;2026-07-05;2026-07-12;2026-07-13;2026-07-20;2026-07-21;2026-07-28;2026-07-29;2026-08-05;2026-08-06;2026-08-13;2026-08-14;2026-08-21;2026-08-22;2026-08-29;2026-08-30;2026-09-06;2026-09-15,already sheltered (OSM),105.12083775111607,,1.0,0.6397533624063481,,
293,Mt Moriah Baptist Church,29.645758,-82.312416,14,3,unknown,12001000700,12.61942675159236,21.483491632745363,,,0,2026-06-02;2026-06-03;2026-06-10;2026-06-11;2026-06-18;2026-06-19;2026-06-26;2026-06-27;2026-07-05;2026-07-12;2026-07-13;2026-07-20;2026-07-21;2026-07-28;2026-07-29;2026-08-05;2026-08-06;2026-08-13;2026-08-14;2026-08-21;2026-08-22;2026-08-29;2026-08-30;2026-09-06;2026-09-15,no satellite data in 100 m buffer,,,1.25,0.7472232024740616,,
294,Tools for Schools,29.645728,-82.310869,14,3,unknown,12001000700,12.61942675159236,21.483491632745363,,,0,2026-06-02;2026-06-03;2026-06-10;2026-06-11;2026-06-18;2026-06-19;2026-06-26;2026-06-27;2026-07-05;2026-07-12;2026-07-13;2026-07-20;2026-07-21;2026-07-28;2026-07-29;2026-08-05;2026-08-06;2026-08-13;2026-08-14;2026-08-21;2026-08-22;2026-08-29;2026-08-30;2026-09-06;2026-09-15,no satellite data in 100 m buffer,,,1.25,0.7472232024740616,,
303,Alachua County School Board Administration Annex,29.651786,-82.301129,14,7,none,12001000600,20.242214532871973,17.217034843999087,,,0,2026-06-02;2026-06-03;2026-06-10;2026-06-11;2026-06-18;2026-06-19;2026-06-26;2026-06-27;2026-07-05;2026-07-12;2026-07-13;2026-07-20;2026-07-21;2026-07-28;2026-07-29;2026-08-05;2026-08-06;2026-08-13;2026-08-14;2026-08-21;2026-08-22;2026-08-29;2026-08-30;2026-09-06;2026-09-15,no satellite data in 100 m buffer,,,1.5,0.901603592480261,,
311,Southbound SE 27th Street @ SE 15th Avenue,29.637071,-82.28927,14,7,unknown,12001000700,12.61942675159236,21.483491632745363,,,0,2026-06-02;2026-06-03;2026-06-10;2026-06-11;2026-06-18;2026-06-19;2026-06-26;2026-06-27;2026-07-05;2026-07-12;2026-07-13;2026-07-20;2026-07-21;2026-07-28;2026-07-29;2026-08-05;2026-08-06;2026-08-13;2026-08-14;2026-08-21;2026-08-22;2026-08-29;2026-08-30;2026-09-06;2026-09-15,no satellite data in 100 m buffer,,,1.25,0.7472232024740616,,
339,Northbound SE 27th Street @ SE 15th Avenue,29.637057,-82.28913,14,7,unknown,12001000700,12.61942675159236,21.483491632745363,,,0,2026-06-02;2026-06-03;2026-06-10;2026-06-11;2026-06-18;2026-06-19;2026-06-26;2026-06-27;2026-07-05;2026-07-12;2026-07-13;2026-07-20;2026-07-21;2026-07-28;2026-07-29;2026-08-05;2026-08-06;2026-08-13;2026-08-14;2026-08-21;2026-08-22;2026-08-29;2026-08-30;2026-09-06;2026-09-15,no satellite data in 100 m buffer,,,1.25,0.7472232024740616,,
347,SE 18th St @ E University Avenue,29.652025,-82.301525,14,7,unknown,12001000600,20.242214532871973,17.217034843999087,,,0,2026-06-02;2026-06-03;2026-06-10;2026-06-11;2026-06-18;2026-06-19;2026-06-26;2026-06-27;2026-07-05;2026-07-12;2026-07-13;2026-07-20;2026-07-21;2026-07-28;2026-07-29;2026-08-05;2026-08-06;2026-08-13;2026-08-14;2026-08-21;2026-08-22;2026-08-29;2026-08-30;2026-09-06;2026-09-15,no satellite data in 100 m buffer,,,1.25,0.901603592480261,,
35,Silver Creek Apartments,29.629078,-82.36817,100,"1,38",sheltered,12001001515,9.41336971350614,5.387755102040816,41.6282958984375,42.08712768554688,21,2026-06-02;2026-06-03;2026-06-10;2026-06-11;2026-06-18;2026-06-19;2026-06-26;2026-06-27;2026-07-05;2026-07-12;2026-07-13;2026-07-20;2026-07-21;2026-07-28;2026-07-29;2026-08-05;2026-08-06;2026-08-13;2026-08-14;2026-08-21;2026-08-22;2026-08-29;2026-08-30;2026-09-06;2026-09-15,already sheltered (OSM),106.9309326171875,,1.0,0.6822925825849184,,
357,SE 7th Avenue @ SE 10th Terrace,29.645856,-82.312451,14,3,unknown,12001000700,12.61942675159236,21.483491632745363,,,0,2026-06-02;2026-06-03;2026-06-10;2026-06-11;2026-06-18;2026-06-19;2026-06-26;2026-06-27;2026-07-05;2026-07-12;2026-07-13;2026-07-20;2026-07-21;2026-07-28;2026-07-29;2026-08-05;2026-08-06;2026-08-13;2026-08-14;2026-08-21;2026-08-22;2026-08-29;2026-08-30;2026-09-06;2026-09-15,no satellite data in 100 m buffer,,,1.25,0.7472232024740616,,
36,Capstone Quarters Apartments,29.629747,-82.366625,100,"1,38",sheltered,12001001515,9.41336971350614,5.387755102040816,40.63763253348214,41.95040893554688,35,2026-06-02;2026-06-03;2026-06-10;2026-06-11;2026-06-18;2026-06-19;2026-06-26;2026-06-27;2026-07-05;2026-07-12;2026-07-13;2026-07-20;2026-07-21;2026-07-28;2026-07-29;2026-08-05;2026-08-06;2026-08-13;2026-08-14;2026-08-21;2026-08-22;2026-08-29;2026-08-30;2026-09-06;2026-09-15,already sheltered (OSM),105.14773856026785,,1.0,0.6822925825849184,,
362,Social 28 Apartments,29.649163,-82.339215,119,"1,8,13",sheltered,12001000201,21.14384748700173,1.9492808478425436,39.66856515066964,40.64642333984375,35,2026-06-02;2026-06-03;2026-06-10;2026-06-11;2026-06-18;2026-06-19;2026-06-26;2026-06-27;2026-07-05;2026-07-12;2026-07-13;2026-07-20;2026-07-21;2026-07-28;2026-07-29;2026-08-05;2026-08-06;2026-08-13;2026-08-14;2026-08-21;2026-08-22;2026-08-29;2026-08-30;2026-09-06;2026-09-15,already sheltered (OSM),103.40341727120536,,1.0,0.9198638997451218,,
366,University House Apartments,29.658724,-82.339069,36,"8,10",unknown,12001000201,21.14384748700173,1.9492808478425436,,,0,2026-06-02;2026-06-03;2026-06-10;2026-06-11;2026-06-18;2026-06-19;2026-06-26;2026-06-27;2026-07-05;2026-07-12;2026-07-13;2026-07-20;2026-07-21;2026-07-28;2026-07-29;2026-08-05;2026-08-06;2026-08-13;2026-08-14;2026-08-21;2026-08-22;2026-08-29;2026-08-30;2026-09-06;2026-09-15,no satellite data in 100 m buffer,,,1.25,0.9198638997451218,,
37,Brandywine Apartments,29.630368,-82.365366,100,"1,38",sheltered,12001001515,9.41336971350614,5.387755102040816,39.59084123883929,41.99655151367188,35,2026-06-02;2026-06-03;2026-06-10;2026-06-11;2026-06-18;2026-06-19;2026-06-26;2026-06-27;2026-07-05;2026-07-12;2026-07-13;2026-07-20;2026-07-21;2026-07-28;2026-07-29;2026-08-05;2026-08-06;2026-08-13;2026-08-14;2026-08-21;2026-08-22;2026-08-29;2026-08-30;2026-09-06;2026-09-15,already sheltered (OSM),103.26351422991073,,1.0,0.6822925825849184,,
374,UF Health Homecare,29.674074,-82.342774,16,8,sheltered,12001001203,5.620753551575047,12.678288431061809,36.96516707136824,41.97430419921875,37,2026-06-02;2026-06-03;2026-06-10;2026-06-11;2026-06-18;2026-06-19;2026-06-26;2026-06-27;2026-07-05;2026-07-12;2026-07-13;2026-07-20;2026-07-21;2026-07-28;2026-07-29;2026-08-05;2026-08-06;2026-08-13;2026-08-14;2026-08-21;2026-08-22;2026-08-29;2026-08-30;2026-09-06;2026-09-15,already sheltered (OSM),98.53730072846284,,1.0,0.6054826832380354,,
38,University Commons,29.63196,-82.361997,100,"1,38",sheltered,12001001515,9.41336971350614,5.387755102040816,38.90098353794643,40.243072509765625,35,2026-06-02;2026-06-03;2026-06-10;2026-06-11;2026-06-18;2026-06-19;2026-06-26;2026-06-27;2026-07-05;2026-07-12;2026-07-13;2026-07-20;2026-07-21;2026-07-28;2026-07-29;2026-08-05;2026-08-06;2026-08-13;2026-08-14;2026-08-21;2026-08-22;2026-08-29;2026-08-30;2026-09-06;2026-09-15,already sheltered (OSM),102.02177036830358,,1.0,0.6822925825849184,,
388,Springtree Subdivision,29.688724,-82.36651,25,"8,55",none,12001001202,0.5906123717749456,16.054477919933966,,,0,2026-06-02;2026-06-03;2026-06-10;2026-06-11;2026-06-18;2026-06-19;2026-06-26;2026-06-27;2026-07-05;2026-07-12;2026-07-13;2026-07-20;2026-07-21;2026-07-28;2026-07-29;2026-08-05;2026-08-06;2026-08-13;2026-08-14;2026-08-21;2026-08-22;2026-08-29;2026-08-30;2026-09-06;2026-09-15,no satellite data in 100 m buffer,,,1.5,0.5036098278725899,,
39,The Bartram Apartments,29.633696,-82.358195,154,"1,37,38",sheltered,12001001514,8.333333333333332,2.7532467532467533,40.49089813232422,45.12060546875,32,2026-06-02;2026-06-03;2026-06-10;2026-06-11;2026-06-18;2026-06-19;2026-06-26;2026-06-27;2026-07-05;2026-07-12;2026-07-13;2026-07-20;2026-07-21;2026-07-28;2026-07-29;2026-08-05;2026-08-06;2026-08-13;2026-08-14;2026-08-21;2026-08-22;2026-08-29;2026-08-30;2026-09-06;2026-09-15,already sheltered (OSM),104.8836166381836,,1.0,0.6604191627316935,,
402,ABC Liquor Store @ NW 34th Street,29.709592,-82.354348,14,6,none,12001001803,5.032119914346895,22.788033099936342,,,0,2026-06-02;2026-06-03;2026-06-10;2026-06-11;2026-06-18;2026-06-19;2026-06-26;2026-06-27;2026-07-05;2026-07-12;2026-07-13;2026-07-20;2026-07-21;2026-07-28;2026-07-29;2026-08-05;2026-08-06;2026-08-13;2026-08-14;2026-08-21;2026-08-22;2026-08-29;2026-08-30;2026-09-06;2026-09-15,no satellite data in 100 m buffer,,,1.5,0.5935613897305314,,
408,Northbound NW 23rd Terrace @ US Hwy 441,29.715036,-82.358708,16,8,sheltered,12001001803,5.032119914346895,22.788033099936342,38.054007393973215,39.409088134765625,35,2026-06-02;2026-06-03;2026-06-10;2026-06-11;2026-06-18;2026-06-19;2026-06-26;2026-06-27;2026-07-05;2026-07-12;2026-07-13;2026-07-20;2026-07-21;2026-07-28;2026-07-29;2026-08-05;2026-08-06;2026-08-13;2026-08-14;2026-08-21;2026-08-22;2026-08-29;2026-08-30;2026-09-06;2026-09-15,already sheltered (OSM),100.49721330915179,,1.0,0.5935613897305314,,
409,North Walmart Supercenter,29.709163,-82.355985,33,8,sheltered,12001001803,5.032119914346895,22.788033099936342,38.365760803222656,39.03141784667969,2,2026-06-02;2026-06-03;2026-06-10;2026-06-11;2026-06-18;2026-06-19;2026-06-26;2026-06-27;2026-07-05;2026-07-12;2026-07-13;2026-07-20;2026-07-21;2026-07-28;2026-07-29;2026-08-05;2026-08-06;2026-08-13;2026-08-14;2026-08-21;2026-08-22;2026-08-29;2026-08-30;2026-09-06;2026-09-15,already sheltered (OSM),101.05836944580078,,1.0,0.5935613897305314,,
42,Shands Hospital @ Center Drive,29.640844,-82.346065,225,"1,8,21,37,38,43,52",sheltered,12001000902,30.48780487804878,0.0114639458901753,37.13948906792535,38.270904541015625,36,2026-06-02;2026-06-03;2026-06-10;2026-06-11;2026-06-18;2026-06-19;2026-06-26;2026-06-27;2026-07-05;2026-07-12;2026-07-13;2026-07-20;2026-07-21;2026-07-28;2026-07-29;2026-08-05;2026-08-06;2026-08-13;2026-08-14;2026-08-21;2026-08-22;2026-08-29;2026-08-30;2026-09-06;2026-09-15,already sheltered (OSM),98.85108032226563,,1.0,1.1091022502831978,,
421,Walnut Creek Neighborhood,29.688441,-82.360217,26,"8,55",sheltered,12001001202,0.5906123717749456,16.054477919933966,42.36312327665441,45.899932861328125,34,2026-06-02;2026-06-03;2026-06-10;2026-06-11;2026-06-18;2026-06-19;2026-06-26;2026-06-27;2026-07-05;2026-07-12;2026-07-13;2026-07-20;2026-07-21;2026-07-28;2026-07-29;2026-08-05;2026-08-06;2026-08-13;2026-08-14;2026-08-21;2026-08-22;2026-08-29;2026-08-30;2026-09-06;2026-09-15,already sheltered (OSM),108.25362189797794,,1.0,0.5036098278725899,,
422,Uptown Village Apartments,29.688411,-82.35714,26,"8,55",sheltered,12001001202,0.5906123717749456,16.054477919933966,41.02577478745405,41.84445190429688,34,2026-06-02;2026-06-03;2026-06-10;2026-06-11;2026-06-18;2026-06-19;2026-06-26;2026-06-27;2026-07-05;2026-07-12;2026-07-13;2026-07-20;2026-07-21;2026-07-28;2026-07-29;2026-08-05;2026-08-06;2026-08-13;2026-08-14;2026-08-21;2026-08-22;2026-08-29;2026-08-30;2026-09-06;2026-09-15,already sheltered (OSM),105.84639461741729,,1.0,0.5036098278725899,,
43,Center Dr @ Museum Rd,29.644403,-82.346846,225,"1,8,21,37,38,43,52",sheltered,12001000902,30.48780487804878,0.0114639458901753,40.52336120605469,42.12983703613281,32,2026-06-02;2026-06-03;2026-06-10;2026-06-11;2026-06-18;2026-06-19;2026-06-26;2026-06-27;2026-07-05;2026-07-12;2026-07-13;2026-07-20;2026-07-21;2026-07-28;2026-07-29;2026-08-05;2026-08-06;2026-08-13;2026-08-14;2026-08-21;2026-08-22;2026-08-29;2026-08-30;2026-09-06;2026-09-15,already sheltered (OSM),104.94205017089844,,1.0,1.1091022502831978,,
432,Cobblestone Apartments,29.678118,-82.349246,17,8,sheltered,12001001100,7.312925170068027,27.624720774385704,35.488867865668404,38.575103759765625,36,2026-06-02;2026-06-03;2026-06-10;2026-06-11;2026-06-18;2026-06-19;2026-06-26;2026-06-27;2026-07-05;2026-07-12;2026-07-13;2026-07-20;2026-07-21;2026-07-28;2026-07-29;2026-08-05;2026-08-06;2026-08-13;2026-08-14;2026-08-21;2026-08-22;2026-08-29;2026-08-30;2026-09-06;2026-09-15,already sheltered (OSM),95.87996215820313,,1.0,0.6397533624063481,,
437,All Star Automotive,29.657774,-82.33929,37,"8,10",unknown,12001001000,6.52607580507267,9.155578975102095,,,0,2026-06-02;2026-06-03;2026-06-10;2026-06-11;2026-06-18;2026-06-19;2026-06-26;2026-06-27;2026-07-05;2026-07-12;2026-07-13;2026-07-20;2026-07-21;2026-07-28;2026-07-29;2026-08-05;2026-08-06;2026-08-13;2026-08-14;2026-08-21;2026-08-22;2026-08-29;2026-08-30;2026-09-06;2026-09-15,no satellite data in 100 m buffer,,,1.25,0.6238177079804916,,
441,Tigert Hall,29.64963,-82.339521,73,"1,8,43",sheltered,12001000902,30.48780487804878,0.0114639458901753,40.16687774658203,41.55903625488281,32,2026-06-02;2026-06-03;2026-06-10;2026-06-11;2026-06-18;2026-06-19;2026-06-26;2026-06-27;2026-07-05;2026-07-12;2026-07-13;2026-07-20;2026-07-21;2026-07-28;2026-07-29;2026-08-05;2026-08-06;2026-08-13;2026-08-14;2026-08-21;2026-08-22;2026-08-29;2026-08-30;2026-09-06;2026-09-15,already sheltered (OSM),104.30037994384766,,1.0,1.1091022502831978,,
45,University Police Department,29.644758,-82.343068,90,"8,13,43",sheltered,12001000902,30.48780487804878,0.0114639458901753,39.88068644205729,42.41181945800781,36,2026-06-02;2026-06-03;2026-06-10;2026-06-11;2026-06-18;2026-06-19;2026-06-26;2026-06-27;2026-07-05;2026-07-12;2026-07-13;2026-07-20;2026-07-21;2026-07-28;2026-07-29;2026-08-05;2026-08-06;2026-08-13;2026-08-14;2026-08-21;2026-08-22;2026-08-29;2026-08-30;2026-09-06;2026-09-15,already sheltered (OSM),103.78523559570313,,1.0,1.1091022502831978,,
452,Gainesville Place Apartments @ SW 35th Place,29.619799,-82.364741,52,37,sheltered,12001001515,9.41336971350614,5.387755102040816,36.462130301339286,38.253814697265625,35,2026-06-02;2026-06-03;2026-06-10;2026-06-11;2026-06-18;2026-06-19;2026-06-26;2026-06-27;2026-07-05;2026-07-12;2026-07-13;2026-07-20;2026-07-21;2026-07-28;2026-07-29;2026-08-05;2026-08-06;2026-08-13;2026-08-14;2026-08-21;2026-08-22;2026-08-29;2026-08-30;2026-09-06;2026-09-15,already sheltered (OSM),97.63183454241072,,1.0,0.6822925825849184,,
456,Arbor Park Apartments,29.619966,-82.358818,146,"9,12,37",unknown,12001001516,8.51472471190781,5.001866368047779,,,0,2026-06-02;2026-06-03;2026-06-10;2026-06-11;2026-06-18;2026-06-19;2026-06-26;2026-06-27;2026-07-05;2026-07-12;2026-07-13;2026-07-20;2026-07-21;2026-07-28;2026-07-29;2026-08-05;2026-08-06;2026-08-13;2026-08-14;2026-08-21;2026-08-22;2026-08-29;2026-08-30;2026-09-06;2026-09-15,no satellite data in 100 m buffer,,,1.25,0.6640927887818456,,
457,Hickory Place Apartments,29.620128,-82.356812,146,"9,12,37",sheltered,12001001516,8.51472471190781,5.001866368047779,,,0,2026-06-02;2026-06-03;2026-06-10;2026-06-11;2026-06-18;2026-06-19;2026-06-26;2026-06-27;2026-07-05;2026-07-12;2026-07-13;2026-07-20;2026-07-21;2026-07-28;2026-07-29;2026-08-05;2026-08-06;2026-08-13;2026-08-14;2026-08-21;2026-08-22;2026-08-29;2026-08-30;2026-09-06;2026-09-15,already sheltered (OSM),,,1.0,0.6640927887818456,,
459,SW 23rd Terrace @ SW 35th Place,29.621813,-82.355831,146,"9,12,37",none,12001110800,12.026726057906458,40.537989617744216,,,0,2026-06-02;2026-06-03;2026-06-10;2026-06-11;2026-06-18;2026-06-19;2026-06-26;2026-06-27;2026-07-05;2026-07-12;2026-07-13;2026-07-20;2026-07-21;2026-07-28;2026-07-29;2026-08-05;2026-08-06;2026-08-13;2026-08-14;2026-08-21;2026-08-22;2026-08-29;2026-08-30;2026-09-06;2026-09-15,no satellite data in 100 m buffer,,,1.5,0.7352195409694231,,
460,Towne Parc Apartments,29.623937,-82.356027,146,"9,12,37",sheltered,12001110800,12.026726057906458,40.537989617744216,36.83304850260416,37.997467041015625,9,2026-06-02;2026-06-03;2026-06-10;2026-06-11;2026-06-18;2026-06-19;2026-06-26;2026-06-27;2026-07-05;2026-07-12;2026-07-13;2026-07-20;2026-07-21;2026-07-28;2026-07-29;2026-08-05;2026-08-06;2026-08-13;2026-08-14;2026-08-21;2026-08-22;2026-08-29;2026-08-30;2026-09-06;2026-09-15,already sheltered (OSM),98.29948730468747,,1.0,0.7352195409694231,,
463,University Commons,29.63073,-82.361441,146,"9,12,37",sheltered,12001001514,8.333333333333332,2.7532467532467533,38.06092664930556,40.000396728515625,36,2026-06-02;2026-06-03;2026-06-10;2026-06-11;2026-06-18;2026-06-19;2026-06-26;2026-06-27;2026-07-05;2026-07-12;2026-07-13;2026-07-20;2026-07-21;2026-07-28;2026-07-29;2026-08-05;2026-08-06;2026-08-13;2026-08-14;2026-08-21;2026-08-22;2026-08-29;2026-08-30;2026-09-06;2026-09-15,already sheltered (OSM),100.50966796875,,1.0,0.6604191627316935,,
469,Commuter Lot Parking Garage @ Gale Lemerand,29.642341,-82.350346,153,"9,12,33",sheltered,12001000902,30.48780487804878,0.0114639458901753,38.507132393973215,40.53363037109375,35,2026-06-02;2026-06-03;2026-06-10;2026-06-11;2026-06-18;2026-06-19;2026-06-26;2026-06-27;2026-07-05;2026-07-12;2026-07-13;2026-07-20;2026-07-21;2026-07-28;2026-07-29;2026-08-05;2026-08-06;2026-08-13;2026-08-14;2026-08-21;2026-08-22;2026-08-29;2026-08-30;2026-09-06;2026-09-15,already sheltered (OSM),101.31283830915179,,1.0,1.1091022502831978,,
472,Rawlings Hall,29.646296,-82.34336,199,"1,20,21,37,52",sheltered,12001000902,30.48780487804878,0.0114639458901753,41.3916015625,43.03219604492188,35,2026-06-02;2026-06-03;2026-06-10;2026-06-11;2026-06-18;2026-06-19;2026-06-26;2026-06-27;2026-07-05;2026-07-12;2026-07-13;2026-07-20;2026-07-21;2026-07-28;2026-07-29;2026-08-05;2026-08-06;2026-08-13;2026-08-14;2026-08-21;2026-08-22;2026-08-29;2026-08-30;2026-09-06;2026-09-15,already sheltered (OSM),106.5048828125,,1.0,1.1091022502831978,,
473,Reitz Union,29.64514,-82.346983,521,"9,20,21,37,38,52",sheltered,12001000902,30.48780487804878,0.0114639458901753,41.15105523003472,42.67672729492188,36,2026-06-02;2026-06-03;2026-06-10;2026-06-11;2026-06-18;2026-06-19;2026-06-26;2026-06-27;2026-07-05;2026-07-12;2026-07-13;2026-07-20;2026-07-21;2026-07-28;2026-07-29;2026-08-05;2026-08-06;2026-08-13;2026-08-14;2026-08-21;2026-08-22;2026-08-29;2026-08-30;2026-09-06;2026-09-15,already sheltered (OSM),106.0718994140625,,1.0,1.1091022502831978,,
481,University Commons,29.630268,-82.361586,145,"9,12,37",sheltered,12001001515,9.41336971350614,5.387755102040816,38.91919642857143,41.33345031738281,35,2026-06-02;2026-06-03;2026-06-10;2026-06-11;2026-06-18;2026-06-19;2026-06-26;2026-06-27;2026-07-05;2026-07-12;2026-07-13;2026-07-20;2026-07-21;2026-07-28;2026-07-29;2026-08-05;2026-08-06;2026-08-13;2026-08-14;2026-08-21;2026-08-22;2026-08-29;2026-08-30;2026-09-06;2026-09-15,already sheltered (OSM),102.05455357142857,,1.0,0.6822925825849184,,
485,Southwood Apartments,29.620786,-82.355937,145,"9,12,37",sheltered,12001001515,9.41336971350614,5.387755102040816,34.43323863636363,34.987884521484375,11,2026-06-02;2026-06-03;2026-06-10;2026-06-11;2026-06-18;2026-06-19;2026-06-26;2026-06-27;2026-07-05;2026-07-12;2026-07-13;2026-07-20;2026-07-21;2026-07-28;2026-07-29;2026-08-05;2026-08-06;2026-08-13;2026-08-14;2026-08-21;2026-08-22;2026-08-29;2026-08-30;2026-09-06;2026-09-15,already sheltered (OSM),93.97982954545454,,1.0,0.6822925825849184,,
508,NW 23rd Ave NW 43rd St,29.673621,-82.387664,20,10,sheltered,12001001100,7.312925170068027,27.624720774385704,42.45484415690104,44.12255859375,36,2026-06-02;2026-06-03;2026-06-10;2026-06-11;2026-06-18;2026-06-19;2026-06-26;2026-06-27;2026-07-05;2026-07-12;2026-07-13;2026-07-20;2026-07-21;2026-07-28;2026-07-29;2026-08-05;2026-08-06;2026-08-13;2026-08-14;2026-08-21;2026-08-22;2026-08-29;2026-08-30;2026-09-06;2026-09-15,already sheltered (OSM),108.41871948242188,,1.0,0.6397533624063481,,
520,Santa Fe,29.679628,-82.431876,154,"10,23,43,55,76",sheltered,12001001701,17.254556143445033,28.263455248290214,37.00177001953125,38.725494384765625,36,2026-06-02;2026-06-03;2026-06-10;2026-06-11;2026-06-18;2026-06-19;2026-06-26;2026-06-27;2026-07-05;2026-07-12;2026-07-13;2026-07-20;2026-07-21;2026-07-28;2026-07-29;2026-08-05;2026-08-06;2026-08-13;2026-08-14;2026-08-21;2026-08-22;2026-08-29;2026-08-30;2026-09-06;2026-09-15,already sheltered (OSM),98.60318603515626,,1.0,0.8410960877983454,,
525,Hickory Woods Neighborhood,29.674185,-82.415353,29,"10,76",unknown,12001001702,5.506141465480729,33.90179910044978,,,0,2026-06-02;2026-06-03;2026-06-10;2026-06-11;2026-06-18;2026-06-19;2026-06-26;2026-06-27;2026-07-05;2026-07-12;2026-07-13;2026-07-20;2026-07-21;2026-07-28;2026-07-29;2026-08-05;2026-08-06;2026-08-13;2026-08-14;2026-08-21;2026-08-22;2026-08-29;2026-08-30;2026-09-06;2026-09-15,no satellite data in 100 m buffer,,,1.25,0.6031615037616609,,
533,NW 23rd Ave NW 43rd St,29.672947,-82.38673,20,10,sheltered,12001001702,5.506141465480729,33.90179910044978,42.21092393663194,46.569854736328125,36,2026-06-02;2026-06-03;2026-06-10;2026-06-11;2026-06-18;2026-06-19;2026-06-26;2026-06-27;2026-07-05;2026-07-12;2026-07-13;2026-07-20;2026-07-21;2026-07-28;2026-07-29;2026-08-05;2026-08-06;2026-08-13;2026-08-14;2026-08-21;2026-08-22;2026-08-29;2026-08-30;2026-09-06;2026-09-15,already sheltered (OSM),107.9796630859375,,1.0,0.6031615037616609,,
568,Mount Zion Church of God,29.65964,-82.299921,44,"3,11,26",sheltered,12001000600,20.242214532871973,17.217034843999087,37.39076143152573,39.911529541015625,34,2026-06-02;2026-06-03;2026-06-10;2026-06-11;2026-06-18;2026-06-19;2026-06-26;2026-06-27;2026-07-05;2026-07-12;2026-07-13;2026-07-20;2026-07-21;2026-07-28;2026-07-29;2026-08-05;2026-08-06;2026-08-13;2026-08-14;2026-08-21;2026-08-22;2026-08-29;2026-08-30;2026-09-06;2026-09-15,already sheltered (OSM),99.30337057674632,,1.0,0.901603592480261,,
636,Greenwich Green Apartments,29.617569,-82.374634,54,37,sheltered,12001001519,12.811791383219957,0.7092198581560284,40.5002010569853,41.99996948242188,34,2026-06-02;2026-06-03;2026-06-10;2026-06-11;2026-06-18;2026-06-19;2026-06-26;2026-06-27;2026-07-05;2026-07-12;2026-07-13;2026-07-20;2026-07-21;2026-07-28;2026-07-29;2026-08-05;2026-08-06;2026-08-13;2026-08-14;2026-08-21;2026-08-22;2026-08-29;2026-08-30;2026-09-06;2026-09-15,already sheltered (OSM),104.90036190257354,,1.0,0.7511190641595986,,
662,McKnight Brain Institute,29.642057,-82.343813,100,"13,17,43",sheltered,12001000902,30.48780487804878,0.0114639458901753,37.42242431640625,38.89126586914063,36,2026-06-02;2026-06-03;2026-06-10;2026-06-11;2026-06-18;2026-06-19;2026-06-26;2026-06-27;2026-07-05;2026-07-12;2026-07-13;2026-07-20;2026-07-21;2026-07-28;2026-07-29;2026-08-05;2026-08-06;2026-08-13;2026-08-14;2026-08-21;2026-08-22;2026-08-29;2026-08-30;2026-09-06;2026-09-15,already sheltered (OSM),99.36036376953125,,1.0,1.1091022502831978,,
696,University Police Department,29.644323,-82.343607,100,"13,17,43",sheltered,12001000902,30.48780487804878,0.0114639458901753,40.18433936866554,43.17916870117188,37,2026-06-02;2026-06-03;2026-06-10;2026-06-11;2026-06-18;2026-06-19;2026-06-26;2026-06-27;2026-07-05;2026-07-12;2026-07-13;2026-07-20;2026-07-21;2026-07-28;2026-07-29;2026-08-05;2026-08-06;2026-08-13;2026-08-14;2026-08-21;2026-08-22;2026-08-29;2026-08-30;2026-09-06;2026-09-15,already sheltered (OSM),104.33181086359797,,1.0,1.1091022502831978,,
748,Fearnside Family Services Center,29.686575,-82.30585,36,"15,26",sheltered,12001000400,18.24006834686032,13.6077655941039,39.88922642299107,41.98287963867188,35,2026-06-02;2026-06-03;2026-06-10;2026-06-11;2026-06-18;2026-06-19;2026-06-26;2026-06-27;2026-07-05;2026-07-12;2026-07-13;2026-07-20;2026-07-21;2026-07-28;2026-07-29;2026-08-05;2026-08-06;2026-08-13;2026-08-14;2026-08-21;2026-08-22;2026-08-29;2026-08-30;2026-09-06;2026-09-15,already sheltered (OSM),103.80060756138394,,1.0,0.8610551582440376,,
773,Arbor Park Apartments,29.636143,-82.329123,24,17,unknown,12001000808,7.1806945261918775,3.871439006574142,,,0,2026-06-02;2026-06-03;2026-06-10;2026-06-11;2026-06-18;2026-06-19;2026-06-26;2026-06-27;2026-07-05;2026-07-12;2026-07-13;2026-07-20;2026-07-21;2026-07-28;2026-07-29;2026-08-05;2026-08-06;2026-08-13;2026-08-14;2026-08-21;2026-08-22;2026-08-29;2026-08-30;2026-09-06;2026-09-15,no satellite data in 100 m buffer,,,1.25,0.6370753633647764,,
775,Sweetwater on 16th Apartments,29.630299,-82.324122,24,17,sheltered,12001000808,7.1806945261918775,3.871439006574142,34.76080322265625,37.652252197265625,32,2026-06-02;2026-06-03;2026-06-10;2026-06-11;2026-06-18;2026-06-19;2026-06-26;2026-06-27;2026-07-05;2026-07-12;2026-07-13;2026-07-20;2026-07-21;2026-07-28;2026-07-29;2026-08-05;2026-08-06;2026-08-13;2026-08-14;2026-08-21;2026-08-22;2026-08-29;2026-08-30;2026-09-06;2026-09-15,already sheltered (OSM),94.56944580078125,,1.0,0.6370753633647764,,
786,Sweetwater on 16th Apartments (Northbound),29.6304711,-82.3241038,24,17,sheltered,12001000700,12.61942675159236,21.483491632745363,33.932059151785715,37.652252197265625,35,2026-06-02;2026-06-03;2026-06-10;2026-06-11;2026-06-18;2026-06-19;2026-06-26;2026-06-27;2026-07-05;2026-07-12;2026-07-13;2026-07-20;2026-07-21;2026-07-28;2026-07-29;2026-08-05;2026-08-06;2026-08-13;2026-08-14;2026-08-21;2026-08-22;2026-08-29;2026-08-30;2026-09-06;2026-09-15,already sheltered (OSM),93.07770647321429,,1.0,0.7472232024740616,,
788,Aldi @ SW 16th Avenue,29.6363278,-82.328566,24,17,sheltered,12001000806,18.91348088531187,5.931198102016608,,,0,2026-06-02;2026-06-03;2026-06-10;2026-06-11;2026-06-18;2026-06-19;2026-06-26;2026-06-27;2026-07-05;2026-07-12;2026-07-13;2026-07-20;2026-07-21;2026-07-28;2026-07-29;2026-08-05;2026-08-06;2026-08-13;2026-08-14;2026-08-21;2026-08-22;2026-08-29;2026-08-30;2026-09-06;2026-09-15,already sheltered (OSM),,,1.0,0.8746934351191369,,
789,Sun Bay Apartments,29.6366194,-82.3324711,24,17,unknown,12001000806,18.91348088531187,5.931198102016608,,,0,2026-06-02;2026-06-03;2026-06-10;2026-06-11;2026-06-18;2026-06-19;2026-06-26;2026-06-27;2026-07-05;2026-07-12;2026-07-13;2026-07-20;2026-07-21;2026-07-28;2026-07-29;2026-08-05;2026-08-06;2026-08-13;2026-08-14;2026-08-21;2026-08-22;2026-08-29;2026-08-30;2026-09-06;2026-09-15,no satellite data in 100 m buffer,,,1.25,0.8746934351191369,,
790,Parklands Care Center,29.6366883,-82.335734,24,17,sheltered,12001000806,18.91348088531187,5.931198102016608,37.87703763521635,38.493072509765625,13,2026-06-02;2026-06-03;2026-06-10;2026-06-11;2026-06-18;2026-06-19;2026-06-26;2026-06-27;2026-07-05;2026-07-12;2026-07-13;2026-07-20;2026-07-21;2026-07-28;2026-07-29;2026-08-05;2026-08-06;2026-08-13;2026-08-14;2026-08-21;2026-08-22;2026-08-29;2026-08-30;2026-09-06;2026-09-15,already sheltered (OSM),100.17866774338943,,1.0,0.8746934351191369,,
796,Sun Bay Apartments,29.636394,-82.332541,24,17,unknown,12001000808,7.1806945261918775,3.871439006574142,,,0,2026-06-02;2026-06-03;2026-06-10;2026-06-11;2026-06-18;2026-06-19;2026-06-26;2026-06-27;2026-07-05;2026-07-12;2026-07-13;2026-07-20;2026-07-21;2026-07-28;2026-07-29;2026-08-05;2026-08-06;2026-08-13;2026-08-14;2026-08-21;2026-08-22;2026-08-29;2026-08-30;2026-09-06;2026-09-15,no satellite data in 100 m buffer,,,1.25,0.6370753633647764,,
797,Hume Hall,29.644951,-82.352202,99,"20,118",sheltered,12001000902,30.48780487804878,0.0114639458901753,40.84896414620536,42.63571166992188,35,2026-06-02;2026-06-03;2026-06-10;2026-06-11;2026-06-18;2026-06-19;2026-06-26;2026-06-27;2026-07-05;2026-07-12;2026-07-13;2026-07-20;2026-07-21;2026-07-28;2026-07-29;2026-08-05;2026-08-06;2026-08-13;2026-08-14;2026-08-21;2026-08-22;2026-08-29;2026-08-30;2026-09-06;2026-09-15,already sheltered (OSM),105.52813546316966,,1.0,1.1091022502831978,,
8,Courtyard Apartments,29.6495614,-82.3371876,0,,unknown,12001000201,21.14384748700173,1.9492808478425436,39.01323939732143,40.48918151855469,35,2026-06-02;2026-06-03;2026-06-10;2026-06-11;2026-06-18;2026-06-19;2026-06-26;2026-06-27;2026-07-05;2026-07-12;2026-07-13;2026-07-20;2026-07-21;2026-07-28;2026-07-29;2026-08-05;2026-08-06;2026-08-13;2026-08-14;2026-08-21;2026-08-22;2026-08-29;2026-08-30;2026-09-06;2026-09-15,no service on representative weekday,102.22383091517857,,1.25,0.9198638997451218,,
803,UF Counseling and Wellness Center,29.642306,-82.368954,61,20,sheltered,12001000901,49.78902953586498,0.0,38.237890625,39.82095336914063,35,2026-06-02;2026-06-03;2026-06-10;2026-06-11;2026-06-18;2026-06-19;2026-06-26;2026-06-27;2026-07-05;2026-07-12;2026-07-13;2026-07-20;2026-07-21;2026-07-28;2026-07-29;2026-08-05;2026-08-06;2026-08-13;2026-08-14;2026-08-21;2026-08-22;2026-08-29;2026-08-30;2026-09-06;2026-09-15,already sheltered (OSM),100.82820312499999,,1.0,1.5,,
810,Campus USA,29.634223,-82.374907,90,"20,21",sheltered,12001001522,15.617875056999544,3.28125,44.093543158637154,47.383331298828125,36,2026-06-02;2026-06-03;2026-06-10;2026-06-11;2026-06-18;2026-06-19;2026-06-26;2026-06-27;2026-07-05;2026-07-12;2026-07-13;2026-07-20;2026-07-21;2026-07-28;2026-07-29;2026-08-05;2026-08-06;2026-08-13;2026-08-14;2026-08-21;2026-08-22;2026-08-29;2026-08-30;2026-09-06;2026-09-15,already sheltered (OSM),111.36837768554688,,1.0,0.8079492297601685,,
811,Pinnacle Point Apartments,29.634114,-82.377685,90,"20,21",sheltered,12001001522,15.617875056999544,3.28125,41.04537425321691,45.207763671875,34,2026-06-02;2026-06-03;2026-06-10;2026-06-11;2026-06-18;2026-06-19;2026-06-26;2026-06-27;2026-07-05;2026-07-12;2026-07-13;2026-07-20;2026-07-21;2026-07-28;2026-07-29;2026-08-05;2026-08-06;2026-08-13;2026-08-14;2026-08-21;2026-08-22;2026-08-29;2026-08-30;2026-09-06;2026-09-15,already sheltered (OSM),105.88167365579044,,1.0,0.8079492297601685,,
816,Canopy Apartments,29.636959,-82.390186,73,"20,52",sheltered,12001001522,15.617875056999544,3.28125,45.61690673828125,46.730499267578125,10,2026-06-02;2026-06-03;2026-06-10;2026-06-11;2026-06-18;2026-06-19;2026-06-26;2026-06-27;2026-07-05;2026-07-12;2026-07-13;2026-07-20;2026-07-21;2026-07-28;2026-07-29;2026-08-05;2026-08-06;2026-08-13;2026-08-14;2026-08-21;2026-08-22;2026-08-29;2026-08-30;2026-09-06;2026-09-15,already sheltered (OSM),114.11043212890625,,1.0,0.8079492297601685,,
830,Cabana Beach Apartments (SW 20th Ave),29.639517,-82.39527,73,"20,52",sheltered,12001001605,5.992043759323719,8.548422678138099,,,0,2026-06-02;2026-06-03;2026-06-10;2026-06-11;2026-06-18;2026-06-19;2026-06-26;2026-06-27;2026-07-05;2026-07-12;2026-07-13;2026-07-20;2026-07-21;2026-07-28;2026-07-29;2026-08-05;2026-08-06;2026-08-13;2026-08-14;2026-08-21;2026-08-22;2026-08-29;2026-08-30;2026-09-06;2026-09-15,already sheltered (OSM),,,1.0,0.6130022323482037,,
832,Liv Apartments,29.635439,-82.388088,131,"20,21,52",sheltered,12001001522,15.617875056999544,3.28125,42.104944177576016,48.135284423828125,37,2026-06-02;2026-06-03;2026-06-10;2026-06-11;2026-06-18;2026-06-19;2026-06-26;2026-06-27;2026-07-05;2026-07-12;2026-07-13;2026-07-20;2026-07-21;2026-07-28;2026-07-29;2026-08-05;2026-08-06;2026-08-13;2026-08-14;2026-08-21;2026-08-22;2026-08-29;2026-08-30;2026-09-06;2026-09-15,already sheltered (OSM),107.78889951963683,,1.0,0.8079492297601685,,
837,The Park Apartments,29.633951,-82.377716,90,"20,21",sheltered,12001001522,15.617875056999544,3.28125,41.707858615451386,45.747833251953125,36,2026-06-02;2026-06-03;2026-06-10;2026-06-11;2026-06-18;2026-06-19;2026-06-26;2026-06-27;2026-07-05;2026-07-12;2026-07-13;2026-07-20;2026-07-21;2026-07-28;2026-07-29;2026-08-05;2026-08-06;2026-08-13;2026-08-14;2026-08-21;2026-08-22;2026-08-29;2026-08-30;2026-09-06;2026-09-15,already sheltered (OSM),107.0741455078125,,1.0,0.8079492297601685,,
844,Maguire Field,29.640968,-82.369248,61,20,sheltered,12001000901,49.78902953586498,0.0,36.387715657552086,38.88442993164063,36,2026-06-02;2026-06-03;2026-06-10;2026-06-11;2026-06-18;2026-06-19;2026-06-26;2026-06-27;2026-07-05;2026-07-12;2026-07-13;2026-07-20;2026-07-21;2026-07-28;2026-07-29;2026-08-05;2026-08-06;2026-08-13;2026-08-14;2026-08-21;2026-08-22;2026-08-29;2026-08-30;2026-09-06;2026-09-15,already sheltered (OSM),97.49788818359374,,1.0,1.5,,
845,Lakeside,29.642199,-82.366099,61,20,sheltered,12001000901,49.78902953586498,0.0,37.61600864955357,38.776763916015625,35,2026-06-02;2026-06-03;2026-06-10;2026-06-11;2026-06-18;2026-06-19;2026-06-26;2026-06-27;2026-07-05;2026-07-12;2026-07-13;2026-07-20;2026-07-21;2026-07-28;2026-07-29;2026-08-05;2026-08-06;2026-08-13;2026-08-14;2026-08-21;2026-08-22;2026-08-29;2026-08-30;2026-09-06;2026-09-15,already sheltered (OSM),99.70881556919643,,1.0,1.5,,
846,Lakeside Residential Complex,29.642181,-82.364643,61,20,sheltered,12001000901,49.78902953586498,0.0,35.843961148648646,38.38198852539063,37,2026-06-02;2026-06-03;2026-06-10;2026-06-11;2026-06-18;2026-06-19;2026-06-26;2026-06-27;2026-07-05;2026-07-12;2026-07-13;2026-07-20;2026-07-21;2026-07-28;2026-07-29;2026-08-05;2026-08-06;2026-08-13;2026-08-14;2026-08-21;2026-08-22;2026-08-29;2026-08-30;2026-09-06;2026-09-15,already sheltered (OSM),96.51913006756756,,1.0,1.5,,
865,Department of Children and Families,29.666487,-82.313521,14,3,none,12001000500,10.72961373390558,13.34805299076676,,,0,2026-06-02;2026-06-03;2026-06-10;2026-06-11;2026-06-18;2026-06-19;2026-06-26;2026-06-27;2026-07-05;2026-07-12;2026-07-13;2026-07-20;2026-07-21;2026-07-28;2026-07-29;2026-08-05;2026-08-06;2026-08-13;2026-08-14;2026-08-21;2026-08-22;2026-08-29;2026-08-30;2026-09-06;2026-09-15,no satellite data in 100 m buffer,,,1.5,0.7089497939678231,,
867,16th Avenue Detailing & Window Tinting (Eastbound),29.666458,-82.310607,14,3,unknown,12001000500,10.72961373390558,13.34805299076676,,,0,2026-06-02;2026-06-03;2026-06-10;2026-06-11;2026-06-18;2026-06-19;2026-06-26;2026-06-27;2026-07-05;2026-07-12;2026-07-13;2026-07-20;2026-07-21;2026-07-28;2026-07-29;2026-08-05;2026-08-06;2026-08-13;2026-08-14;2026-08-21;2026-08-22;2026-08-29;2026-08-30;2026-09-06;2026-09-15,no satellite data in 100 m buffer,,,1.25,0.7089497939678231,,
9,Campus USA Credit Union,29.648011,-82.3371672,0,,unknown,12001000202,25.107526881720432,1.4258389845244306,39.71732105928309,42.92282104492188,34,2026-06-02;2026-06-03;2026-06-10;2026-06-11;2026-06-18;2026-06-19;2026-06-26;2026-06-27;2026-07-05;2026-07-12;2026-07-13;2026-07-20;2026-07-21;2026-07-28;2026-07-29;2026-08-05;2026-08-06;2026-08-13;2026-08-14;2026-08-21;2026-08-22;2026-08-29;2026-08-30;2026-09-06;2026-09-15,no service on representative weekday,103.49117790670957,,1.25,1.0001382545315658,,
900,16th Avenue Detailing & Window Tinting,29.66662,-82.310122,14,3,none,12001000400,18.24006834686032,13.6077655941039,,,0,2026-06-02;2026-06-03;2026-06-10;2026-06-11;2026-06-18;2026-06-19;2026-06-26;2026-06-27;2026-07-05;2026-07-12;2026-07-13;2026-07-20;2026-07-21;2026-07-28;2026-07-29;2026-08-05;2026-08-06;2026-08-13;2026-08-14;2026-08-21;2026-08-22;2026-08-29;2026-08-30;2026-09-06;2026-09-15,no satellite data in 100 m buffer,,,1.5,0.8610551582440376,,
902,Department of Children and Families,29.666603,-82.313759,14,3,unknown,12001000400,18.24006834686032,13.6077655941039,,,0,2026-06-02;2026-06-03;2026-06-10;2026-06-11;2026-06-18;2026-06-19;2026-06-26;2026-06-27;2026-07-05;2026-07-12;2026-07-13;2026-07-20;2026-07-21;2026-07-28;2026-07-29;2026-08-05;2026-08-06;2026-08-13;2026-08-14;2026-08-21;2026-08-22;2026-08-29;2026-08-30;2026-09-06;2026-09-15,no satellite data in 100 m buffer,,,1.25,0.8610551582440376,,
925,The HUB,29.64853,-82.34496,389,"9,12,33,38,118",sheltered,12001000902,30.48780487804878,0.0114639458901753,43.481661551339286,44.7412109375,35,2026-06-02;2026-06-03;2026-06-10;2026-06-11;2026-06-18;2026-06-19;2026-06-26;2026-06-27;2026-07-05;2026-07-12;2026-07-13;2026-07-20;2026-07-21;2026-07-28;2026-07-29;2026-08-05;2026-08-06;2026-08-13;2026-08-14;2026-08-21;2026-08-22;2026-08-29;2026-08-30;2026-09-06;2026-09-15,already sheltered (OSM),110.26699079241072,,1.0,1.1091022502831978,,
935,Westbound SW 2nd Avenue @ SW 30th Street,29.650481,-82.367269,20,5,none,12001001000,6.52607580507267,9.155578975102095,,,0,2026-06-02;2026-06-03;2026-06-10;2026-06-11;2026-06-18;2026-06-19;2026-06-26;2026-06-27;2026-07-05;2026-07-12;2026-07-13;2026-07-20;2026-07-21;2026-07-28;2026-07-29;2026-08-05;2026-08-06;2026-08-13;2026-08-14;2026-08-21;2026-08-22;2026-08-29;2026-08-30;2026-09-06;2026-09-15,no satellite data in 100 m buffer,,,1.5,0.6238177079804916,,
947,Gainesville Place Apartments @ SW 35th Place,29.619683,-82.365079,96,"12,37",sheltered,12001001517,11.43627262225645,5.445716267776621,36.554659598214286,39.952545166015625,35,2026-06-02;2026-06-03;2026-06-10;2026-06-11;2026-06-18;2026-06-19;2026-06-26;2026-06-27;2026-07-05;2026-07-12;2026-07-13;2026-07-20;2026-07-21;2026-07-28;2026-07-29;2026-08-05;2026-08-06;2026-08-13;2026-08-14;2026-08-21;2026-08-22;2026-08-29;2026-08-30;2026-09-06;2026-09-15,already sheltered (OSM),97.79838727678572,,1.0,0.723261392022917,,
953,Gainesville Place Apartments,29.623475,-82.365501,57,38,sheltered,12001001515,9.41336971350614,5.387755102040816,39.48063829210069,43.27145385742188,36,2026-06-02;2026-06-03;2026-06-10;2026-06-11;2026-06-18;2026-06-19;2026-06-26;2026-06-27;2026-07-05;2026-07-12;2026-07-13;2026-07-20;2026-07-21;2026-07-28;2026-07-29;2026-08-05;2026-08-06;2026-08-13;2026-08-14;2026-08-21;2026-08-22;2026-08-29;2026-08-30;2026-09-06;2026-09-15,already sheltered (OSM),103.06514892578124,,1.0,0.6822925825849184,,
954,Enclave Apartments,29.625581,-82.366357,57,38,sheltered,12001001515,9.41336971350614,5.387755102040816,39.50518120659722,42.68185424804688,36,2026-06-02;2026-06-03;2026-06-10;2026-06-11;2026-06-18;2026-06-19;2026-06-26;2026-06-27;2026-07-05;2026-07-12;2026-07-13;2026-07-20;2026-07-21;2026-07-28;2026-07-29;2026-08-05;2026-08-06;2026-08-13;2026-08-14;2026-08-21;2026-08-22;2026-08-29;2026-08-30;2026-09-06;2026-09-15,already sheltered (OSM),103.109326171875,,1.0,0.6822925825849184,,
962,Keys Residential Complex,29.6482508,-82.3547462,0,,none,12001000902,30.48780487804878,0.0114639458901753,42.92423967633928,46.292999267578125,35,2026-06-02;2026-06-03;2026-06-10;2026-06-11;2026-06-18;2026-06-19;2026-06-26;2026-06-27;2026-07-05;2026-07-12;2026-07-13;2026-07-20;2026-07-21;2026-07-28;2026-07-29;2026-08-05;2026-08-06;2026-08-13;2026-08-14;2026-08-21;2026-08-22;2026-08-29;2026-08-30;2026-09-06;2026-09-15,no service on representative weekday,109.26363141741072,,1.5,1.1091022502831978,,
963,Keys Residential Complex Midblock,29.6482094,-82.3530097,0,,none,12001000902,30.48780487804878,0.0114639458901753,42.14185267857143,46.269073486328125,35,2026-06-02;2026-06-03;2026-06-10;2026-06-11;2026-06-18;2026-06-19;2026-06-26;2026-06-27;2026-07-05;2026-07-12;2026-07-13;2026-07-20;2026-07-21;2026-07-28;2026-07-29;2026-08-05;2026-08-06;2026-08-13;2026-08-14;2026-08-21;2026-08-22;2026-08-29;2026-08-30;2026-09-06;2026-09-15,no service on representative weekday,107.85533482142857,,1.5,1.1091022502831978,,
965,Gator Corner Dining,29.6485314,-82.3501142,0,,none,12001000902,30.48780487804878,0.0114639458901753,42.21148507254464,43.70895385742188,35,2026-06-02;2026-06-03;2026-06-10;2026-06-11;2026-06-18;2026-06-19;2026-06-26;2026-06-27;2026-07-05;2026-07-12;2026-07-13;2026-07-20;2026-07-21;2026-07-28;2026-07-29;2026-08-05;2026-08-06;2026-08-13;2026-08-14;2026-08-21;2026-08-22;2026-08-29;2026-08-30;2026-09-06;2026-09-15,no service on representative weekday,107.98067313058036,,1.5,1.1091022502831978,,
974,Dollar General,29.614818,-82.371923,85,12,sheltered,12001001517,11.43627262225645,5.445716267776621,39.26196986607143,40.73014831542969,35,2026-06-02;2026-06-03;2026-06-10;2026-06-11;2026-06-18;2026-06-19;2026-06-26;2026-06-27;2026-07-05;2026-07-12;2026-07-13;2026-07-20;2026-07-21;2026-07-28;2026-07-29;2026-08-05;2026-08-06;2026-08-13;2026-08-14;2026-08-21;2026-08-22;2026-08-29;2026-08-30;2026-09-06;2026-09-15,already sheltered (OSM),102.67154575892857,,1.0,0.723261392022917,,
996,Emerald Woods Neighborhood,29.6889093,-82.4159358,23,"43,55",unknown,12001001811,12.61518906895456,20.87149187592319,,,0,2026-06-02;2026-06-03;2026-06-10;2026-06-11;2026-06-18;2026-06-19;2026-06-26;2026-06-27;2026-07-05;2026-07-12;2026-07-13;2026-07-20;2026-07-21;2026-07-28;2026-07-29;2026-08-05;2026-08-06;2026-08-13;2026-08-14;2026-08-21;2026-08-22;2026-08-29;2026-08-30;2026-09-06;2026-09-15,no satellite data in 100 m buffer,,,1.25,0.7471373788728913,,
