stop_id,mean_lst_c,max_lst_c,pixel_count,scene_dates
346,36.60966159986413,37.74964904785156,23,2026-06-02;2026-06-03;2026-06-10;2026-06-11;2026-06-18;2026-06-19;2026-06-26;2026-06-27;2026-07-05;2026-07-12;2026-07-13;2026-07-20;2026-07-21;2026-07-28;2026-07-29;2026-08-05;2026-08-06;2026-08-13;2026-08-14;2026-08-21;2026-08-22;2026-08-29;2026-08-30;2026-09-06;2026-09-15
1116,35.93839285714286,39.515045166015625,35,2026-06-02;2026-06-03;2026-06-10;2026-06-11;2026-06-18;2026-06-19;2026-06-26;2026-06-27;2026-07-05;2026-07-12;2026-07-13;2026-07-20;2026-07-21;2026-07-28;2026-07-29;2026-08-05;2026-08-06;2026-08-13;2026-08-14;2026-08-21;2026-08-22;2026-08-29;2026-08-30;2026-09-06;2026-09-15
1543,38.18288646024816,40.69769287109375,34,2026-06-02;2026-06-03;2026-06-10;2026-06-11;2026-06-18;2026-06-19;2026-06-26;2026-06-27;2026-07-05;2026-07-12;2026-07-13;2026-07-20;2026-07-21;2026-07-28;2026-07-29;2026-08-05;2026-08-06;2026-08-13;2026-08-14;2026-08-21;2026-08-22;2026-08-29;2026-08-30;2026-09-06;2026-09-15
194,36.05821010044643,37.27455139160156,35,2026-06-02;2026-06-03;2026-06-10;2026-06-11;2026-06-18;2026-06-19;2026-06-26;2026-06-27;2026-07-05;2026-07-12;2026-07-13;2026-07-20;2026-07-21;2026-07-28;2026-07-29;2026-08-05;2026-08-06;2026-08-13;2026-08-14;2026-08-21;2026-08-22;2026-08-29;2026-08-30;2026-09-06;2026-09-15
1608,41.92556583180147,44.088348388671875,34,2026-06-02;2026-06-03;2026-06-10;2026-06-11;2026-06-18;2026-06-19;2026-06-26;2026-06-27;2026-07-05;2026-07-12;2026-07-13;2026-07-20;2026-07-21;2026-07-28;2026-07-29;2026-08-05;2026-08-06;2026-08-13;2026-08-14;2026-08-21;2026-08-22;2026-08-29;2026-08-30;2026-09-06;2026-09-15
1290,39.31123744419643,40.43792724609375,35,2026-06-02;2026-06-03;2026-06-10;2026-06-11;2026-06-18;2026-06-19;2026-06-26;2026-06-27;2026-07-05;2026-07-12;2026-07-13;2026-07-20;2026-07-21;2026-07-28;2026-07-29;2026-08-05;2026-08-06;2026-08-13;2026-08-14;2026-08-21;2026-08-22;2026-08-29;2026-08-30;2026-09-06;2026-09-15
300,39.42319869995117,42.637420654296875,32,2026-06-02;2026-06-03;2026-06-10;2026-06-11;2026-06-18;2026-06-19;2026-06-26;2026-06-27;2026-07-05;2026-07-12;2026-07-13;2026-07-20;2026-07-21;2026-07-28;2026-07-29;2026-08-05;2026-08-06;2026-08-13;2026-08-14;2026-08-21;2026-08-22;2026-08-29;2026-08-30;2026-09-06;2026-09-15
381,37.64804159628378,38.489654541015625,37,2026-06-02;2026-06-03;2026-06-10;2026-06-11;2026-06-18;2026-06-19;2026-06-26;2026-06-27;2026-07-05;2026-07-12;2026-07-13;2026-07-20;2026-07-21;2026-07-28;2026-07-29;2026-08-05;2026-08-06;2026-08-13;2026-08-14;2026-08-21;2026-08-22;2026-08-29;2026-08-30;2026-09-06;2026-09-15
187,39.87782639723558,43.917449951171875,26,2026-06-02;2026-06-03;2026-06-10;2026-06-11;2026-06-18;2026-06-19;2026-06-26;2026-06-27;2026-07-05;2026-07-12;2026-07-13;2026-07-20;2026-07-21;2026-07-28;2026-07-29;2026-08-05;2026-08-06;2026-08-13;2026-08-14;2026-08-21;2026-08-22;2026-08-29;2026-08-30;2026-09-06;2026-09-15
1557,36.75133928571429,41.545379638671875,35,2026-06-02;2026-06-03;2026-06-10;2026-06-11;2026-06-18;2026-06-19;2026-06-26;2026-06-27;2026-07-05;2026-07-12;2026-07-13;2026-07-20;2026-07-21;2026-07-28;2026-07-29;2026-08-05;2026-08-06;2026-08-13;2026-08-14;2026-08-21;2026-08-22;2026-08-29;2026-08-30;2026-09-06;2026-09-15
1506,,,0,2026-06-02;2026-06-03;2026-06-10;2026-06-11;2026-06-18;2026-06-19;2026-06-26;2026-06-27;2026-07-05;2026-07-12;2026-07-13;2026-07-20;2026-07-21;2026-07-28;2026-07-29;2026-08-05;2026-08-06;2026-08-13;2026-08-14;2026-08-21;2026-08-22;2026-08-29;2026-08-30;2026-09-06;2026-09-15
157,,,0,2026-06-02;2026-06-03;2026-06-10;2026-06-11;2026-06-18;2026-06-19;2026-06-26;2026-06-27;2026-07-05;2026-07-12;2026-07-13;2026-07-20;2026-07-21;2026-07-28;2026-07-29;2026-08-05;2026-08-06;2026-08-13;2026-08-14;2026-08-21;2026-08-22;2026-08-29;2026-08-30;2026-09-06;2026-09-15
111,36.818813747829864,39.562896728515625,36,2026-06-02;2026-06-03;2026-06-10;2026-06-11;2026-06-18;2026-06-19;2026-06-26;2026-06-27;2026-07-05;2026-07-12;2026-07-13;2026-07-20;2026-07-21;2026-07-28;2026-07-29;2026-08-05;2026-08-06;2026-08-13;2026-08-14;2026-08-21;2026-08-22;2026-08-29;2026-08-30;2026-09-06;2026-09-15
436,39.66260104709201,46.450225830078125,36,2026-06-02;2026-06-03;2026-06-10;2026-06-11;2026-06-18;2026-06-19;2026-06-26;2026-06-27;2026-07-05;2026-07-12;2026-07-13;2026-07-20;2026-07-21;2026-07-28;2026-07-29;2026-08-05;2026-08-06;2026-08-13;2026-08-14;2026-08-21;2026-08-22;2026-08-29;2026-08-30;2026-09-06;2026-09-15
518,33.79791618795956,37.1942138671875,34,2026-06-02;2026-06-03;2026-06-10;2026-06-11;2026-06-18;2026-06-19;2026-06-26;2026-06-27;2026-07-05;2026-07-12;2026-07-13;2026-07-20;2026-07-21;2026-07-28;2026-07-29;2026-08-05;2026-08-06;2026-08-13;2026-08-14;2026-08-21;2026-08-22;2026-08-29;2026-08-30;2026-09-06;2026-09-15
1169,37.95375279017857,39.781646728515625,35,2026-06-02;2026-06-03;2026-06-10;2026-06-11;2026-06-18;2026-06-19;2026-06-26;2026-06-27;2026-07-05;2026-07-12;2026-07-13;2026-07-20;2026-07-21;2026-07-28;2026-07-29;2026-08-05;2026-08-06;2026-08-13;2026-08-14;2026-08-21;2026-08-22;2026-08-29;2026-08-30;2026-09-06;2026-09-15
1056,,,0,2026-06-02;2026-06-03;2026-06-10;2026-06-11;2026-06-18;2026-06-19;2026-06-26;2026-06-27;2026-07-05;2026-07-12;2026-07-13;2026-07-20;2026-07-21;2026-07-28;2026-07-29;2026-08-05;2026-08-06;2026-08-13;2026-08-14;2026-08-21;2026-08-22;2026-08-29;2026-08-30;2026-09-06;2026-09-15
150,41.725138346354164,43.479949951171875,36,2026-06-02;2026-06-03;2026-06-10;2026-06-11;2026-06-18;2026-06-19;2026-06-26;2026-06-27;2026-07-05;2026-07-12;2026-07-13;2026-07-20;2026-07-21;2026-07-28;2026-07-29;2026-08-05;2026-08-06;2026-08-13;2026-08-14;2026-08-21;2026-08-22;2026-08-29;2026-08-30;2026-09-06;2026-09-15
528,39.488850911458336,41.37446594238281,36,2026-06-02;2026-06-03;2026-06-10;2026-06-11;2026-06-18;2026-06-19;2026-06-26;2026-06-27;2026-07-05;2026-07-12;2026-07-13;2026-07-20;2026-07-21;2026-07-28;2026-07-29;2026-08-05;2026-08-06;2026-08-13;2026-08-14;2026-08-21;2026-08-22;2026-08-29;2026-08-30;2026-09-06;2026-09-15
535,37.94046559053309,38.981842041015625,34,2026-06-02;2026-06-03;2026-06-10;2026-06-11;2026-06-18;2026-06-19;2026-06-26;2026-06-27;2026-07-05;2026-07-12;2026-07-13;2026-07-20;2026-07-21;2026-07-28;2026-07-29;2026-08-05;2026-08-06;2026-08-13;2026-08-14;2026-08-21;2026-08-22;2026-08-29;2026-08-30;2026-09-06;2026-09-15
461,35.627529568142364,42.938201904296875,36,2026-06-02;2026-06-03;2026-06-10;2026-06-11;2026-06-18;2026-06-19;2026-06-26;2026-06-27;2026-07-05;2026-07-12;2026-07-13;2026-07-20;2026-07-21;2026-07-28;2026-07-29;2026-08-05;2026-08-06;2026-08-13;2026-08-14;2026-08-21;2026-08-22;2026-08-29;2026-08-30;2026-09-06;2026-09-15
1475,39.93737114800347,44.084930419921875,36,2026-06-02;2026-06-03;2026-06-10;2026-06-11;2026-06-18;2026-06-19;2026-06-26;2026-06-27;2026-07-05;2026-07-12;2026-07-13;2026-07-20;2026-07-21;2026-07-28;2026-07-29;2026-08-05;2026-08-06;2026-08-13;2026-08-14;2026-08-21;2026-08-22;2026-08-29;2026-08-30;2026-09-06;2026-09-15
773,,,0,2026-06-02;2026-06-03;2026-06-10;2026-06-11;2026-06-18;2026-06-19;2026-06-26;2026-06-27;2026-07-05;2026-07-12;2026-07-13;2026-07-20;2026-07-21;2026-07-28;2026-07-29;2026-08-05;2026-08-06;2026-08-13;2026-08-14;2026-08-21;2026-08-22;2026-08-29;2026-08-30;2026-09-06;2026-09-15
1427,36.072276088169644,39.311676025390625,35,2026-06-02;2026-06-03;2026-06-10;2026-06-11;2026-06-18;2026-06-19;2026-06-26;2026-06-27;2026-07-05;2026-07-12;2026-07-13;2026-07-20;2026-07-21;2026-07-28;2026-07-29;2026-08-05;2026-08-06;2026-08-13;2026-08-14;2026-08-21;2026-08-22;2026-08-29;2026-08-30;2026-09-06;2026-09-15
1141,38.124755859375,41.07025146484375,37,2026-06-02;2026-06-03;2026-06-10;2026-06-11;2026-06-18;2026-06-19;2026-06-26;2026-06-27;2026-07-05;2026-07-12;2026-07-13;2026-07-20;2026-07-21;2026-07-28;2026-07-29;2026-08-05;2026-08-06;2026-08-13;2026-08-14;2026-08-21;2026-08-22;2026-08-29;2026-08-30;2026-09-06;2026-09-15
709,40.39947509765625,46.366485595703125,32,2026-06-02;2026-06-03;2026-06-10;2026-06-11;2026-06-18;2026-06-19;2026-06-26;2026-06-27;2026-07-05;2026-07-12;2026-07-13;2026-07-20;2026-07-21;2026-07-28;2026-07-29;2026-08-05;2026-08-06;2026-08-13;2026-08-14;2026-08-21;2026-08-22;2026-08-29;2026-08-30;2026-09-06;2026-09-15
46,36.72529093424479,38.154693603515625,36,2026-06-02;2026-06-03;2026-06-10;2026-06-11;2026-06-18;2026-06-19;2026-06-26;2026-06-27;2026-07-05;2026-07-12;2026-07-13;2026-07-20;2026-07-21;2026-07-28;2026-07-29;2026-08-05;2026-08-06;2026-08-13;2026-08-14;2026-08-21;2026-08-22;2026-08-29;2026-08-30;2026-09-06;2026-09-15
932,40.28701319839015,44.84375,33,2026-06-02;2026-06-03;2026-06-10;2026-06-11;2026-06-18;2026-06-19;2026-06-26;2026-06-27;2026-07-05;2026-07-12;2026-07-13;2026-07-20;2026-07-21;2026-07-28;2026-07-29;2026-08-05;2026-08-06;2026-08-13;2026-08-14;2026-08-21;2026-08-22;2026-08-29;2026-08-30;2026-09-06;2026-09-15
252,40.62268763950893,45.27099609375,35,2026-06-02;2026-06-03;2026-06-10;2026-06-11;2026-06-18;2026-06-19;2026-06-26;2026-06-27;2026-07-05;2026-07-12;2026-07-13;2026-07-20;2026-07-21;2026-07-28;2026-07-29;2026-08-05;2026-08-06;2026-08-13;2026-08-14;2026-08-21;2026-08-22;2026-08-29;2026-08-30;2026-09-06;2026-09-15
1494,39.077121310763886,39.87736511230469,36,2026-06-02;2026-06-03;2026-06-10;2026-06-11;2026-06-18;2026-06-19;2026-06-26;2026-06-27;2026-07-05;2026-07-12;2026-07-13;2026-07-20;2026-07-21;2026-07-28;2026-07-29;2026-08-05;2026-08-06;2026-08-13;2026-08-14;2026-08-21;2026-08-22;2026-08-29;2026-08-30;2026-09-06;2026-09-15
206,38.09220504760742,38.853668212890625,32,2026-06-02;2026-06-03;2026-06-10;2026-06-11;2026-06-18;2026-06-19;2026-06-26;2026-06-27;2026-07-05;2026-07-12;2026-07-13;2026-07-20;2026-07-21;2026-07-28;2026-07-29;2026-08-05;2026-08-06;2026-08-13;2026-08-14;2026-08-21;2026-08-22;2026-08-29;2026-08-30;2026-09-06;2026-09-15
979,34.694771902901785,37.915435791015625,35,2026-06-02;2026-06-03;2026-06-10;2026-06-11;2026-06-18;2026-06-19;2026-06-26;2026-06-27;2026-07-05;2026-07-12;2026-07-13;2026-07-20;2026-07-21;2026-07-28;2026-07-29;2026-08-05;2026-08-06;2026-08-13;2026-08-14;2026-08-21;2026-08-22;2026-08-29;2026-08-30;2026-09-06;2026-09-15
369,45.16706431995738,47.174835205078125,22,2026-06-02;2026-06-03;2026-06-10;2026-06-11;2026-06-18;2026-06-19;2026-06-26;2026-06-27;2026-07-05;2026-07-12;2026-07-13;2026-07-20;2026-07-21;2026-07-28;2026-07-29;2026-08-05;2026-08-06;2026-08-13;2026-08-14;2026-08-21;2026-08-22;2026-08-29;2026-08-30;2026-09-06;2026-09-15
697,38.6922607421875,39.832916259765625,36,2026-06-02;2026-06-03;2026-06-10;2026-06-11;2026-06-18;2026-06-19;2026-06-26;2026-06-27;2026-07-05;2026-07-12;2026-07-13;2026-07-20;2026-07-21;2026-07-28;2026-07-29;2026-08-05;2026-08-06;2026-08-13;2026-08-14;2026-08-21;2026-08-22;2026-08-29;2026-08-30;2026-09-06;2026-09-15
521,33.81522843644426,36.5926513671875,37,2026-06-02;2026-06-03;2026-06-10;2026-06-11;2026-06-18;2026-06-19;2026-06-26;2026-06-27;2026-07-05;2026-07-12;2026-07-13;2026-07-20;2026-07-21;2026-07-28;2026-07-29;2026-08-05;2026-08-06;2026-08-13;2026-08-14;2026-08-21;2026-08-22;2026-08-29;2026-08-30;2026-09-06;2026-09-15
1483,40.532847377232144,42.922821044921875,35,2026-06-02;2026-06-03;2026-06-10;2026-06-11;2026-06-18;2026-06-19;2026-06-26;2026-06-27;2026-07-05;2026-07-12;2026-07-13;2026-07-20;2026-07-21;2026-07-28;2026-07-29;2026-08-05;2026-08-06;2026-08-13;2026-08-14;2026-08-21;2026-08-22;2026-08-29;2026-08-30;2026-09-06;2026-09-15
1553,32.50042724609375,35.18785095214844,8,2026-06-02;2026-06-03;2026-06-10;2026-06-11;2026-06-18;2026-06-19;2026-06-26;2026-06-27;2026-07-05;2026-07-12;2026-07-13;2026-07-20;2026-07-21;2026-07-28;2026-07-29;2026-08-05;2026-08-06;2026-08-13;2026-08-14;2026-08-21;2026-08-22;2026-08-29;2026-08-30;2026-09-06;2026-09-15
537,35.549997040719695,37.495025634765625,33,2026-06-02;2026-06-03;2026-06-10;2026-06-11;2026-06-18;2026-06-19;2026-06-26;2026-06-27;2026-07-05;2026-07-12;2026-07-13;2026-07-20;2026-07-21;2026-07-28;2026-07-29;2026-08-05;2026-08-06;2026-08-13;2026-08-14;2026-08-21;2026-08-22;2026-08-29;2026-08-30;2026-09-06;2026-09-15
599,34.387379365808826,35.8338623046875,34,2026-06-02;2026-06-03;2026-06-10;2026-06-11;2026-06-18;2026-06-19;2026-06-26;2026-06-27;2026-07-05;2026-07-12;2026-07-13;2026-07-20;2026-07-21;2026-07-28;2026-07-29;2026-08-05;2026-08-06;2026-08-13;2026-08-14;2026-08-21;2026-08-22;2026-08-29;2026-08-30;2026-09-06;2026-09-15
1397,34.753753662109375,36.4251708984375,4,2026-06-02;2026-06-03;2026-06-10;2026-06-11;2026-06-18;2026-06-19;2026-06-26;2026-06-27;2026-07-05;2026-07-12;2026-07-13;2026-07-20;2026-07-21;2026-07-28;2026-07-29;2026-08-05;2026-08-06;2026-08-13;2026-08-14;2026-08-21;2026-08-22;2026-08-29;2026-08-30;2026-09-06;2026-09-15
1341,40.1832275390625,43.890106201171875,32,2026-06-02;2026-06-03;2026-06-10;2026-06-11;2026-06-18;2026-06-19;2026-06-26;2026-06-27;2026-07-05;2026-07-12;2026-07-13;2026-07-20;2026-07-21;2026-07-28;2026-07-29;2026-08-05;2026-08-06;2026-08-13;2026-08-14;2026-08-21;2026-08-22;2026-08-29;2026-08-30;2026-09-06;2026-09-15
1253,38.364111328125,40.31144714355469,35,2026-06-02;2026-06-03;2026-06-10;2026-06-11;2026-06-18;2026-06-19;2026-06-26;2026-06-27;2026-07-05;2026-07-12;2026-07-13;2026-07-20;2026-07-21;2026-07-28;2026-07-29;2026-08-05;2026-08-06;2026-08-13;2026-08-14;2026-08-21;2026-08-22;2026-08-29;2026-08-30;2026-09-06;2026-09-15
1623,33.45471540178571,35.21006774902344,35,2026-06-02;2026-06-03;2026-06-10;2026-06-11;2026-06-18;2026-06-19;2026-06-26;2026-06-27;2026-07-05;2026-07-12;2026-07-13;2026-07-20;2026-07-21;2026-07-28;2026-07-29;2026-08-05;2026-08-06;2026-08-13;2026-08-14;2026-08-21;2026-08-22;2026-08-29;2026-08-30;2026-09-06;2026-09-15
442,38.61381912231445,40.102935791015625,32,2026-06-02;2026-06-03;2026-06-10;2026-06-11;2026-06-18;2026-06-19;2026-06-26;2026-06-27;2026-07-05;2026-07-12;2026-07-13;2026-07-20;2026-07-21;2026-07-28;2026-07-29;2026-08-05;2026-08-06;2026-08-13;2026-08-14;2026-08-21;2026-08-22;2026-08-29;2026-08-30;2026-09-06;2026-09-15
794,35.0529899597168,36.7874755859375,32,2026-06-02;2026-06-03;2026-06-10;2026-06-11;2026-06-18;2026-06-19;2026-06-26;2026-06-27;2026-07-05;2026-07-12;2026-07-13;2026-07-20;2026-07-21;2026-07-28;2026-07-29;2026-08-05;2026-08-06;2026-08-13;2026-08-14;2026-08-21;2026-08-22;2026-08-29;2026-08-30;2026-09-06;2026-09-15
1486,37.53948974609375,41.593231201171875,36,2026-06-02;2026-06-03;2026-06-10;2026-06-11;2026-06-18;2026-06-19;2026-06-26;2026-06-27;2026-07-05;2026-07-12;2026-07-13;2026-07-20;2026-07-21;2026-07-28;2026-07-29;2026-08-05;2026-08-06;2026-08-13;2026-08-14;2026-08-21;2026-08-22;2026-08-29;2026-08-30;2026-09-06;2026-09-15
1261,38.56402064732143,40.65667724609375,35,2026-06-02;2026-06-03;2026-06-10;2026-06-11;2026-06-18;2026-06-19;2026-06-26;2026-06-27;2026-07-05;2026-07-12;2026-07-13;2026-07-20;2026-07-21;2026-07-28;2026-07-29;2026-08-05;2026-08-06;2026-08-13;2026-08-14;2026-08-21;2026-08-22;2026-08-29;2026-08-30;2026-09-06;2026-09-15
241,39.649498833550346,42.085418701171875,36,2026-06-02;2026-06-03;2026-06-10;2026-06-11;2026-06-18;2026-06-19;2026-06-26;2026-06-27;2026-07-05;2026-07-12;2026-07-13;2026-07-20;2026-07-21;2026-07-28;2026-07-29;2026-08-05;2026-08-06;2026-08-13;2026-08-14;2026-08-21;2026-08-22;2026-08-29;2026-08-30;2026-09-06;2026-09-15
757,38.64462890625,41.01214599609375,35,2026-06-02;2026-06-03;2026-06-10;2026-06-11;2026-06-18;2026-06-19;2026-06-26;2026-06-27;2026-07-05;2026-07-12;2026-07-13;2026-07-20;2026-07-21;2026-07-28;2026-07-29;2026-08-05;2026-08-06;2026-08-13;2026-08-14;2026-08-21;2026-08-22;2026-08-29;2026-08-30;2026-09-06;2026-09-15
736,40.812355041503906,43.015106201171875,32,2026-06-02;2026-06-03;2026-06-10;2026-06-11;2026-06-18;2026-06-19;2026-06-26;2026-06-27;2026-07-05;2026-07-12;2026-07-13;2026-07-20;2026-07-21;2026-07-28;2026-07-29;2026-08-05;2026-08-06;2026-08-13;2026-08-14;2026-08-21;2026-08-22;2026-08-29;2026-08-30;2026-09-06;2026-09-15
226,40.65239800347222,41.829071044921875,36,2026-06-02;2026-06-03;2026-06-10;2026-06-11;2026-06-18;2026-06-19;2026-06-26;2026-06-27;2026-07-05;2026-07-12;2026-07-13;2026-07-20;2026-07-21;2026-07-28;2026-07-29;2026-08-05;2026-08-06;2026-08-13;2026-08-14;2026-08-21;2026-08-22;2026-08-29;2026-08-30;2026-09-06;2026-09-15
769,38.557669503348215,39.785064697265625,35,2026-06-02;2026-06-03;2026-06-10;2026-06-11;2026-06-18;2026-06-19;2026-06-26;2026-06-27;2026-07-05;2026-07-12;2026-07-13;2026-07-20;2026-07-21;2026-07-28;2026-07-29;2026-08-05;2026-08-06;2026-08-13;2026-08-14;2026-08-21;2026-08-22;2026-08-29;2026-08-30;2026-09-06;2026-09-15
1547,38.28828125,41.76240539550781,35,2026-06-02;2026-06-03;2026-06-10;2026-06-11;2026-06-18;2026-06-19;2026-06-26;2026-06-27;2026-07-05;2026-07-12;2026-07-13;2026-07-20;2026-07-21;2026-07-28;2026-07-29;2026-08-05;2026-08-06;2026-08-13;2026-08-14;2026-08-21;2026-08-22;2026-08-29;2026-08-30;2026-09-06;2026-09-15
414,35.43466796875,37.3975830078125,35,2026-06-02;2026-06-03;2026-06-10;2026-06-11;2026-06-18;2026-06-19;2026-06-26;2026-06-27;2026-07-05;2026-07-12;2026-07-13;2026-07-20;2026-07-21;2026-07-28;2026-07-29;2026-08-05;2026-08-06;2026-08-13;2026-08-14;2026-08-21;2026-08-22;2026-08-29;2026-08-30;2026-09-06;2026-09-15
508,42.45484415690104,44.12255859375,36,2026-06-02;2026-06-03;2026-06-10;2026-06-11;2026-06-18;2026-06-19;2026-06-26;2026-06-27;2026-07-05;2026-07-12;2026-07-13;2026-07-20;2026-07-21;2026-07-28;2026-07-29;2026-08-05;2026-08-06;2026-08-13;2026-08-14;2026-08-21;2026-08-22;2026-08-29;2026-08-30;2026-09-06;2026-09-15
444,35.40931701660156,37.0540771484375,32,2026-06-02;2026-06-03;2026-06-10;2026-06-11;2026-06-18;2026-06-19;2026-06-26;2026-06-27;2026-07-05;2026-07-12;2026-07-13;2026-07-20;2026-07-21;2026-07-28;2026-07-29;2026-08-05;2026-08-06;2026-08-13;2026-08-14;2026-08-21;2026-08-22;2026-08-29;2026-08-30;2026-09-06;2026-09-15
259,41.14677036830357,42.59126281738281,35,2026-06-02;2026-06-03;2026-06-10;2026-06-11;2026-06-18;2026-06-19;2026-06-26;2026-06-27;2026-07-05;2026-07-12;2026-07-13;2026-07-20;2026-07-21;2026-07-28;2026-07-29;2026-08-05;2026-08-06;2026-08-13;2026-08-14;2026-08-21;2026-08-22;2026-08-29;2026-08-30;2026-09-06;2026-09-15
1498,37.292336856617645,39.10661315917969,34,2026-06-02;2026-06-03;2026-06-10;2026-06-11;2026-06-18;2026-06-19;2026-06-26;2026-06-27;2026-07-05;2026-07-12;2026-07-13;2026-07-20;2026-07-21;2026-07-28;2026-07-29;2026-08-05;2026-08-06;2026-08-13;2026-08-14;2026-08-21;2026-08-22;2026-08-29;2026-08-30;2026-09-06;2026-09-15
695,35.42470703125,39.082672119140625,35,2026-06-02;2026-06-03;2026-06-10;2026-06-11;2026-06-18;2026-06-19;2026-06-26;2026-06-27;2026-07-05;2026-07-12;2026-07-13;2026-07-20;2026-07-21;2026-07-28;2026-07-29;2026-08-05;2026-08-06;2026-08-13;2026-08-14;2026-08-21;2026-08-22;2026-08-29;2026-08-30;2026-09-06;2026-09-15
1114,32.62929835464015,33.448089599609375,33,2026-06-02;2026-06-03;2026-06-10;2026-06-11;2026-06-18;2026-06-19;2026-06-26;2026-06-27;2026-07-05;2026-07-12;2026-07-13;2026-07-20;2026-07-21;2026-07-28;2026-07-29;2026-08-05;2026-08-06;2026-08-13;2026-08-14;2026-08-21;2026-08-22;2026-08-29;2026-08-30;2026-09-06;2026-09-15
1139,37.828409830729164,42.772430419921875,36,2026-06-02;2026-06-03;2026-06-10;2026-06-11;2026-06-18;2026-06-19;2026-06-26;2026-06-27;2026-07-05;2026-07-12;2026-07-13;2026-07-20;2026-07-21;2026-07-28;2026-07-29;2026-08-05;2026-08-06;2026-08-13;2026-08-14;2026-08-21;2026-08-22;2026-08-29;2026-08-30;2026-09-06;2026-09-15
1352,39.466807338169644,40.57977294921875,35,2026-06-02;2026-06-03;2026-06-10;2026-06-11;2026-06-18;2026-06-19;2026-06-26;2026-06-27;2026-07-05;2026-07-12;2026-07-13;2026-07-20;2026-07-21;2026-07-28;2026-07-29;2026-08-05;2026-08-06;2026-08-13;2026-08-14;2026-08-21;2026-08-22;2026-08-29;2026-08-30;2026-09-06;2026-09-15
590,37.082986270680145,38.585357666015625,34,2026-06-02;2026-06-03;2026-06-10;2026-06-11;2026-06-18;2026-06-19;2026-06-26;2026-06-27;2026-07-05;2026-07-12;2026-07-13;2026-07-20;2026-07-21;2026-07-28;2026-07-29;2026-08-05;2026-08-06;2026-08-13;2026-08-14;2026-08-21;2026-08-22;2026-08-29;2026-08-30;2026-09-06;2026-09-15
1064,41.80593333524816,46.768096923828125,17,2026-06-02;2026-06-03;2026-06-10;2026-06-11;2026-06-18;2026-06-19;2026-06-26;2026-06-27;2026-07-05;2026-07-12;2026-07-13;2026-07-20;2026-07-21;2026-07-28;2026-07-29;2026-08-05;2026-08-06;2026-08-13;2026-08-14;2026-08-21;2026-08-22;2026-08-29;2026-08-30;2026-09-06;2026-09-15
1323,38.763368348817565,40.116607666015625,37,2026-06-02;2026-06-03;2026-06-10;2026-06-11;2026-06-18;2026-06-19;2026-06-26;2026-06-27;2026-07-05;2026-07-12;2026-07-13;2026-07-20;2026-07-21;2026-07-28;2026-07-29;2026-08-05;2026-08-06;2026-08-13;2026-08-14;2026-08-21;2026-08-22;2026-08-29;2026-08-30;2026-09-06;2026-09-15
1311,31.765573212594695,32.48760986328125,33,2026-06-02;2026-06-03;2026-06-10;2026-06-11;2026-06-18;2026-06-19;2026-06-26;2026-06-27;2026-07-05;2026-07-12;2026-07-13;2026-07-20;2026-07-21;2026-07-28;2026-07-29;2026-08-05;2026-08-06;2026-08-13;2026-08-14;2026-08-21;2026-08-22;2026-08-29;2026-08-30;2026-09-06;2026-09-15
681,34.340793185763886,36.4200439453125,36,2026-06-02;2026-06-03;2026-06-10;2026-06-11;2026-06-18;2026-06-19;2026-06-26;2026-06-27;2026-07-05;2026-07-12;2026-07-13;2026-07-20;2026-07-21;2026-07-28;2026-07-29;2026-08-05;2026-08-06;2026-08-13;2026-08-14;2026-08-21;2026-08-22;2026-08-29;2026-08-30;2026-09-06;2026-09-15
987,35.37475907175165,38.513580322265625,19,2026-06-02;2026-06-03;2026-06-10;2026-06-11;2026-06-18;2026-06-19;2026-06-26;2026-06-27;2026-07-05;2026-07-12;2026-07-13;2026-07-20;2026-07-21;2026-07-28;2026-07-29;2026-08-05;2026-08-06;2026-08-13;2026-08-14;2026-08-21;2026-08-22;2026-08-29;2026-08-30;2026-09-06;2026-09-15
216,38.354390462239586,40.46185302734375,21,2026-06-02;2026-06-03;2026-06-10;2026-06-11;2026-06-18;2026-06-19;2026-06-26;2026-06-27;2026-07-05;2026-07-12;2026-07-13;2026-07-20;2026-07-21;2026-07-28;2026-07-29;2026-08-05;2026-08-06;2026-08-13;2026-08-14;2026-08-21;2026-08-22;2026-08-29;2026-08-30;2026-09-06;2026-09-15
39,40.49089813232422,45.12060546875,32,2026-06-02;2026-06-03;2026-06-10;2026-06-11;2026-06-18;2026-06-19;2026-06-26;2026-06-27;2026-07-05;2026-07-12;2026-07-13;2026-07-20;2026-07-21;2026-07-28;2026-07-29;2026-08-05;2026-08-06;2026-08-13;2026-08-14;2026-08-21;2026-08-22;2026-08-29;2026-08-30;2026-09-06;2026-09-15
1501,38.841563197544644,42.393035888671875,35,2026-06-02;2026-06-03;2026-06-10;2026-06-11;2026-06-18;2026-06-19;2026-06-26;2026-06-27;2026-07-05;2026-07-12;2026-07-13;2026-07-20;2026-07-21;2026-07-28;2026-07-29;2026-08-05;2026-08-06;2026-08-13;2026-08-14;2026-08-21;2026-08-22;2026-08-29;2026-08-30;2026-09-06;2026-09-15
1471,,,0,2026-06-02;2026-06-03;2026-06-10;2026-06-11;2026-06-18;2026-06-19;2026-06-26;2026-06-27;2026-07-05;2026-07-12;2026-07-13;2026-07-20;2026-07-21;2026-07-28;2026-07-29;2026-08-05;2026-08-06;2026-08-13;2026-08-14;2026-08-21;2026-08-22;2026-08-29;2026-08-30;2026-09-06;2026-09-15
467,37.332798549107146,40.85150146484375,35,2026-06-02;2026-06-03;2026-06-10;2026-06-11;2026-06-18;2026-06-19;2026-06-26;2026-06-27;2026-07-05;2026-07-12;2026-07-13;2026-07-20;2026-07-21;2026-07-28;2026-07-29;2026-08-05;2026-08-06;2026-08-13;2026-08-14;2026-08-21;2026-08-22;2026-08-29;2026-08-30;2026-09-06;2026-09-15
725,40.99603794642857,43.350067138671875,35,2026-06-02;2026-06-03;2026-06-10;2026-06-11;2026-06-18;2026-06-19;2026-06-26;2026-06-27;2026-07-05;2026-07-12;2026-07-13;2026-07-20;2026-07-21;2026-07-28;2026-07-29;2026-08-05;2026-08-06;2026-08-13;2026-08-14;2026-08-21;2026-08-22;2026-08-29;2026-08-30;2026-09-06;2026-09-15
853,37.205543518066406,38.826324462890625,32,2026-06-02;2026-06-03;2026-06-10;2026-06-11;2026-06-18;2026-06-19;2026-06-26;2026-06-27;2026-07-05;2026-07-12;2026-07-13;2026-07-20;2026-07-21;2026-07-28;2026-07-29;2026-08-05;2026-08-06;2026-08-13;2026-08-14;2026-08-21;2026-08-22;2026-08-29;2026-08-30;2026-09-06;2026-09-15
579,37.439787946428574,39.364654541015625,35,2026-06-02;2026-06-03;2026-06-10;2026-06-11;2026-06-18;2026-06-19;2026-06-26;2026-06-27;2026-07-05;2026-07-12;2026-07-13;2026-07-20;2026-07-21;2026-07-28;2026-07-29;2026-08-05;2026-08-06;2026-08-13;2026-08-14;2026-08-21;2026-08-22;2026-08-29;2026-08-30;2026-09-06;2026-09-15
363,41.72251510620117,43.310760498046875,32,2026-06-02;2026-06-03;2026-06-10;2026-06-11;2026-06-18;2026-06-19;2026-06-26;2026-06-27;2026-07-05;2026-07-12;2026-07-13;2026-07-20;2026-07-21;2026-07-28;2026-07-29;2026-08-05;2026-08-06;2026-08-13;2026-08-14;2026-08-21;2026-08-22;2026-08-29;2026-08-30;2026-09-06;2026-09-15
1034,37.65570242745536,42.762176513671875,35,2026-06-02;2026-06-03;2026-06-10;2026-06-11;2026-06-18;2026-06-19;2026-06-26;2026-06-27;2026-07-05;2026-07-12;2026-07-13;2026-07-20;2026-07-21;2026-07-28;2026-07-29;2026-08-05;2026-08-06;2026-08-13;2026-08-14;2026-08-21;2026-08-22;2026-08-29;2026-08-30;2026-09-06;2026-09-15
789,,,0,2026-06-02;2026-06-03;2026-06-10;2026-06-11;2026-06-18;2026-06-19;2026-06-26;2026-06-27;2026-07-05;2026-07-12;2026-07-13;2026-07-20;2026-07-21;2026-07-28;2026-07-29;2026-08-05;2026-08-06;2026-08-13;2026-08-14;2026-08-21;2026-08-22;2026-08-29;2026-08-30;2026-09-06;2026-09-15
687,34.894985622829864,41.05657958984375,36,2026-06-02;2026-06-03;2026-06-10;2026-06-11;2026-06-18;2026-06-19;2026-06-26;2026-06-27;2026-07-05;2026-07-12;2026-07-13;2026-07-20;2026-07-21;2026-07-28;2026-07-29;2026-08-05;2026-08-06;2026-08-13;2026-08-14;2026-08-21;2026-08-22;2026-08-29;2026-08-30;2026-09-06;2026-09-15
1472,34.402205855758105,35.533050537109375,27,2026-06-02;2026-06-03;2026-06-10;2026-06-11;2026-06-18;2026-06-19;2026-06-26;2026-06-27;2026-07-05;2026-07-12;2026-07-13;2026-07-20;2026-07-21;2026-07-28;2026-07-29;2026-08-05;2026-08-06;2026-08-13;2026-08-14;2026-08-21;2026-08-22;2026-08-29;2026-08-30;2026-09-06;2026-09-15
317,36.06606593276515,37.884674072265625,33,2026-06-02;2026-06-03;2026-06-10;2026-06-11;2026-06-18;2026-06-19;2026-06-26;2026-06-27;2026-07-05;2026-07-12;2026-07-13;2026-07-20;2026-07-21;2026-07-28;2026-07-29;2026-08-05;2026-08-06;2026-08-13;2026-08-14;2026-08-21;2026-08-22;2026-08-29;2026-08-30;2026-09-06;2026-09-15
181,33.36759905133928,36.004730224609375,35,2026-06-02;2026-06-03;2026-06-10;2026-06-11;2026-06-18;2026-06-19;2026-06-26;2026-06-27;2026-07-05;2026-07-12;2026-07-13;2026-07-20;2026-07-21;2026-07-28;2026-07-29;2026-08-05;2026-08-06;2026-08-13;2026-08-14;2026-08-21;2026-08-22;2026-08-29;2026-08-30;2026-09-06;2026-09-15
275,41.35810546875,43.862762451171875,35,2026-06-02;2026-06-03;2026-06-10;2026-06-11;2026-06-18;2026-06-19;2026-06-26;2026-06-27;2026-07-05;2026-07-12;2026-07-13;2026-07-20;2026-07-21;2026-07-28;2026-07-29;2026-08-05;2026-08-06;2026-08-13;2026-08-14;2026-08-21;2026-08-22;2026-08-29;2026-08-30;2026-09-06;2026-09-15
796,,,0,2026-06-02;2026-06-03;2026-06-10;2026-06-11;2026-06-18;2026-06-19;2026-06-26;2026-06-27;2026-07-05;2026-07-12;2026-07-13;2026-07-20;2026-07-21;2026-07-28;2026-07-29;2026-08-05;2026-08-06;2026-08-13;2026-08-14;2026-08-21;2026-08-22;2026-08-29;2026-08-30;2026-09-06;2026-09-15
195,40.9424487964527,45.14967346191406,37,2026-06-02;2026-06-03;2026-06-10;2026-06-11;2026-06-18;2026-06-19;2026-06-26;2026-06-27;2026-07-05;2026-07-12;2026-07-13;2026-07-20;2026-07-21;2026-07-28;2026-07-29;2026-08-05;2026-08-06;2026-08-13;2026-08-14;2026-08-21;2026-08-22;2026-08-29;2026-08-30;2026-09-06;2026-09-15
561,39.37037527901786,41.695770263671875,35,2026-06-02;2026-06-03;2026-06-10;2026-06-11;2026-06-18;2026-06-19;2026-06-26;2026-06-27;2026-07-05;2026-07-12;2026-07-13;2026-07-20;2026-07-21;2026-07-28;2026-07-29;2026-08-05;2026-08-06;2026-08-13;2026-08-14;2026-08-21;2026-08-22;2026-08-29;2026-08-30;2026-09-06;2026-09-15
997,34.36937120225694,36.2747802734375,36,2026-06-02;2026-06-03;2026-06-10;2026-06-11;2026-06-18;2026-06-19;2026-06-26;2026-06-27;2026-07-05;2026-07-12;2026-07-13;2026-07-20;2026-07-21;2026-07-28;2026-07-29;2026-08-05;2026-08-06;2026-08-13;2026-08-14;2026-08-21;2026-08-22;2026-08-29;2026-08-30;2026-09-06;2026-09-15
1101,41.074068777901786,42.246063232421875,35,2026-06-02;2026-06-03;2026-06-10;2026-06-11;2026-06-18;2026-06-19;2026-06-26;2026-06-27;2026-07-05;2026-07-12;2026-07-13;2026-07-20;2026-07-21;2026-07-28;2026-07-29;2026-08-05;2026-08-06;2026-08-13;2026-08-14;2026-08-21;2026-08-22;2026-08-29;2026-08-30;2026-09-06;2026-09-15
988,40.24377092633929,41.74871826171875,35,2026-06-02;2026-06-03;2026-06-10;2026-06-11;2026-06-18;2026-06-19;2026-06-26;2026-06-27;2026-07-05;2026-07-12;2026-07-13;2026-07-20;2026-07-21;2026-07-28;2026-07-29;2026-08-05;2026-08-06;2026-08-13;2026-08-14;2026-08-21;2026-08-22;2026-08-29;2026-08-30;2026-09-06;2026-09-15
463,38.06092664930556,40.000396728515625,36,2026-06-02;2026-06-03;2026-06-10;2026-06-11;2026-06-18;2026-06-19;2026-06-26;2026-06-27;2026-07-05;2026-07-12;2026-07-13;2026-07-20;2026-07-21;2026-07-28;2026-07-29;2026-08-05;2026-08-06;2026-08-13;2026-08-14;2026-08-21;2026-08-22;2026-08-29;2026-08-30;2026-09-06;2026-09-15
545,39.9819091796875,41.856414794921875,35,2026-06-02;2026-06-03;2026-06-10;2026-06-11;2026-06-18;2026-06-19;2026-06-26;2026-06-27;2026-07-05;2026-07-12;2026-07-13;2026-07-20;2026-07-21;2026-07-28;2026-07-29;2026-08-05;2026-08-06;2026-08-13;2026-08-14;2026-08-21;2026-08-22;2026-08-29;2026-08-30;2026-09-06;2026-09-15
477,37.21216583251953,40.85150146484375,32,2026-06-02;2026-06-03;2026-06-10;2026-06-11;2026-06-18;2026-06-19;2026-06-26;2026-06-27;2026-07-05;2026-07-12;2026-07-13;2026-07-20;2026-07-21;2026-07-28;2026-07-29;2026-08-05;2026-08-06;2026-08-13;2026-08-14;2026-08-21;2026-08-22;2026-08-29;2026-08-30;2026-09-06;2026-09-15
663,38.08479927681588,39.70304870605469,37,2026-06-02;2026-06-03;2026-06-10;2026-06-11;2026-06-18;2026-06-19;2026-06-26;2026-06-27;2026-07-05;2026-07-12;2026-07-13;2026-07-20;2026-07-21;2026-07-28;2026-07-29;2026-08-05;2026-08-06;2026-08-13;2026-08-14;2026-08-21;2026-08-22;2026-08-29;2026-08-30;2026-09-06;2026-09-15
486,34.598147583007815,36.5721435546875,20,2026-06-02;2026-06-03;2026-06-10;2026-06-11;2026-06-18;2026-06-19;2026-06-26;2026-06-27;2026-07-05;2026-07-12;2026-07-13;2026-07-20;2026-07-21;2026-07-28;2026-07-29;2026-08-05;2026-08-06;2026-08-13;2026-08-14;2026-08-21;2026-08-22;2026-08-29;2026-08-30;2026-09-06;2026-09-15
1627,42.323558134191174,44.4130859375,34,2026-06-02;2026-06-03;2026-06-10;2026-06-11;2026-06-18;2026-06-19;2026-06-26;2026-06-27;2026-07-05;2026-07-12;2026-07-13;2026-07-20;2026-07-21;2026-07-28;2026-07-29;2026-08-05;2026-08-06;2026-08-13;2026-08-14;2026-08-21;2026-08-22;2026-08-29;2026-08-30;2026-09-06;2026-09-15
424,39.01939561631944,41.418914794921875,36,2026-06-02;2026-06-03;2026-06-10;2026-06-11;2026-06-18;2026-06-19;2026-06-26;2026-06-27;2026-07-05;2026-07-12;2026-07-13;2026-07-20;2026-07-21;2026-07-28;2026-07-29;2026-08-05;2026-08-06;2026-08-13;2026-08-14;2026-08-21;2026-08-22;2026-08-29;2026-08-30;2026-09-06;2026-09-15
1003,34.97833251953125,36.8712158203125,32,2026-06-02;2026-06-03;2026-06-10;2026-06-11;2026-06-18;2026-06-19;2026-06-26;2026-06-27;2026-07-05;2026-07-12;2026-07-13;2026-07-20;2026-07-21;2026-07-28;2026-07-29;2026-08-05;2026-08-06;2026-08-13;2026-08-14;2026-08-21;2026-08-22;2026-08-29;2026-08-30;2026-09-06;2026-09-15
92,38.06664709142736,41.06341552734375,37,2026-06-02;2026-06-03;2026-06-10;2026-06-11;2026-06-18;2026-06-19;2026-06-26;2026-06-27;2026-07-05;2026-07-12;2026-07-13;2026-07-20;2026-07-21;2026-07-28;2026-07-29;2026-08-05;2026-08-06;2026-08-13;2026-08-14;2026-08-21;2026-08-22;2026-08-29;2026-08-30;2026-09-06;2026-09-15
1085,40.609886169433594,41.57783508300781,32,2026-06-02;2026-06-03;2026-06-10;2026-06-11;2026-06-18;2026-06-19;2026-06-26;2026-06-27;2026-07-05;2026-07-12;2026-07-13;2026-07-20;2026-07-21;2026-07-28;2026-07-29;2026-08-05;2026-08-06;2026-08-13;2026-08-14;2026-08-21;2026-08-22;2026-08-29;2026-08-30;2026-09-06;2026-09-15
37,39.59084123883929,41.996551513671875,35,2026-06-02;2026-06-03;2026-06-10;2026-06-11;2026-06-18;2026-06-19;2026-06-26;2026-06-27;2026-07-05;2026-07-12;2026-07-13;2026-07-20;2026-07-21;2026-07-28;2026-07-29;2026-08-05;2026-08-06;2026-08-13;2026-08-14;2026-08-21;2026-08-22;2026-08-29;2026-08-30;2026-09-06;2026-09-15
1611,37.2037841796875,40.35931396484375,30,2026-06-02;2026-06-03;2026-06-10;2026-06-11;2026-06-18;2026-06-19;2026-06-26;2026-06-27;2026-07-05;2026-07-12;2026-07-13;2026-07-20;2026-07-21;2026-07-28;2026-07-29;2026-08-05;2026-08-06;2026-08-13;2026-08-14;2026-08-21;2026-08-22;2026-08-29;2026-08-30;2026-09-06;2026-09-15
685,34.92802734375,36.17051696777344,35,2026-06-02;2026-06-03;2026-06-10;2026-06-11;2026-06-18;2026-06-19;2026-06-26;2026-06-27;2026-07-05;2026-07-12;2026-07-13;2026-07-20;2026-07-21;2026-07-28;2026-07-29;2026-08-05;2026-08-06;2026-08-13;2026-08-14;2026-08-21;2026-08-22;2026-08-29;2026-08-30;2026-09-06;2026-09-15
840,47.97209930419922,48.88043212890625,8,2026-06-02;2026-06-03;2026-06-10;2026-06-11;2026-06-18;2026-06-19;2026-06-26;2026-06-27;2026-07-05;2026-07-12;2026-07-13;2026-07-20;2026-07-21;2026-07-28;2026-07-29;2026-08-05;2026-08-06;2026-08-13;2026-08-14;2026-08-21;2026-08-22;2026-08-29;2026-08-30;2026-09-06;2026-09-15
430,36.9745662913603,39.887603759765625,34,2026-06-02;2026-06-03;2026-06-10;2026-06-11;2026-06-18;2026-06-19;2026-06-26;2026-06-27;2026-07-05;2026-07-12;2026-07-13;2026-07-20;2026-07-21;2026-07-28;2026-07-29;2026-08-05;2026-08-06;2026-08-13;2026-08-14;2026-08-21;2026-08-22;2026-08-29;2026-08-30;2026-09-06;2026-09-15
977,35.39735979352679,38.19569396972656,35,2026-06-02;2026-06-03;2026-06-10;2026-06-11;2026-06-18;2026-06-19;2026-06-26;2026-06-27;2026-07-05;2026-07-12;2026-07-13;2026-07-20;2026-07-21;2026-07-28;2026-07-29;2026-08-05;2026-08-06;2026-08-13;2026-08-14;2026-08-21;2026-08-22;2026-08-29;2026-08-30;2026-09-06;2026-09-15
391,36.1668701171875,39.474029541015625,36,2026-06-02;2026-06-03;2026-06-10;2026-06-11;2026-06-18;2026-06-19;2026-06-26;2026-06-27;2026-07-05;2026-07-12;2026-07-13;2026-07-20;2026-07-21;2026-07-28;2026-07-29;2026-08-05;2026-08-06;2026-08-13;2026-08-14;2026-08-21;2026-08-22;2026-08-29;2026-08-30;2026-09-06;2026-09-15
758,41.36154354319853,47.138946533203125,34,2026-06-02;2026-06-03;2026-06-10;2026-06-11;2026-06-18;2026-06-19;2026-06-26;2026-06-27;2026-07-05;2026-07-12;2026-07-13;2026-07-20;2026-07-21;2026-07-28;2026-07-29;2026-08-05;2026-08-06;2026-08-13;2026-08-14;2026-08-21;2026-08-22;2026-08-29;2026-08-30;2026-09-06;2026-09-15
517,33.81330871582031,34.99473571777344,32,2026-06-02;2026-06-03;2026-06-10;2026-06-11;2026-06-18;2026-06-19;2026-06-26;2026-06-27;2026-07-05;2026-07-12;2026-07-13;2026-07-20;2026-07-21;2026-07-28;2026-07-29;2026-08-05;2026-08-06;2026-08-13;2026-08-14;2026-08-21;2026-08-22;2026-08-29;2026-08-30;2026-09-06;2026-09-15
367,40.99410472196691,46.450225830078125,34,2026-06-02;2026-06-03;2026-06-10;2026-06-11;2026-06-18;2026-06-19;2026-06-26;2026-06-27;2026-07-05;2026-07-12;2026-07-13;2026-07-20;2026-07-21;2026-07-28;2026-07-29;2026-08-05;2026-08-06;2026-08-13;2026-08-14;2026-08-21;2026-08-22;2026-08-29;2026-08-30;2026-09-06;2026-09-15
748,39.88922642299107,41.982879638671875,35,2026-06-02;2026-06-03;2026-06-10;2026-06-11;2026-06-18;2026-06-19;2026-06-26;2026-06-27;2026-07-05;2026-07-12;2026-07-13;2026-07-20;2026-07-21;2026-07-28;2026-07-29;2026-08-05;2026-08-06;2026-08-13;2026-08-14;2026-08-21;2026-08-22;2026-08-29;2026-08-30;2026-09-06;2026-09-15
630,38.60380859375,40.78656005859375,35,2026-06-02;2026-06-03;2026-06-10;2026-06-11;2026-06-18;2026-06-19;2026-06-26;2026-06-27;2026-07-05;2026-07-12;2026-07-13;2026-07-20;2026-07-21;2026-07-28;2026-07-29;2026-08-05;2026-08-06;2026-08-13;2026-08-14;2026-08-21;2026-08-22;2026-08-29;2026-08-30;2026-09-06;2026-09-15
413,38.485103607177734,40.031158447265625,32,2026-06-02;2026-06-03;2026-06-10;2026-06-11;2026-06-18;2026-06-19;2026-06-26;2026-06-27;2026-07-05;2026-07-12;2026-07-13;2026-07-20;2026-07-21;2026-07-28;2026-07-29;2026-08-05;2026-08-06;2026-08-13;2026-08-14;2026-08-21;2026-08-22;2026-08-29;2026-08-30;2026-09-06;2026-09-15
1454,38.191616482204864,41.04119873046875,36,2026-06-02;2026-06-03;2026-06-10;2026-06-11;2026-06-18;2026-06-19;2026-06-26;2026-06-27;2026-07-05;2026-07-12;2026-07-13;2026-07-20;2026-07-21;2026-07-28;2026-07-29;2026-08-05;2026-08-06;2026-08-13;2026-08-14;2026-08-21;2026-08-22;2026-08-29;2026-08-30;2026-09-06;2026-09-15
192,,,0,2026-06-02;2026-06-03;2026-06-10;2026-06-11;2026-06-18;2026-06-19;2026-06-26;2026-06-27;2026-07-05;2026-07-12;2026-07-13;2026-07-20;2026-07-21;2026-07-28;2026-07-29;2026-08-05;2026-08-06;2026-08-13;2026-08-14;2026-08-21;2026-08-22;2026-08-29;2026-08-30;2026-09-06;2026-09-15
1343,,,0,2026-06-02;2026-06-03;2026-06-10;2026-06-11;2026-06-18;2026-06-19;2026-06-26;2026-06-27;2026-07-05;2026-07-12;2026-07-13;2026-07-20;2026-07-21;2026-07-28;2026-07-29;2026-08-05;2026-08-06;2026-08-13;2026-08-14;2026-08-21;2026-08-22;2026-08-29;2026-08-30;2026-09-06;2026-09-15
1430,43.014251708984375,45.33253479003906,32,2026-06-02;2026-06-03;2026-06-10;2026-06-11;2026-06-18;2026-06-19;2026-06-26;2026-06-27;2026-07-05;2026-07-12;2026-07-13;2026-07-20;2026-07-21;2026-07-28;2026-07-29;2026-08-05;2026-08-06;2026-08-13;2026-08-14;2026-08-21;2026-08-22;2026-08-29;2026-08-30;2026-09-06;2026-09-15
865,,,0,2026-06-02;2026-06-03;2026-06-10;2026-06-11;2026-06-18;2026-06-19;2026-06-26;2026-06-27;2026-07-05;2026-07-12;2026-07-13;2026-07-20;2026-07-21;2026-07-28;2026-07-29;2026-08-05;2026-08-06;2026-08-13;2026-08-14;2026-08-21;2026-08-22;2026-08-29;2026-08-30;2026-09-06;2026-09-15
449,40.75489298502604,42.919403076171875,36,2026-06-02;2026-06-03;2026-06-10;2026-06-11;2026-06-18;2026-06-19;2026-06-26;2026-06-27;2026-07-05;2026-07-12;2026-07-13;2026-07-20;2026-07-21;2026-07-28;2026-07-29;2026-08-05;2026-08-06;2026-08-13;2026-08-14;2026-08-21;2026-08-22;2026-08-29;2026-08-30;2026-09-06;2026-09-15
375,35.37938774956597,37.659088134765625,36,2026-06-02;2026-06-03;2026-06-10;2026-06-11;2026-06-18;2026-06-19;2026-06-26;2026-06-27;2026-07-05;2026-07-12;2026-07-13;2026-07-20;2026-07-21;2026-07-28;2026-07-29;2026-08-05;2026-08-06;2026-08-13;2026-08-14;2026-08-21;2026-08-22;2026-08-29;2026-08-30;2026-09-06;2026-09-15
1621,40.85021232836174,42.006805419921875,33,2026-06-02;2026-06-03;2026-06-10;2026-06-11;2026-06-18;2026-06-19;2026-06-26;2026-06-27;2026-07-05;2026-07-12;2026-07-13;2026-07-20;2026-07-21;2026-07-28;2026-07-29;2026-08-05;2026-08-06;2026-08-13;2026-08-14;2026-08-21;2026-08-22;2026-08-29;2026-08-30;2026-09-06;2026-09-15
562,41.054355197482636,41.817108154296875,36,2026-06-02;2026-06-03;2026-06-10;2026-06-11;2026-06-18;2026-06-19;2026-06-26;2026-06-27;2026-07-05;2026-07-12;2026-07-13;2026-07-20;2026-07-21;2026-07-28;2026-07-29;2026-08-05;2026-08-06;2026-08-13;2026-08-14;2026-08-21;2026-08-22;2026-08-29;2026-08-30;2026-09-06;2026-09-15
1145,42.315098353794646,43.79270935058594,35,2026-06-02;2026-06-03;2026-06-10;2026-06-11;2026-06-18;2026-06-19;2026-06-26;2026-06-27;2026-07-05;2026-07-12;2026-07-13;2026-07-20;2026-07-21;2026-07-28;2026-07-29;2026-08-05;2026-08-06;2026-08-13;2026-08-14;2026-08-21;2026-08-22;2026-08-29;2026-08-30;2026-09-06;2026-09-15
282,35.044439406622026,36.8729248046875,21,2026-06-02;2026-06-03;2026-06-10;2026-06-11;2026-06-18;2026-06-19;2026-06-26;2026-06-27;2026-07-05;2026-07-12;2026-07-13;2026-07-20;2026-07-21;2026-07-28;2026-07-29;2026-08-05;2026-08-06;2026-08-13;2026-08-14;2026-08-21;2026-08-22;2026-08-29;2026-08-30;2026-09-06;2026-09-15
453,38.242148006663605,42.201629638671875,34,2026-06-02;2026-06-03;2026-06-10;2026-06-11;2026-06-18;2026-06-19;2026-06-26;2026-06-27;2026-07-05;2026-07-12;2026-07-13;2026-07-20;2026-07-21;2026-07-28;2026-07-29;2026-08-05;2026-08-06;2026-08-13;2026-08-14;2026-08-21;2026-08-22;2026-08-29;2026-08-30;2026-09-06;2026-09-15
1568,34.96491156684028,39.73211669921875,36,2026-06-02;2026-06-03;2026-06-10;2026-06-11;2026-06-18;2026-06-19;2026-06-26;2026-06-27;2026-07-05;2026-07-12;2026-07-13;2026-07-20;2026-07-21;2026-07-28;2026-07-29;2026-08-05;2026-08-06;2026-08-13;2026-08-14;2026-08-21;2026-08-22;2026-08-29;2026-08-30;2026-09-06;2026-09-15
1453,38.3158203125,41.04119873046875,35,2026-06-02;2026-06-03;2026-06-10;2026-06-11;2026-06-18;2026-06-19;2026-06-26;2026-06-27;2026-07-05;2026-07-12;2026-07-13;2026-07-20;2026-07-21;2026-07-28;2026-07-29;2026-08-05;2026-08-06;2026-08-13;2026-08-14;2026-08-21;2026-08-22;2026-08-29;2026-08-30;2026-09-06;2026-09-15
856,36.8573428883272,41.04803466796875,34,2026-06-02;2026-06-03;2026-06-10;2026-06-11;2026-06-18;2026-06-19;2026-06-26;2026-06-27;2026-07-05;2026-07-12;2026-07-13;2026-07-20;2026-07-21;2026-07-28;2026-07-29;2026-08-05;2026-08-06;2026-08-13;2026-08-14;2026-08-21;2026-08-22;2026-08-29;2026-08-30;2026-09-06;2026-09-15
1108,37.7342628272804,39.395416259765625,37,2026-06-02;2026-06-03;2026-06-10;2026-06-11;2026-06-18;2026-06-19;2026-06-26;2026-06-27;2026-07-05;2026-07-12;2026-07-13;2026-07-20;2026-07-21;2026-07-28;2026-07-29;2026-08-05;2026-08-06;2026-08-13;2026-08-14;2026-08-21;2026-08-22;2026-08-29;2026-08-30;2026-09-06;2026-09-15
22,38.98851776123047,40.243072509765625,32,2026-06-02;2026-06-03;2026-06-10;2026-06-11;2026-06-18;2026-06-19;2026-06-26;2026-06-27;2026-07-05;2026-07-12;2026-07-13;2026-07-20;2026-07-21;2026-07-28;2026-07-29;2026-08-05;2026-08-06;2026-08-13;2026-08-14;2026-08-21;2026-08-22;2026-08-29;2026-08-30;2026-09-06;2026-09-15
684,35.547190946691174,38.393951416015625,34,2026-06-02;2026-06-03;2026-06-10;2026-06-11;2026-06-18;2026-06-19;2026-06-26;2026-06-27;2026-07-05;2026-07-12;2026-07-13;2026-07-20;2026-07-21;2026-07-28;2026-07-29;2026-08-05;2026-08-06;2026-08-13;2026-08-14;2026-08-21;2026-08-22;2026-08-29;2026-08-30;2026-09-06;2026-09-15
1489,38.36826520647321,42.922821044921875,35,2026-06-02;2026-06-03;2026-06-10;2026-06-11;2026-06-18;2026-06-19;2026-06-26;2026-06-27;2026-07-05;2026-07-12;2026-07-13;2026-07-20;2026-07-21;2026-07-28;2026-07-29;2026-08-05;2026-08-06;2026-08-13;2026-08-14;2026-08-21;2026-08-22;2026-08-29;2026-08-30;2026-09-06;2026-09-15
934,36.645206451416016,38.694732666015625,32,2026-06-02;2026-06-03;2026-06-10;2026-06-11;2026-06-18;2026-06-19;2026-06-26;2026-06-27;2026-07-05;2026-07-12;2026-07-13;2026-07-20;2026-07-21;2026-07-28;2026-07-29;2026-08-05;2026-08-06;2026-08-13;2026-08-14;2026-08-21;2026-08-22;2026-08-29;2026-08-30;2026-09-06;2026-09-15
775,34.76080322265625,37.652252197265625,32,2026-06-02;2026-06-03;2026-06-10;2026-06-11;2026-06-18;2026-06-19;2026-06-26;2026-06-27;2026-07-05;2026-07-12;2026-07-13;2026-07-20;2026-07-21;2026-07-28;2026-07-29;2026-08-05;2026-08-06;2026-08-13;2026-08-14;2026-08-21;2026-08-22;2026-08-29;2026-08-30;2026-09-06;2026-09-15
531,34.842010498046875,40.48919677734375,36,2026-06-02;2026-06-03;2026-06-10;2026-06-11;2026-06-18;2026-06-19;2026-06-26;2026-06-27;2026-07-05;2026-07-12;2026-07-13;2026-07-20;2026-07-21;2026-07-28;2026-07-29;2026-08-05;2026-08-06;2026-08-13;2026-08-14;2026-08-21;2026-08-22;2026-08-29;2026-08-30;2026-09-06;2026-09-15
1440,36.5257667335304,37.611236572265625,37,2026-06-02;2026-06-03;2026-06-10;2026-06-11;2026-06-18;2026-06-19;2026-06-26;2026-06-27;2026-07-05;2026-07-12;2026-07-13;2026-07-20;2026-07-21;2026-07-28;2026-07-29;2026-08-05;2026-08-06;2026-08-13;2026-08-14;2026-08-21;2026-08-22;2026-08-29;2026-08-30;2026-09-06;2026-09-15
1011,39.730594635009766,40.70452880859375,32,2026-06-02;2026-06-03;2026-06-10;2026-06-11;2026-06-18;2026-06-19;2026-06-26;2026-06-27;2026-07-05;2026-07-12;2026-07-13;2026-07-20;2026-07-21;2026-07-28;2026-07-29;2026-08-05;2026-08-06;2026-08-13;2026-08-14;2026-08-21;2026-08-22;2026-08-29;2026-08-30;2026-09-06;2026-09-15
955,38.86698190789474,40.83441162109375,19,2026-06-02;2026-06-03;2026-06-10;2026-06-11;2026-06-18;2026-06-19;2026-06-26;2026-06-27;2026-07-05;2026-07-12;2026-07-13;2026-07-20;2026-07-21;2026-07-28;2026-07-29;2026-08-05;2026-08-06;2026-08-13;2026-08-14;2026-08-21;2026-08-22;2026-08-29;2026-08-30;2026-09-06;2026-09-15
1391,40.198025948660714,42.974090576171875,35,2026-06-02;2026-06-03;2026-06-10;2026-06-11;2026-06-18;2026-06-19;2026-06-26;2026-06-27;2026-07-05;2026-07-12;2026-07-13;2026-07-20;2026-07-21;2026-07-28;2026-07-29;2026-08-05;2026-08-06;2026-08-13;2026-08-14;2026-08-21;2026-08-22;2026-08-29;2026-08-30;2026-09-06;2026-09-15
595,36.733743106617645,40.56781005859375,34,2026-06-02;2026-06-03;2026-06-10;2026-06-11;2026-06-18;2026-06-19;2026-06-26;2026-06-27;2026-07-05;2026-07-12;2026-07-13;2026-07-20;2026-07-21;2026-07-28;2026-07-29;2026-08-05;2026-08-06;2026-08-13;2026-08-14;2026-08-21;2026-08-22;2026-08-29;2026-08-30;2026-09-06;2026-09-15
1089,43.65061383928571,45.57179260253906,35,2026-06-02;2026-06-03;2026-06-10;2026-06-11;2026-06-18;2026-06-19;2026-06-26;2026-06-27;2026-07-05;2026-07-12;2026-07-13;2026-07-20;2026-07-21;2026-07-28;2026-07-29;2026-08-05;2026-08-06;2026-08-13;2026-08-14;2026-08-21;2026-08-22;2026-08-29;2026-08-30;2026-09-06;2026-09-15
1057,38.37428283691406,40.079010009765625,8,2026-06-02;2026-06-03;2026-06-10;2026-06-11;2026-06-18;2026-06-19;2026-06-26;2026-06-27;2026-07-05;2026-07-12;2026-07-13;2026-07-20;2026-07-21;2026-07-28;2026-07-29;2026-08-05;2026-08-06;2026-08-13;2026-08-14;2026-08-21;2026-08-22;2026-08-29;2026-08-30;2026-09-06;2026-09-15
743,40.603122287326386,42.403289794921875,36,2026-06-02;2026-06-03;2026-06-10;2026-06-11;2026-06-18;2026-06-19;2026-06-26;2026-06-27;2026-07-05;2026-07-12;2026-07-13;2026-07-20;2026-07-21;2026-07-28;2026-07-29;2026-08-05;2026-08-06;2026-08-13;2026-08-14;2026-08-21;2026-08-22;2026-08-29;2026-08-30;2026-09-06;2026-09-15
1600,42.70793108258928,44.93603515625,35,2026-06-02;2026-06-03;2026-06-10;2026-06-11;2026-06-18;2026-06-19;2026-06-26;2026-06-27;2026-07-05;2026-07-12;2026-07-13;2026-07-20;2026-07-21;2026-07-28;2026-07-29;2026-08-05;2026-08-06;2026-08-13;2026-08-14;2026-08-21;2026-08-22;2026-08-29;2026-08-30;2026-09-06;2026-09-15
42,37.139489067925346,38.270904541015625,36,2026-06-02;2026-06-03;2026-06-10;2026-06-11;2026-06-18;2026-06-19;2026-06-26;2026-06-27;2026-07-05;2026-07-12;2026-07-13;2026-07-20;2026-07-21;2026-07-28;2026-07-29;2026-08-05;2026-08-06;2026-08-13;2026-08-14;2026-08-21;2026-08-22;2026-08-29;2026-08-30;2026-09-06;2026-09-15
627,37.19940185546875,38.084625244140625,36,2026-06-02;2026-06-03;2026-06-10;2026-06-11;2026-06-18;2026-06-19;2026-06-26;2026-06-27;2026-07-05;2026-07-12;2026-07-13;2026-07-20;2026-07-21;2026-07-28;2026-07-29;2026-08-05;2026-08-06;2026-08-13;2026-08-14;2026-08-21;2026-08-22;2026-08-29;2026-08-30;2026-09-06;2026-09-15
1549,40.87271656709559,41.894012451171875,34,2026-06-02;2026-06-03;2026-06-10;2026-06-11;2026-06-18;2026-06-19;2026-06-26;2026-06-27;2026-07-05;2026-07-12;2026-07-13;2026-07-20;2026-07-21;2026-07-28;2026-07-29;2026-08-05;2026-08-06;2026-08-13;2026-08-14;2026-08-21;2026-08-22;2026-08-29;2026-08-30;2026-09-06;2026-09-15
98,39.989013671875,40.51312255859375,3,2026-06-02;2026-06-03;2026-06-10;2026-06-11;2026-06-18;2026-06-19;2026-06-26;2026-06-27;2026-07-05;2026-07-12;2026-07-13;2026-07-20;2026-07-21;2026-07-28;2026-07-29;2026-08-05;2026-08-06;2026-08-13;2026-08-14;2026-08-21;2026-08-22;2026-08-29;2026-08-30;2026-09-06;2026-09-15
1306,44.01980411305147,45.438507080078125,34,2026-06-02;2026-06-03;2026-06-10;2026-06-11;2026-06-18;2026-06-19;2026-06-26;2026-06-27;2026-07-05;2026-07-12;2026-07-13;2026-07-20;2026-07-21;2026-07-28;2026-07-29;2026-08-05;2026-08-06;2026-08-13;2026-08-14;2026-08-21;2026-08-22;2026-08-29;2026-08-30;2026-09-06;2026-09-15
1278,32.619252232142856,33.829193115234375,35,2026-06-02;2026-06-03;2026-06-10;2026-06-11;2026-06-18;2026-06-19;2026-06-26;2026-06-27;2026-07-05;2026-07-12;2026-07-13;2026-07-20;2026-07-21;2026-07-28;2026-07-29;2026-08-05;2026-08-06;2026-08-13;2026-08-14;2026-08-21;2026-08-22;2026-08-29;2026-08-30;2026-09-06;2026-09-15
514,34.210891311233105,36.2303466796875,37,2026-06-02;2026-06-03;2026-06-10;2026-06-11;2026-06-18;2026-06-19;2026-06-26;2026-06-27;2026-07-05;2026-07-12;2026-07-13;2026-07-20;2026-07-21;2026-07-28;2026-07-29;2026-08-05;2026-08-06;2026-08-13;2026-08-14;2026-08-21;2026-08-22;2026-08-29;2026-08-30;2026-09-06;2026-09-15
706,38.53589215959821,39.446685791015625,35,2026-06-02;2026-06-03;2026-06-10;2026-06-11;2026-06-18;2026-06-19;2026-06-26;2026-06-27;2026-07-05;2026-07-12;2026-07-13;2026-07-20;2026-07-21;2026-07-28;2026-07-29;2026-08-05;2026-08-06;2026-08-13;2026-08-14;2026-08-21;2026-08-22;2026-08-29;2026-08-30;2026-09-06;2026-09-15
814,35.24028778076172,40.45843505859375,32,2026-06-02;2026-06-03;2026-06-10;2026-06-11;2026-06-18;2026-06-19;2026-06-26;2026-06-27;2026-07-05;2026-07-12;2026-07-13;2026-07-20;2026-07-21;2026-07-28;2026-07-29;2026-08-05;2026-08-06;2026-08-13;2026-08-14;2026-08-21;2026-08-22;2026-08-29;2026-08-30;2026-09-06;2026-09-15
438,44.7236328125,45.07275390625,7,2026-06-02;2026-06-03;2026-06-10;2026-06-11;2026-06-18;2026-06-19;2026-06-26;2026-06-27;2026-07-05;2026-07-12;2026-07-13;2026-07-20;2026-07-21;2026-07-28;2026-07-29;2026-08-05;2026-08-06;2026-08-13;2026-08-14;2026-08-21;2026-08-22;2026-08-29;2026-08-30;2026-09-06;2026-09-15
124,37.727542877197266,39.280914306640625,32,2026-06-02;2026-06-03;2026-06-10;2026-06-11;2026-06-18;2026-06-19;2026-06-26;2026-06-27;2026-07-05;2026-07-12;2026-07-13;2026-07-20;2026-07-21;2026-07-28;2026-07-29;2026-08-05;2026-08-06;2026-08-13;2026-08-14;2026-08-21;2026-08-22;2026-08-29;2026-08-30;2026-09-06;2026-09-15
1620,43.154296875,45.2197265625,36,2026-06-02;2026-06-03;2026-06-10;2026-06-11;2026-06-18;2026-06-19;2026-06-26;2026-06-27;2026-07-05;2026-07-12;2026-07-13;2026-07-20;2026-07-21;2026-07-28;2026-07-29;2026-08-05;2026-08-06;2026-08-13;2026-08-14;2026-08-21;2026-08-22;2026-08-29;2026-08-30;2026-09-06;2026-09-15
182,32.80236457375919,35.594573974609375,34,2026-06-02;2026-06-03;2026-06-10;2026-06-11;2026-06-18;2026-06-19;2026-06-26;2026-06-27;2026-07-05;2026-07-12;2026-07-13;2026-07-20;2026-07-21;2026-07-28;2026-07-29;2026-08-05;2026-08-06;2026-08-13;2026-08-14;2026-08-21;2026-08-22;2026-08-29;2026-08-30;2026-09-06;2026-09-15
1267,39.41563546316964,40.92669677734375,35,2026-06-02;2026-06-03;2026-06-10;2026-06-11;2026-06-18;2026-06-19;2026-06-26;2026-06-27;2026-07-05;2026-07-12;2026-07-13;2026-07-20;2026-07-21;2026-07-28;2026-07-29;2026-08-05;2026-08-06;2026-08-13;2026-08-14;2026-08-21;2026-08-22;2026-08-29;2026-08-30;2026-09-06;2026-09-15
218,35.88213094075521,38.284576416015625,36,2026-06-02;2026-06-03;2026-06-10;2026-06-11;2026-06-18;2026-06-19;2026-06-26;2026-06-27;2026-07-05;2026-07-12;2026-07-13;2026-07-20;2026-07-21;2026-07-28;2026-07-29;2026-08-05;2026-08-06;2026-08-13;2026-08-14;2026-08-21;2026-08-22;2026-08-29;2026-08-30;2026-09-06;2026-09-15
1470,35.578582763671875,39.306549072265625,22,2026-06-02;2026-06-03;2026-06-10;2026-06-11;2026-06-18;2026-06-19;2026-06-26;2026-06-27;2026-07-05;2026-07-12;2026-07-13;2026-07-20;2026-07-21;2026-07-28;2026-07-29;2026-08-05;2026-08-06;2026-08-13;2026-08-14;2026-08-21;2026-08-22;2026-08-29;2026-08-30;2026-09-06;2026-09-15
307,39.30645577566964,42.126434326171875,35,2026-06-02;2026-06-03;2026-06-10;2026-06-11;2026-06-18;2026-06-19;2026-06-26;2026-06-27;2026-07-05;2026-07-12;2026-07-13;2026-07-20;2026-07-21;2026-07-28;2026-07-29;2026-08-05;2026-08-06;2026-08-13;2026-08-14;2026-08-21;2026-08-22;2026-08-29;2026-08-30;2026-09-06;2026-09-15
1046,32.610508510044646,33.926605224609375,35,2026-06-02;2026-06-03;2026-06-10;2026-06-11;2026-06-18;2026-06-19;2026-06-26;2026-06-27;2026-07-05;2026-07-12;2026-07-13;2026-07-20;2026-07-21;2026-07-28;2026-07-29;2026-08-05;2026-08-06;2026-08-13;2026-08-14;2026-08-21;2026-08-22;2026-08-29;2026-08-30;2026-09-06;2026-09-15
670,33.08019670758929,36.076507568359375,35,2026-06-02;2026-06-03;2026-06-10;2026-06-11;2026-06-18;2026-06-19;2026-06-26;2026-06-27;2026-07-05;2026-07-12;2026-07-13;2026-07-20;2026-07-21;2026-07-28;2026-07-29;2026-08-05;2026-08-06;2026-08-13;2026-08-14;2026-08-21;2026-08-22;2026-08-29;2026-08-30;2026-09-06;2026-09-15
1317,42.015526024070944,43.616668701171875,37,2026-06-02;2026-06-03;2026-06-10;2026-06-11;2026-06-18;2026-06-19;2026-06-26;2026-06-27;2026-07-05;2026-07-12;2026-07-13;2026-07-20;2026-07-21;2026-07-28;2026-07-29;2026-08-05;2026-08-06;2026-08-13;2026-08-14;2026-08-21;2026-08-22;2026-08-29;2026-08-30;2026-09-06;2026-09-15
426,38.26044224330357,39.703033447265625,35,2026-06-02;2026-06-03;2026-06-10;2026-06-11;2026-06-18;2026-06-19;2026-06-26;2026-06-27;2026-07-05;2026-07-12;2026-07-13;2026-07-20;2026-07-21;2026-07-28;2026-07-29;2026-08-05;2026-08-06;2026-08-13;2026-08-14;2026-08-21;2026-08-22;2026-08-29;2026-08-30;2026-09-06;2026-09-15
1119,34.97314453125,36.9959716796875,32,2026-06-02;2026-06-03;2026-06-10;2026-06-11;2026-06-18;2026-06-19;2026-06-26;2026-06-27;2026-07-05;2026-07-12;2026-07-13;2026-07-20;2026-07-21;2026-07-28;2026-07-29;2026-08-05;2026-08-06;2026-08-13;2026-08-14;2026-08-21;2026-08-22;2026-08-29;2026-08-30;2026-09-06;2026-09-15
980,33.688895089285715,37.624908447265625,35,2026-06-02;2026-06-03;2026-06-10;2026-06-11;2026-06-18;2026-06-19;2026-06-26;2026-06-27;2026-07-05;2026-07-12;2026-07-13;2026-07-20;2026-07-21;2026-07-28;2026-07-29;2026-08-05;2026-08-06;2026-08-13;2026-08-14;2026-08-21;2026-08-22;2026-08-29;2026-08-30;2026-09-06;2026-09-15
237,40.25227399553572,42.610076904296875,35,2026-06-02;2026-06-03;2026-06-10;2026-06-11;2026-06-18;2026-06-19;2026-06-26;2026-06-27;2026-07-05;2026-07-12;2026-07-13;2026-07-20;2026-07-21;2026-07-28;2026-07-29;2026-08-05;2026-08-06;2026-08-13;2026-08-14;2026-08-21;2026-08-22;2026-08-29;2026-08-30;2026-09-06;2026-09-15
101,40.934276683910475,42.266571044921875,37,2026-06-02;2026-06-03;2026-06-10;2026-06-11;2026-06-18;2026-06-19;2026-06-26;2026-06-27;2026-07-05;2026-07-12;2026-07-13;2026-07-20;2026-07-21;2026-07-28;2026-07-29;2026-08-05;2026-08-06;2026-08-13;2026-08-14;2026-08-21;2026-08-22;2026-08-29;2026-08-30;2026-09-06;2026-09-15
1177,36.96014404296875,42.751922607421875,32,2026-06-02;2026-06-03;2026-06-10;2026-06-11;2026-06-18;2026-06-19;2026-06-26;2026-06-27;2026-07-05;2026-07-12;2026-07-13;2026-07-20;2026-07-21;2026-07-28;2026-07-29;2026-08-05;2026-08-06;2026-08-13;2026-08-14;2026-08-21;2026-08-22;2026-08-29;2026-08-30;2026-09-06;2026-09-15
671,31.684078543526784,33.851409912109375,35,2026-06-02;2026-06-03;2026-06-10;2026-06-11;2026-06-18;2026-06-19;2026-06-26;2026-06-27;2026-07-05;2026-07-12;2026-07-13;2026-07-20;2026-07-21;2026-07-28;2026-07-29;2026-08-05;2026-08-06;2026-08-13;2026-08-14;2026-08-21;2026-08-22;2026-08-29;2026-08-30;2026-09-06;2026-09-15
184,33.074432373046875,36.086761474609375,32,2026-06-02;2026-06-03;2026-06-10;2026-06-11;2026-06-18;2026-06-19;2026-06-26;2026-06-27;2026-07-05;2026-07-12;2026-07-13;2026-07-20;2026-07-21;2026-07-28;2026-07-29;2026-08-05;2026-08-06;2026-08-13;2026-08-14;2026-08-21;2026-08-22;2026-08-29;2026-08-30;2026-09-06;2026-09-15
1351,39.148102678571426,40.032867431640625,35,2026-06-02;2026-06-03;2026-06-10;2026-06-11;2026-06-18;2026-06-19;2026-06-26;2026-06-27;2026-07-05;2026-07-12;2026-07-13;2026-07-20;2026-07-21;2026-07-28;2026-07-29;2026-08-05;2026-08-06;2026-08-13;2026-08-14;2026-08-21;2026-08-22;2026-08-29;2026-08-30;2026-09-06;2026-09-15
2,40.1463134765625,42.191375732421875,35,2026-06-02;2026-06-03;2026-06-10;2026-06-11;2026-06-18;2026-06-19;2026-06-26;2026-06-27;2026-07-05;2026-07-12;2026-07-13;2026-07-20;2026-07-21;2026-07-28;2026-07-29;2026-08-05;2026-08-06;2026-08-13;2026-08-14;2026-08-21;2026-08-22;2026-08-29;2026-08-30;2026-09-06;2026-09-15
7,36.99240650850184,39.23136901855469,34,2026-06-02;2026-06-03;2026-06-10;2026-06-11;2026-06-18;2026-06-19;2026-06-26;2026-06-27;2026-07-05;2026-07-12;2026-07-13;2026-07-20;2026-07-21;2026-07-28;2026-07-29;2026-08-05;2026-08-06;2026-08-13;2026-08-14;2026-08-21;2026-08-22;2026-08-29;2026-08-30;2026-09-06;2026-09-15
589,35.86731974283854,37.648834228515625,36,2026-06-02;2026-06-03;2026-06-10;2026-06-11;2026-06-18;2026-06-19;2026-06-26;2026-06-27;2026-07-05;2026-07-12;2026-07-13;2026-07-20;2026-07-21;2026-07-28;2026-07-29;2026-08-05;2026-08-06;2026-08-13;2026-08-14;2026-08-21;2026-08-22;2026-08-29;2026-08-30;2026-09-06;2026-09-15
609,38.76621791294643,40.76947021484375,35,2026-06-02;2026-06-03;2026-06-10;2026-06-11;2026-06-18;2026-06-19;2026-06-26;2026-06-27;2026-07-05;2026-07-12;2026-07-13;2026-07-20;2026-07-21;2026-07-28;2026-07-29;2026-08-05;2026-08-06;2026-08-13;2026-08-14;2026-08-21;2026-08-22;2026-08-29;2026-08-30;2026-09-06;2026-09-15
87,38.067924948299634,39.31852722167969,34,2026-06-02;2026-06-03;2026-06-10;2026-06-11;2026-06-18;2026-06-19;2026-06-26;2026-06-27;2026-07-05;2026-07-12;2026-07-13;2026-07-20;2026-07-21;2026-07-28;2026-07-29;2026-08-05;2026-08-06;2026-08-13;2026-08-14;2026-08-21;2026-08-22;2026-08-29;2026-08-30;2026-09-06;2026-09-15
811,41.04537425321691,45.207763671875,34,2026-06-02;2026-06-03;2026-06-10;2026-06-11;2026-06-18;2026-06-19;2026-06-26;2026-06-27;2026-07-05;2026-07-12;2026-07-13;2026-07-20;2026-07-21;2026-07-28;2026-07-29;2026-08-05;2026-08-06;2026-08-13;2026-08-14;2026-08-21;2026-08-22;2026-08-29;2026-08-30;2026-09-06;2026-09-15
556,38.25532362196181,39.79191589355469,36,2026-06-02;2026-06-03;2026-06-10;2026-06-11;2026-06-18;2026-06-19;2026-06-26;2026-06-27;2026-07-05;2026-07-12;2026-07-13;2026-07-20;2026-07-21;2026-07-28;2026-07-29;2026-08-05;2026-08-06;2026-08-13;2026-08-14;2026-08-21;2026-08-22;2026-08-29;2026-08-30;2026-09-06;2026-09-15
711,35.86552734375,37.0643310546875,35,2026-06-02;2026-06-03;2026-06-10;2026-06-11;2026-06-18;2026-06-19;2026-06-26;2026-06-27;2026-07-05;2026-07-12;2026-07-13;2026-07-20;2026-07-21;2026-07-28;2026-07-29;2026-08-05;2026-08-06;2026-08-13;2026-08-14;2026-08-21;2026-08-22;2026-08-29;2026-08-30;2026-09-06;2026-09-15
1173,43.922998046875,48.172882080078125,25,2026-06-02;2026-06-03;2026-06-10;2026-06-11;2026-06-18;2026-06-19;2026-06-26;2026-06-27;2026-07-05;2026-07-12;2026-07-13;2026-07-20;2026-07-21;2026-07-28;2026-07-29;2026-08-05;2026-08-06;2026-08-13;2026-08-14;2026-08-21;2026-08-22;2026-08-29;2026-08-30;2026-09-06;2026-09-15
716,41.44872349330357,44.266082763671875,35,2026-06-02;2026-06-03;2026-06-10;2026-06-11;2026-06-18;2026-06-19;2026-06-26;2026-06-27;2026-07-05;2026-07-12;2026-07-13;2026-07-20;2026-07-21;2026-07-28;2026-07-29;2026-08-05;2026-08-06;2026-08-13;2026-08-14;2026-08-21;2026-08-22;2026-08-29;2026-08-30;2026-09-06;2026-09-15
1082,37.979271782769096,44.296844482421875,36,2026-06-02;2026-06-03;2026-06-10;2026-06-11;2026-06-18;2026-06-19;2026-06-26;2026-06-27;2026-07-05;2026-07-12;2026-07-13;2026-07-20;2026-07-21;2026-07-28;2026-07-29;2026-08-05;2026-08-06;2026-08-13;2026-08-14;2026-08-21;2026-08-22;2026-08-29;2026-08-30;2026-09-06;2026-09-15
1015,38.57671780056424,41.18475341796875,36,2026-06-02;2026-06-03;2026-06-10;2026-06-11;2026-06-18;2026-06-19;2026-06-26;2026-06-27;2026-07-05;2026-07-12;2026-07-13;2026-07-20;2026-07-21;2026-07-28;2026-07-29;2026-08-05;2026-08-06;2026-08-13;2026-08-14;2026-08-21;2026-08-22;2026-08-29;2026-08-30;2026-09-06;2026-09-15
1081,44.24193657769097,46.115264892578125,36,2026-06-02;2026-06-03;2026-06-10;2026-06-11;2026-06-18;2026-06-19;2026-06-26;2026-06-27;2026-07-05;2026-07-12;2026-07-13;2026-07-20;2026-07-21;2026-07-28;2026-07-29;2026-08-05;2026-08-06;2026-08-13;2026-08-14;2026-08-21;2026-08-22;2026-08-29;2026-08-30;2026-09-06;2026-09-15
1479,38.751129150390625,39.532135009765625,4,2026-06-02;2026-06-03;2026-06-10;2026-06-11;2026-06-18;2026-06-19;2026-06-26;2026-06-27;2026-07-05;2026-07-12;2026-07-13;2026-07-20;2026-07-21;2026-07-28;2026-07-29;2026-08-05;2026-08-06;2026-08-13;2026-08-14;2026-08-21;2026-08-22;2026-08-29;2026-08-30;2026-09-06;2026-09-15
419,37.857981962316174,38.821197509765625,34,2026-06-02;2026-06-03;2026-06-10;2026-06-11;2026-06-18;2026-06-19;2026-06-26;2026-06-27;2026-07-05;2026-07-12;2026-07-13;2026-07-20;2026-07-21;2026-07-28;2026-07-29;2026-08-05;2026-08-06;2026-08-13;2026-08-14;2026-08-21;2026-08-22;2026-08-29;2026-08-30;2026-09-06;2026-09-15
1319,35.42064666748047,37.1531982421875,32,2026-06-02;2026-06-03;2026-06-10;2026-06-11;2026-06-18;2026-06-19;2026-06-26;2026-06-27;2026-07-05;2026-07-12;2026-07-13;2026-07-20;2026-07-21;2026-07-28;2026-07-29;2026-08-05;2026-08-06;2026-08-13;2026-08-14;2026-08-21;2026-08-22;2026-08-29;2026-08-30;2026-09-06;2026-09-15
201,40.070095486111114,42.581024169921875,36,2026-06-02;2026-06-03;2026-06-10;2026-06-11;2026-06-18;2026-06-19;2026-06-26;2026-06-27;2026-07-05;2026-07-12;2026-07-13;2026-07-20;2026-07-21;2026-07-28;2026-07-29;2026-08-05;2026-08-06;2026-08-13;2026-08-14;2026-08-21;2026-08-22;2026-08-29;2026-08-30;2026-09-06;2026-09-15
203,38.098473442925346,39.02629089355469,36,2026-06-02;2026-06-03;2026-06-10;2026-06-11;2026-06-18;2026-06-19;2026-06-26;2026-06-27;2026-07-05;2026-07-12;2026-07-13;2026-07-20;2026-07-21;2026-07-28;2026-07-29;2026-08-05;2026-08-06;2026-08-13;2026-08-14;2026-08-21;2026-08-22;2026-08-29;2026-08-30;2026-09-06;2026-09-15
9,39.71732105928309,42.922821044921875,34,2026-06-02;2026-06-03;2026-06-10;2026-06-11;2026-06-18;2026-06-19;2026-06-26;2026-06-27;2026-07-05;2026-07-12;2026-07-13;2026-07-20;2026-07-21;2026-07-28;2026-07-29;2026-08-05;2026-08-06;2026-08-13;2026-08-14;2026-08-21;2026-08-22;2026-08-29;2026-08-30;2026-09-06;2026-09-15
1153,42.6181209788603,44.947998046875,34,2026-06-02;2026-06-03;2026-06-10;2026-06-11;2026-06-18;2026-06-19;2026-06-26;2026-06-27;2026-07-05;2026-07-12;2026-07-13;2026-07-20;2026-07-21;2026-07-28;2026-07-29;2026-08-05;2026-08-06;2026-08-13;2026-08-14;2026-08-21;2026-08-22;2026-08-29;2026-08-30;2026-09-06;2026-09-15
1551,39.698353794642856,42.232391357421875,35,2026-06-02;2026-06-03;2026-06-10;2026-06-11;2026-06-18;2026-06-19;2026-06-26;2026-06-27;2026-07-05;2026-07-12;2026-07-13;2026-07-20;2026-07-21;2026-07-28;2026-07-29;2026-08-05;2026-08-06;2026-08-13;2026-08-14;2026-08-21;2026-08-22;2026-08-29;2026-08-30;2026-09-06;2026-09-15
1054,40.648133973817565,43.102264404296875,37,2026-06-02;2026-06-03;2026-06-10;2026-06-11;2026-06-18;2026-06-19;2026-06-26;2026-06-27;2026-07-05;2026-07-12;2026-07-13;2026-07-20;2026-07-21;2026-07-28;2026-07-29;2026-08-05;2026-08-06;2026-08-13;2026-08-14;2026-08-21;2026-08-22;2026-08-29;2026-08-30;2026-09-06;2026-09-15
1389,37.43841029575893,39.73381042480469,35,2026-06-02;2026-06-03;2026-06-10;2026-06-11;2026-06-18;2026-06-19;2026-06-26;2026-06-27;2026-07-05;2026-07-12;2026-07-13;2026-07-20;2026-07-21;2026-07-28;2026-07-29;2026-08-05;2026-08-06;2026-08-13;2026-08-14;2026-08-21;2026-08-22;2026-08-29;2026-08-30;2026-09-06;2026-09-15
279,36.14056735568576,38.284576416015625,36,2026-06-02;2026-06-03;2026-06-10;2026-06-11;2026-06-18;2026-06-19;2026-06-26;2026-06-27;2026-07-05;2026-07-12;2026-07-13;2026-07-20;2026-07-21;2026-07-28;2026-07-29;2026-08-05;2026-08-06;2026-08-13;2026-08-14;2026-08-21;2026-08-22;2026-08-29;2026-08-30;2026-09-06;2026-09-15
1372,41.006385803222656,41.948699951171875,32,2026-06-02;2026-06-03;2026-06-10;2026-06-11;2026-06-18;2026-06-19;2026-06-26;2026-06-27;2026-07-05;2026-07-12;2026-07-13;2026-07-20;2026-07-21;2026-07-28;2026-07-29;2026-08-05;2026-08-06;2026-08-13;2026-08-14;2026-08-21;2026-08-22;2026-08-29;2026-08-30;2026-09-06;2026-09-15
947,36.554659598214286,39.952545166015625,35,2026-06-02;2026-06-03;2026-06-10;2026-06-11;2026-06-18;2026-06-19;2026-06-26;2026-06-27;2026-07-05;2026-07-12;2026-07-13;2026-07-20;2026-07-21;2026-07-28;2026-07-29;2026-08-05;2026-08-06;2026-08-13;2026-08-14;2026-08-21;2026-08-22;2026-08-29;2026-08-30;2026-09-06;2026-09-15
110,37.209126790364586,40.81390380859375,36,2026-06-02;2026-06-03;2026-06-10;2026-06-11;2026-06-18;2026-06-19;2026-06-26;2026-06-27;2026-07-05;2026-07-12;2026-07-13;2026-07-20;2026-07-21;2026-07-28;2026-07-29;2026-08-05;2026-08-06;2026-08-13;2026-08-14;2026-08-21;2026-08-22;2026-08-29;2026-08-30;2026-09-06;2026-09-15
1206,41.00189732142857,42.622039794921875,35,2026-06-02;2026-06-03;2026-06-10;2026-06-11;2026-06-18;2026-06-19;2026-06-26;2026-06-27;2026-07-05;2026-07-12;2026-07-13;2026-07-20;2026-07-21;2026-07-28;2026-07-29;2026-08-05;2026-08-06;2026-08-13;2026-08-14;2026-08-21;2026-08-22;2026-08-29;2026-08-30;2026-09-06;2026-09-15
1216,41.21135711669922,42.622039794921875,32,2026-06-02;2026-06-03;2026-06-10;2026-06-11;2026-06-18;2026-06-19;2026-06-26;2026-06-27;2026-07-05;2026-07-12;2026-07-13;2026-07-20;2026-07-21;2026-07-28;2026-07-29;2026-08-05;2026-08-06;2026-08-13;2026-08-14;2026-08-21;2026-08-22;2026-08-29;2026-08-30;2026-09-06;2026-09-15
533,42.21092393663194,46.569854736328125,36,2026-06-02;2026-06-03;2026-06-10;2026-06-11;2026-06-18;2026-06-19;2026-06-26;2026-06-27;2026-07-05;2026-07-12;2026-07-13;2026-07-20;2026-07-21;2026-07-28;2026-07-29;2026-08-05;2026-08-06;2026-08-13;2026-08-14;2026-08-21;2026-08-22;2026-08-29;2026-08-30;2026-09-06;2026-09-15
993,37.53250503540039,38.482818603515625,32,2026-06-02;2026-06-03;2026-06-10;2026-06-11;2026-06-18;2026-06-19;2026-06-26;2026-06-27;2026-07-05;2026-07-12;2026-07-13;2026-07-20;2026-07-21;2026-07-28;2026-07-29;2026-08-05;2026-08-06;2026-08-13;2026-08-14;2026-08-21;2026-08-22;2026-08-29;2026-08-30;2026-09-06;2026-09-15
1333,40.17761579241071,41.90937805175781,35,2026-06-02;2026-06-03;2026-06-10;2026-06-11;2026-06-18;2026-06-19;2026-06-26;2026-06-27;2026-07-05;2026-07-12;2026-07-13;2026-07-20;2026-07-21;2026-07-28;2026-07-29;2026-08-05;2026-08-06;2026-08-13;2026-08-14;2026-08-21;2026-08-22;2026-08-29;2026-08-30;2026-09-06;2026-09-15
759,35.3354325727983,36.5482177734375,22,2026-06-02;2026-06-03;2026-06-10;2026-06-11;2026-06-18;2026-06-19;2026-06-26;2026-06-27;2026-07-05;2026-07-12;2026-07-13;2026-07-20;2026-07-21;2026-07-28;2026-07-29;2026-08-05;2026-08-06;2026-08-13;2026-08-14;2026-08-21;2026-08-22;2026-08-29;2026-08-30;2026-09-06;2026-09-15
1349,40.23333217075893,41.70257568359375,35,2026-06-02;2026-06-03;2026-06-10;2026-06-11;2026-06-18;2026-06-19;2026-06-26;2026-06-27;2026-07-05;2026-07-12;2026-07-13;2026-07-20;2026-07-21;2026-07-28;2026-07-29;2026-08-05;2026-08-06;2026-08-13;2026-08-14;2026-08-21;2026-08-22;2026-08-29;2026-08-30;2026-09-06;2026-09-15
360,34.61357421875,37.55140686035156,35,2026-06-02;2026-06-03;2026-06-10;2026-06-11;2026-06-18;2026-06-19;2026-06-26;2026-06-27;2026-07-05;2026-07-12;2026-07-13;2026-07-20;2026-07-21;2026-07-28;2026-07-29;2026-08-05;2026-08-06;2026-08-13;2026-08-14;2026-08-21;2026-08-22;2026-08-29;2026-08-30;2026-09-06;2026-09-15
666,36.608726501464844,37.70521545410156,32,2026-06-02;2026-06-03;2026-06-10;2026-06-11;2026-06-18;2026-06-19;2026-06-26;2026-06-27;2026-07-05;2026-07-12;2026-07-13;2026-07-20;2026-07-21;2026-07-28;2026-07-29;2026-08-05;2026-08-06;2026-08-13;2026-08-14;2026-08-21;2026-08-22;2026-08-29;2026-08-30;2026-09-06;2026-09-15
946,35.457763671875,40.16448974609375,34,2026-06-02;2026-06-03;2026-06-10;2026-06-11;2026-06-18;2026-06-19;2026-06-26;2026-06-27;2026-07-05;2026-07-12;2026-07-13;2026-07-20;2026-07-21;2026-07-28;2026-07-29;2026-08-05;2026-08-06;2026-08-13;2026-08-14;2026-08-21;2026-08-22;2026-08-29;2026-08-30;2026-09-06;2026-09-15
1120,35.92656947544643,39.210845947265625,35,2026-06-02;2026-06-03;2026-06-10;2026-06-11;2026-06-18;2026-06-19;2026-06-26;2026-06-27;2026-07-05;2026-07-12;2026-07-13;2026-07-20;2026-07-21;2026-07-28;2026-07-29;2026-08-05;2026-08-06;2026-08-13;2026-08-14;2026-08-21;2026-08-22;2026-08-29;2026-08-30;2026-09-06;2026-09-15
1610,40.92791922433036,46.204132080078125,35,2026-06-02;2026-06-03;2026-06-10;2026-06-11;2026-06-18;2026-06-19;2026-06-26;2026-06-27;2026-07-05;2026-07-12;2026-07-13;2026-07-20;2026-07-21;2026-07-28;2026-07-29;2026-08-05;2026-08-06;2026-08-13;2026-08-14;2026-08-21;2026-08-22;2026-08-29;2026-08-30;2026-09-06;2026-09-15
1140,39.948416573660715,42.844207763671875,35,2026-06-02;2026-06-03;2026-06-10;2026-06-11;2026-06-18;2026-06-19;2026-06-26;2026-06-27;2026-07-05;2026-07-12;2026-07-13;2026-07-20;2026-07-21;2026-07-28;2026-07-29;2026-08-05;2026-08-06;2026-08-13;2026-08-14;2026-08-21;2026-08-22;2026-08-29;2026-08-30;2026-09-06;2026-09-15
97,39.06177462064303,42.235809326171875,26,2026-06-02;2026-06-03;2026-06-10;2026-06-11;2026-06-18;2026-06-19;2026-06-26;2026-06-27;2026-07-05;2026-07-12;2026-07-13;2026-07-20;2026-07-21;2026-07-28;2026-07-29;2026-08-05;2026-08-06;2026-08-13;2026-08-14;2026-08-21;2026-08-22;2026-08-29;2026-08-30;2026-09-06;2026-09-15
349,38.84547334558823,40.38836669921875,34,2026-06-02;2026-06-03;2026-06-10;2026-06-11;2026-06-18;2026-06-19;2026-06-26;2026-06-27;2026-07-05;2026-07-12;2026-07-13;2026-07-20;2026-07-21;2026-07-28;2026-07-29;2026-08-05;2026-08-06;2026-08-13;2026-08-14;2026-08-21;2026-08-22;2026-08-29;2026-08-30;2026-09-06;2026-09-15
1183,41.30685245289522,45.633331298828125,34,2026-06-02;2026-06-03;2026-06-10;2026-06-11;2026-06-18;2026-06-19;2026-06-26;2026-06-27;2026-07-05;2026-07-12;2026-07-13;2026-07-20;2026-07-21;2026-07-28;2026-07-29;2026-08-05;2026-08-06;2026-08-13;2026-08-14;2026-08-21;2026-08-22;2026-08-29;2026-08-30;2026-09-06;2026-09-15
784,39.23454996744792,40.86517333984375,15,2026-06-02;2026-06-03;2026-06-10;2026-06-11;2026-06-18;2026-06-19;2026-06-26;2026-06-27;2026-07-05;2026-07-12;2026-07-13;2026-07-20;2026-07-21;2026-07-28;2026-07-29;2026-08-05;2026-08-06;2026-08-13;2026-08-14;2026-08-21;2026-08-22;2026-08-29;2026-08-30;2026-09-06;2026-09-15
26,43.916940400094695,44.44212341308594,33,2026-06-02;2026-06-03;2026-06-10;2026-06-11;2026-06-18;2026-06-19;2026-06-26;2026-06-27;2026-07-05;2026-07-12;2026-07-13;2026-07-20;2026-07-21;2026-07-28;2026-07-29;2026-08-05;2026-08-06;2026-08-13;2026-08-14;2026-08-21;2026-08-22;2026-08-29;2026-08-30;2026-09-06;2026-09-15
1301,38.879536396748314,41.569305419921875,37,2026-06-02;2026-06-03;2026-06-10;2026-06-11;2026-06-18;2026-06-19;2026-06-26;2026-06-27;2026-07-05;2026-07-12;2026-07-13;2026-07-20;2026-07-21;2026-07-28;2026-07-29;2026-08-05;2026-08-06;2026-08-13;2026-08-14;2026-08-21;2026-08-22;2026-08-29;2026-08-30;2026-09-06;2026-09-15
342,37.254038783482144,39.518463134765625,35,2026-06-02;2026-06-03;2026-06-10;2026-06-11;2026-06-18;2026-06-19;2026-06-26;2026-06-27;2026-07-05;2026-07-12;2026-07-13;2026-07-20;2026-07-21;2026-07-28;2026-07-29;2026-08-05;2026-08-06;2026-08-13;2026-08-14;2026-08-21;2026-08-22;2026-08-29;2026-08-30;2026-09-06;2026-09-15
1058,41.99461364746094,44.088348388671875,32,2026-06-02;2026-06-03;2026-06-10;2026-06-11;2026-06-18;2026-06-19;2026-06-26;2026-06-27;2026-07-05;2026-07-12;2026-07-13;2026-07-20;2026-07-21;2026-07-28;2026-07-29;2026-08-05;2026-08-06;2026-08-13;2026-08-14;2026-08-21;2026-08-22;2026-08-29;2026-08-30;2026-09-06;2026-09-15
1289,42.11674329969618,44.81298828125,36,2026-06-02;2026-06-03;2026-06-10;2026-06-11;2026-06-18;2026-06-19;2026-06-26;2026-06-27;2026-07-05;2026-07-12;2026-07-13;2026-07-20;2026-07-21;2026-07-28;2026-07-29;2026-08-05;2026-08-06;2026-08-13;2026-08-14;2026-08-21;2026-08-22;2026-08-29;2026-08-30;2026-09-06;2026-09-15
764,37.23376813616071,41.418914794921875,35,2026-06-02;2026-06-03;2026-06-10;2026-06-11;2026-06-18;2026-06-19;2026-06-26;2026-06-27;2026-07-05;2026-07-12;2026-07-13;2026-07-20;2026-07-21;2026-07-28;2026-07-29;2026-08-05;2026-08-06;2026-08-13;2026-08-14;2026-08-21;2026-08-22;2026-08-29;2026-08-30;2026-09-06;2026-09-15
228,38.31395806206597,39.92863464355469,36,2026-06-02;2026-06-03;2026-06-10;2026-06-11;2026-06-18;2026-06-19;2026-06-26;2026-06-27;2026-07-05;2026-07-12;2026-07-13;2026-07-20;2026-07-21;2026-07-28;2026-07-29;2026-08-05;2026-08-06;2026-08-13;2026-08-14;2026-08-21;2026-08-22;2026-08-29;2026-08-30;2026-09-06;2026-09-15
507,40.90960518973214,46.569854736328125,35,2026-06-02;2026-06-03;2026-06-10;2026-06-11;2026-06-18;2026-06-19;2026-06-26;2026-06-27;2026-07-05;2026-07-12;2026-07-13;2026-07-20;2026-07-21;2026-07-28;2026-07-29;2026-08-05;2026-08-06;2026-08-13;2026-08-14;2026-08-21;2026-08-22;2026-08-29;2026-08-30;2026-09-06;2026-09-15
255,42.31527328491211,44.13621520996094,32,2026-06-02;2026-06-03;2026-06-10;2026-06-11;2026-06-18;2026-06-19;2026-06-26;2026-06-27;2026-07-05;2026-07-12;2026-07-13;2026-07-20;2026-07-21;2026-07-28;2026-07-29;2026-08-05;2026-08-06;2026-08-13;2026-08-14;2026-08-21;2026-08-22;2026-08-29;2026-08-30;2026-09-06;2026-09-15
1166,35.356785365513396,36.6917724609375,14,2026-06-02;2026-06-03;2026-06-10;2026-06-11;2026-06-18;2026-06-19;2026-06-26;2026-06-27;2026-07-05;2026-07-12;2026-07-13;2026-07-20;2026-07-21;2026-07-28;2026-07-29;2026-08-05;2026-08-06;2026-08-13;2026-08-14;2026-08-21;2026-08-22;2026-08-29;2026-08-30;2026-09-06;2026-09-15
804,36.549877269847975,39.007476806640625,37,2026-06-02;2026-06-03;2026-06-10;2026-06-11;2026-06-18;2026-06-19;2026-06-26;2026-06-27;2026-07-05;2026-07-12;2026-07-13;2026-07-20;2026-07-21;2026-07-28;2026-07-29;2026-08-05;2026-08-06;2026-08-13;2026-08-14;2026-08-21;2026-08-22;2026-08-29;2026-08-30;2026-09-06;2026-09-15
1393,38.66749572753906,41.371063232421875,32,2026-06-02;2026-06-03;2026-06-10;2026-06-11;2026-06-18;2026-06-19;2026-06-26;2026-06-27;2026-07-05;2026-07-12;2026-07-13;2026-07-20;2026-07-21;2026-07-28;2026-07-29;2026-08-05;2026-08-06;2026-08-13;2026-08-14;2026-08-21;2026-08-22;2026-08-29;2026-08-30;2026-09-06;2026-09-15
1187,37.41536690848214,39.95939636230469,35,2026-06-02;2026-06-03;2026-06-10;2026-06-11;2026-06-18;2026-06-19;2026-06-26;2026-06-27;2026-07-05;2026-07-12;2026-07-13;2026-07-20;2026-07-21;2026-07-28;2026-07-29;2026-08-05;2026-08-06;2026-08-13;2026-08-14;2026-08-21;2026-08-22;2026-08-29;2026-08-30;2026-09-06;2026-09-15
756,35.96856166294643,37.546295166015625,35,2026-06-02;2026-06-03;2026-06-10;2026-06-11;2026-06-18;2026-06-19;2026-06-26;2026-06-27;2026-07-05;2026-07-12;2026-07-13;2026-07-20;2026-07-21;2026-07-28;2026-07-29;2026-08-05;2026-08-06;2026-08-13;2026-08-14;2026-08-21;2026-08-22;2026-08-29;2026-08-30;2026-09-06;2026-09-15
483,36.274220186121326,43.41673278808594,34,2026-06-02;2026-06-03;2026-06-10;2026-06-11;2026-06-18;2026-06-19;2026-06-26;2026-06-27;2026-07-05;2026-07-12;2026-07-13;2026-07-20;2026-07-21;2026-07-28;2026-07-29;2026-08-05;2026-08-06;2026-08-13;2026-08-14;2026-08-21;2026-08-22;2026-08-29;2026-08-30;2026-09-06;2026-09-15
396,35.770866842830884,39.966217041015625,34,2026-06-02;2026-06-03;2026-06-10;2026-06-11;2026-06-18;2026-06-19;2026-06-26;2026-06-27;2026-07-05;2026-07-12;2026-07-13;2026-07-20;2026-07-21;2026-07-28;2026-07-29;2026-08-05;2026-08-06;2026-08-13;2026-08-14;2026-08-21;2026-08-22;2026-08-29;2026-08-30;2026-09-06;2026-09-15
1036,31.292250689338236,32.35772705078125,34,2026-06-02;2026-06-03;2026-06-10;2026-06-11;2026-06-18;2026-06-19;2026-06-26;2026-06-27;2026-07-05;2026-07-12;2026-07-13;2026-07-20;2026-07-21;2026-07-28;2026-07-29;2026-08-05;2026-08-06;2026-08-13;2026-08-14;2026-08-21;2026-08-22;2026-08-29;2026-08-30;2026-09-06;2026-09-15
996,,,0,2026-06-02;2026-06-03;2026-06-10;2026-06-11;2026-06-18;2026-06-19;2026-06-26;2026-06-27;2026-07-05;2026-07-12;2026-07-13;2026-07-20;2026-07-21;2026-07-28;2026-07-29;2026-08-05;2026-08-06;2026-08-13;2026-08-14;2026-08-21;2026-08-22;2026-08-29;2026-08-30;2026-09-06;2026-09-15
1096,43.68804106841216,47.046661376953125,37,2026-06-02;2026-06-03;2026-06-10;2026-06-11;2026-06-18;2026-06-19;2026-06-26;2026-06-27;2026-07-05;2026-07-12;2026-07-13;2026-07-20;2026-07-21;2026-07-28;2026-07-29;2026-08-05;2026-08-06;2026-08-13;2026-08-14;2026-08-21;2026-08-22;2026-08-29;2026-08-30;2026-09-06;2026-09-15
1124,36.644112723214285,42.174285888671875,35,2026-06-02;2026-06-03;2026-06-10;2026-06-11;2026-06-18;2026-06-19;2026-06-26;2026-06-27;2026-07-05;2026-07-12;2026-07-13;2026-07-20;2026-07-21;2026-07-28;2026-07-29;2026-08-05;2026-08-06;2026-08-13;2026-08-14;2026-08-21;2026-08-22;2026-08-29;2026-08-30;2026-09-06;2026-09-15
525,,,0,2026-06-02;2026-06-03;2026-06-10;2026-06-11;2026-06-18;2026-06-19;2026-06-26;2026-06-27;2026-07-05;2026-07-12;2026-07-13;2026-07-20;2026-07-21;2026-07-28;2026-07-29;2026-08-05;2026-08-06;2026-08-13;2026-08-14;2026-08-21;2026-08-22;2026-08-29;2026-08-30;2026-09-06;2026-09-15
858,36.370818219866074,39.36979675292969,35,2026-06-02;2026-06-03;2026-06-10;2026-06-11;2026-06-18;2026-06-19;2026-06-26;2026-06-27;2026-07-05;2026-07-12;2026-07-13;2026-07-20;2026-07-21;2026-07-28;2026-07-29;2026-08-05;2026-08-06;2026-08-13;2026-08-14;2026-08-21;2026-08-22;2026-08-29;2026-08-30;2026-09-06;2026-09-15
1112,31.8951810948989,32.63629150390625,34,2026-06-02;2026-06-03;2026-06-10;2026-06-11;2026-06-18;2026-06-19;2026-06-26;2026-06-27;2026-07-05;2026-07-12;2026-07-13;2026-07-20;2026-07-21;2026-07-28;2026-07-29;2026-08-05;2026-08-06;2026-08-13;2026-08-14;2026-08-21;2026-08-22;2026-08-29;2026-08-30;2026-09-06;2026-09-15
844,36.387715657552086,38.884429931640625,36,2026-06-02;2026-06-03;2026-06-10;2026-06-11;2026-06-18;2026-06-19;2026-06-26;2026-06-27;2026-07-05;2026-07-12;2026-07-13;2026-07-20;2026-07-21;2026-07-28;2026-07-29;2026-08-05;2026-08-06;2026-08-13;2026-08-14;2026-08-21;2026-08-22;2026-08-29;2026-08-30;2026-09-06;2026-09-15
409,38.365760803222656,39.03141784667969,2,2026-06-02;2026-06-03;2026-06-10;2026-06-11;2026-06-18;2026-06-19;2026-06-26;2026-06-27;2026-07-05;2026-07-12;2026-07-13;2026-07-20;2026-07-21;2026-07-28;2026-07-29;2026-08-05;2026-08-06;2026-08-13;2026-08-14;2026-08-21;2026-08-22;2026-08-29;2026-08-30;2026-09-06;2026-09-15
970,38.447021484375,41.35054016113281,35,2026-06-02;2026-06-03;2026-06-10;2026-06-11;2026-06-18;2026-06-19;2026-06-26;2026-06-27;2026-07-05;2026-07-12;2026-07-13;2026-07-20;2026-07-21;2026-07-28;2026-07-29;2026-08-05;2026-08-06;2026-08-13;2026-08-14;2026-08-21;2026-08-22;2026-08-29;2026-08-30;2026-09-06;2026-09-15
1043,37.48875558035714,40.52337646484375,35,2026-06-02;2026-06-03;2026-06-10;2026-06-11;2026-06-18;2026-06-19;2026-06-26;2026-06-27;2026-07-05;2026-07-12;2026-07-13;2026-07-20;2026-07-21;2026-07-28;2026-07-29;2026-08-05;2026-08-06;2026-08-13;2026-08-14;2026-08-21;2026-08-22;2026-08-29;2026-08-30;2026-09-06;2026-09-15
1159,39.41856166294643,40.59173583984375,35,2026-06-02;2026-06-03;2026-06-10;2026-06-11;2026-06-18;2026-06-19;2026-06-26;2026-06-27;2026-07-05;2026-07-12;2026-07-13;2026-07-20;2026-07-21;2026-07-28;2026-07-29;2026-08-05;2026-08-06;2026-08-13;2026-08-14;2026-08-21;2026-08-22;2026-08-29;2026-08-30;2026-09-06;2026-09-15
672,33.50051498413086,36.4439697265625,32,2026-06-02;2026-06-03;2026-06-10;2026-06-11;2026-06-18;2026-06-19;2026-06-26;2026-06-27;2026-07-05;2026-07-12;2026-07-13;2026-07-20;2026-07-21;2026-07-28;2026-07-29;2026-08-05;2026-08-06;2026-08-13;2026-08-14;2026-08-21;2026-08-22;2026-08-29;2026-08-30;2026-09-06;2026-09-15
450,37.26120954241071,41.21038818359375,35,2026-06-02;2026-06-03;2026-06-10;2026-06-11;2026-06-18;2026-06-19;2026-06-26;2026-06-27;2026-07-05;2026-07-12;2026-07-13;2026-07-20;2026-07-21;2026-07-28;2026-07-29;2026-08-05;2026-08-06;2026-08-13;2026-08-14;2026-08-21;2026-08-22;2026-08-29;2026-08-30;2026-09-06;2026-09-15
673,40.42722516741071,45.754638671875,35,2026-06-02;2026-06-03;2026-06-10;2026-06-11;2026-06-18;2026-06-19;2026-06-26;2026-06-27;2026-07-05;2026-07-12;2026-07-13;2026-07-20;2026-07-21;2026-07-28;2026-07-29;2026-08-05;2026-08-06;2026-08-13;2026-08-14;2026-08-21;2026-08-22;2026-08-29;2026-08-30;2026-09-06;2026-09-15
690,34.26424386160714,38.445220947265625,35,2026-06-02;2026-06-03;2026-06-10;2026-06-11;2026-06-18;2026-06-19;2026-06-26;2026-06-27;2026-07-05;2026-07-12;2026-07-13;2026-07-20;2026-07-21;2026-07-28;2026-07-29;2026-08-05;2026-08-06;2026-08-13;2026-08-14;2026-08-21;2026-08-22;2026-08-29;2026-08-30;2026-09-06;2026-09-15
140,38.327155035895274,39.942291259765625,37,2026-06-02;2026-06-03;2026-06-10;2026-06-11;2026-06-18;2026-06-19;2026-06-26;2026-06-27;2026-07-05;2026-07-12;2026-07-13;2026-07-20;2026-07-21;2026-07-28;2026-07-29;2026-08-05;2026-08-06;2026-08-13;2026-08-14;2026-08-21;2026-08-22;2026-08-29;2026-08-30;2026-09-06;2026-09-15
1420,34.90846521714155,37.2677001953125,34,2026-06-02;2026-06-03;2026-06-10;2026-06-11;2026-06-18;2026-06-19;2026-06-26;2026-06-27;2026-07-05;2026-07-12;2026-07-13;2026-07-20;2026-07-21;2026-07-28;2026-07-29;2026-08-05;2026-08-06;2026-08-13;2026-08-14;2026-08-21;2026-08-22;2026-08-29;2026-08-30;2026-09-06;2026-09-15
325,39.61060965401786,42.112762451171875,35,2026-06-02;2026-06-03;2026-06-10;2026-06-11;2026-06-18;2026-06-19;2026-06-26;2026-06-27;2026-07-05;2026-07-12;2026-07-13;2026-07-20;2026-07-21;2026-07-28;2026-07-29;2026-08-05;2026-08-06;2026-08-13;2026-08-14;2026-08-21;2026-08-22;2026-08-29;2026-08-30;2026-09-06;2026-09-15
347,,,0,2026-06-02;2026-06-03;2026-06-10;2026-06-11;2026-06-18;2026-06-19;2026-06-26;2026-06-27;2026-07-05;2026-07-12;2026-07-13;2026-07-20;2026-07-21;2026-07-28;2026-07-29;2026-08-05;2026-08-06;2026-08-13;2026-08-14;2026-08-21;2026-08-22;2026-08-29;2026-08-30;2026-09-06;2026-09-15
998,38.532176298253674,41.364227294921875,34,2026-06-02;2026-06-03;2026-06-10;2026-06-11;2026-06-18;2026-06-19;2026-06-26;2026-06-27;2026-07-05;2026-07-12;2026-07-13;2026-07-20;2026-07-21;2026-07-28;2026-07-29;2026-08-05;2026-08-06;2026-08-13;2026-08-14;2026-08-21;2026-08-22;2026-08-29;2026-08-30;2026-09-06;2026-09-15
632,36.833169376148895,37.730865478515625,34,2026-06-02;2026-06-03;2026-06-10;2026-06-11;2026-06-18;2026-06-19;2026-06-26;2026-06-27;2026-07-05;2026-07-12;2026-07-13;2026-07-20;2026-07-21;2026-07-28;2026-07-29;2026-08-05;2026-08-06;2026-08-13;2026-08-14;2026-08-21;2026-08-22;2026-08-29;2026-08-30;2026-09-06;2026-09-15
1337,39.500386555989586,43.681610107421875,36,2026-06-02;2026-06-03;2026-06-10;2026-06-11;2026-06-18;2026-06-19;2026-06-26;2026-06-27;2026-07-05;2026-07-12;2026-07-13;2026-07-20;2026-07-21;2026-07-28;2026-07-29;2026-08-05;2026-08-06;2026-08-13;2026-08-14;2026-08-21;2026-08-22;2026-08-29;2026-08-30;2026-09-06;2026-09-15
306,36.13966200086806,40.91644287109375,36,2026-06-02;2026-06-03;2026-06-10;2026-06-11;2026-06-18;2026-06-19;2026-06-26;2026-06-27;2026-07-05;2026-07-12;2026-07-13;2026-07-20;2026-07-21;2026-07-28;2026-07-29;2026-08-05;2026-08-06;2026-08-13;2026-08-14;2026-08-21;2026-08-22;2026-08-29;2026-08-30;2026-09-06;2026-09-15
14,41.212852478027344,43.387664794921875,32,2026-06-02;2026-06-03;2026-06-10;2026-06-11;2026-06-18;2026-06-19;2026-06-26;2026-06-27;2026-07-05;2026-07-12;2026-07-13;2026-07-20;2026-07-21;2026-07-28;2026-07-29;2026-08-05;2026-08-06;2026-08-13;2026-08-14;2026-08-21;2026-08-22;2026-08-29;2026-08-30;2026-09-06;2026-09-15
125,38.09794224330357,39.57487487792969,35,2026-06-02;2026-06-03;2026-06-10;2026-06-11;2026-06-18;2026-06-19;2026-06-26;2026-06-27;2026-07-05;2026-07-12;2026-07-13;2026-07-20;2026-07-21;2026-07-28;2026-07-29;2026-08-05;2026-08-06;2026-08-13;2026-08-14;2026-08-21;2026-08-22;2026-08-29;2026-08-30;2026-09-06;2026-09-15
1098,44.41893833705357,47.540557861328125,35,2026-06-02;2026-06-03;2026-06-10;2026-06-11;2026-06-18;2026-06-19;2026-06-26;2026-06-27;2026-07-05;2026-07-12;2026-07-13;2026-07-20;2026-07-21;2026-07-28;2026-07-29;2026-08-05;2026-08-06;2026-08-13;2026-08-14;2026-08-21;2026-08-22;2026-08-29;2026-08-30;2026-09-06;2026-09-15
152,41.57978515625,43.60643005371094,35,2026-06-02;2026-06-03;2026-06-10;2026-06-11;2026-06-18;2026-06-19;2026-06-26;2026-06-27;2026-07-05;2026-07-12;2026-07-13;2026-07-20;2026-07-21;2026-07-28;2026-07-29;2026-08-05;2026-08-06;2026-08-13;2026-08-14;2026-08-21;2026-08-22;2026-08-29;2026-08-30;2026-09-06;2026-09-15
247,41.745556640625,44.320770263671875,35,2026-06-02;2026-06-03;2026-06-10;2026-06-11;2026-06-18;2026-06-19;2026-06-26;2026-06-27;2026-07-05;2026-07-12;2026-07-13;2026-07-20;2026-07-21;2026-07-28;2026-07-29;2026-08-05;2026-08-06;2026-08-13;2026-08-14;2026-08-21;2026-08-22;2026-08-29;2026-08-30;2026-09-06;2026-09-15
1,37.296658761160714,40.78656005859375,35,2026-06-02;2026-06-03;2026-06-10;2026-06-11;2026-06-18;2026-06-19;2026-06-26;2026-06-27;2026-07-05;2026-07-12;2026-07-13;2026-07-20;2026-07-21;2026-07-28;2026-07-29;2026-08-05;2026-08-06;2026-08-13;2026-08-14;2026-08-21;2026-08-22;2026-08-29;2026-08-30;2026-09-06;2026-09-15
1550,36.441378348214286,37.621490478515625,35,2026-06-02;2026-06-03;2026-06-10;2026-06-11;2026-06-18;2026-06-19;2026-06-26;2026-06-27;2026-07-05;2026-07-12;2026-07-13;2026-07-20;2026-07-21;2026-07-28;2026-07-29;2026-08-05;2026-08-06;2026-08-13;2026-08-14;2026-08-21;2026-08-22;2026-08-29;2026-08-30;2026-09-06;2026-09-15
1303,38.106136322021484,39.697906494140625,32,2026-06-02;2026-06-03;2026-06-10;2026-06-11;2026-06-18;2026-06-19;2026-06-26;2026-06-27;2026-07-05;2026-07-12;2026-07-13;2026-07-20;2026-07-21;2026-07-28;2026-07-29;2026-08-05;2026-08-06;2026-08-13;2026-08-14;2026-08-21;2026-08-22;2026-08-29;2026-08-30;2026-09-06;2026-09-15
1104,40.753749302455354,41.825653076171875,35,2026-06-02;2026-06-03;2026-06-10;2026-06-11;2026-06-18;2026-06-19;2026-06-26;2026-06-27;2026-07-05;2026-07-12;2026-07-13;2026-07-20;2026-07-21;2026-07-28;2026-07-29;2026-08-05;2026-08-06;2026-08-13;2026-08-14;2026-08-21;2026-08-22;2026-08-29;2026-08-30;2026-09-06;2026-09-15
838,44.17249930245536,47.889190673828125,35,2026-06-02;2026-06-03;2026-06-10;2026-06-11;2026-06-18;2026-06-19;2026-06-26;2026-06-27;2026-07-05;2026-07-12;2026-07-13;2026-07-20;2026-07-21;2026-07-28;2026-07-29;2026-08-05;2026-08-06;2026-08-13;2026-08-14;2026-08-21;2026-08-22;2026-08-29;2026-08-30;2026-09-06;2026-09-15
373,43.281710379464286,45.9443359375,35,2026-06-02;2026-06-03;2026-06-10;2026-06-11;2026-06-18;2026-06-19;2026-06-26;2026-06-27;2026-07-05;2026-07-12;2026-07-13;2026-07-20;2026-07-21;2026-07-28;2026-07-29;2026-08-05;2026-08-06;2026-08-13;2026-08-14;2026-08-21;2026-08-22;2026-08-29;2026-08-30;2026-09-06;2026-09-15
389,37.70693487870066,38.363189697265625,19,2026-06-02;2026-06-03;2026-06-10;2026-06-11;2026-06-18;2026-06-19;2026-06-26;2026-06-27;2026-07-05;2026-07-12;2026-07-13;2026-07-20;2026-07-21;2026-07-28;2026-07-29;2026-08-05;2026-08-06;2026-08-13;2026-08-14;2026-08-21;2026-08-22;2026-08-29;2026-08-30;2026-09-06;2026-09-15
833,35.82295608520508,40.45843505859375,32,2026-06-02;2026-06-03;2026-06-10;2026-06-11;2026-06-18;2026-06-19;2026-06-26;2026-06-27;2026-07-05;2026-07-12;2026-07-13;2026-07-20;2026-07-21;2026-07-28;2026-07-29;2026-08-05;2026-08-06;2026-08-13;2026-08-14;2026-08-21;2026-08-22;2026-08-29;2026-08-30;2026-09-06;2026-09-15
144,38.59250710227273,41.05999755859375,33,2026-06-02;2026-06-03;2026-06-10;2026-06-11;2026-06-18;2026-06-19;2026-06-26;2026-06-27;2026-07-05;2026-07-12;2026-07-13;2026-07-20;2026-07-21;2026-07-28;2026-07-29;2026-08-05;2026-08-06;2026-08-13;2026-08-14;2026-08-21;2026-08-22;2026-08-29;2026-08-30;2026-09-06;2026-09-15
395,36.85000430836397,38.366607666015625,34,2026-06-02;2026-06-03;2026-06-10;2026-06-11;2026-06-18;2026-06-19;2026-06-26;2026-06-27;2026-07-05;2026-07-12;2026-07-13;2026-07-20;2026-07-21;2026-07-28;2026-07-29;2026-08-05;2026-08-06;2026-08-13;2026-08-14;2026-08-21;2026-08-22;2026-08-29;2026-08-30;2026-09-06;2026-09-15
236,40.95619070870536,43.654266357421875,35,2026-06-02;2026-06-03;2026-06-10;2026-06-11;2026-06-18;2026-06-19;2026-06-26;2026-06-27;2026-07-05;2026-07-12;2026-07-13;2026-07-20;2026-07-21;2026-07-28;2026-07-29;2026-08-05;2026-08-06;2026-08-13;2026-08-14;2026-08-21;2026-08-22;2026-08-29;2026-08-30;2026-09-06;2026-09-15
1016,35.08485514322917,38.513580322265625,15,2026-06-02;2026-06-03;2026-06-10;2026-06-11;2026-06-18;2026-06-19;2026-06-26;2026-06-27;2026-07-05;2026-07-12;2026-07-13;2026-07-20;2026-07-21;2026-07-28;2026-07-29;2026-08-05;2026-08-06;2026-08-13;2026-08-14;2026-08-21;2026-08-22;2026-08-29;2026-08-30;2026-09-06;2026-09-15
1049,35.8753231272978,37.358306884765625,34,2026-06-02;2026-06-03;2026-06-10;2026-06-11;2026-06-18;2026-06-19;2026-06-26;2026-06-27;2026-07-05;2026-07-12;2026-07-13;2026-07-20;2026-07-21;2026-07-28;2026-07-29;2026-08-05;2026-08-06;2026-08-13;2026-08-14;2026-08-21;2026-08-22;2026-08-29;2026-08-30;2026-09-06;2026-09-15
256,39.83282470703125,41.54194641113281,32,2026-06-02;2026-06-03;2026-06-10;2026-06-11;2026-06-18;2026-06-19;2026-06-26;2026-06-27;2026-07-05;2026-07-12;2026-07-13;2026-07-20;2026-07-21;2026-07-28;2026-07-29;2026-08-05;2026-08-06;2026-08-13;2026-08-14;2026-08-21;2026-08-22;2026-08-29;2026-08-30;2026-09-06;2026-09-15
1613,33.32003079927885,34.446136474609375,13,2026-06-02;2026-06-03;2026-06-10;2026-06-11;2026-06-18;2026-06-19;2026-06-26;2026-06-27;2026-07-05;2026-07-12;2026-07-13;2026-07-20;2026-07-21;2026-07-28;2026-07-29;2026-08-05;2026-08-06;2026-08-13;2026-08-14;2026-08-21;2026-08-22;2026-08-29;2026-08-30;2026-09-06;2026-09-15
1055,38.969879150390625,39.829498291015625,7,2026-06-02;2026-06-03;2026-06-10;2026-06-11;2026-06-18;2026-06-19;2026-06-26;2026-06-27;2026-07-05;2026-07-12;2026-07-13;2026-07-20;2026-07-21;2026-07-28;2026-07-29;2026-08-05;2026-08-06;2026-08-13;2026-08-14;2026-08-21;2026-08-22;2026-08-29;2026-08-30;2026-09-06;2026-09-15
618,38.97715890066964,42.560516357421875,35,2026-06-02;2026-06-03;2026-06-10;2026-06-11;2026-06-18;2026-06-19;2026-06-26;2026-06-27;2026-07-05;2026-07-12;2026-07-13;2026-07-20;2026-07-21;2026-07-28;2026-07-29;2026-08-05;2026-08-06;2026-08-13;2026-08-14;2026-08-21;2026-08-22;2026-08-29;2026-08-30;2026-09-06;2026-09-15
1585,39.65871360085227,41.706024169921875,33,2026-06-02;2026-06-03;2026-06-10;2026-06-11;2026-06-18;2026-06-19;2026-06-26;2026-06-27;2026-07-05;2026-07-12;2026-07-13;2026-07-20;2026-07-21;2026-07-28;2026-07-29;2026-08-05;2026-08-06;2026-08-13;2026-08-14;2026-08-21;2026-08-22;2026-08-29;2026-08-30;2026-09-06;2026-09-15
899,39.34142368861607,42.372528076171875,35,2026-06-02;2026-06-03;2026-06-10;2026-06-11;2026-06-18;2026-06-19;2026-06-26;2026-06-27;2026-07-05;2026-07-12;2026-07-13;2026-07-20;2026-07-21;2026-07-28;2026-07-29;2026-08-05;2026-08-06;2026-08-13;2026-08-14;2026-08-21;2026-08-22;2026-08-29;2026-08-30;2026-09-06;2026-09-15
802,37.76176409040178,39.395416259765625,35,2026-06-02;2026-06-03;2026-06-10;2026-06-11;2026-06-18;2026-06-19;2026-06-26;2026-06-27;2026-07-05;2026-07-12;2026-07-13;2026-07-20;2026-07-21;2026-07-28;2026-07-29;2026-08-05;2026-08-06;2026-08-13;2026-08-14;2026-08-21;2026-08-22;2026-08-29;2026-08-30;2026-09-06;2026-09-15
388,,,0,2026-06-02;2026-06-03;2026-06-10;2026-06-11;2026-06-18;2026-06-19;2026-06-26;2026-06-27;2026-07-05;2026-07-12;2026-07-13;2026-07-20;2026-07-21;2026-07-28;2026-07-29;2026-08-05;2026-08-06;2026-08-13;2026-08-14;2026-08-21;2026-08-22;2026-08-29;2026-08-30;2026-09-06;2026-09-15
1194,38.83450964725379,40.78656005859375,33,2026-06-02;2026-06-03;2026-06-10;2026-06-11;2026-06-18;2026-06-19;2026-06-26;2026-06-27;2026-07-05;2026-07-12;2026-07-13;2026-07-20;2026-07-21;2026-07-28;2026-07-29;2026-08-05;2026-08-06;2026-08-13;2026-08-14;2026-08-21;2026-08-22;2026-08-29;2026-08-30;2026-09-06;2026-09-15
53,35.367333984375,37.412994384765625,35,2026-06-02;2026-06-03;2026-06-10;2026-06-11;2026-06-18;2026-06-19;2026-06-26;2026-06-27;2026-07-05;2026-07-12;2026-07-13;2026-07-20;2026-07-21;2026-07-28;2026-07-29;2026-08-05;2026-08-06;2026-08-13;2026-08-14;2026-08-21;2026-08-22;2026-08-29;2026-08-30;2026-09-06;2026-09-15
718,38.87593367293074,42.608367919921875,37,2026-06-02;2026-06-03;2026-06-10;2026-06-11;2026-06-18;2026-06-19;2026-06-26;2026-06-27;2026-07-05;2026-07-12;2026-07-13;2026-07-20;2026-07-21;2026-07-28;2026-07-29;2026-08-05;2026-08-06;2026-08-13;2026-08-14;2026-08-21;2026-08-22;2026-08-29;2026-08-30;2026-09-06;2026-09-15
668,36.46039496527778,37.686431884765625,36,2026-06-02;2026-06-03;2026-06-10;2026-06-11;2026-06-18;2026-06-19;2026-06-26;2026-06-27;2026-07-05;2026-07-12;2026-07-13;2026-07-20;2026-07-21;2026-07-28;2026-07-29;2026-08-05;2026-08-06;2026-08-13;2026-08-14;2026-08-21;2026-08-22;2026-08-29;2026-08-30;2026-09-06;2026-09-15
787,33.451443917410714,35.714202880859375,35,2026-06-02;2026-06-03;2026-06-10;2026-06-11;2026-06-18;2026-06-19;2026-06-26;2026-06-27;2026-07-05;2026-07-12;2026-07-13;2026-07-20;2026-07-21;2026-07-28;2026-07-29;2026-08-05;2026-08-06;2026-08-13;2026-08-14;2026-08-21;2026-08-22;2026-08-29;2026-08-30;2026-09-06;2026-09-15
1270,38.75331285264757,40.83441162109375,18,2026-06-02;2026-06-03;2026-06-10;2026-06-11;2026-06-18;2026-06-19;2026-06-26;2026-06-27;2026-07-05;2026-07-12;2026-07-13;2026-07-20;2026-07-21;2026-07-28;2026-07-29;2026-08-05;2026-08-06;2026-08-13;2026-08-14;2026-08-21;2026-08-22;2026-08-29;2026-08-30;2026-09-06;2026-09-15
1325,40.42405482700893,42.454559326171875,35,2026-06-02;2026-06-03;2026-06-10;2026-06-11;2026-06-18;2026-06-19;2026-06-26;2026-06-27;2026-07-05;2026-07-12;2026-07-13;2026-07-20;2026-07-21;2026-07-28;2026-07-29;2026-08-05;2026-08-06;2026-08-13;2026-08-14;2026-08-21;2026-08-22;2026-08-29;2026-08-30;2026-09-06;2026-09-15
1492,41.09446847098214,42.63227844238281,35,2026-06-02;2026-06-03;2026-06-10;2026-06-11;2026-06-18;2026-06-19;2026-06-26;2026-06-27;2026-07-05;2026-07-12;2026-07-13;2026-07-20;2026-07-21;2026-07-28;2026-07-29;2026-08-05;2026-08-06;2026-08-13;2026-08-14;2026-08-21;2026-08-22;2026-08-29;2026-08-30;2026-09-06;2026-09-15
693,33.180001395089285,35.550140380859375,35,2026-06-02;2026-06-03;2026-06-10;2026-06-11;2026-06-18;2026-06-19;2026-06-26;2026-06-27;2026-07-05;2026-07-12;2026-07-13;2026-07-20;2026-07-21;2026-07-28;2026-07-29;2026-08-05;2026-08-06;2026-08-13;2026-08-14;2026-08-21;2026-08-22;2026-08-29;2026-08-30;2026-09-06;2026-09-15
262,41.54404296875,43.654266357421875,35,2026-06-02;2026-06-03;2026-06-10;2026-06-11;2026-06-18;2026-06-19;2026-06-26;2026-06-27;2026-07-05;2026-07-12;2026-07-13;2026-07-20;2026-07-21;2026-07-28;2026-07-29;2026-08-05;2026-08-06;2026-08-13;2026-08-14;2026-08-21;2026-08-22;2026-08-29;2026-08-30;2026-09-06;2026-09-15
1609,36.195036969866074,39.026275634765625,35,2026-06-02;2026-06-03;2026-06-10;2026-06-11;2026-06-18;2026-06-19;2026-06-26;2026-06-27;2026-07-05;2026-07-12;2026-07-13;2026-07-20;2026-07-21;2026-07-28;2026-07-29;2026-08-05;2026-08-06;2026-08-13;2026-08-14;2026-08-21;2026-08-22;2026-08-29;2026-08-30;2026-09-06;2026-09-15
1100,43.04347795758929,46.614288330078125,35,2026-06-02;2026-06-03;2026-06-10;2026-06-11;2026-06-18;2026-06-19;2026-06-26;2026-06-27;2026-07-05;2026-07-12;2026-07-13;2026-07-20;2026-07-21;2026-07-28;2026-07-29;2026-08-05;2026-08-06;2026-08-13;2026-08-14;2026-08-21;2026-08-22;2026-08-29;2026-08-30;2026-09-06;2026-09-15
52,37.84686453683036,39.644927978515625,35,2026-06-02;2026-06-03;2026-06-10;2026-06-11;2026-06-18;2026-06-19;2026-06-26;2026-06-27;2026-07-05;2026-07-12;2026-07-13;2026-07-20;2026-07-21;2026-07-28;2026-07-29;2026-08-05;2026-08-06;2026-08-13;2026-08-14;2026-08-21;2026-08-22;2026-08-29;2026-08-30;2026-09-06;2026-09-15
261,39.10972377232143,42.610076904296875,35,2026-06-02;2026-06-03;2026-06-10;2026-06-11;2026-06-18;2026-06-19;2026-06-26;2026-06-27;2026-07-05;2026-07-12;2026-07-13;2026-07-20;2026-07-21;2026-07-28;2026-07-29;2026-08-05;2026-08-06;2026-08-13;2026-08-14;2026-08-21;2026-08-22;2026-08-29;2026-08-30;2026-09-06;2026-09-15
1554,42.18906947544643,45.09326171875,35,2026-06-02;2026-06-03;2026-06-10;2026-06-11;2026-06-18;2026-06-19;2026-06-26;2026-06-27;2026-07-05;2026-07-12;2026-07-13;2026-07-20;2026-07-21;2026-07-28;2026-07-29;2026-08-05;2026-08-06;2026-08-13;2026-08-14;2026-08-21;2026-08-22;2026-08-29;2026-08-30;2026-09-06;2026-09-15
1136,37.99560876794764,40.73187255859375,37,2026-06-02;2026-06-03;2026-06-10;2026-06-11;2026-06-18;2026-06-19;2026-06-26;2026-06-27;2026-07-05;2026-07-12;2026-07-13;2026-07-20;2026-07-21;2026-07-28;2026-07-29;2026-08-05;2026-08-06;2026-08-13;2026-08-14;2026-08-21;2026-08-22;2026-08-29;2026-08-30;2026-09-06;2026-09-15
338,39.663726806640625,40.003814697265625,2,2026-06-02;2026-06-03;2026-06-10;2026-06-11;2026-06-18;2026-06-19;2026-06-26;2026-06-27;2026-07-05;2026-07-12;2026-07-13;2026-07-20;2026-07-21;2026-07-28;2026-07-29;2026-08-05;2026-08-06;2026-08-13;2026-08-14;2026-08-21;2026-08-22;2026-08-29;2026-08-30;2026-09-06;2026-09-15
174,37.20564662388393,42.51094055175781,35,2026-06-02;2026-06-03;2026-06-10;2026-06-11;2026-06-18;2026-06-19;2026-06-26;2026-06-27;2026-07-05;2026-07-12;2026-07-13;2026-07-20;2026-07-21;2026-07-28;2026-07-29;2026-08-05;2026-08-06;2026-08-13;2026-08-14;2026-08-21;2026-08-22;2026-08-29;2026-08-30;2026-09-06;2026-09-15
154,35.98608737521701,36.9071044921875,36,2026-06-02;2026-06-03;2026-06-10;2026-06-11;2026-06-18;2026-06-19;2026-06-26;2026-06-27;2026-07-05;2026-07-12;2026-07-13;2026-07-20;2026-07-21;2026-07-28;2026-07-29;2026-08-05;2026-08-06;2026-08-13;2026-08-14;2026-08-21;2026-08-22;2026-08-29;2026-08-30;2026-09-06;2026-09-15
145,39.17569247159091,41.54194641113281,33,2026-06-02;2026-06-03;2026-06-10;2026-06-11;2026-06-18;2026-06-19;2026-06-26;2026-06-27;2026-07-05;2026-07-12;2026-07-13;2026-07-20;2026-07-21;2026-07-28;2026-07-29;2026-08-05;2026-08-06;2026-08-13;2026-08-14;2026-08-21;2026-08-22;2026-08-29;2026-08-30;2026-09-06;2026-09-15
1038,34.55801773071289,36.2850341796875,32,2026-06-02;2026-06-03;2026-06-10;2026-06-11;2026-06-18;2026-06-19;2026-06-26;2026-06-27;2026-07-05;2026-07-12;2026-07-13;2026-07-20;2026-07-21;2026-07-28;2026-07-29;2026-08-05;2026-08-06;2026-08-13;2026-08-14;2026-08-21;2026-08-22;2026-08-29;2026-08-30;2026-09-06;2026-09-15
1025,36.25733816964286,41.859832763671875,35,2026-06-02;2026-06-03;2026-06-10;2026-06-11;2026-06-18;2026-06-19;2026-06-26;2026-06-27;2026-07-05;2026-07-12;2026-07-13;2026-07-20;2026-07-21;2026-07-28;2026-07-29;2026-08-05;2026-08-06;2026-08-13;2026-08-14;2026-08-21;2026-08-22;2026-08-29;2026-08-30;2026-09-06;2026-09-15
394,38.38465118408203,40.59686279296875,32,2026-06-02;2026-06-03;2026-06-10;2026-06-11;2026-06-18;2026-06-19;2026-06-26;2026-06-27;2026-07-05;2026-07-12;2026-07-13;2026-07-20;2026-07-21;2026-07-28;2026-07-29;2026-08-05;2026-08-06;2026-08-13;2026-08-14;2026-08-21;2026-08-22;2026-08-29;2026-08-30;2026-09-06;2026-09-15
63,39.79281819661458,40.73870849609375,15,2026-06-02;2026-06-03;2026-06-10;2026-06-11;2026-06-18;2026-06-19;2026-06-26;2026-06-27;2026-07-05;2026-07-12;2026-07-13;2026-07-20;2026-07-21;2026-07-28;2026-07-29;2026-08-05;2026-08-06;2026-08-13;2026-08-14;2026-08-21;2026-08-22;2026-08-29;2026-08-30;2026-09-06;2026-09-15
541,35.64083077566964,38.985260009765625,35,2026-06-02;2026-06-03;2026-06-10;2026-06-11;2026-06-18;2026-06-19;2026-06-26;2026-06-27;2026-07-05;2026-07-12;2026-07-13;2026-07-20;2026-07-21;2026-07-28;2026-07-29;2026-08-05;2026-08-06;2026-08-13;2026-08-14;2026-08-21;2026-08-22;2026-08-29;2026-08-30;2026-09-06;2026-09-15
1051,39.33503553602431,40.85833740234375,36,2026-06-02;2026-06-03;2026-06-10;2026-06-11;2026-06-18;2026-06-19;2026-06-26;2026-06-27;2026-07-05;2026-07-12;2026-07-13;2026-07-20;2026-07-21;2026-07-28;2026-07-29;2026-08-05;2026-08-06;2026-08-13;2026-08-14;2026-08-21;2026-08-22;2026-08-29;2026-08-30;2026-09-06;2026-09-15
766,38.009056091308594,39.43986511230469,32,2026-06-02;2026-06-03;2026-06-10;2026-06-11;2026-06-18;2026-06-19;2026-06-26;2026-06-27;2026-07-05;2026-07-12;2026-07-13;2026-07-20;2026-07-21;2026-07-28;2026-07-29;2026-08-05;2026-08-06;2026-08-13;2026-08-14;2026-08-21;2026-08-22;2026-08-29;2026-08-30;2026-09-06;2026-09-15
440,43.600090475643384,45.125732421875,34,2026-06-02;2026-06-03;2026-06-10;2026-06-11;2026-06-18;2026-06-19;2026-06-26;2026-06-27;2026-07-05;2026-07-12;2026-07-13;2026-07-20;2026-07-21;2026-07-28;2026-07-29;2026-08-05;2026-08-06;2026-08-13;2026-08-14;2026-08-21;2026-08-22;2026-08-29;2026-08-30;2026-09-06;2026-09-15
824,35.64208984375,37.86073303222656,34,2026-06-02;2026-06-03;2026-06-10;2026-06-11;2026-06-18;2026-06-19;2026-06-26;2026-06-27;2026-07-05;2026-07-12;2026-07-13;2026-07-20;2026-07-21;2026-07-28;2026-07-29;2026-08-05;2026-08-06;2026-08-13;2026-08-14;2026-08-21;2026-08-22;2026-08-29;2026-08-30;2026-09-06;2026-09-15
277,36.7794677734375,38.523834228515625,35,2026-06-02;2026-06-03;2026-06-10;2026-06-11;2026-06-18;2026-06-19;2026-06-26;2026-06-27;2026-07-05;2026-07-12;2026-07-13;2026-07-20;2026-07-21;2026-07-28;2026-07-29;2026-08-05;2026-08-06;2026-08-13;2026-08-14;2026-08-21;2026-08-22;2026-08-29;2026-08-30;2026-09-06;2026-09-15
1559,39.816796196831596,43.121063232421875,36,2026-06-02;2026-06-03;2026-06-10;2026-06-11;2026-06-18;2026-06-19;2026-06-26;2026-06-27;2026-07-05;2026-07-12;2026-07-13;2026-07-20;2026-07-21;2026-07-28;2026-07-29;2026-08-05;2026-08-06;2026-08-13;2026-08-14;2026-08-21;2026-08-22;2026-08-29;2026-08-30;2026-09-06;2026-09-15
852,36.25497159090909,38.508453369140625,22,2026-06-02;2026-06-03;2026-06-10;2026-06-11;2026-06-18;2026-06-19;2026-06-26;2026-06-27;2026-07-05;2026-07-12;2026-07-13;2026-07-20;2026-07-21;2026-07-28;2026-07-29;2026-08-05;2026-08-06;2026-08-13;2026-08-14;2026-08-21;2026-08-22;2026-08-29;2026-08-30;2026-09-06;2026-09-15
428,38.812412806919646,41.10614013671875,35,2026-06-02;2026-06-03;2026-06-10;2026-06-11;2026-06-18;2026-06-19;2026-06-26;2026-06-27;2026-07-05;2026-07-12;2026-07-13;2026-07-20;2026-07-21;2026-07-28;2026-07-29;2026-08-05;2026-08-06;2026-08-13;2026-08-14;2026-08-21;2026-08-22;2026-08-29;2026-08-30;2026-09-06;2026-09-15
1213,40.90528700086806,42.919403076171875,36,2026-06-02;2026-06-03;2026-06-10;2026-06-11;2026-06-18;2026-06-19;2026-06-26;2026-06-27;2026-07-05;2026-07-12;2026-07-13;2026-07-20;2026-07-21;2026-07-28;2026-07-29;2026-08-05;2026-08-06;2026-08-13;2026-08-14;2026-08-21;2026-08-22;2026-08-29;2026-08-30;2026-09-06;2026-09-15
1137,34.947723388671875,34.987884521484375,2,2026-06-02;2026-06-03;2026-06-10;2026-06-11;2026-06-18;2026-06-19;2026-06-26;2026-06-27;2026-07-05;2026-07-12;2026-07-13;2026-07-20;2026-07-21;2026-07-28;2026-07-29;2026-08-05;2026-08-06;2026-08-13;2026-08-14;2026-08-21;2026-08-22;2026-08-29;2026-08-30;2026-09-06;2026-09-15
454,38.902308872767854,42.492156982421875,35,2026-06-02;2026-06-03;2026-06-10;2026-06-11;2026-06-18;2026-06-19;2026-06-26;2026-06-27;2026-07-05;2026-07-12;2026-07-13;2026-07-20;2026-07-21;2026-07-28;2026-07-29;2026-08-05;2026-08-06;2026-08-13;2026-08-14;2026-08-21;2026-08-22;2026-08-29;2026-08-30;2026-09-06;2026-09-15
1264,37.231232561383926,40.068756103515625,35,2026-06-02;2026-06-03;2026-06-10;2026-06-11;2026-06-18;2026-06-19;2026-06-26;2026-06-27;2026-07-05;2026-07-12;2026-07-13;2026-07-20;2026-07-21;2026-07-28;2026-07-29;2026-08-05;2026-08-06;2026-08-13;2026-08-14;2026-08-21;2026-08-22;2026-08-29;2026-08-30;2026-09-06;2026-09-15
859,35.35471452985491,39.747467041015625,28,2026-06-02;2026-06-03;2026-06-10;2026-06-11;2026-06-18;2026-06-19;2026-06-26;2026-06-27;2026-07-05;2026-07-12;2026-07-13;2026-07-20;2026-07-21;2026-07-28;2026-07-29;2026-08-05;2026-08-06;2026-08-13;2026-08-14;2026-08-21;2026-08-22;2026-08-29;2026-08-30;2026-09-06;2026-09-15
441,40.16687774658203,41.55903625488281,32,2026-06-02;2026-06-03;2026-06-10;2026-06-11;2026-06-18;2026-06-19;2026-06-26;2026-06-27;2026-07-05;2026-07-12;2026-07-13;2026-07-20;2026-07-21;2026-07-28;2026-07-29;2026-08-05;2026-08-06;2026-08-13;2026-08-14;2026-08-21;2026-08-22;2026-08-29;2026-08-30;2026-09-06;2026-09-15
847,36.139122009277344,39.152740478515625,32,2026-06-02;2026-06-03;2026-06-10;2026-06-11;2026-06-18;2026-06-19;2026-06-26;2026-06-27;2026-07-05;2026-07-12;2026-07-13;2026-07-20;2026-07-21;2026-07-28;2026-07-29;2026-08-05;2026-08-06;2026-08-13;2026-08-14;2026-08-21;2026-08-22;2026-08-29;2026-08-30;2026-09-06;2026-09-15
393,36.35573381696429,38.253814697265625,35,2026-06-02;2026-06-03;2026-06-10;2026-06-11;2026-06-18;2026-06-19;2026-06-26;2026-06-27;2026-07-05;2026-07-12;2026-07-13;2026-07-20;2026-07-21;2026-07-28;2026-07-29;2026-08-05;2026-08-06;2026-08-13;2026-08-14;2026-08-21;2026-08-22;2026-08-29;2026-08-30;2026-09-06;2026-09-15
842,42.94894263857887,48.172882080078125,21,2026-06-02;2026-06-03;2026-06-10;2026-06-11;2026-06-18;2026-06-19;2026-06-26;2026-06-27;2026-07-05;2026-07-12;2026-07-13;2026-07-20;2026-07-21;2026-07-28;2026-07-29;2026-08-05;2026-08-06;2026-08-13;2026-08-14;2026-08-21;2026-08-22;2026-08-29;2026-08-30;2026-09-06;2026-09-15
1115,34.179531521267364,36.8643798828125,36,2026-06-02;2026-06-03;2026-06-10;2026-06-11;2026-06-18;2026-06-19;2026-06-26;2026-06-27;2026-07-05;2026-07-12;2026-07-13;2026-07-20;2026-07-21;2026-07-28;2026-07-29;2026-08-05;2026-08-06;2026-08-13;2026-08-14;2026-08-21;2026-08-22;2026-08-29;2026-08-30;2026-09-06;2026-09-15
848,36.486886160714285,39.268951416015625,35,2026-06-02;2026-06-03;2026-06-10;2026-06-11;2026-06-18;2026-06-19;2026-06-26;2026-06-27;2026-07-05;2026-07-12;2026-07-13;2026-07-20;2026-07-21;2026-07-28;2026-07-29;2026-08-05;2026-08-06;2026-08-13;2026-08-14;2026-08-21;2026-08-22;2026-08-29;2026-08-30;2026-09-06;2026-09-15
798,38.409891764322914,40.32171630859375,36,2026-06-02;2026-06-03;2026-06-10;2026-06-11;2026-06-18;2026-06-19;2026-06-26;2026-06-27;2026-07-05;2026-07-12;2026-07-13;2026-07-20;2026-07-21;2026-07-28;2026-07-29;2026-08-05;2026-08-06;2026-08-13;2026-08-14;2026-08-21;2026-08-22;2026-08-29;2026-08-30;2026-09-06;2026-09-15
1329,38.56494479709201,40.31829833984375,36,2026-06-02;2026-06-03;2026-06-10;2026-06-11;2026-06-18;2026-06-19;2026-06-26;2026-06-27;2026-07-05;2026-07-12;2026-07-13;2026-07-20;2026-07-21;2026-07-28;2026-07-29;2026-08-05;2026-08-06;2026-08-13;2026-08-14;2026-08-21;2026-08-22;2026-08-29;2026-08-30;2026-09-06;2026-09-15
179,39.37989637586806,41.04119873046875,36,2026-06-02;2026-06-03;2026-06-10;2026-06-11;2026-06-18;2026-06-19;2026-06-26;2026-06-27;2026-07-05;2026-07-12;2026-07-13;2026-07-20;2026-07-21;2026-07-28;2026-07-29;2026-08-05;2026-08-06;2026-08-13;2026-08-14;2026-08-21;2026-08-22;2026-08-29;2026-08-30;2026-09-06;2026-09-15
330,35.50947401258681,38.571685791015625,36,2026-06-02;2026-06-03;2026-06-10;2026-06-11;2026-06-18;2026-06-19;2026-06-26;2026-06-27;2026-07-05;2026-07-12;2026-07-13;2026-07-20;2026-07-21;2026-07-28;2026-07-29;2026-08-05;2026-08-06;2026-08-13;2026-08-14;2026-08-21;2026-08-22;2026-08-29;2026-08-30;2026-09-06;2026-09-15
1087,42.37705775669643,44.748046875,35,2026-06-02;2026-06-03;2026-06-10;2026-06-11;2026-06-18;2026-06-19;2026-06-26;2026-06-27;2026-07-05;2026-07-12;2026-07-13;2026-07-20;2026-07-21;2026-07-28;2026-07-29;2026-08-05;2026-08-06;2026-08-13;2026-08-14;2026-08-21;2026-08-22;2026-08-29;2026-08-30;2026-09-06;2026-09-15
1387,37.28199598524306,39.88763427734375,36,2026-06-02;2026-06-03;2026-06-10;2026-06-11;2026-06-18;2026-06-19;2026-06-26;2026-06-27;2026-07-05;2026-07-12;2026-07-13;2026-07-20;2026-07-21;2026-07-28;2026-07-29;2026-08-05;2026-08-06;2026-08-13;2026-08-14;2026-08-21;2026-08-22;2026-08-29;2026-08-30;2026-09-06;2026-09-15
82,36.07513242779356,37.966705322265625,33,2026-06-02;2026-06-03;2026-06-10;2026-06-11;2026-06-18;2026-06-19;2026-06-26;2026-06-27;2026-07-05;2026-07-12;2026-07-13;2026-07-20;2026-07-21;2026-07-28;2026-07-29;2026-08-05;2026-08-06;2026-08-13;2026-08-14;2026-08-21;2026-08-22;2026-08-29;2026-08-30;2026-09-06;2026-09-15
27,41.798622131347656,43.534637451171875,32,2026-06-02;2026-06-03;2026-06-10;2026-06-11;2026-06-18;2026-06-19;2026-06-26;2026-06-27;2026-07-05;2026-07-12;2026-07-13;2026-07-20;2026-07-21;2026-07-28;2026-07-29;2026-08-05;2026-08-06;2026-08-13;2026-08-14;2026-08-21;2026-08-22;2026-08-29;2026-08-30;2026-09-06;2026-09-15
1482,35.705959743923614,39.894439697265625,36,2026-06-02;2026-06-03;2026-06-10;2026-06-11;2026-06-18;2026-06-19;2026-06-26;2026-06-27;2026-07-05;2026-07-12;2026-07-13;2026-07-20;2026-07-21;2026-07-28;2026-07-29;2026-08-05;2026-08-06;2026-08-13;2026-08-14;2026-08-21;2026-08-22;2026-08-29;2026-08-30;2026-09-06;2026-09-15
99,39.97332763671875,41.446258544921875,13,2026-06-02;2026-06-03;2026-06-10;2026-06-11;2026-06-18;2026-06-19;2026-06-26;2026-06-27;2026-07-05;2026-07-12;2026-07-13;2026-07-20;2026-07-21;2026-07-28;2026-07-29;2026-08-05;2026-08-06;2026-08-13;2026-08-14;2026-08-21;2026-08-22;2026-08-29;2026-08-30;2026-09-06;2026-09-15
460,36.833048502604164,37.997467041015625,9,2026-06-02;2026-06-03;2026-06-10;2026-06-11;2026-06-18;2026-06-19;2026-06-26;2026-06-27;2026-07-05;2026-07-12;2026-07-13;2026-07-20;2026-07-21;2026-07-28;2026-07-29;2026-08-05;2026-08-06;2026-08-13;2026-08-14;2026-08-21;2026-08-22;2026-08-29;2026-08-30;2026-09-06;2026-09-15
1444,,,0,2026-06-02;2026-06-03;2026-06-10;2026-06-11;2026-06-18;2026-06-19;2026-06-26;2026-06-27;2026-07-05;2026-07-12;2026-07-13;2026-07-20;2026-07-21;2026-07-28;2026-07-29;2026-08-05;2026-08-06;2026-08-13;2026-08-14;2026-08-21;2026-08-22;2026-08-29;2026-08-30;2026-09-06;2026-09-15
785,38.54364929199219,40.82757568359375,10,2026-06-02;2026-06-03;2026-06-10;2026-06-11;2026-06-18;2026-06-19;2026-06-26;2026-06-27;2026-07-05;2026-07-12;2026-07-13;2026-07-20;2026-07-21;2026-07-28;2026-07-29;2026-08-05;2026-08-06;2026-08-13;2026-08-14;2026-08-21;2026-08-22;2026-08-29;2026-08-30;2026-09-06;2026-09-15
40,35.791451590401785,36.3875732421875,35,2026-06-02;2026-06-03;2026-06-10;2026-06-11;2026-06-18;2026-06-19;2026-06-26;2026-06-27;2026-07-05;2026-07-12;2026-07-13;2026-07-20;2026-07-21;2026-07-28;2026-07-29;2026-08-05;2026-08-06;2026-08-13;2026-08-14;2026-08-21;2026-08-22;2026-08-29;2026-08-30;2026-09-06;2026-09-15
526,33.96879747178819,35.895355224609375,36,2026-06-02;2026-06-03;2026-06-10;2026-06-11;2026-06-18;2026-06-19;2026-06-26;2026-06-27;2026-07-05;2026-07-12;2026-07-13;2026-07-20;2026-07-21;2026-07-28;2026-07-29;2026-08-05;2026-08-06;2026-08-13;2026-08-14;2026-08-21;2026-08-22;2026-08-29;2026-08-30;2026-09-06;2026-09-15
1013,39.32331678602431,41.981170654296875,36,2026-06-02;2026-06-03;2026-06-10;2026-06-11;2026-06-18;2026-06-19;2026-06-26;2026-06-27;2026-07-05;2026-07-12;2026-07-13;2026-07-20;2026-07-21;2026-07-28;2026-07-29;2026-08-05;2026-08-06;2026-08-13;2026-08-14;2026-08-21;2026-08-22;2026-08-29;2026-08-30;2026-09-06;2026-09-15
96,35.69609239366319,38.814361572265625,36,2026-06-02;2026-06-03;2026-06-10;2026-06-11;2026-06-18;2026-06-19;2026-06-26;2026-06-27;2026-07-05;2026-07-12;2026-07-13;2026-07-20;2026-07-21;2026-07-28;2026-07-29;2026-08-05;2026-08-06;2026-08-13;2026-08-14;2026-08-21;2026-08-22;2026-08-29;2026-08-30;2026-09-06;2026-09-15
498,35.30823432074653,38.985260009765625,36,2026-06-02;2026-06-03;2026-06-10;2026-06-11;2026-06-18;2026-06-19;2026-06-26;2026-06-27;2026-07-05;2026-07-12;2026-07-13;2026-07-20;2026-07-21;2026-07-28;2026-07-29;2026-08-05;2026-08-06;2026-08-13;2026-08-14;2026-08-21;2026-08-22;2026-08-29;2026-08-30;2026-09-06;2026-09-15
462,35.989524841308594,38.988677978515625,32,2026-06-02;2026-06-03;2026-06-10;2026-06-11;2026-06-18;2026-06-19;2026-06-26;2026-06-27;2026-07-05;2026-07-12;2026-07-13;2026-07-20;2026-07-21;2026-07-28;2026-07-29;2026-08-05;2026-08-06;2026-08-13;2026-08-14;2026-08-21;2026-08-22;2026-08-29;2026-08-30;2026-09-06;2026-09-15
1386,35.92901785714286,39.73381042480469,35,2026-06-02;2026-06-03;2026-06-10;2026-06-11;2026-06-18;2026-06-19;2026-06-26;2026-06-27;2026-07-05;2026-07-12;2026-07-13;2026-07-20;2026-07-21;2026-07-28;2026-07-29;2026-08-05;2026-08-06;2026-08-13;2026-08-14;2026-08-21;2026-08-22;2026-08-29;2026-08-30;2026-09-06;2026-09-15
967,35.442433076746326,38.21107482910156,34,2026-06-02;2026-06-03;2026-06-10;2026-06-11;2026-06-18;2026-06-19;2026-06-26;2026-06-27;2026-07-05;2026-07-12;2026-07-13;2026-07-20;2026-07-21;2026-07-28;2026-07-29;2026-08-05;2026-08-06;2026-08-13;2026-08-14;2026-08-21;2026-08-22;2026-08-29;2026-08-30;2026-09-06;2026-09-15
398,38.49079386393229,39.241607666015625,3,2026-06-02;2026-06-03;2026-06-10;2026-06-11;2026-06-18;2026-06-19;2026-06-26;2026-06-27;2026-07-05;2026-07-12;2026-07-13;2026-07-20;2026-07-21;2026-07-28;2026-07-29;2026-08-05;2026-08-06;2026-08-13;2026-08-14;2026-08-21;2026-08-22;2026-08-29;2026-08-30;2026-09-06;2026-09-15
983,38.03143484933036,41.77095031738281,35,2026-06-02;2026-06-03;2026-06-10;2026-06-11;2026-06-18;2026-06-19;2026-06-26;2026-06-27;2026-07-05;2026-07-12;2026-07-13;2026-07-20;2026-07-21;2026-07-28;2026-07-29;2026-08-05;2026-08-06;2026-08-13;2026-08-14;2026-08-21;2026-08-22;2026-08-29;2026-08-30;2026-09-06;2026-09-15
578,38.540969436233105,40.76947021484375,37,2026-06-02;2026-06-03;2026-06-10;2026-06-11;2026-06-18;2026-06-19;2026-06-26;2026-06-27;2026-07-05;2026-07-12;2026-07-13;2026-07-20;2026-07-21;2026-07-28;2026-07-29;2026-08-05;2026-08-06;2026-08-13;2026-08-14;2026-08-21;2026-08-22;2026-08-29;2026-08-30;2026-09-06;2026-09-15
839,44.78925916883681,48.92144775390625,9,2026-06-02;2026-06-03;2026-06-10;2026-06-11;2026-06-18;2026-06-19;2026-06-26;2026-06-27;2026-07-05;2026-07-12;2026-07-13;2026-07-20;2026-07-21;2026-07-28;2026-07-29;2026-08-05;2026-08-06;2026-08-13;2026-08-14;2026-08-21;2026-08-22;2026-08-29;2026-08-30;2026-09-06;2026-09-15
1234,37.443400065104164,41.82905578613281,36,2026-06-02;2026-06-03;2026-06-10;2026-06-11;2026-06-18;2026-06-19;2026-06-26;2026-06-27;2026-07-05;2026-07-12;2026-07-13;2026-07-20;2026-07-21;2026-07-28;2026-07-29;2026-08-05;2026-08-06;2026-08-13;2026-08-14;2026-08-21;2026-08-22;2026-08-29;2026-08-30;2026-09-06;2026-09-15
1063,,,0,2026-06-02;2026-06-03;2026-06-10;2026-06-11;2026-06-18;2026-06-19;2026-06-26;2026-06-27;2026-07-05;2026-07-12;2026-07-13;2026-07-20;2026-07-21;2026-07-28;2026-07-29;2026-08-05;2026-08-06;2026-08-13;2026-08-14;2026-08-21;2026-08-22;2026-08-29;2026-08-30;2026-09-06;2026-09-15
800,36.413528029983105,39.487701416015625,37,2026-06-02;2026-06-03;2026-06-10;2026-06-11;2026-06-18;2026-06-19;2026-06-26;2026-06-27;2026-07-05;2026-07-12;2026-07-13;2026-07-20;2026-07-21;2026-07-28;2026-07-29;2026-08-05;2026-08-06;2026-08-13;2026-08-14;2026-08-21;2026-08-22;2026-08-29;2026-08-30;2026-09-06;2026-09-15
1002,35.98162841796875,38.392242431640625,36,2026-06-02;2026-06-03;2026-06-10;2026-06-11;2026-06-18;2026-06-19;2026-06-26;2026-06-27;2026-07-05;2026-07-12;2026-07-13;2026-07-20;2026-07-21;2026-07-28;2026-07-29;2026-08-05;2026-08-06;2026-08-13;2026-08-14;2026-08-21;2026-08-22;2026-08-29;2026-08-30;2026-09-06;2026-09-15
963,42.14185267857143,46.269073486328125,35,2026-06-02;2026-06-03;2026-06-10;2026-06-11;2026-06-18;2026-06-19;2026-06-26;2026-06-27;2026-07-05;2026-07-12;2026-07-13;2026-07-20;2026-07-21;2026-07-28;2026-07-29;2026-08-05;2026-08-06;2026-08-13;2026-08-14;2026-08-21;2026-08-22;2026-08-29;2026-08-30;2026-09-06;2026-09-15
634,36.54113420758929,40.55583190917969,35,2026-06-02;2026-06-03;2026-06-10;2026-06-11;2026-06-18;2026-06-19;2026-06-26;2026-06-27;2026-07-05;2026-07-12;2026-07-13;2026-07-20;2026-07-21;2026-07-28;2026-07-29;2026-08-05;2026-08-06;2026-08-13;2026-08-14;2026-08-21;2026-08-22;2026-08-29;2026-08-30;2026-09-06;2026-09-15
596,39.54102240668403,42.184539794921875,36,2026-06-02;2026-06-03;2026-06-10;2026-06-11;2026-06-18;2026-06-19;2026-06-26;2026-06-27;2026-07-05;2026-07-12;2026-07-13;2026-07-20;2026-07-21;2026-07-28;2026-07-29;2026-08-05;2026-08-06;2026-08-13;2026-08-14;2026-08-21;2026-08-22;2026-08-29;2026-08-30;2026-09-06;2026-09-15
135,36.7003173828125,40.246490478515625,35,2026-06-02;2026-06-03;2026-06-10;2026-06-11;2026-06-18;2026-06-19;2026-06-26;2026-06-27;2026-07-05;2026-07-12;2026-07-13;2026-07-20;2026-07-21;2026-07-28;2026-07-29;2026-08-05;2026-08-06;2026-08-13;2026-08-14;2026-08-21;2026-08-22;2026-08-29;2026-08-30;2026-09-06;2026-09-15
732,40.582205636160715,41.641082763671875,35,2026-06-02;2026-06-03;2026-06-10;2026-06-11;2026-06-18;2026-06-19;2026-06-26;2026-06-27;2026-07-05;2026-07-12;2026-07-13;2026-07-20;2026-07-21;2026-07-28;2026-07-29;2026-08-05;2026-08-06;2026-08-13;2026-08-14;2026-08-21;2026-08-22;2026-08-29;2026-08-30;2026-09-06;2026-09-15
466,40.675377739800346,42.905731201171875,36,2026-06-02;2026-06-03;2026-06-10;2026-06-11;2026-06-18;2026-06-19;2026-06-26;2026-06-27;2026-07-05;2026-07-12;2026-07-13;2026-07-20;2026-07-21;2026-07-28;2026-07-29;2026-08-05;2026-08-06;2026-08-13;2026-08-14;2026-08-21;2026-08-22;2026-08-29;2026-08-30;2026-09-06;2026-09-15
345,38.54765625,40.91644287109375,35,2026-06-02;2026-06-03;2026-06-10;2026-06-11;2026-06-18;2026-06-19;2026-06-26;2026-06-27;2026-07-05;2026-07-12;2026-07-13;2026-07-20;2026-07-21;2026-07-28;2026-07-29;2026-08-05;2026-08-06;2026-08-13;2026-08-14;2026-08-21;2026-08-22;2026-08-29;2026-08-30;2026-09-06;2026-09-15
24,40.88960266113281,42.087127685546875,24,2026-06-02;2026-06-03;2026-06-10;2026-06-11;2026-06-18;2026-06-19;2026-06-26;2026-06-27;2026-07-05;2026-07-12;2026-07-13;2026-07-20;2026-07-21;2026-07-28;2026-07-29;2026-08-05;2026-08-06;2026-08-13;2026-08-14;2026-08-21;2026-08-22;2026-08-29;2026-08-30;2026-09-06;2026-09-15
714,36.776082356770836,37.806060791015625,36,2026-06-02;2026-06-03;2026-06-10;2026-06-11;2026-06-18;2026-06-19;2026-06-26;2026-06-27;2026-07-05;2026-07-12;2026-07-13;2026-07-20;2026-07-21;2026-07-28;2026-07-29;2026-08-05;2026-08-06;2026-08-13;2026-08-14;2026-08-21;2026-08-22;2026-08-29;2026-08-30;2026-09-06;2026-09-15
304,35.88817716899671,37.4625244140625,19,2026-06-02;2026-06-03;2026-06-10;2026-06-11;2026-06-18;2026-06-19;2026-06-26;2026-06-27;2026-07-05;2026-07-12;2026-07-13;2026-07-20;2026-07-21;2026-07-28;2026-07-29;2026-08-05;2026-08-06;2026-08-13;2026-08-14;2026-08-21;2026-08-22;2026-08-29;2026-08-30;2026-09-06;2026-09-15
254,42.79223293728299,44.192626953125,36,2026-06-02;2026-06-03;2026-06-10;2026-06-11;2026-06-18;2026-06-19;2026-06-26;2026-06-27;2026-07-05;2026-07-12;2026-07-13;2026-07-20;2026-07-21;2026-07-28;2026-07-29;2026-08-05;2026-08-06;2026-08-13;2026-08-14;2026-08-21;2026-08-22;2026-08-29;2026-08-30;2026-09-06;2026-09-15
744,43.40099748883929,44.214813232421875,35,2026-06-02;2026-06-03;2026-06-10;2026-06-11;2026-06-18;2026-06-19;2026-06-26;2026-06-27;2026-07-05;2026-07-12;2026-07-13;2026-07-20;2026-07-21;2026-07-28;2026-07-29;2026-08-05;2026-08-06;2026-08-13;2026-08-14;2026-08-21;2026-08-22;2026-08-29;2026-08-30;2026-09-06;2026-09-15
741,39.07194688585069,41.514617919921875,36,2026-06-02;2026-06-03;2026-06-10;2026-06-11;2026-06-18;2026-06-19;2026-06-26;2026-06-27;2026-07-05;2026-07-12;2026-07-13;2026-07-20;2026-07-21;2026-07-28;2026-07-29;2026-08-05;2026-08-06;2026-08-13;2026-08-14;2026-08-21;2026-08-22;2026-08-29;2026-08-30;2026-09-06;2026-09-15
417,35.809580775669644,38.253814697265625,35,2026-06-02;2026-06-03;2026-06-10;2026-06-11;2026-06-18;2026-06-19;2026-06-26;2026-06-27;2026-07-05;2026-07-12;2026-07-13;2026-07-20;2026-07-21;2026-07-28;2026-07-29;2026-08-05;2026-08-06;2026-08-13;2026-08-14;2026-08-21;2026-08-22;2026-08-29;2026-08-30;2026-09-06;2026-09-15
1059,41.90484619140625,43.268035888671875,32,2026-06-02;2026-06-03;2026-06-10;2026-06-11;2026-06-18;2026-06-19;2026-06-26;2026-06-27;2026-07-05;2026-07-12;2026-07-13;2026-07-20;2026-07-21;2026-07-28;2026-07-29;2026-08-05;2026-08-06;2026-08-13;2026-08-14;2026-08-21;2026-08-22;2026-08-29;2026-08-30;2026-09-06;2026-09-15
1625,33.92366768973214,35.232269287109375,35,2026-06-02;2026-06-03;2026-06-10;2026-06-11;2026-06-18;2026-06-19;2026-06-26;2026-06-27;2026-07-05;2026-07-12;2026-07-13;2026-07-20;2026-07-21;2026-07-28;2026-07-29;2026-08-05;2026-08-06;2026-08-13;2026-08-14;2026-08-21;2026-08-22;2026-08-29;2026-08-30;2026-09-06;2026-09-15
807,42.143524169921875,42.143524169921875,1,2026-06-02;2026-06-03;2026-06-10;2026-06-11;2026-06-18;2026-06-19;2026-06-26;2026-06-27;2026-07-05;2026-07-12;2026-07-13;2026-07-20;2026-07-21;2026-07-28;2026-07-29;2026-08-05;2026-08-06;2026-08-13;2026-08-14;2026-08-21;2026-08-22;2026-08-29;2026-08-30;2026-09-06;2026-09-15
425,36.7588623046875,37.942779541015625,35,2026-06-02;2026-06-03;2026-06-10;2026-06-11;2026-06-18;2026-06-19;2026-06-26;2026-06-27;2026-07-05;2026-07-12;2026-07-13;2026-07-20;2026-07-21;2026-07-28;2026-07-29;2026-08-05;2026-08-06;2026-08-13;2026-08-14;2026-08-21;2026-08-22;2026-08-29;2026-08-30;2026-09-06;2026-09-15
1496,40.7871728515625,42.44941711425781,25,2026-06-02;2026-06-03;2026-06-10;2026-06-11;2026-06-18;2026-06-19;2026-06-26;2026-06-27;2026-07-05;2026-07-12;2026-07-13;2026-07-20;2026-07-21;2026-07-28;2026-07-29;2026-08-05;2026-08-06;2026-08-13;2026-08-14;2026-08-21;2026-08-22;2026-08-29;2026-08-30;2026-09-06;2026-09-15
1259,35.65342843191964,37.877838134765625,35,2026-06-02;2026-06-03;2026-06-10;2026-06-11;2026-06-18;2026-06-19;2026-06-26;2026-06-27;2026-07-05;2026-07-12;2026-07-13;2026-07-20;2026-07-21;2026-07-28;2026-07-29;2026-08-05;2026-08-06;2026-08-13;2026-08-14;2026-08-21;2026-08-22;2026-08-29;2026-08-30;2026-09-06;2026-09-15
334,37.30387589738176,39.798736572265625,37,2026-06-02;2026-06-03;2026-06-10;2026-06-11;2026-06-18;2026-06-19;2026-06-26;2026-06-27;2026-07-05;2026-07-12;2026-07-13;2026-07-20;2026-07-21;2026-07-28;2026-07-29;2026-08-05;2026-08-06;2026-08-13;2026-08-14;2026-08-21;2026-08-22;2026-08-29;2026-08-30;2026-09-06;2026-09-15
1552,42.273304658777576,43.517547607421875,34,2026-06-02;2026-06-03;2026-06-10;2026-06-11;2026-06-18;2026-06-19;2026-06-26;2026-06-27;2026-07-05;2026-07-12;2026-07-13;2026-07-20;2026-07-21;2026-07-28;2026-07-29;2026-08-05;2026-08-06;2026-08-13;2026-08-14;2026-08-21;2026-08-22;2026-08-29;2026-08-30;2026-09-06;2026-09-15
350,38.26078752790178,42.06147766113281,35,2026-06-02;2026-06-03;2026-06-10;2026-06-11;2026-06-18;2026-06-19;2026-06-26;2026-06-27;2026-07-05;2026-07-12;2026-07-13;2026-07-20;2026-07-21;2026-07-28;2026-07-29;2026-08-05;2026-08-06;2026-08-13;2026-08-14;2026-08-21;2026-08-22;2026-08-29;2026-08-30;2026-09-06;2026-09-15
1005,38.630392635569855,42.099090576171875,34,2026-06-02;2026-06-03;2026-06-10;2026-06-11;2026-06-18;2026-06-19;2026-06-26;2026-06-27;2026-07-05;2026-07-12;2026-07-13;2026-07-20;2026-07-21;2026-07-28;2026-07-29;2026-08-05;2026-08-06;2026-08-13;2026-08-14;2026-08-21;2026-08-22;2026-08-29;2026-08-30;2026-09-06;2026-09-15
15,40.10525430215372,41.47358703613281,37,2026-06-02;2026-06-03;2026-06-10;2026-06-11;2026-06-18;2026-06-19;2026-06-26;2026-06-27;2026-07-05;2026-07-12;2026-07-13;2026-07-20;2026-07-21;2026-07-28;2026-07-29;2026-08-05;2026-08-06;2026-08-13;2026-08-14;2026-08-21;2026-08-22;2026-08-29;2026-08-30;2026-09-06;2026-09-15
1318,41.821849926097975,43.616668701171875,37,2026-06-02;2026-06-03;2026-06-10;2026-06-11;2026-06-18;2026-06-19;2026-06-26;2026-06-27;2026-07-05;2026-07-12;2026-07-13;2026-07-20;2026-07-21;2026-07-28;2026-07-29;2026-08-05;2026-08-06;2026-08-13;2026-08-14;2026-08-21;2026-08-22;2026-08-29;2026-08-30;2026-09-06;2026-09-15
920,39.54656982421875,42.119598388671875,32,2026-06-02;2026-06-03;2026-06-10;2026-06-11;2026-06-18;2026-06-19;2026-06-26;2026-06-27;2026-07-05;2026-07-12;2026-07-13;2026-07-20;2026-07-21;2026-07-28;2026-07-29;2026-08-05;2026-08-06;2026-08-13;2026-08-14;2026-08-21;2026-08-22;2026-08-29;2026-08-30;2026-09-06;2026-09-15
1395,39.31548897879464,41.425750732421875,35,2026-06-02;2026-06-03;2026-06-10;2026-06-11;2026-06-18;2026-06-19;2026-06-26;2026-06-27;2026-07-05;2026-07-12;2026-07-13;2026-07-20;2026-07-21;2026-07-28;2026-07-29;2026-08-05;2026-08-06;2026-08-13;2026-08-14;2026-08-21;2026-08-22;2026-08-29;2026-08-30;2026-09-06;2026-09-15
846,35.843961148648646,38.381988525390625,37,2026-06-02;2026-06-03;2026-06-10;2026-06-11;2026-06-18;2026-06-19;2026-06-26;2026-06-27;2026-07-05;2026-07-12;2026-07-13;2026-07-20;2026-07-21;2026-07-28;2026-07-29;2026-08-05;2026-08-06;2026-08-13;2026-08-14;2026-08-21;2026-08-22;2026-08-29;2026-08-30;2026-09-06;2026-09-15
598,35.740456973805145,37.648834228515625,34,2026-06-02;2026-06-03;2026-06-10;2026-06-11;2026-06-18;2026-06-19;2026-06-26;2026-06-27;2026-07-05;2026-07-12;2026-07-13;2026-07-20;2026-07-21;2026-07-28;2026-07-29;2026-08-05;2026-08-06;2026-08-13;2026-08-14;2026-08-21;2026-08-22;2026-08-29;2026-08-30;2026-09-06;2026-09-15
1109,36.09673713235294,41.466766357421875,34,2026-06-02;2026-06-03;2026-06-10;2026-06-11;2026-06-18;2026-06-19;2026-06-26;2026-06-27;2026-07-05;2026-07-12;2026-07-13;2026-07-20;2026-07-21;2026-07-28;2026-07-29;2026-08-05;2026-08-06;2026-08-13;2026-08-14;2026-08-21;2026-08-22;2026-08-29;2026-08-30;2026-09-06;2026-09-15
791,34.661658393012154,36.7874755859375,36,2026-06-02;2026-06-03;2026-06-10;2026-06-11;2026-06-18;2026-06-19;2026-06-26;2026-06-27;2026-07-05;2026-07-12;2026-07-13;2026-07-20;2026-07-21;2026-07-28;2026-07-29;2026-08-05;2026-08-06;2026-08-13;2026-08-14;2026-08-21;2026-08-22;2026-08-29;2026-08-30;2026-09-06;2026-09-15
971,39.47830738740809,43.613250732421875,34,2026-06-02;2026-06-03;2026-06-10;2026-06-11;2026-06-18;2026-06-19;2026-06-26;2026-06-27;2026-07-05;2026-07-12;2026-07-13;2026-07-20;2026-07-21;2026-07-28;2026-07-29;2026-08-05;2026-08-06;2026-08-13;2026-08-14;2026-08-21;2026-08-22;2026-08-29;2026-08-30;2026-09-06;2026-09-15
1269,41.24372482299805,42.134979248046875,32,2026-06-02;2026-06-03;2026-06-10;2026-06-11;2026-06-18;2026-06-19;2026-06-26;2026-06-27;2026-07-05;2026-07-12;2026-07-13;2026-07-20;2026-07-21;2026-07-28;2026-07-29;2026-08-05;2026-08-06;2026-08-13;2026-08-14;2026-08-21;2026-08-22;2026-08-29;2026-08-30;2026-09-06;2026-09-15
1321,35.03926086425781,35.680023193359375,32,2026-06-02;2026-06-03;2026-06-10;2026-06-11;2026-06-18;2026-06-19;2026-06-26;2026-06-27;2026-07-05;2026-07-12;2026-07-13;2026-07-20;2026-07-21;2026-07-28;2026-07-29;2026-08-05;2026-08-06;2026-08-13;2026-08-14;2026-08-21;2026-08-22;2026-08-29;2026-08-30;2026-09-06;2026-09-15
828,29.691665649414062,29.691665649414062,1,2026-06-02;2026-06-03;2026-06-10;2026-06-11;2026-06-18;2026-06-19;2026-06-26;2026-06-27;2026-07-05;2026-07-12;2026-07-13;2026-07-20;2026-07-21;2026-07-28;2026-07-29;2026-08-05;2026-08-06;2026-08-13;2026-08-14;2026-08-21;2026-08-22;2026-08-29;2026-08-30;2026-09-06;2026-09-15
855,39.77568054199219,42.871551513671875,32,2026-06-02;2026-06-03;2026-06-10;2026-06-11;2026-06-18;2026-06-19;2026-06-26;2026-06-27;2026-07-05;2026-07-12;2026-07-13;2026-07-20;2026-07-21;2026-07-28;2026-07-29;2026-08-05;2026-08-06;2026-08-13;2026-08-14;2026-08-21;2026-08-22;2026-08-29;2026-08-30;2026-09-06;2026-09-15
1010,37.054474748883926,38.045318603515625,35,2026-06-02;2026-06-03;2026-06-10;2026-06-11;2026-06-18;2026-06-19;2026-06-26;2026-06-27;2026-07-05;2026-07-12;2026-07-13;2026-07-20;2026-07-21;2026-07-28;2026-07-29;2026-08-05;2026-08-06;2026-08-13;2026-08-14;2026-08-21;2026-08-22;2026-08-29;2026-08-30;2026-09-06;2026-09-15
835,36.73380998883928,40.31488037109375,35,2026-06-02;2026-06-03;2026-06-10;2026-06-11;2026-06-18;2026-06-19;2026-06-26;2026-06-27;2026-07-05;2026-07-12;2026-07-13;2026-07-20;2026-07-21;2026-07-28;2026-07-29;2026-08-05;2026-08-06;2026-08-13;2026-08-14;2026-08-21;2026-08-22;2026-08-29;2026-08-30;2026-09-06;2026-09-15
969,39.040856255425346,42.358856201171875,36,2026-06-02;2026-06-03;2026-06-10;2026-06-11;2026-06-18;2026-06-19;2026-06-26;2026-06-27;2026-07-05;2026-07-12;2026-07-13;2026-07-20;2026-07-21;2026-07-28;2026-07-29;2026-08-05;2026-08-06;2026-08-13;2026-08-14;2026-08-21;2026-08-22;2026-08-29;2026-08-30;2026-09-06;2026-09-15
472,41.3916015625,43.032196044921875,35,2026-06-02;2026-06-03;2026-06-10;2026-06-11;2026-06-18;2026-06-19;2026-06-26;2026-06-27;2026-07-05;2026-07-12;2026-07-13;2026-07-20;2026-07-21;2026-07-28;2026-07-29;2026-08-05;2026-08-06;2026-08-13;2026-08-14;2026-08-21;2026-08-22;2026-08-29;2026-08-30;2026-09-06;2026-09-15
801,34.42260044642857,35.81504821777344,35,2026-06-02;2026-06-03;2026-06-10;2026-06-11;2026-06-18;2026-06-19;2026-06-26;2026-06-27;2026-07-05;2026-07-12;2026-07-13;2026-07-20;2026-07-21;2026-07-28;2026-07-29;2026-08-05;2026-08-06;2026-08-13;2026-08-14;2026-08-21;2026-08-22;2026-08-29;2026-08-30;2026-09-06;2026-09-15
242,39.85067569508272,41.54194641113281,34,2026-06-02;2026-06-03;2026-06-10;2026-06-11;2026-06-18;2026-06-19;2026-06-26;2026-06-27;2026-07-05;2026-07-12;2026-07-13;2026-07-20;2026-07-21;2026-07-28;2026-07-29;2026-08-05;2026-08-06;2026-08-13;2026-08-14;2026-08-21;2026-08-22;2026-08-29;2026-08-30;2026-09-06;2026-09-15
1484,39.56910923549107,43.633758544921875,35,2026-06-02;2026-06-03;2026-06-10;2026-06-11;2026-06-18;2026-06-19;2026-06-26;2026-06-27;2026-07-05;2026-07-12;2026-07-13;2026-07-20;2026-07-21;2026-07-28;2026-07-29;2026-08-05;2026-08-06;2026-08-13;2026-08-14;2026-08-21;2026-08-22;2026-08-29;2026-08-30;2026-09-06;2026-09-15
1023,34.65863560267857,37.624908447265625,35,2026-06-02;2026-06-03;2026-06-10;2026-06-11;2026-06-18;2026-06-19;2026-06-26;2026-06-27;2026-07-05;2026-07-12;2026-07-13;2026-07-20;2026-07-21;2026-07-28;2026-07-29;2026-08-05;2026-08-06;2026-08-13;2026-08-14;2026-08-21;2026-08-22;2026-08-29;2026-08-30;2026-09-06;2026-09-15
994,34.590663364955354,35.950042724609375,35,2026-06-02;2026-06-03;2026-06-10;2026-06-11;2026-06-18;2026-06-19;2026-06-26;2026-06-27;2026-07-05;2026-07-12;2026-07-13;2026-07-20;2026-07-21;2026-07-28;2026-07-29;2026-08-05;2026-08-06;2026-08-13;2026-08-14;2026-08-21;2026-08-22;2026-08-29;2026-08-30;2026-09-06;2026-09-15
329,34.45563422309028,36.6405029296875,36,2026-06-02;2026-06-03;2026-06-10;2026-06-11;2026-06-18;2026-06-19;2026-06-26;2026-06-27;2026-07-05;2026-07-12;2026-07-13;2026-07-20;2026-07-21;2026-07-28;2026-07-29;2026-08-05;2026-08-06;2026-08-13;2026-08-14;2026-08-21;2026-08-22;2026-08-29;2026-08-30;2026-09-06;2026-09-15
136,40.01579284667969,42.054656982421875,32,2026-06-02;2026-06-03;2026-06-10;2026-06-11;2026-06-18;2026-06-19;2026-06-26;2026-06-27;2026-07-05;2026-07-12;2026-07-13;2026-07-20;2026-07-21;2026-07-28;2026-07-29;2026-08-05;2026-08-06;2026-08-13;2026-08-14;2026-08-21;2026-08-22;2026-08-29;2026-08-30;2026-09-06;2026-09-15
945,35.83916558159722,38.342681884765625,36,2026-06-02;2026-06-03;2026-06-10;2026-06-11;2026-06-18;2026-06-19;2026-06-26;2026-06-27;2026-07-05;2026-07-12;2026-07-13;2026-07-20;2026-07-21;2026-07-28;2026-07-29;2026-08-05;2026-08-06;2026-08-13;2026-08-14;2026-08-21;2026-08-22;2026-08-29;2026-08-30;2026-09-06;2026-09-15
1024,34.90618896484375,37.915435791015625,36,2026-06-02;2026-06-03;2026-06-10;2026-06-11;2026-06-18;2026-06-19;2026-06-26;2026-06-27;2026-07-05;2026-07-12;2026-07-13;2026-07-20;2026-07-21;2026-07-28;2026-07-29;2026-08-05;2026-08-06;2026-08-13;2026-08-14;2026-08-21;2026-08-22;2026-08-29;2026-08-30;2026-09-06;2026-09-15
555,36.866190592447914,37.59242248535156,36,2026-06-02;2026-06-03;2026-06-10;2026-06-11;2026-06-18;2026-06-19;2026-06-26;2026-06-27;2026-07-05;2026-07-12;2026-07-13;2026-07-20;2026-07-21;2026-07-28;2026-07-29;2026-08-05;2026-08-06;2026-08-13;2026-08-14;2026-08-21;2026-08-22;2026-08-29;2026-08-30;2026-09-06;2026-09-15
128,37.51210021972656,38.34950256347656,16,2026-06-02;2026-06-03;2026-06-10;2026-06-11;2026-06-18;2026-06-19;2026-06-26;2026-06-27;2026-07-05;2026-07-12;2026-07-13;2026-07-20;2026-07-21;2026-07-28;2026-07-29;2026-08-05;2026-08-06;2026-08-13;2026-08-14;2026-08-21;2026-08-22;2026-08-29;2026-08-30;2026-09-06;2026-09-15
45,39.88068644205729,42.41181945800781,36,2026-06-02;2026-06-03;2026-06-10;2026-06-11;2026-06-18;2026-06-19;2026-06-26;2026-06-27;2026-07-05;2026-07-12;2026-07-13;2026-07-20;2026-07-21;2026-07-28;2026-07-29;2026-08-05;2026-08-06;2026-08-13;2026-08-14;2026-08-21;2026-08-22;2026-08-29;2026-08-30;2026-09-06;2026-09-15
968,38.59591854319853,39.97990417480469,34,2026-06-02;2026-06-03;2026-06-10;2026-06-11;2026-06-18;2026-06-19;2026-06-26;2026-06-27;2026-07-05;2026-07-12;2026-07-13;2026-07-20;2026-07-21;2026-07-28;2026-07-29;2026-08-05;2026-08-06;2026-08-13;2026-08-14;2026-08-21;2026-08-22;2026-08-29;2026-08-30;2026-09-06;2026-09-15
386,40.713219536675346,42.524627685546875,36,2026-06-02;2026-06-03;2026-06-10;2026-06-11;2026-06-18;2026-06-19;2026-06-26;2026-06-27;2026-07-05;2026-07-12;2026-07-13;2026-07-20;2026-07-21;2026-07-28;2026-07-29;2026-08-05;2026-08-06;2026-08-13;2026-08-14;2026-08-21;2026-08-22;2026-08-29;2026-08-30;2026-09-06;2026-09-15
1068,39.92736467633929,41.979461669921875,35,2026-06-02;2026-06-03;2026-06-10;2026-06-11;2026-06-18;2026-06-19;2026-06-26;2026-06-27;2026-07-05;2026-07-12;2026-07-13;2026-07-20;2026-07-21;2026-07-28;2026-07-29;2026-08-05;2026-08-06;2026-08-13;2026-08-14;2026-08-21;2026-08-22;2026-08-29;2026-08-30;2026-09-06;2026-09-15
131,35.34434291294643,38.195709228515625,35,2026-06-02;2026-06-03;2026-06-10;2026-06-11;2026-06-18;2026-06-19;2026-06-26;2026-06-27;2026-07-05;2026-07-12;2026-07-13;2026-07-20;2026-07-21;2026-07-28;2026-07-29;2026-08-05;2026-08-06;2026-08-13;2026-08-14;2026-08-21;2026-08-22;2026-08-29;2026-08-30;2026-09-06;2026-09-15
740,39.65307976217831,40.89935302734375,34,2026-06-02;2026-06-03;2026-06-10;2026-06-11;2026-06-18;2026-06-19;2026-06-26;2026-06-27;2026-07-05;2026-07-12;2026-07-13;2026-07-20;2026-07-21;2026-07-28;2026-07-29;2026-08-05;2026-08-06;2026-08-13;2026-08-14;2026-08-21;2026-08-22;2026-08-29;2026-08-30;2026-09-06;2026-09-15
1363,37.71044582790799,38.855377197265625,36,2026-06-02;2026-06-03;2026-06-10;2026-06-11;2026-06-18;2026-06-19;2026-06-26;2026-06-27;2026-07-05;2026-07-12;2026-07-13;2026-07-20;2026-07-21;2026-07-28;2026-07-29;2026-08-05;2026-08-06;2026-08-13;2026-08-14;2026-08-21;2026-08-22;2026-08-29;2026-08-30;2026-09-06;2026-09-15
910,37.4578857421875,41.04803466796875,32,2026-06-02;2026-06-03;2026-06-10;2026-06-11;2026-06-18;2026-06-19;2026-06-26;2026-06-27;2026-07-05;2026-07-12;2026-07-13;2026-07-20;2026-07-21;2026-07-28;2026-07-29;2026-08-05;2026-08-06;2026-08-13;2026-08-14;2026-08-21;2026-08-22;2026-08-29;2026-08-30;2026-09-06;2026-09-15
1616,33.83367396763393,35.796234130859375,35,2026-06-02;2026-06-03;2026-06-10;2026-06-11;2026-06-18;2026-06-19;2026-06-26;2026-06-27;2026-07-05;2026-07-12;2026-07-13;2026-07-20;2026-07-21;2026-07-28;2026-07-29;2026-08-05;2026-08-06;2026-08-13;2026-08-14;2026-08-21;2026-08-22;2026-08-29;2026-08-30;2026-09-06;2026-09-15
295,41.18781812263258,42.628875732421875,33,2026-06-02;2026-06-03;2026-06-10;2026-06-11;2026-06-18;2026-06-19;2026-06-26;2026-06-27;2026-07-05;2026-07-12;2026-07-13;2026-07-20;2026-07-21;2026-07-28;2026-07-29;2026-08-05;2026-08-06;2026-08-13;2026-08-14;2026-08-21;2026-08-22;2026-08-29;2026-08-30;2026-09-06;2026-09-15
569,38.537161690848215,42.560516357421875,35,2026-06-02;2026-06-03;2026-06-10;2026-06-11;2026-06-18;2026-06-19;2026-06-26;2026-06-27;2026-07-05;2026-07-12;2026-07-13;2026-07-20;2026-07-21;2026-07-28;2026-07-29;2026-08-05;2026-08-06;2026-08-13;2026-08-14;2026-08-21;2026-08-22;2026-08-29;2026-08-30;2026-09-06;2026-09-15
456,,,0,2026-06-02;2026-06-03;2026-06-10;2026-06-11;2026-06-18;2026-06-19;2026-06-26;2026-06-27;2026-07-05;2026-07-12;2026-07-13;2026-07-20;2026-07-21;2026-07-28;2026-07-29;2026-08-05;2026-08-06;2026-08-13;2026-08-14;2026-08-21;2026-08-22;2026-08-29;2026-08-30;2026-09-06;2026-09-15
390,37.57252771714155,38.144439697265625,34,2026-06-02;2026-06-03;2026-06-10;2026-06-11;2026-06-18;2026-06-19;2026-06-26;2026-06-27;2026-07-05;2026-07-12;2026-07-13;2026-07-20;2026-07-21;2026-07-28;2026-07-29;2026-08-05;2026-08-06;2026-08-13;2026-08-14;2026-08-21;2026-08-22;2026-08-29;2026-08-30;2026-09-06;2026-09-15
285,38.55853456439394,41.852996826171875,33,2026-06-02;2026-06-03;2026-06-10;2026-06-11;2026-06-18;2026-06-19;2026-06-26;2026-06-27;2026-07-05;2026-07-12;2026-07-13;2026-07-20;2026-07-21;2026-07-28;2026-07-29;2026-08-05;2026-08-06;2026-08-13;2026-08-14;2026-08-21;2026-08-22;2026-08-29;2026-08-30;2026-09-06;2026-09-15
1502,37.4219970703125,38.638336181640625,36,2026-06-02;2026-06-03;2026-06-10;2026-06-11;2026-06-18;2026-06-19;2026-06-26;2026-06-27;2026-07-05;2026-07-12;2026-07-13;2026-07-20;2026-07-21;2026-07-28;2026-07-29;2026-08-05;2026-08-06;2026-08-13;2026-08-14;2026-08-21;2026-08-22;2026-08-29;2026-08-30;2026-09-06;2026-09-15
1398,41.31148644649621,45.879425048828125,33,2026-06-02;2026-06-03;2026-06-10;2026-06-11;2026-06-18;2026-06-19;2026-06-26;2026-06-27;2026-07-05;2026-07-12;2026-07-13;2026-07-20;2026-07-21;2026-07-28;2026-07-29;2026-08-05;2026-08-06;2026-08-13;2026-08-14;2026-08-21;2026-08-22;2026-08-29;2026-08-30;2026-09-06;2026-09-15
845,37.61600864955357,38.776763916015625,35,2026-06-02;2026-06-03;2026-06-10;2026-06-11;2026-06-18;2026-06-19;2026-06-26;2026-06-27;2026-07-05;2026-07-12;2026-07-13;2026-07-20;2026-07-21;2026-07-28;2026-07-29;2026-08-05;2026-08-06;2026-08-13;2026-08-14;2026-08-21;2026-08-22;2026-08-29;2026-08-30;2026-09-06;2026-09-15
822,35.00674057006836,37.983795166015625,32,2026-06-02;2026-06-03;2026-06-10;2026-06-11;2026-06-18;2026-06-19;2026-06-26;2026-06-27;2026-07-05;2026-07-12;2026-07-13;2026-07-20;2026-07-21;2026-07-28;2026-07-29;2026-08-05;2026-08-06;2026-08-13;2026-08-14;2026-08-21;2026-08-22;2026-08-29;2026-08-30;2026-09-06;2026-09-15
90,37.980794270833336,39.598785400390625,36,2026-06-02;2026-06-03;2026-06-10;2026-06-11;2026-06-18;2026-06-19;2026-06-26;2026-06-27;2026-07-05;2026-07-12;2026-07-13;2026-07-20;2026-07-21;2026-07-28;2026-07-29;2026-08-05;2026-08-06;2026-08-13;2026-08-14;2026-08-21;2026-08-22;2026-08-29;2026-08-30;2026-09-06;2026-09-15
1276,33.67925604458513,37.4693603515625,29,2026-06-02;2026-06-03;2026-06-10;2026-06-11;2026-06-18;2026-06-19;2026-06-26;2026-06-27;2026-07-05;2026-07-12;2026-07-13;2026-07-20;2026-07-21;2026-07-28;2026-07-29;2026-08-05;2026-08-06;2026-08-13;2026-08-14;2026-08-21;2026-08-22;2026-08-29;2026-08-30;2026-09-06;2026-09-15
737,42.64845842633929,44.6591796875,35,2026-06-02;2026-06-03;2026-06-10;2026-06-11;2026-06-18;2026-06-19;2026-06-26;2026-06-27;2026-07-05;2026-07-12;2026-07-13;2026-07-20;2026-07-21;2026-07-28;2026-07-29;2026-08-05;2026-08-06;2026-08-13;2026-08-14;2026-08-21;2026-08-22;2026-08-29;2026-08-30;2026-09-06;2026-09-15
686,31.854042053222656,36.110687255859375,32,2026-06-02;2026-06-03;2026-06-10;2026-06-11;2026-06-18;2026-06-19;2026-06-26;2026-06-27;2026-07-05;2026-07-12;2026-07-13;2026-07-20;2026-07-21;2026-07-28;2026-07-29;2026-08-05;2026-08-06;2026-08-13;2026-08-14;2026-08-21;2026-08-22;2026-08-29;2026-08-30;2026-09-06;2026-09-15
190,,,0,2026-06-02;2026-06-03;2026-06-10;2026-06-11;2026-06-18;2026-06-19;2026-06-26;2026-06-27;2026-07-05;2026-07-12;2026-07-13;2026-07-20;2026-07-21;2026-07-28;2026-07-29;2026-08-05;2026-08-06;2026-08-13;2026-08-14;2026-08-21;2026-08-22;2026-08-29;2026-08-30;2026-09-06;2026-09-15
60,39.86144670758929,42.054656982421875,35,2026-06-02;2026-06-03;2026-06-10;2026-06-11;2026-06-18;2026-06-19;2026-06-26;2026-06-27;2026-07-05;2026-07-12;2026-07-13;2026-07-20;2026-07-21;2026-07-28;2026-07-29;2026-08-05;2026-08-06;2026-08-13;2026-08-14;2026-08-21;2026-08-22;2026-08-29;2026-08-30;2026-09-06;2026-09-15
586,38.096630859375,39.562896728515625,35,2026-06-02;2026-06-03;2026-06-10;2026-06-11;2026-06-18;2026-06-19;2026-06-26;2026-06-27;2026-07-05;2026-07-12;2026-07-13;2026-07-20;2026-07-21;2026-07-28;2026-07-29;2026-08-05;2026-08-06;2026-08-13;2026-08-14;2026-08-21;2026-08-22;2026-08-29;2026-08-30;2026-09-06;2026-09-15
965,42.21148507254464,43.708953857421875,35,2026-06-02;2026-06-03;2026-06-10;2026-06-11;2026-06-18;2026-06-19;2026-06-26;2026-06-27;2026-07-05;2026-07-12;2026-07-13;2026-07-20;2026-07-21;2026-07-28;2026-07-29;2026-08-05;2026-08-06;2026-08-13;2026-08-14;2026-08-21;2026-08-22;2026-08-29;2026-08-30;2026-09-06;2026-09-15
749,39.9700813293457,43.227020263671875,32,2026-06-02;2026-06-03;2026-06-10;2026-06-11;2026-06-18;2026-06-19;2026-06-26;2026-06-27;2026-07-05;2026-07-12;2026-07-13;2026-07-20;2026-07-21;2026-07-28;2026-07-29;2026-08-05;2026-08-06;2026-08-13;2026-08-14;2026-08-21;2026-08-22;2026-08-29;2026-08-30;2026-09-06;2026-09-15
635,38.201028262867645,40.106353759765625,34,2026-06-02;2026-06-03;2026-06-10;2026-06-11;2026-06-18;2026-06-19;2026-06-26;2026-06-27;2026-07-05;2026-07-12;2026-07-13;2026-07-20;2026-07-21;2026-07-28;2026-07-29;2026-08-05;2026-08-06;2026-08-13;2026-08-14;2026-08-21;2026-08-22;2026-08-29;2026-08-30;2026-09-06;2026-09-15
358,36.44474931196733,38.089752197265625,11,2026-06-02;2026-06-03;2026-06-10;2026-06-11;2026-06-18;2026-06-19;2026-06-26;2026-06-27;2026-07-05;2026-07-12;2026-07-13;2026-07-20;2026-07-21;2026-07-28;2026-07-29;2026-08-05;2026-08-06;2026-08-13;2026-08-14;2026-08-21;2026-08-22;2026-08-29;2026-08-30;2026-09-06;2026-09-15
331,35.700837053571426,37.341217041015625,35,2026-06-02;2026-06-03;2026-06-10;2026-06-11;2026-06-18;2026-06-19;2026-06-26;2026-06-27;2026-07-05;2026-07-12;2026-07-13;2026-07-20;2026-07-21;2026-07-28;2026-07-29;2026-08-05;2026-08-06;2026-08-13;2026-08-14;2026-08-21;2026-08-22;2026-08-29;2026-08-30;2026-09-06;2026-09-15
500,34.768310546875,37.0164794921875,35,2026-06-02;2026-06-03;2026-06-10;2026-06-11;2026-06-18;2026-06-19;2026-06-26;2026-06-27;2026-07-05;2026-07-12;2026-07-13;2026-07-20;2026-07-21;2026-07-28;2026-07-29;2026-08-05;2026-08-06;2026-08-13;2026-08-14;2026-08-21;2026-08-22;2026-08-29;2026-08-30;2026-09-06;2026-09-15
1240,36.353138950892856,37.40956115722656,35,2026-06-02;2026-06-03;2026-06-10;2026-06-11;2026-06-18;2026-06-19;2026-06-26;2026-06-27;2026-07-05;2026-07-12;2026-07-13;2026-07-20;2026-07-21;2026-07-28;2026-07-29;2026-08-05;2026-08-06;2026-08-13;2026-08-14;2026-08-21;2026-08-22;2026-08-29;2026-08-30;2026-09-06;2026-09-15
597,37.247202845982144,38.585357666015625,35,2026-06-02;2026-06-03;2026-06-10;2026-06-11;2026-06-18;2026-06-19;2026-06-26;2026-06-27;2026-07-05;2026-07-12;2026-07-13;2026-07-20;2026-07-21;2026-07-28;2026-07-29;2026-08-05;2026-08-06;2026-08-13;2026-08-14;2026-08-21;2026-08-22;2026-08-29;2026-08-30;2026-09-06;2026-09-15
696,40.18433936866554,43.179168701171875,37,2026-06-02;2026-06-03;2026-06-10;2026-06-11;2026-06-18;2026-06-19;2026-06-26;2026-06-27;2026-07-05;2026-07-12;2026-07-13;2026-07-20;2026-07-21;2026-07-28;2026-07-29;2026-08-05;2026-08-06;2026-08-13;2026-08-14;2026-08-21;2026-08-22;2026-08-29;2026-08-30;2026-09-06;2026-09-15
689,33.852302102481616,36.2508544921875,34,2026-06-02;2026-06-03;2026-06-10;2026-06-11;2026-06-18;2026-06-19;2026-06-26;2026-06-27;2026-07-05;2026-07-12;2026-07-13;2026-07-20;2026-07-21;2026-07-28;2026-07-29;2026-08-05;2026-08-06;2026-08-13;2026-08-14;2026-08-21;2026-08-22;2026-08-29;2026-08-30;2026-09-06;2026-09-15
1184,33.70122146606445,35.874847412109375,32,2026-06-02;2026-06-03;2026-06-10;2026-06-11;2026-06-18;2026-06-19;2026-06-26;2026-06-27;2026-07-05;2026-07-12;2026-07-13;2026-07-20;2026-07-21;2026-07-28;2026-07-29;2026-08-05;2026-08-06;2026-08-13;2026-08-14;2026-08-21;2026-08-22;2026-08-29;2026-08-30;2026-09-06;2026-09-15
314,39.05607604980469,40.24308776855469,32,2026-06-02;2026-06-03;2026-06-10;2026-06-11;2026-06-18;2026-06-19;2026-06-26;2026-06-27;2026-07-05;2026-07-12;2026-07-13;2026-07-20;2026-07-21;2026-07-28;2026-07-29;2026-08-05;2026-08-06;2026-08-13;2026-08-14;2026-08-21;2026-08-22;2026-08-29;2026-08-30;2026-09-06;2026-09-15
761,39.38987938133446,41.10443115234375,37,2026-06-02;2026-06-03;2026-06-10;2026-06-11;2026-06-18;2026-06-19;2026-06-26;2026-06-27;2026-07-05;2026-07-12;2026-07-13;2026-07-20;2026-07-21;2026-07-28;2026-07-29;2026-08-05;2026-08-06;2026-08-13;2026-08-14;2026-08-21;2026-08-22;2026-08-29;2026-08-30;2026-09-06;2026-09-15
149,42.77614397321429,44.317352294921875,35,2026-06-02;2026-06-03;2026-06-10;2026-06-11;2026-06-18;2026-06-19;2026-06-26;2026-06-27;2026-07-05;2026-07-12;2026-07-13;2026-07-20;2026-07-21;2026-07-28;2026-07-29;2026-08-05;2026-08-06;2026-08-13;2026-08-14;2026-08-21;2026-08-22;2026-08-29;2026-08-30;2026-09-06;2026-09-15
832,42.104944177576016,48.135284423828125,37,2026-06-02;2026-06-03;2026-06-10;2026-06-11;2026-06-18;2026-06-19;2026-06-26;2026-06-27;2026-07-05;2026-07-12;2026-07-13;2026-07-20;2026-07-21;2026-07-28;2026-07-29;2026-08-05;2026-08-06;2026-08-13;2026-08-14;2026-08-21;2026-08-22;2026-08-29;2026-08-30;2026-09-06;2026-09-15
1632,40.22505018446181,41.357391357421875,36,2026-06-02;2026-06-03;2026-06-10;2026-06-11;2026-06-18;2026-06-19;2026-06-26;2026-06-27;2026-07-05;2026-07-12;2026-07-13;2026-07-20;2026-07-21;2026-07-28;2026-07-29;2026-08-05;2026-08-06;2026-08-13;2026-08-14;2026-08-21;2026-08-22;2026-08-29;2026-08-30;2026-09-06;2026-09-15
451,37.398932379645274,41.47529602050781,37,2026-06-02;2026-06-03;2026-06-10;2026-06-11;2026-06-18;2026-06-19;2026-06-26;2026-06-27;2026-07-05;2026-07-12;2026-07-13;2026-07-20;2026-07-21;2026-07-28;2026-07-29;2026-08-05;2026-08-06;2026-08-13;2026-08-14;2026-08-21;2026-08-22;2026-08-29;2026-08-30;2026-09-06;2026-09-15
1039,35.68711635044643,38.769927978515625,35,2026-06-02;2026-06-03;2026-06-10;2026-06-11;2026-06-18;2026-06-19;2026-06-26;2026-06-27;2026-07-05;2026-07-12;2026-07-13;2026-07-20;2026-07-21;2026-07-28;2026-07-29;2026-08-05;2026-08-06;2026-08-13;2026-08-14;2026-08-21;2026-08-22;2026-08-29;2026-08-30;2026-09-06;2026-09-15
319,35.102294921875,36.8985595703125,35,2026-06-02;2026-06-03;2026-06-10;2026-06-11;2026-06-18;2026-06-19;2026-06-26;2026-06-27;2026-07-05;2026-07-12;2026-07-13;2026-07-20;2026-07-21;2026-07-28;2026-07-29;2026-08-05;2026-08-06;2026-08-13;2026-08-14;2026-08-21;2026-08-22;2026-08-29;2026-08-30;2026-09-06;2026-09-15
172,35.740879603794646,40.44303894042969,35,2026-06-02;2026-06-03;2026-06-10;2026-06-11;2026-06-18;2026-06-19;2026-06-26;2026-06-27;2026-07-05;2026-07-12;2026-07-13;2026-07-20;2026-07-21;2026-07-28;2026-07-29;2026-08-05;2026-08-06;2026-08-13;2026-08-14;2026-08-21;2026-08-22;2026-08-29;2026-08-30;2026-09-06;2026-09-15
372,43.129196579391895,46.829620361328125,37,2026-06-02;2026-06-03;2026-06-10;2026-06-11;2026-06-18;2026-06-19;2026-06-26;2026-06-27;2026-07-05;2026-07-12;2026-07-13;2026-07-20;2026-07-21;2026-07-28;2026-07-29;2026-08-05;2026-08-06;2026-08-13;2026-08-14;2026-08-21;2026-08-22;2026-08-29;2026-08-30;2026-09-06;2026-09-15
735,41.61040736607143,43.165496826171875,35,2026-06-02;2026-06-03;2026-06-10;2026-06-11;2026-06-18;2026-06-19;2026-06-26;2026-06-27;2026-07-05;2026-07-12;2026-07-13;2026-07-20;2026-07-21;2026-07-28;2026-07-29;2026-08-05;2026-08-06;2026-08-13;2026-08-14;2026-08-21;2026-08-22;2026-08-29;2026-08-30;2026-09-06;2026-09-15
488,36.675265066964286,38.18885803222656,35,2026-06-02;2026-06-03;2026-06-10;2026-06-11;2026-06-18;2026-06-19;2026-06-26;2026-06-27;2026-07-05;2026-07-12;2026-07-13;2026-07-20;2026-07-21;2026-07-28;2026-07-29;2026-08-05;2026-08-06;2026-08-13;2026-08-14;2026-08-21;2026-08-22;2026-08-29;2026-08-30;2026-09-06;2026-09-15
642,39.26285574776786,41.521453857421875,35,2026-06-02;2026-06-03;2026-06-10;2026-06-11;2026-06-18;2026-06-19;2026-06-26;2026-06-27;2026-07-05;2026-07-12;2026-07-13;2026-07-20;2026-07-21;2026-07-28;2026-07-29;2026-08-05;2026-08-06;2026-08-13;2026-08-14;2026-08-21;2026-08-22;2026-08-29;2026-08-30;2026-09-06;2026-09-15
1300,39.087301815257355,41.770965576171875,34,2026-06-02;2026-06-03;2026-06-10;2026-06-11;2026-06-18;2026-06-19;2026-06-26;2026-06-27;2026-07-05;2026-07-12;2026-07-13;2026-07-20;2026-07-21;2026-07-28;2026-07-29;2026-08-05;2026-08-06;2026-08-13;2026-08-14;2026-08-21;2026-08-22;2026-08-29;2026-08-30;2026-09-06;2026-09-15
421,42.36312327665441,45.899932861328125,34,2026-06-02;2026-06-03;2026-06-10;2026-06-11;2026-06-18;2026-06-19;2026-06-26;2026-06-27;2026-07-05;2026-07-12;2026-07-13;2026-07-20;2026-07-21;2026-07-28;2026-07-29;2026-08-05;2026-08-06;2026-08-13;2026-08-14;2026-08-21;2026-08-22;2026-08-29;2026-08-30;2026-09-06;2026-09-15
524,29.600669860839844,30.604278564453125,4,2026-06-02;2026-06-03;2026-06-10;2026-06-11;2026-06-18;2026-06-19;2026-06-26;2026-06-27;2026-07-05;2026-07-12;2026-07-13;2026-07-20;2026-07-21;2026-07-28;2026-07-29;2026-08-05;2026-08-06;2026-08-13;2026-08-14;2026-08-21;2026-08-22;2026-08-29;2026-08-30;2026-09-06;2026-09-15
164,35.097506277901786,38.24354553222656,35,2026-06-02;2026-06-03;2026-06-10;2026-06-11;2026-06-18;2026-06-19;2026-06-26;2026-06-27;2026-07-05;2026-07-12;2026-07-13;2026-07-20;2026-07-21;2026-07-28;2026-07-29;2026-08-05;2026-08-06;2026-08-13;2026-08-14;2026-08-21;2026-08-22;2026-08-29;2026-08-30;2026-09-06;2026-09-15
1618,36.907867431640625,43.127899169921875,36,2026-06-02;2026-06-03;2026-06-10;2026-06-11;2026-06-18;2026-06-19;2026-06-26;2026-06-27;2026-07-05;2026-07-12;2026-07-13;2026-07-20;2026-07-21;2026-07-28;2026-07-29;2026-08-05;2026-08-06;2026-08-13;2026-08-14;2026-08-21;2026-08-22;2026-08-29;2026-08-30;2026-09-06;2026-09-15
1122,30.745926339285713,32.31671142578125,35,2026-06-02;2026-06-03;2026-06-10;2026-06-11;2026-06-18;2026-06-19;2026-06-26;2026-06-27;2026-07-05;2026-07-12;2026-07-13;2026-07-20;2026-07-21;2026-07-28;2026-07-29;2026-08-05;2026-08-06;2026-08-13;2026-08-14;2026-08-21;2026-08-22;2026-08-29;2026-08-30;2026-09-06;2026-09-15
1017,40.377800436580884,41.72650146484375,17,2026-06-02;2026-06-03;2026-06-10;2026-06-11;2026-06-18;2026-06-19;2026-06-26;2026-06-27;2026-07-05;2026-07-12;2026-07-13;2026-07-20;2026-07-21;2026-07-28;2026-07-29;2026-08-05;2026-08-06;2026-08-13;2026-08-14;2026-08-21;2026-08-22;2026-08-29;2026-08-30;2026-09-06;2026-09-15
1040,33.7309326171875,36.9959716796875,35,2026-06-02;2026-06-03;2026-06-10;2026-06-11;2026-06-18;2026-06-19;2026-06-26;2026-06-27;2026-07-05;2026-07-12;2026-07-13;2026-07-20;2026-07-21;2026-07-28;2026-07-29;2026-08-05;2026-08-06;2026-08-13;2026-08-14;2026-08-21;2026-08-22;2026-08-29;2026-08-30;2026-09-06;2026-09-15
954,39.50518120659722,42.681854248046875,36,2026-06-02;2026-06-03;2026-06-10;2026-06-11;2026-06-18;2026-06-19;2026-06-26;2026-06-27;2026-07-05;2026-07-12;2026-07-13;2026-07-20;2026-07-21;2026-07-28;2026-07-29;2026-08-05;2026-08-06;2026-08-13;2026-08-14;2026-08-21;2026-08-22;2026-08-29;2026-08-30;2026-09-06;2026-09-15
200,42.404457092285156,44.64892578125,32,2026-06-02;2026-06-03;2026-06-10;2026-06-11;2026-06-18;2026-06-19;2026-06-26;2026-06-27;2026-07-05;2026-07-12;2026-07-13;2026-07-20;2026-07-21;2026-07-28;2026-07-29;2026-08-05;2026-08-06;2026-08-13;2026-08-14;2026-08-21;2026-08-22;2026-08-29;2026-08-30;2026-09-06;2026-09-15
43,40.52336120605469,42.12983703613281,32,2026-06-02;2026-06-03;2026-06-10;2026-06-11;2026-06-18;2026-06-19;2026-06-26;2026-06-27;2026-07-05;2026-07-12;2026-07-13;2026-07-20;2026-07-21;2026-07-28;2026-07-29;2026-08-05;2026-08-06;2026-08-13;2026-08-14;2026-08-21;2026-08-22;2026-08-29;2026-08-30;2026-09-06;2026-09-15
313,40.12547433035714,42.517791748046875,35,2026-06-02;2026-06-03;2026-06-10;2026-06-11;2026-06-18;2026-06-19;2026-06-26;2026-06-27;2026-07-05;2026-07-12;2026-07-13;2026-07-20;2026-07-21;2026-07-28;2026-07-29;2026-08-05;2026-08-06;2026-08-13;2026-08-14;2026-08-21;2026-08-22;2026-08-29;2026-08-30;2026-09-06;2026-09-15
869,39.12134552001953,41.18988037109375,32,2026-06-02;2026-06-03;2026-06-10;2026-06-11;2026-06-18;2026-06-19;2026-06-26;2026-06-27;2026-07-05;2026-07-12;2026-07-13;2026-07-20;2026-07-21;2026-07-28;2026-07-29;2026-08-05;2026-08-06;2026-08-13;2026-08-14;2026-08-21;2026-08-22;2026-08-29;2026-08-30;2026-09-06;2026-09-15
1168,38.629830496651785,40.031158447265625,35,2026-06-02;2026-06-03;2026-06-10;2026-06-11;2026-06-18;2026-06-19;2026-06-26;2026-06-27;2026-07-05;2026-07-12;2026-07-13;2026-07-20;2026-07-21;2026-07-28;2026-07-29;2026-08-05;2026-08-06;2026-08-13;2026-08-14;2026-08-21;2026-08-22;2026-08-29;2026-08-30;2026-09-06;2026-09-15
1491,41.099019368489586,43.148406982421875,36,2026-06-02;2026-06-03;2026-06-10;2026-06-11;2026-06-18;2026-06-19;2026-06-26;2026-06-27;2026-07-05;2026-07-12;2026-07-13;2026-07-20;2026-07-21;2026-07-28;2026-07-29;2026-08-05;2026-08-06;2026-08-13;2026-08-14;2026-08-21;2026-08-22;2026-08-29;2026-08-30;2026-09-06;2026-09-15
1135,37.846795159417226,39.080963134765625,37,2026-06-02;2026-06-03;2026-06-10;2026-06-11;2026-06-18;2026-06-19;2026-06-26;2026-06-27;2026-07-05;2026-07-12;2026-07-13;2026-07-20;2026-07-21;2026-07-28;2026-07-29;2026-08-05;2026-08-06;2026-08-13;2026-08-14;2026-08-21;2026-08-22;2026-08-29;2026-08-30;2026-09-06;2026-09-15
221,37.460276884191174,39.282623291015625,34,2026-06-02;2026-06-03;2026-06-10;2026-06-11;2026-06-18;2026-06-19;2026-06-26;2026-06-27;2026-07-05;2026-07-12;2026-07-13;2026-07-20;2026-07-21;2026-07-28;2026-07-29;2026-08-05;2026-08-06;2026-08-13;2026-08-14;2026-08-21;2026-08-22;2026-08-29;2026-08-30;2026-09-06;2026-09-15
707,35.440149480646305,38.749420166015625,22,2026-06-02;2026-06-03;2026-06-10;2026-06-11;2026-06-18;2026-06-19;2026-06-26;2026-06-27;2026-07-05;2026-07-12;2026-07-13;2026-07-20;2026-07-21;2026-07-28;2026-07-29;2026-08-05;2026-08-06;2026-08-13;2026-08-14;2026-08-21;2026-08-22;2026-08-29;2026-08-30;2026-09-06;2026-09-15
1497,39.84602355957031,40.51312255859375,6,2026-06-02;2026-06-03;2026-06-10;2026-06-11;2026-06-18;2026-06-19;2026-06-26;2026-06-27;2026-07-05;2026-07-12;2026-07-13;2026-07-20;2026-07-21;2026-07-28;2026-07-29;2026-08-05;2026-08-06;2026-08-13;2026-08-14;2026-08-21;2026-08-22;2026-08-29;2026-08-30;2026-09-06;2026-09-15
1121,34.82569099195076,36.2850341796875,33,2026-06-02;2026-06-03;2026-06-10;2026-06-11;2026-06-18;2026-06-19;2026-06-26;2026-06-27;2026-07-05;2026-07-12;2026-07-13;2026-07-20;2026-07-21;2026-07-28;2026-07-29;2026-08-05;2026-08-06;2026-08-13;2026-08-14;2026-08-21;2026-08-22;2026-08-29;2026-08-30;2026-09-06;2026-09-15
1091,38.77135552300347,44.348114013671875,36,2026-06-02;2026-06-03;2026-06-10;2026-06-11;2026-06-18;2026-06-19;2026-06-26;2026-06-27;2026-07-05;2026-07-12;2026-07-13;2026-07-20;2026-07-21;2026-07-28;2026-07-29;2026-08-05;2026-08-06;2026-08-13;2026-08-14;2026-08-21;2026-08-22;2026-08-29;2026-08-30;2026-09-06;2026-09-15
315,38.156103515625,40.068756103515625,35,2026-06-02;2026-06-03;2026-06-10;2026-06-11;2026-06-18;2026-06-19;2026-06-26;2026-06-27;2026-07-05;2026-07-12;2026-07-13;2026-07-20;2026-07-21;2026-07-28;2026-07-29;2026-08-05;2026-08-06;2026-08-13;2026-08-14;2026-08-21;2026-08-22;2026-08-29;2026-08-30;2026-09-06;2026-09-15
1324,34.00408172607422,36.3978271484375,32,2026-06-02;2026-06-03;2026-06-10;2026-06-11;2026-06-18;2026-06-19;2026-06-26;2026-06-27;2026-07-05;2026-07-12;2026-07-13;2026-07-20;2026-07-21;2026-07-28;2026-07-29;2026-08-05;2026-08-06;2026-08-13;2026-08-14;2026-08-21;2026-08-22;2026-08-29;2026-08-30;2026-09-06;2026-09-15
730,38.49663947610294,39.92863464355469,34,2026-06-02;2026-06-03;2026-06-10;2026-06-11;2026-06-18;2026-06-19;2026-06-26;2026-06-27;2026-07-05;2026-07-12;2026-07-13;2026-07-20;2026-07-21;2026-07-28;2026-07-29;2026-08-05;2026-08-06;2026-08-13;2026-08-14;2026-08-21;2026-08-22;2026-08-29;2026-08-30;2026-09-06;2026-09-15
1237,44.22871398925781,47.957550048828125,32,2026-06-02;2026-06-03;2026-06-10;2026-06-11;2026-06-18;2026-06-19;2026-06-26;2026-06-27;2026-07-05;2026-07-12;2026-07-13;2026-07-20;2026-07-21;2026-07-28;2026-07-29;2026-08-05;2026-08-06;2026-08-13;2026-08-14;2026-08-21;2026-08-22;2026-08-29;2026-08-30;2026-09-06;2026-09-15
1000,34.33309151785714,36.8712158203125,35,2026-06-02;2026-06-03;2026-06-10;2026-06-11;2026-06-18;2026-06-19;2026-06-26;2026-06-27;2026-07-05;2026-07-12;2026-07-13;2026-07-20;2026-07-21;2026-07-28;2026-07-29;2026-08-05;2026-08-06;2026-08-13;2026-08-14;2026-08-21;2026-08-22;2026-08-29;2026-08-30;2026-09-06;2026-09-15
147,42.08907296316964,44.8369140625,35,2026-06-02;2026-06-03;2026-06-10;2026-06-11;2026-06-18;2026-06-19;2026-06-26;2026-06-27;2026-07-05;2026-07-12;2026-07-13;2026-07-20;2026-07-21;2026-07-28;2026-07-29;2026-08-05;2026-08-06;2026-08-13;2026-08-14;2026-08-21;2026-08-22;2026-08-29;2026-08-30;2026-09-06;2026-09-15
1041,37.651495856207774,40.69427490234375,37,2026-06-02;2026-06-03;2026-06-10;2026-06-11;2026-06-18;2026-06-19;2026-06-26;2026-06-27;2026-07-05;2026-07-12;2026-07-13;2026-07-20;2026-07-21;2026-07-28;2026-07-29;2026-08-05;2026-08-06;2026-08-13;2026-08-14;2026-08-21;2026-08-22;2026-08-29;2026-08-30;2026-09-06;2026-09-15
423,39.0126522288603,39.938873291015625,34,2026-06-02;2026-06-03;2026-06-10;2026-06-11;2026-06-18;2026-06-19;2026-06-26;2026-06-27;2026-07-05;2026-07-12;2026-07-13;2026-07-20;2026-07-21;2026-07-28;2026-07-29;2026-08-05;2026-08-06;2026-08-13;2026-08-14;2026-08-21;2026-08-22;2026-08-29;2026-08-30;2026-09-06;2026-09-15
57,39.94054845861486,41.941864013671875,37,2026-06-02;2026-06-03;2026-06-10;2026-06-11;2026-06-18;2026-06-19;2026-06-26;2026-06-27;2026-07-05;2026-07-12;2026-07-13;2026-07-20;2026-07-21;2026-07-28;2026-07-29;2026-08-05;2026-08-06;2026-08-13;2026-08-14;2026-08-21;2026-08-22;2026-08-29;2026-08-30;2026-09-06;2026-09-15
803,38.237890625,39.820953369140625,35,2026-06-02;2026-06-03;2026-06-10;2026-06-11;2026-06-18;2026-06-19;2026-06-26;2026-06-27;2026-07-05;2026-07-12;2026-07-13;2026-07-20;2026-07-21;2026-07-28;2026-07-29;2026-08-05;2026-08-06;2026-08-13;2026-08-14;2026-08-21;2026-08-22;2026-08-29;2026-08-30;2026-09-06;2026-09-15
309,39.532927594866074,45.185546875,35,2026-06-02;2026-06-03;2026-06-10;2026-06-11;2026-06-18;2026-06-19;2026-06-26;2026-06-27;2026-07-05;2026-07-12;2026-07-13;2026-07-20;2026-07-21;2026-07-28;2026-07-29;2026-08-05;2026-08-06;2026-08-13;2026-08-14;2026-08-21;2026-08-22;2026-08-29;2026-08-30;2026-09-06;2026-09-15
1181,45.449089499080884,47.96781921386719,34,2026-06-02;2026-06-03;2026-06-10;2026-06-11;2026-06-18;2026-06-19;2026-06-26;2026-06-27;2026-07-05;2026-07-12;2026-07-13;2026-07-20;2026-07-21;2026-07-28;2026-07-29;2026-08-05;2026-08-06;2026-08-13;2026-08-14;2026-08-21;2026-08-22;2026-08-29;2026-08-30;2026-09-06;2026-09-15
1279,35.31202189127604,35.719329833984375,3,2026-06-02;2026-06-03;2026-06-10;2026-06-11;2026-06-18;2026-06-19;2026-06-26;2026-06-27;2026-07-05;2026-07-12;2026-07-13;2026-07-20;2026-07-21;2026-07-28;2026-07-29;2026-08-05;2026-08-06;2026-08-13;2026-08-14;2026-08-21;2026-08-22;2026-08-29;2026-08-30;2026-09-06;2026-09-15
927,41.815150669642854,43.452606201171875,35,2026-06-02;2026-06-03;2026-06-10;2026-06-11;2026-06-18;2026-06-19;2026-06-26;2026-06-27;2026-07-05;2026-07-12;2026-07-13;2026-07-20;2026-07-21;2026-07-28;2026-07-29;2026-08-05;2026-08-06;2026-08-13;2026-08-14;2026-08-21;2026-08-22;2026-08-29;2026-08-30;2026-09-06;2026-09-15
61,36.46584123883929,40.246490478515625,35,2026-06-02;2026-06-03;2026-06-10;2026-06-11;2026-06-18;2026-06-19;2026-06-26;2026-06-27;2026-07-05;2026-07-12;2026-07-13;2026-07-20;2026-07-21;2026-07-28;2026-07-29;2026-08-05;2026-08-06;2026-08-13;2026-08-14;2026-08-21;2026-08-22;2026-08-29;2026-08-30;2026-09-06;2026-09-15
1405,35.715234375,36.7840576171875,35,2026-06-02;2026-06-03;2026-06-10;2026-06-11;2026-06-18;2026-06-19;2026-06-26;2026-06-27;2026-07-05;2026-07-12;2026-07-13;2026-07-20;2026-07-21;2026-07-28;2026-07-29;2026-08-05;2026-08-06;2026-08-13;2026-08-14;2026-08-21;2026-08-22;2026-08-29;2026-08-30;2026-09-06;2026-09-15
64,40.048270089285715,42.420379638671875,35,2026-06-02;2026-06-03;2026-06-10;2026-06-11;2026-06-18;2026-06-19;2026-06-26;2026-06-27;2026-07-05;2026-07-12;2026-07-13;2026-07-20;2026-07-21;2026-07-28;2026-07-29;2026-08-05;2026-08-06;2026-08-13;2026-08-14;2026-08-21;2026-08-22;2026-08-29;2026-08-30;2026-09-06;2026-09-15
113,38.760097927517364,40.77630615234375,36,2026-06-02;2026-06-03;2026-06-10;2026-06-11;2026-06-18;2026-06-19;2026-06-26;2026-06-27;2026-07-05;2026-07-12;2026-07-13;2026-07-20;2026-07-21;2026-07-28;2026-07-29;2026-08-05;2026-08-06;2026-08-13;2026-08-14;2026-08-21;2026-08-22;2026-08-29;2026-08-30;2026-09-06;2026-09-15
10,36.9512451171875,40.284088134765625,35,2026-06-02;2026-06-03;2026-06-10;2026-06-11;2026-06-18;2026-06-19;2026-06-26;2026-06-27;2026-07-05;2026-07-12;2026-07-13;2026-07-20;2026-07-21;2026-07-28;2026-07-29;2026-08-05;2026-08-06;2026-08-13;2026-08-14;2026-08-21;2026-08-22;2026-08-29;2026-08-30;2026-09-06;2026-09-15
1044,32.829734802246094,36.4320068359375,32,2026-06-02;2026-06-03;2026-06-10;2026-06-11;2026-06-18;2026-06-19;2026-06-26;2026-06-27;2026-07-05;2026-07-12;2026-07-13;2026-07-20;2026-07-21;2026-07-28;2026-07-29;2026-08-05;2026-08-06;2026-08-13;2026-08-14;2026-08-21;2026-08-22;2026-08-29;2026-08-30;2026-09-06;2026-09-15
1330,38.62886439732143,40.31829833984375,35,2026-06-02;2026-06-03;2026-06-10;2026-06-11;2026-06-18;2026-06-19;2026-06-26;2026-06-27;2026-07-05;2026-07-12;2026-07-13;2026-07-20;2026-07-21;2026-07-28;2026-07-29;2026-08-05;2026-08-06;2026-08-13;2026-08-14;2026-08-21;2026-08-22;2026-08-29;2026-08-30;2026-09-06;2026-09-15
1009,34.75606761259191,35.950042724609375,34,2026-06-02;2026-06-03;2026-06-10;2026-06-11;2026-06-18;2026-06-19;2026-06-26;2026-06-27;2026-07-05;2026-07-12;2026-07-13;2026-07-20;2026-07-21;2026-07-28;2026-07-29;2026-08-05;2026-08-06;2026-08-13;2026-08-14;2026-08-21;2026-08-22;2026-08-29;2026-08-30;2026-09-06;2026-09-15
808,46.384033203125,50.199798583984375,15,2026-06-02;2026-06-03;2026-06-10;2026-06-11;2026-06-18;2026-06-19;2026-06-26;2026-06-27;2026-07-05;2026-07-12;2026-07-13;2026-07-20;2026-07-21;2026-07-28;2026-07-29;2026-08-05;2026-08-06;2026-08-13;2026-08-14;2026-08-21;2026-08-22;2026-08-29;2026-08-30;2026-09-06;2026-09-15
1394,38.082443649704395,41.17962646484375,37,2026-06-02;2026-06-03;2026-06-10;2026-06-11;2026-06-18;2026-06-19;2026-06-26;2026-06-27;2026-07-05;2026-07-12;2026-07-13;2026-07-20;2026-07-21;2026-07-28;2026-07-29;2026-08-05;2026-08-06;2026-08-13;2026-08-14;2026-08-21;2026-08-22;2026-08-29;2026-08-30;2026-09-06;2026-09-15
197,41.597900390625,43.60643005371094,35,2026-06-02;2026-06-03;2026-06-10;2026-06-11;2026-06-18;2026-06-19;2026-06-26;2026-06-27;2026-07-05;2026-07-12;2026-07-13;2026-07-20;2026-07-21;2026-07-28;2026-07-29;2026-08-05;2026-08-06;2026-08-13;2026-08-14;2026-08-21;2026-08-22;2026-08-29;2026-08-30;2026-09-06;2026-09-15
215,35.4159989790483,38.523834228515625,22,2026-06-02;2026-06-03;2026-06-10;2026-06-11;2026-06-18;2026-06-19;2026-06-26;2026-06-27;2026-07-05;2026-07-12;2026-07-13;2026-07-20;2026-07-21;2026-07-28;2026-07-29;2026-08-05;2026-08-06;2026-08-13;2026-08-14;2026-08-21;2026-08-22;2026-08-29;2026-08-30;2026-09-06;2026-09-15
990,39.232533482142856,42.854461669921875,35,2026-06-02;2026-06-03;2026-06-10;2026-06-11;2026-06-18;2026-06-19;2026-06-26;2026-06-27;2026-07-05;2026-07-12;2026-07-13;2026-07-20;2026-07-21;2026-07-28;2026-07-29;2026-08-05;2026-08-06;2026-08-13;2026-08-14;2026-08-21;2026-08-22;2026-08-29;2026-08-30;2026-09-06;2026-09-15
496,38.76978236607143,39.961090087890625,35,2026-06-02;2026-06-03;2026-06-10;2026-06-11;2026-06-18;2026-06-19;2026-06-26;2026-06-27;2026-07-05;2026-07-12;2026-07-13;2026-07-20;2026-07-21;2026-07-28;2026-07-29;2026-08-05;2026-08-06;2026-08-13;2026-08-14;2026-08-21;2026-08-22;2026-08-29;2026-08-30;2026-09-06;2026-09-15
1254,43.1219482421875,46.563018798828125,35,2026-06-02;2026-06-03;2026-06-10;2026-06-11;2026-06-18;2026-06-19;2026-06-26;2026-06-27;2026-07-05;2026-07-12;2026-07-13;2026-07-20;2026-07-21;2026-07-28;2026-07-29;2026-08-05;2026-08-06;2026-08-13;2026-08-14;2026-08-21;2026-08-22;2026-08-29;2026-08-30;2026-09-06;2026-09-15
308,37.56341911764706,40.068756103515625,34,2026-06-02;2026-06-03;2026-06-10;2026-06-11;2026-06-18;2026-06-19;2026-06-26;2026-06-27;2026-07-05;2026-07-12;2026-07-13;2026-07-20;2026-07-21;2026-07-28;2026-07-29;2026-08-05;2026-08-06;2026-08-13;2026-08-14;2026-08-21;2026-08-22;2026-08-29;2026-08-30;2026-09-06;2026-09-15
746,40.07361518012153,41.692352294921875,36,2026-06-02;2026-06-03;2026-06-10;2026-06-11;2026-06-18;2026-06-19;2026-06-26;2026-06-27;2026-07-05;2026-07-12;2026-07-13;2026-07-20;2026-07-21;2026-07-28;2026-07-29;2026-08-05;2026-08-06;2026-08-13;2026-08-14;2026-08-21;2026-08-22;2026-08-29;2026-08-30;2026-09-06;2026-09-15
1018,40.61659458705357,42.792938232421875,35,2026-06-02;2026-06-03;2026-06-10;2026-06-11;2026-06-18;2026-06-19;2026-06-26;2026-06-27;2026-07-05;2026-07-12;2026-07-13;2026-07-20;2026-07-21;2026-07-28;2026-07-29;2026-08-05;2026-08-06;2026-08-13;2026-08-14;2026-08-21;2026-08-22;2026-08-29;2026-08-30;2026-09-06;2026-09-15
1144,36.5618896484375,39.990142822265625,35,2026-06-02;2026-06-03;2026-06-10;2026-06-11;2026-06-18;2026-06-19;2026-06-26;2026-06-27;2026-07-05;2026-07-12;2026-07-13;2026-07-20;2026-07-21;2026-07-28;2026-07-29;2026-08-05;2026-08-06;2026-08-13;2026-08-14;2026-08-21;2026-08-22;2026-08-29;2026-08-30;2026-09-06;2026-09-15
900,,,0,2026-06-02;2026-06-03;2026-06-10;2026-06-11;2026-06-18;2026-06-19;2026-06-26;2026-06-27;2026-07-05;2026-07-12;2026-07-13;2026-07-20;2026-07-21;2026-07-28;2026-07-29;2026-08-05;2026-08-06;2026-08-13;2026-08-14;2026-08-21;2026-08-22;2026-08-29;2026-08-30;2026-09-06;2026-09-15
544,33.90970993041992,36.3021240234375,32,2026-06-02;2026-06-03;2026-06-10;2026-06-11;2026-06-18;2026-06-19;2026-06-26;2026-06-27;2026-07-05;2026-07-12;2026-07-13;2026-07-20;2026-07-21;2026-07-28;2026-07-29;2026-08-05;2026-08-06;2026-08-13;2026-08-14;2026-08-21;2026-08-22;2026-08-29;2026-08-30;2026-09-06;2026-09-15
1622,32.513285319010414,34.786224365234375,36,2026-06-02;2026-06-03;2026-06-10;2026-06-11;2026-06-18;2026-06-19;2026-06-26;2026-06-27;2026-07-05;2026-07-12;2026-07-13;2026-07-20;2026-07-21;2026-07-28;2026-07-29;2026-08-05;2026-08-06;2026-08-13;2026-08-14;2026-08-21;2026-08-22;2026-08-29;2026-08-30;2026-09-06;2026-09-15
1460,39.43634556361607,43.271453857421875,35,2026-06-02;2026-06-03;2026-06-10;2026-06-11;2026-06-18;2026-06-19;2026-06-26;2026-06-27;2026-07-05;2026-07-12;2026-07-13;2026-07-20;2026-07-21;2026-07-28;2026-07-29;2026-08-05;2026-08-06;2026-08-13;2026-08-14;2026-08-21;2026-08-22;2026-08-29;2026-08-30;2026-09-06;2026-09-15
1474,,,0,2026-06-02;2026-06-03;2026-06-10;2026-06-11;2026-06-18;2026-06-19;2026-06-26;2026-06-27;2026-07-05;2026-07-12;2026-07-13;2026-07-20;2026-07-21;2026-07-28;2026-07-29;2026-08-05;2026-08-06;2026-08-13;2026-08-14;2026-08-21;2026-08-22;2026-08-29;2026-08-30;2026-09-06;2026-09-15
667,34.55390548706055,37.293365478515625,32,2026-06-02;2026-06-03;2026-06-10;2026-06-11;2026-06-18;2026-06-19;2026-06-26;2026-06-27;2026-07-05;2026-07-12;2026-07-13;2026-07-20;2026-07-21;2026-07-28;2026-07-29;2026-08-05;2026-08-06;2026-08-13;2026-08-14;2026-08-21;2026-08-22;2026-08-29;2026-08-30;2026-09-06;2026-09-15
12,35.50303083147321,37.1907958984375,35,2026-06-02;2026-06-03;2026-06-10;2026-06-11;2026-06-18;2026-06-19;2026-06-26;2026-06-27;2026-07-05;2026-07-12;2026-07-13;2026-07-20;2026-07-21;2026-07-28;2026-07-29;2026-08-05;2026-08-06;2026-08-13;2026-08-14;2026-08-21;2026-08-22;2026-08-29;2026-08-30;2026-09-06;2026-09-15
608,37.92880859375,39.873931884765625,35,2026-06-02;2026-06-03;2026-06-10;2026-06-11;2026-06-18;2026-06-19;2026-06-26;2026-06-27;2026-07-05;2026-07-12;2026-07-13;2026-07-20;2026-07-21;2026-07-28;2026-07-29;2026-08-05;2026-08-06;2026-08-13;2026-08-14;2026-08-21;2026-08-22;2026-08-29;2026-08-30;2026-09-06;2026-09-15
949,37.70916069878472,41.20355224609375,36,2026-06-02;2026-06-03;2026-06-10;2026-06-11;2026-06-18;2026-06-19;2026-06-26;2026-06-27;2026-07-05;2026-07-12;2026-07-13;2026-07-20;2026-07-21;2026-07-28;2026-07-29;2026-08-05;2026-08-06;2026-08-13;2026-08-14;2026-08-21;2026-08-22;2026-08-29;2026-08-30;2026-09-06;2026-09-15
877,38.67544937133789,40.07389831542969,32,2026-06-02;2026-06-03;2026-06-10;2026-06-11;2026-06-18;2026-06-19;2026-06-26;2026-06-27;2026-07-05;2026-07-12;2026-07-13;2026-07-20;2026-07-21;2026-07-28;2026-07-29;2026-08-05;2026-08-06;2026-08-13;2026-08-14;2026-08-21;2026-08-22;2026-08-29;2026-08-30;2026-09-06;2026-09-15
1111,33.61640514026988,36.2440185546875,22,2026-06-02;2026-06-03;2026-06-10;2026-06-11;2026-06-18;2026-06-19;2026-06-26;2026-06-27;2026-07-05;2026-07-12;2026-07-13;2026-07-20;2026-07-21;2026-07-28;2026-07-29;2026-08-05;2026-08-06;2026-08-13;2026-08-14;2026-08-21;2026-08-22;2026-08-29;2026-08-30;2026-09-06;2026-09-15
366,,,0,2026-06-02;2026-06-03;2026-06-10;2026-06-11;2026-06-18;2026-06-19;2026-06-26;2026-06-27;2026-07-05;2026-07-12;2026-07-13;2026-07-20;2026-07-21;2026-07-28;2026-07-29;2026-08-05;2026-08-06;2026-08-13;2026-08-14;2026-08-21;2026-08-22;2026-08-29;2026-08-30;2026-09-06;2026-09-15
617,35.890838623046875,37.688140869140625,32,2026-06-02;2026-06-03;2026-06-10;2026-06-11;2026-06-18;2026-06-19;2026-06-26;2026-06-27;2026-07-05;2026-07-12;2026-07-13;2026-07-20;2026-07-21;2026-07-28;2026-07-29;2026-08-05;2026-08-06;2026-08-13;2026-08-14;2026-08-21;2026-08-22;2026-08-29;2026-08-30;2026-09-06;2026-09-15
999,35.40830775669643,40.74896240234375,35,2026-06-02;2026-06-03;2026-06-10;2026-06-11;2026-06-18;2026-06-19;2026-06-26;2026-06-27;2026-07-05;2026-07-12;2026-07-13;2026-07-20;2026-07-21;2026-07-28;2026-07-29;2026-08-05;2026-08-06;2026-08-13;2026-08-14;2026-08-21;2026-08-22;2026-08-29;2026-08-30;2026-09-06;2026-09-15
156,35.340977260044646,39.306549072265625,28,2026-06-02;2026-06-03;2026-06-10;2026-06-11;2026-06-18;2026-06-19;2026-06-26;2026-06-27;2026-07-05;2026-07-12;2026-07-13;2026-07-20;2026-07-21;2026-07-28;2026-07-29;2026-08-05;2026-08-06;2026-08-13;2026-08-14;2026-08-21;2026-08-22;2026-08-29;2026-08-30;2026-09-06;2026-09-15
815,44.33914005055147,48.388214111328125,34,2026-06-02;2026-06-03;2026-06-10;2026-06-11;2026-06-18;2026-06-19;2026-06-26;2026-06-27;2026-07-05;2026-07-12;2026-07-13;2026-07-20;2026-07-21;2026-07-28;2026-07-29;2026-08-05;2026-08-06;2026-08-13;2026-08-14;2026-08-21;2026-08-22;2026-08-29;2026-08-30;2026-09-06;2026-09-15
191,40.263580322265625,40.263580322265625,1,2026-06-02;2026-06-03;2026-06-10;2026-06-11;2026-06-18;2026-06-19;2026-06-26;2026-06-27;2026-07-05;2026-07-12;2026-07-13;2026-07-20;2026-07-21;2026-07-28;2026-07-29;2026-08-05;2026-08-06;2026-08-13;2026-08-14;2026-08-21;2026-08-22;2026-08-29;2026-08-30;2026-09-06;2026-09-15
1248,31.871352251838236,33.769378662109375,34,2026-06-02;2026-06-03;2026-06-10;2026-06-11;2026-06-18;2026-06-19;2026-06-26;2026-06-27;2026-07-05;2026-07-12;2026-07-13;2026-07-20;2026-07-21;2026-07-28;2026-07-29;2026-08-05;2026-08-06;2026-08-13;2026-08-14;2026-08-21;2026-08-22;2026-08-29;2026-08-30;2026-09-06;2026-09-15
1275,30.489028930664062,31.995391845703125,32,2026-06-02;2026-06-03;2026-06-10;2026-06-11;2026-06-18;2026-06-19;2026-06-26;2026-06-27;2026-07-05;2026-07-12;2026-07-13;2026-07-20;2026-07-21;2026-07-28;2026-07-29;2026-08-05;2026-08-06;2026-08-13;2026-08-14;2026-08-21;2026-08-22;2026-08-29;2026-08-30;2026-09-06;2026-09-15
1083,38.327720642089844,44.006317138671875,32,2026-06-02;2026-06-03;2026-06-10;2026-06-11;2026-06-18;2026-06-19;2026-06-26;2026-06-27;2026-07-05;2026-07-12;2026-07-13;2026-07-20;2026-07-21;2026-07-28;2026-07-29;2026-08-05;2026-08-06;2026-08-13;2026-08-14;2026-08-21;2026-08-22;2026-08-29;2026-08-30;2026-09-06;2026-09-15
239,41.28201832490809,42.422088623046875,34,2026-06-02;2026-06-03;2026-06-10;2026-06-11;2026-06-18;2026-06-19;2026-06-26;2026-06-27;2026-07-05;2026-07-12;2026-07-13;2026-07-20;2026-07-21;2026-07-28;2026-07-29;2026-08-05;2026-08-06;2026-08-13;2026-08-14;2026-08-21;2026-08-22;2026-08-29;2026-08-30;2026-09-06;2026-09-15
420,38.602447509765625,38.602447509765625,1,2026-06-02;2026-06-03;2026-06-10;2026-06-11;2026-06-18;2026-06-19;2026-06-26;2026-06-27;2026-07-05;2026-07-12;2026-07-13;2026-07-20;2026-07-21;2026-07-28;2026-07-29;2026-08-05;2026-08-06;2026-08-13;2026-08-14;2026-08-21;2026-08-22;2026-08-29;2026-08-30;2026-09-06;2026-09-15
902,,,0,2026-06-02;2026-06-03;2026-06-10;2026-06-11;2026-06-18;2026-06-19;2026-06-26;2026-06-27;2026-07-05;2026-07-12;2026-07-13;2026-07-20;2026-07-21;2026-07-28;2026-07-29;2026-08-05;2026-08-06;2026-08-13;2026-08-14;2026-08-21;2026-08-22;2026-08-29;2026-08-30;2026-09-06;2026-09-15
258,37.67366768973214,40.137115478515625,35,2026-06-02;2026-06-03;2026-06-10;2026-06-11;2026-06-18;2026-06-19;2026-06-26;2026-06-27;2026-07-05;2026-07-12;2026-07-13;2026-07-20;2026-07-21;2026-07-28;2026-07-29;2026-08-05;2026-08-06;2026-08-13;2026-08-14;2026-08-21;2026-08-22;2026-08-29;2026-08-30;2026-09-06;2026-09-15
752,41.36635044642857,44.013153076171875,35,2026-06-02;2026-06-03;2026-06-10;2026-06-11;2026-06-18;2026-06-19;2026-06-26;2026-06-27;2026-07-05;2026-07-12;2026-07-13;2026-07-20;2026-07-21;2026-07-28;2026-07-29;2026-08-05;2026-08-06;2026-08-13;2026-08-14;2026-08-21;2026-08-22;2026-08-29;2026-08-30;2026-09-06;2026-09-15
917,35.582913643973214,38.332427978515625,35,2026-06-02;2026-06-03;2026-06-10;2026-06-11;2026-06-18;2026-06-19;2026-06-26;2026-06-27;2026-07-05;2026-07-12;2026-07-13;2026-07-20;2026-07-21;2026-07-28;2026-07-29;2026-08-05;2026-08-06;2026-08-13;2026-08-14;2026-08-21;2026-08-22;2026-08-29;2026-08-30;2026-09-06;2026-09-15
339,,,0,2026-06-02;2026-06-03;2026-06-10;2026-06-11;2026-06-18;2026-06-19;2026-06-26;2026-06-27;2026-07-05;2026-07-12;2026-07-13;2026-07-20;2026-07-21;2026-07-28;2026-07-29;2026-08-05;2026-08-06;2026-08-13;2026-08-14;2026-08-21;2026-08-22;2026-08-29;2026-08-30;2026-09-06;2026-09-15
636,40.5002010569853,41.999969482421875,34,2026-06-02;2026-06-03;2026-06-10;2026-06-11;2026-06-18;2026-06-19;2026-06-26;2026-06-27;2026-07-05;2026-07-12;2026-07-13;2026-07-20;2026-07-21;2026-07-28;2026-07-29;2026-08-05;2026-08-06;2026-08-13;2026-08-14;2026-08-21;2026-08-22;2026-08-29;2026-08-30;2026-09-06;2026-09-15
1379,37.3746337890625,38.154693603515625,32,2026-06-02;2026-06-03;2026-06-10;2026-06-11;2026-06-18;2026-06-19;2026-06-26;2026-06-27;2026-07-05;2026-07-12;2026-07-13;2026-07-20;2026-07-21;2026-07-28;2026-07-29;2026-08-05;2026-08-06;2026-08-13;2026-08-14;2026-08-21;2026-08-22;2026-08-29;2026-08-30;2026-09-06;2026-09-15
324,36.96594587053571,39.713287353515625,35,2026-06-02;2026-06-03;2026-06-10;2026-06-11;2026-06-18;2026-06-19;2026-06-26;2026-06-27;2026-07-05;2026-07-12;2026-07-13;2026-07-20;2026-07-21;2026-07-28;2026-07-29;2026-08-05;2026-08-06;2026-08-13;2026-08-14;2026-08-21;2026-08-22;2026-08-29;2026-08-30;2026-09-06;2026-09-15
38,38.90098353794643,40.243072509765625,35,2026-06-02;2026-06-03;2026-06-10;2026-06-11;2026-06-18;2026-06-19;2026-06-26;2026-06-27;2026-07-05;2026-07-12;2026-07-13;2026-07-20;2026-07-21;2026-07-28;2026-07-29;2026-08-05;2026-08-06;2026-08-13;2026-08-14;2026-08-21;2026-08-22;2026-08-29;2026-08-30;2026-09-06;2026-09-15
336,39.03510877821181,40.24308776855469,36,2026-06-02;2026-06-03;2026-06-10;2026-06-11;2026-06-18;2026-06-19;2026-06-26;2026-06-27;2026-07-05;2026-07-12;2026-07-13;2026-07-20;2026-07-21;2026-07-28;2026-07-29;2026-08-05;2026-08-06;2026-08-13;2026-08-14;2026-08-21;2026-08-22;2026-08-29;2026-08-30;2026-09-06;2026-09-15
1364,40.13941107855903,41.12324523925781,36,2026-06-02;2026-06-03;2026-06-10;2026-06-11;2026-06-18;2026-06-19;2026-06-26;2026-06-27;2026-07-05;2026-07-12;2026-07-13;2026-07-20;2026-07-21;2026-07-28;2026-07-29;2026-08-05;2026-08-06;2026-08-13;2026-08-14;2026-08-21;2026-08-22;2026-08-29;2026-08-30;2026-09-06;2026-09-15
898,39.13136160714286,42.058074951171875,35,2026-06-02;2026-06-03;2026-06-10;2026-06-11;2026-06-18;2026-06-19;2026-06-26;2026-06-27;2026-07-05;2026-07-12;2026-07-13;2026-07-20;2026-07-21;2026-07-28;2026-07-29;2026-08-05;2026-08-06;2026-08-13;2026-08-14;2026-08-21;2026-08-22;2026-08-29;2026-08-30;2026-09-06;2026-09-15
89,40.3984619140625,41.24800109863281,35,2026-06-02;2026-06-03;2026-06-10;2026-06-11;2026-06-18;2026-06-19;2026-06-26;2026-06-27;2026-07-05;2026-07-12;2026-07-13;2026-07-20;2026-07-21;2026-07-28;2026-07-29;2026-08-05;2026-08-06;2026-08-13;2026-08-14;2026-08-21;2026-08-22;2026-08-29;2026-08-30;2026-09-06;2026-09-15
680,36.923343658447266,39.118560791015625,32,2026-06-02;2026-06-03;2026-06-10;2026-06-11;2026-06-18;2026-06-19;2026-06-26;2026-06-27;2026-07-05;2026-07-12;2026-07-13;2026-07-20;2026-07-21;2026-07-28;2026-07-29;2026-08-05;2026-08-06;2026-08-13;2026-08-14;2026-08-21;2026-08-22;2026-08-29;2026-08-30;2026-09-06;2026-09-15
429,37.87363083298142,40.51654052734375,37,2026-06-02;2026-06-03;2026-06-10;2026-06-11;2026-06-18;2026-06-19;2026-06-26;2026-06-27;2026-07-05;2026-07-12;2026-07-13;2026-07-20;2026-07-21;2026-07-28;2026-07-29;2026-08-05;2026-08-06;2026-08-13;2026-08-14;2026-08-21;2026-08-22;2026-08-29;2026-08-30;2026-09-06;2026-09-15
1238,32.152392578125,34.10089111328125,35,2026-06-02;2026-06-03;2026-06-10;2026-06-11;2026-06-18;2026-06-19;2026-06-26;2026-06-27;2026-07-05;2026-07-12;2026-07-13;2026-07-20;2026-07-21;2026-07-28;2026-07-29;2026-08-05;2026-08-06;2026-08-13;2026-08-14;2026-08-21;2026-08-22;2026-08-29;2026-08-30;2026-09-06;2026-09-15
726,38.30718470982143,40.40032958984375,35,2026-06-02;2026-06-03;2026-06-10;2026-06-11;2026-06-18;2026-06-19;2026-06-26;2026-06-27;2026-07-05;2026-07-12;2026-07-13;2026-07-20;2026-07-21;2026-07-28;2026-07-29;2026-08-05;2026-08-06;2026-08-13;2026-08-14;2026-08-21;2026-08-22;2026-08-29;2026-08-30;2026-09-06;2026-09-15
20,39.018059807854726,44.53955078125,37,2026-06-02;2026-06-03;2026-06-10;2026-06-11;2026-06-18;2026-06-19;2026-06-26;2026-06-27;2026-07-05;2026-07-12;2026-07-13;2026-07-20;2026-07-21;2026-07-28;2026-07-29;2026-08-05;2026-08-06;2026-08-13;2026-08-14;2026-08-21;2026-08-22;2026-08-29;2026-08-30;2026-09-06;2026-09-15
100,41.8827482524671,43.893524169921875,19,2026-06-02;2026-06-03;2026-06-10;2026-06-11;2026-06-18;2026-06-19;2026-06-26;2026-06-27;2026-07-05;2026-07-12;2026-07-13;2026-07-20;2026-07-21;2026-07-28;2026-07-29;2026-08-05;2026-08-06;2026-08-13;2026-08-14;2026-08-21;2026-08-22;2026-08-29;2026-08-30;2026-09-06;2026-09-15
560,37.39711565290179,38.084625244140625,35,2026-06-02;2026-06-03;2026-06-10;2026-06-11;2026-06-18;2026-06-19;2026-06-26;2026-06-27;2026-07-05;2026-07-12;2026-07-13;2026-07-20;2026-07-21;2026-07-28;2026-07-29;2026-08-05;2026-08-06;2026-08-13;2026-08-14;2026-08-21;2026-08-22;2026-08-29;2026-08-30;2026-09-06;2026-09-15
523,33.73805803571429,34.99473571777344,35,2026-06-02;2026-06-03;2026-06-10;2026-06-11;2026-06-18;2026-06-19;2026-06-26;2026-06-27;2026-07-05;2026-07-12;2026-07-13;2026-07-20;2026-07-21;2026-07-28;2026-07-29;2026-08-05;2026-08-06;2026-08-13;2026-08-14;2026-08-21;2026-08-22;2026-08-29;2026-08-30;2026-09-06;2026-09-15
692,32.406626981847424,34.121429443359375,34,2026-06-02;2026-06-03;2026-06-10;2026-06-11;2026-06-18;2026-06-19;2026-06-26;2026-06-27;2026-07-05;2026-07-12;2026-07-13;2026-07-20;2026-07-21;2026-07-28;2026-07-29;2026-08-05;2026-08-06;2026-08-13;2026-08-14;2026-08-21;2026-08-22;2026-08-29;2026-08-30;2026-09-06;2026-09-15
1006,34.53685825892857,37.0318603515625,35,2026-06-02;2026-06-03;2026-06-10;2026-06-11;2026-06-18;2026-06-19;2026-06-26;2026-06-27;2026-07-05;2026-07-12;2026-07-13;2026-07-20;2026-07-21;2026-07-28;2026-07-29;2026-08-05;2026-08-06;2026-08-13;2026-08-14;2026-08-21;2026-08-22;2026-08-29;2026-08-30;2026-09-06;2026-09-15
643,38.935323079427086,41.03778076171875,36,2026-06-02;2026-06-03;2026-06-10;2026-06-11;2026-06-18;2026-06-19;2026-06-26;2026-06-27;2026-07-05;2026-07-12;2026-07-13;2026-07-20;2026-07-21;2026-07-28;2026-07-29;2026-08-05;2026-08-06;2026-08-13;2026-08-14;2026-08-21;2026-08-22;2026-08-29;2026-08-30;2026-09-06;2026-09-15
399,40.50670623779297,42.331512451171875,4,2026-06-02;2026-06-03;2026-06-10;2026-06-11;2026-06-18;2026-06-19;2026-06-26;2026-06-27;2026-07-05;2026-07-12;2026-07-13;2026-07-20;2026-07-21;2026-07-28;2026-07-29;2026-08-05;2026-08-06;2026-08-13;2026-08-14;2026-08-21;2026-08-22;2026-08-29;2026-08-30;2026-09-06;2026-09-15
1469,36.10430385044643,36.9071044921875,35,2026-06-02;2026-06-03;2026-06-10;2026-06-11;2026-06-18;2026-06-19;2026-06-26;2026-06-27;2026-07-05;2026-07-12;2026-07-13;2026-07-20;2026-07-21;2026-07-28;2026-07-29;2026-08-05;2026-08-06;2026-08-13;2026-08-14;2026-08-21;2026-08-22;2026-08-29;2026-08-30;2026-09-06;2026-09-15
1026,35.9086254222973,39.311676025390625,37,2026-06-02;2026-06-03;2026-06-10;2026-06-11;2026-06-18;2026-06-19;2026-06-26;2026-06-27;2026-07-05;2026-07-12;2026-07-13;2026-07-20;2026-07-21;2026-07-28;2026-07-29;2026-08-05;2026-08-06;2026-08-13;2026-08-14;2026-08-21;2026-08-22;2026-08-29;2026-08-30;2026-09-06;2026-09-15
132,35.647862025669646,39.29801940917969,35,2026-06-02;2026-06-03;2026-06-10;2026-06-11;2026-06-18;2026-06-19;2026-06-26;2026-06-27;2026-07-05;2026-07-12;2026-07-13;2026-07-20;2026-07-21;2026-07-28;2026-07-29;2026-08-05;2026-08-06;2026-08-13;2026-08-14;2026-08-21;2026-08-22;2026-08-29;2026-08-30;2026-09-06;2026-09-15
1084,40.72488941865809,42.324676513671875,34,2026-06-02;2026-06-03;2026-06-10;2026-06-11;2026-06-18;2026-06-19;2026-06-26;2026-06-27;2026-07-05;2026-07-12;2026-07-13;2026-07-20;2026-07-21;2026-07-28;2026-07-29;2026-08-05;2026-08-06;2026-08-13;2026-08-14;2026-08-21;2026-08-22;2026-08-29;2026-08-30;2026-09-06;2026-09-15
1192,43.23048967633929,44.638671875,35,2026-06-02;2026-06-03;2026-06-10;2026-06-11;2026-06-18;2026-06-19;2026-06-26;2026-06-27;2026-07-05;2026-07-12;2026-07-13;2026-07-20;2026-07-21;2026-07-28;2026-07-29;2026-08-05;2026-08-06;2026-08-13;2026-08-14;2026-08-21;2026-08-22;2026-08-29;2026-08-30;2026-09-06;2026-09-15
55,35.77554141773897,38.568267822265625,34,2026-06-02;2026-06-03;2026-06-10;2026-06-11;2026-06-18;2026-06-19;2026-06-26;2026-06-27;2026-07-05;2026-07-12;2026-07-13;2026-07-20;2026-07-21;2026-07-28;2026-07-29;2026-08-05;2026-08-06;2026-08-13;2026-08-14;2026-08-21;2026-08-22;2026-08-29;2026-08-30;2026-09-06;2026-09-15
850,39.12110694679054,42.040985107421875,37,2026-06-02;2026-06-03;2026-06-10;2026-06-11;2026-06-18;2026-06-19;2026-06-26;2026-06-27;2026-07-05;2026-07-12;2026-07-13;2026-07-20;2026-07-21;2026-07-28;2026-07-29;2026-08-05;2026-08-06;2026-08-13;2026-08-14;2026-08-21;2026-08-22;2026-08-29;2026-08-30;2026-09-06;2026-09-15
402,,,0,2026-06-02;2026-06-03;2026-06-10;2026-06-11;2026-06-18;2026-06-19;2026-06-26;2026-06-27;2026-07-05;2026-07-12;2026-07-13;2026-07-20;2026-07-21;2026-07-28;2026-07-29;2026-08-05;2026-08-06;2026-08-13;2026-08-14;2026-08-21;2026-08-22;2026-08-29;2026-08-30;2026-09-06;2026-09-15
992,39.75762176513672,41.11126708984375,32,2026-06-02;2026-06-03;2026-06-10;2026-06-11;2026-06-18;2026-06-19;2026-06-26;2026-06-27;2026-07-05;2026-07-12;2026-07-13;2026-07-20;2026-07-21;2026-07-28;2026-07-29;2026-08-05;2026-08-06;2026-08-13;2026-08-14;2026-08-21;2026-08-22;2026-08-29;2026-08-30;2026-09-06;2026-09-15
4,36.501220703125,39.188629150390625,36,2026-06-02;2026-06-03;2026-06-10;2026-06-11;2026-06-18;2026-06-19;2026-06-26;2026-06-27;2026-07-05;2026-07-12;2026-07-13;2026-07-20;2026-07-21;2026-07-28;2026-07-29;2026-08-05;2026-08-06;2026-08-13;2026-08-14;2026-08-21;2026-08-22;2026-08-29;2026-08-30;2026-09-06;2026-09-15
320,35.77647181919643,37.341217041015625,35,2026-06-02;2026-06-03;2026-06-10;2026-06-11;2026-06-18;2026-06-19;2026-06-26;2026-06-27;2026-07-05;2026-07-12;2026-07-13;2026-07-20;2026-07-21;2026-07-28;2026-07-29;2026-08-05;2026-08-06;2026-08-13;2026-08-14;2026-08-21;2026-08-22;2026-08-29;2026-08-30;2026-09-06;2026-09-15
1504,40.381629943847656,41.852996826171875,32,2026-06-02;2026-06-03;2026-06-10;2026-06-11;2026-06-18;2026-06-19;2026-06-26;2026-06-27;2026-07-05;2026-07-12;2026-07-13;2026-07-20;2026-07-21;2026-07-28;2026-07-29;2026-08-05;2026-08-06;2026-08-13;2026-08-14;2026-08-21;2026-08-22;2026-08-29;2026-08-30;2026-09-06;2026-09-15
1079,41.74751112196181,42.420379638671875,36,2026-06-02;2026-06-03;2026-06-10;2026-06-11;2026-06-18;2026-06-19;2026-06-26;2026-06-27;2026-07-05;2026-07-12;2026-07-13;2026-07-20;2026-07-21;2026-07-28;2026-07-29;2026-08-05;2026-08-06;2026-08-13;2026-08-14;2026-08-21;2026-08-22;2026-08-29;2026-08-30;2026-09-06;2026-09-15
185,34.45145786830357,36.6405029296875,35,2026-06-02;2026-06-03;2026-06-10;2026-06-11;2026-06-18;2026-06-19;2026-06-26;2026-06-27;2026-07-05;2026-07-12;2026-07-13;2026-07-20;2026-07-21;2026-07-28;2026-07-29;2026-08-05;2026-08-06;2026-08-13;2026-08-14;2026-08-21;2026-08-22;2026-08-29;2026-08-30;2026-09-06;2026-09-15
721,39.05528428819444,40.07560729980469,36,2026-06-02;2026-06-03;2026-06-10;2026-06-11;2026-06-18;2026-06-19;2026-06-26;2026-06-27;2026-07-05;2026-07-12;2026-07-13;2026-07-20;2026-07-21;2026-07-28;2026-07-29;2026-08-05;2026-08-06;2026-08-13;2026-08-14;2026-08-21;2026-08-22;2026-08-29;2026-08-30;2026-09-06;2026-09-15
738,38.744778878348214,41.79144287109375,35,2026-06-02;2026-06-03;2026-06-10;2026-06-11;2026-06-18;2026-06-19;2026-06-26;2026-06-27;2026-07-05;2026-07-12;2026-07-13;2026-07-20;2026-07-21;2026-07-28;2026-07-29;2026-08-05;2026-08-06;2026-08-13;2026-08-14;2026-08-21;2026-08-22;2026-08-29;2026-08-30;2026-09-06;2026-09-15
1138,,,0,2026-06-02;2026-06-03;2026-06-10;2026-06-11;2026-06-18;2026-06-19;2026-06-26;2026-06-27;2026-07-05;2026-07-12;2026-07-13;2026-07-20;2026-07-21;2026-07-28;2026-07-29;2026-08-05;2026-08-06;2026-08-13;2026-08-14;2026-08-21;2026-08-22;2026-08-29;2026-08-30;2026-09-06;2026-09-15
1459,36.51759168836806,40.239654541015625,36,2026-06-02;2026-06-03;2026-06-10;2026-06-11;2026-06-18;2026-06-19;2026-06-26;2026-06-27;2026-07-05;2026-07-12;2026-07-13;2026-07-20;2026-07-21;2026-07-28;2026-07-29;2026-08-05;2026-08-06;2026-08-13;2026-08-14;2026-08-21;2026-08-22;2026-08-29;2026-08-30;2026-09-06;2026-09-15
585,36.578643798828125,39.422760009765625,36,2026-06-02;2026-06-03;2026-06-10;2026-06-11;2026-06-18;2026-06-19;2026-06-26;2026-06-27;2026-07-05;2026-07-12;2026-07-13;2026-07-20;2026-07-21;2026-07-28;2026-07-29;2026-08-05;2026-08-06;2026-08-13;2026-08-14;2026-08-21;2026-08-22;2026-08-29;2026-08-30;2026-09-06;2026-09-15
427,37.641029357910156,38.489654541015625,32,2026-06-02;2026-06-03;2026-06-10;2026-06-11;2026-06-18;2026-06-19;2026-06-26;2026-06-27;2026-07-05;2026-07-12;2026-07-13;2026-07-20;2026-07-21;2026-07-28;2026-07-29;2026-08-05;2026-08-06;2026-08-13;2026-08-14;2026-08-21;2026-08-22;2026-08-29;2026-08-30;2026-09-06;2026-09-15
1312,31.653190843986742,32.48760986328125,33,2026-06-02;2026-06-03;2026-06-10;2026-06-11;2026-06-18;2026-06-19;2026-06-26;2026-06-27;2026-07-05;2026-07-12;2026-07-13;2026-07-20;2026-07-21;2026-07-28;2026-07-29;2026-08-05;2026-08-06;2026-08-13;2026-08-14;2026-08-21;2026-08-22;2026-08-29;2026-08-30;2026-09-06;2026-09-15
1283,36.11639404296875,37.0711669921875,3,2026-06-02;2026-06-03;2026-06-10;2026-06-11;2026-06-18;2026-06-19;2026-06-26;2026-06-27;2026-07-05;2026-07-12;2026-07-13;2026-07-20;2026-07-21;2026-07-28;2026-07-29;2026-08-05;2026-08-06;2026-08-13;2026-08-14;2026-08-21;2026-08-22;2026-08-29;2026-08-30;2026-09-06;2026-09-15
966,43.712918526785714,45.978546142578125,35,2026-06-02;2026-06-03;2026-06-10;2026-06-11;2026-06-18;2026-06-19;2026-06-26;2026-06-27;2026-07-05;2026-07-12;2026-07-13;2026-07-20;2026-07-21;2026-07-28;2026-07-29;2026-08-05;2026-08-06;2026-08-13;2026-08-14;2026-08-21;2026-08-22;2026-08-29;2026-08-30;2026-09-06;2026-09-15
755,38.14227818080357,38.845123291015625,35,2026-06-02;2026-06-03;2026-06-10;2026-06-11;2026-06-18;2026-06-19;2026-06-26;2026-06-27;2026-07-05;2026-07-12;2026-07-13;2026-07-20;2026-07-21;2026-07-28;2026-07-29;2026-08-05;2026-08-06;2026-08-13;2026-08-14;2026-08-21;2026-08-22;2026-08-29;2026-08-30;2026-09-06;2026-09-15
729,35.091552734375,36.99427795410156,35,2026-06-02;2026-06-03;2026-06-10;2026-06-11;2026-06-18;2026-06-19;2026-06-26;2026-06-27;2026-07-05;2026-07-12;2026-07-13;2026-07-20;2026-07-21;2026-07-28;2026-07-29;2026-08-05;2026-08-06;2026-08-13;2026-08-14;2026-08-21;2026-08-22;2026-08-29;2026-08-30;2026-09-06;2026-09-15
1630,41.63769201330236,44.4130859375,37,2026-06-02;2026-06-03;2026-06-10;2026-06-11;2026-06-18;2026-06-19;2026-06-26;2026-06-27;2026-07-05;2026-07-12;2026-07-13;2026-07-20;2026-07-21;2026-07-28;2026-07-29;2026-08-05;2026-08-06;2026-08-13;2026-08-14;2026-08-21;2026-08-22;2026-08-29;2026-08-30;2026-09-06;2026-09-15
166,33.1980712890625,35.345062255859375,35,2026-06-02;2026-06-03;2026-06-10;2026-06-11;2026-06-18;2026-06-19;2026-06-26;2026-06-27;2026-07-05;2026-07-12;2026-07-13;2026-07-20;2026-07-21;2026-07-28;2026-07-29;2026-08-05;2026-08-06;2026-08-13;2026-08-14;2026-08-21;2026-08-22;2026-08-29;2026-08-30;2026-09-06;2026-09-15
303,,,0,2026-06-02;2026-06-03;2026-06-10;2026-06-11;2026-06-18;2026-06-19;2026-06-26;2026-06-27;2026-07-05;2026-07-12;2026-07-13;2026-07-20;2026-07-21;2026-07-28;2026-07-29;2026-08-05;2026-08-06;2026-08-13;2026-08-14;2026-08-21;2026-08-22;2026-08-29;2026-08-30;2026-09-06;2026-09-15
335,38.216628615920605,40.068756103515625,37,2026-06-02;2026-06-03;2026-06-10;2026-06-11;2026-06-18;2026-06-19;2026-06-26;2026-06-27;2026-07-05;2026-07-12;2026-07-13;2026-07-20;2026-07-21;2026-07-28;2026-07-29;2026-08-05;2026-08-06;2026-08-13;2026-08-14;2026-08-21;2026-08-22;2026-08-29;2026-08-30;2026-09-06;2026-09-15
1377,41.921600341796875,43.821746826171875,32,2026-06-02;2026-06-03;2026-06-10;2026-06-11;2026-06-18;2026-06-19;2026-06-26;2026-06-27;2026-07-05;2026-07-12;2026-07-13;2026-07-20;2026-07-21;2026-07-28;2026-07-29;2026-08-05;2026-08-06;2026-08-13;2026-08-14;2026-08-21;2026-08-22;2026-08-29;2026-08-30;2026-09-06;2026-09-15
159,34.190516880580354,35.447601318359375,28,2026-06-02;2026-06-03;2026-06-10;2026-06-11;2026-06-18;2026-06-19;2026-06-26;2026-06-27;2026-07-05;2026-07-12;2026-07-13;2026-07-20;2026-07-21;2026-07-28;2026-07-29;2026-08-05;2026-08-06;2026-08-13;2026-08-14;2026-08-21;2026-08-22;2026-08-29;2026-08-30;2026-09-06;2026-09-15
1612,33.71519165039062,35.33311462402344,10,2026-06-02;2026-06-03;2026-06-10;2026-06-11;2026-06-18;2026-06-19;2026-06-26;2026-06-27;2026-07-05;2026-07-12;2026-07-13;2026-07-20;2026-07-21;2026-07-28;2026-07-29;2026-08-05;2026-08-06;2026-08-13;2026-08-14;2026-08-21;2026-08-22;2026-08-29;2026-08-30;2026-09-06;2026-09-15
1001,36.15659825942095,38.392242431640625,34,2026-06-02;2026-06-03;2026-06-10;2026-06-11;2026-06-18;2026-06-19;2026-06-26;2026-06-27;2026-07-05;2026-07-12;2026-07-13;2026-07-20;2026-07-21;2026-07-28;2026-07-29;2026-08-05;2026-08-06;2026-08-13;2026-08-14;2026-08-21;2026-08-22;2026-08-29;2026-08-30;2026-09-06;2026-09-15
482,35.87227608816964,38.988677978515625,35,2026-06-02;2026-06-03;2026-06-10;2026-06-11;2026-06-18;2026-06-19;2026-06-26;2026-06-27;2026-07-05;2026-07-12;2026-07-13;2026-07-20;2026-07-21;2026-07-28;2026-07-29;2026-08-05;2026-08-06;2026-08-13;2026-08-14;2026-08-21;2026-08-22;2026-08-29;2026-08-30;2026-09-06;2026-09-15
1447,38.73838588169643,40.65667724609375,35,2026-06-02;2026-06-03;2026-06-10;2026-06-11;2026-06-18;2026-06-19;2026-06-26;2026-06-27;2026-07-05;2026-07-12;2026-07-13;2026-07-20;2026-07-21;2026-07-28;2026-07-29;2026-08-05;2026-08-06;2026-08-13;2026-08-14;2026-08-21;2026-08-22;2026-08-29;2026-08-30;2026-09-06;2026-09-15
133,39.7783447265625,42.198211669921875,35,2026-06-02;2026-06-03;2026-06-10;2026-06-11;2026-06-18;2026-06-19;2026-06-26;2026-06-27;2026-07-05;2026-07-12;2026-07-13;2026-07-20;2026-07-21;2026-07-28;2026-07-29;2026-08-05;2026-08-06;2026-08-13;2026-08-14;2026-08-21;2026-08-22;2026-08-29;2026-08-30;2026-09-06;2026-09-15
1072,43.4616943359375,46.115264892578125,35,2026-06-02;2026-06-03;2026-06-10;2026-06-11;2026-06-18;2026-06-19;2026-06-26;2026-06-27;2026-07-05;2026-07-12;2026-07-13;2026-07-20;2026-07-21;2026-07-28;2026-07-29;2026-08-05;2026-08-06;2026-08-13;2026-08-14;2026-08-21;2026-08-22;2026-08-29;2026-08-30;2026-09-06;2026-09-15
1560,38.186614990234375,40.079010009765625,32,2026-06-02;2026-06-03;2026-06-10;2026-06-11;2026-06-18;2026-06-19;2026-06-26;2026-06-27;2026-07-05;2026-07-12;2026-07-13;2026-07-20;2026-07-21;2026-07-28;2026-07-29;2026-08-05;2026-08-06;2026-08-13;2026-08-14;2026-08-21;2026-08-22;2026-08-29;2026-08-30;2026-09-06;2026-09-15
1392,39.722380719866074,43.630340576171875,35,2026-06-02;2026-06-03;2026-06-10;2026-06-11;2026-06-18;2026-06-19;2026-06-26;2026-06-27;2026-07-05;2026-07-12;2026-07-13;2026-07-20;2026-07-21;2026-07-28;2026-07-29;2026-08-05;2026-08-06;2026-08-13;2026-08-14;2026-08-21;2026-08-22;2026-08-29;2026-08-30;2026-09-06;2026-09-15
108,40.977316463694855,42.266571044921875,34,2026-06-02;2026-06-03;2026-06-10;2026-06-11;2026-06-18;2026-06-19;2026-06-26;2026-06-27;2026-07-05;2026-07-12;2026-07-13;2026-07-20;2026-07-21;2026-07-28;2026-07-29;2026-08-05;2026-08-06;2026-08-13;2026-08-14;2026-08-21;2026-08-22;2026-08-29;2026-08-30;2026-09-06;2026-09-15
502,35.72537051930147,36.9583740234375,34,2026-06-02;2026-06-03;2026-06-10;2026-06-11;2026-06-18;2026-06-19;2026-06-26;2026-06-27;2026-07-05;2026-07-12;2026-07-13;2026-07-20;2026-07-21;2026-07-28;2026-07-29;2026-08-05;2026-08-06;2026-08-13;2026-08-14;2026-08-21;2026-08-22;2026-08-29;2026-08-30;2026-09-06;2026-09-15
1113,32.55742885044643,33.926605224609375,35,2026-06-02;2026-06-03;2026-06-10;2026-06-11;2026-06-18;2026-06-19;2026-06-26;2026-06-27;2026-07-05;2026-07-12;2026-07-13;2026-07-20;2026-07-21;2026-07-28;2026-07-29;2026-08-05;2026-08-06;2026-08-13;2026-08-14;2026-08-21;2026-08-22;2026-08-29;2026-08-30;2026-09-06;2026-09-15
1193,41.945078822544644,43.281707763671875,35,2026-06-02;2026-06-03;2026-06-10;2026-06-11;2026-06-18;2026-06-19;2026-06-26;2026-06-27;2026-07-05;2026-07-12;2026-07-13;2026-07-20;2026-07-21;2026-07-28;2026-07-29;2026-08-05;2026-08-06;2026-08-13;2026-08-14;2026-08-21;2026-08-22;2026-08-29;2026-08-30;2026-09-06;2026-09-15
776,37.929089776400865,40.83099365234375,29,2026-06-02;2026-06-03;2026-06-10;2026-06-11;2026-06-18;2026-06-19;2026-06-26;2026-06-27;2026-07-05;2026-07-12;2026-07-13;2026-07-20;2026-07-21;2026-07-28;2026-07-29;2026-08-05;2026-08-06;2026-08-13;2026-08-14;2026-08-21;2026-08-22;2026-08-29;2026-08-30;2026-09-06;2026-09-15
223,40.809657505580354,42.919403076171875,35,2026-06-02;2026-06-03;2026-06-10;2026-06-11;2026-06-18;2026-06-19;2026-06-26;2026-06-27;2026-07-05;2026-07-12;2026-07-13;2026-07-20;2026-07-21;2026-07-28;2026-07-29;2026-08-05;2026-08-06;2026-08-13;2026-08-14;2026-08-21;2026-08-22;2026-08-29;2026-08-30;2026-09-06;2026-09-15
724,43.66512522977941,44.269500732421875,34,2026-06-02;2026-06-03;2026-06-10;2026-06-11;2026-06-18;2026-06-19;2026-06-26;2026-06-27;2026-07-05;2026-07-12;2026-07-13;2026-07-20;2026-07-21;2026-07-28;2026-07-29;2026-08-05;2026-08-06;2026-08-13;2026-08-14;2026-08-21;2026-08-22;2026-08-29;2026-08-30;2026-09-06;2026-09-15
623,41.41991424560547,42.974090576171875,32,2026-06-02;2026-06-03;2026-06-10;2026-06-11;2026-06-18;2026-06-19;2026-06-26;2026-06-27;2026-07-05;2026-07-12;2026-07-13;2026-07-20;2026-07-21;2026-07-28;2026-07-29;2026-08-05;2026-08-06;2026-08-13;2026-08-14;2026-08-21;2026-08-22;2026-08-29;2026-08-30;2026-09-06;2026-09-15
510,35.262664794921875,40.48919677734375,32,2026-06-02;2026-06-03;2026-06-10;2026-06-11;2026-06-18;2026-06-19;2026-06-26;2026-06-27;2026-07-05;2026-07-12;2026-07-13;2026-07-20;2026-07-21;2026-07-28;2026-07-29;2026-08-05;2026-08-06;2026-08-13;2026-08-14;2026-08-21;2026-08-22;2026-08-29;2026-08-30;2026-09-06;2026-09-15
1381,41.77934221540178,43.948211669921875,35,2026-06-02;2026-06-03;2026-06-10;2026-06-11;2026-06-18;2026-06-19;2026-06-26;2026-06-27;2026-07-05;2026-07-12;2026-07-13;2026-07-20;2026-07-21;2026-07-28;2026-07-29;2026-08-05;2026-08-06;2026-08-13;2026-08-14;2026-08-21;2026-08-22;2026-08-29;2026-08-30;2026-09-06;2026-09-15
1626,43.396881103515625,44.862548828125,36,2026-06-02;2026-06-03;2026-06-10;2026-06-11;2026-06-18;2026-06-19;2026-06-26;2026-06-27;2026-07-05;2026-07-12;2026-07-13;2026-07-20;2026-07-21;2026-07-28;2026-07-29;2026-08-05;2026-08-06;2026-08-13;2026-08-14;2026-08-21;2026-08-22;2026-08-29;2026-08-30;2026-09-06;2026-09-15
1209,32.88771275111607,35.104095458984375,35,2026-06-02;2026-06-03;2026-06-10;2026-06-11;2026-06-18;2026-06-19;2026-06-26;2026-06-27;2026-07-05;2026-07-12;2026-07-13;2026-07-20;2026-07-21;2026-07-28;2026-07-29;2026-08-05;2026-08-06;2026-08-13;2026-08-14;2026-08-21;2026-08-22;2026-08-29;2026-08-30;2026-09-06;2026-09-15
408,38.054007393973215,39.409088134765625,35,2026-06-02;2026-06-03;2026-06-10;2026-06-11;2026-06-18;2026-06-19;2026-06-26;2026-06-27;2026-07-05;2026-07-12;2026-07-13;2026-07-20;2026-07-21;2026-07-28;2026-07-29;2026-08-05;2026-08-06;2026-08-13;2026-08-14;2026-08-21;2026-08-22;2026-08-29;2026-08-30;2026-09-06;2026-09-15
913,37.32562934027778,39.53727722167969,36,2026-06-02;2026-06-03;2026-06-10;2026-06-11;2026-06-18;2026-06-19;2026-06-26;2026-06-27;2026-07-05;2026-07-12;2026-07-13;2026-07-20;2026-07-21;2026-07-28;2026-07-29;2026-08-05;2026-08-06;2026-08-13;2026-08-14;2026-08-21;2026-08-22;2026-08-29;2026-08-30;2026-09-06;2026-09-15
768,38.66093275282118,39.409088134765625,36,2026-06-02;2026-06-03;2026-06-10;2026-06-11;2026-06-18;2026-06-19;2026-06-26;2026-06-27;2026-07-05;2026-07-12;2026-07-13;2026-07-20;2026-07-21;2026-07-28;2026-07-29;2026-08-05;2026-08-06;2026-08-13;2026-08-14;2026-08-21;2026-08-22;2026-08-29;2026-08-30;2026-09-06;2026-09-15
382,38.47411411830357,39.703033447265625,35,2026-06-02;2026-06-03;2026-06-10;2026-06-11;2026-06-18;2026-06-19;2026-06-26;2026-06-27;2026-07-05;2026-07-12;2026-07-13;2026-07-20;2026-07-21;2026-07-28;2026-07-29;2026-08-05;2026-08-06;2026-08-13;2026-08-14;2026-08-21;2026-08-22;2026-08-29;2026-08-30;2026-09-06;2026-09-15
783,39.624709670608105,41.11468505859375,37,2026-06-02;2026-06-03;2026-06-10;2026-06-11;2026-06-18;2026-06-19;2026-06-26;2026-06-27;2026-07-05;2026-07-12;2026-07-13;2026-07-20;2026-07-21;2026-07-28;2026-07-29;2026-08-05;2026-08-06;2026-08-13;2026-08-14;2026-08-21;2026-08-22;2026-08-29;2026-08-30;2026-09-06;2026-09-15
1601,43.076847076416016,44.93603515625,32,2026-06-02;2026-06-03;2026-06-10;2026-06-11;2026-06-18;2026-06-19;2026-06-26;2026-06-27;2026-07-05;2026-07-12;2026-07-13;2026-07-20;2026-07-21;2026-07-28;2026-07-29;2026-08-05;2026-08-06;2026-08-13;2026-08-14;2026-08-21;2026-08-22;2026-08-29;2026-08-30;2026-09-06;2026-09-15
1631,40.118136160714286,41.357391357421875,35,2026-06-02;2026-06-03;2026-06-10;2026-06-11;2026-06-18;2026-06-19;2026-06-26;2026-06-27;2026-07-05;2026-07-12;2026-07-13;2026-07-20;2026-07-21;2026-07-28;2026-07-29;2026-08-05;2026-08-06;2026-08-13;2026-08-14;2026-08-21;2026-08-22;2026-08-29;2026-08-30;2026-09-06;2026-09-15
909,37.799903663429056,39.537261962890625,37,2026-06-02;2026-06-03;2026-06-10;2026-06-11;2026-06-18;2026-06-19;2026-06-26;2026-06-27;2026-07-05;2026-07-12;2026-07-13;2026-07-20;2026-07-21;2026-07-28;2026-07-29;2026-08-05;2026-08-06;2026-08-13;2026-08-14;2026-08-21;2026-08-22;2026-08-29;2026-08-30;2026-09-06;2026-09-15
248,42.93970120337702,46.118682861328125,31,2026-06-02;2026-06-03;2026-06-10;2026-06-11;2026-06-18;2026-06-19;2026-06-26;2026-06-27;2026-07-05;2026-07-12;2026-07-13;2026-07-20;2026-07-21;2026-07-28;2026-07-29;2026-08-05;2026-08-06;2026-08-13;2026-08-14;2026-08-21;2026-08-22;2026-08-29;2026-08-30;2026-09-06;2026-09-15
238,39.01483832465278,41.66839599609375,36,2026-06-02;2026-06-03;2026-06-10;2026-06-11;2026-06-18;2026-06-19;2026-06-26;2026-06-27;2026-07-05;2026-07-12;2026-07-13;2026-07-20;2026-07-21;2026-07-28;2026-07-29;2026-08-05;2026-08-06;2026-08-13;2026-08-14;2026-08-21;2026-08-22;2026-08-29;2026-08-30;2026-09-06;2026-09-15
1103,40.96330091688368,41.839324951171875,36,2026-06-02;2026-06-03;2026-06-10;2026-06-11;2026-06-18;2026-06-19;2026-06-26;2026-06-27;2026-07-05;2026-07-12;2026-07-13;2026-07-20;2026-07-21;2026-07-28;2026-07-29;2026-08-05;2026-08-06;2026-08-13;2026-08-14;2026-08-21;2026-08-22;2026-08-29;2026-08-30;2026-09-06;2026-09-15
868,39.43537521362305,42.372528076171875,32,2026-06-02;2026-06-03;2026-06-10;2026-06-11;2026-06-18;2026-06-19;2026-06-26;2026-06-27;2026-07-05;2026-07-12;2026-07-13;2026-07-20;2026-07-21;2026-07-28;2026-07-29;2026-08-05;2026-08-06;2026-08-13;2026-08-14;2026-08-21;2026-08-22;2026-08-29;2026-08-30;2026-09-06;2026-09-15
1592,42.02427804129464,43.693572998046875,35,2026-06-02;2026-06-03;2026-06-10;2026-06-11;2026-06-18;2026-06-19;2026-06-26;2026-06-27;2026-07-05;2026-07-12;2026-07-13;2026-07-20;2026-07-21;2026-07-28;2026-07-29;2026-08-05;2026-08-06;2026-08-13;2026-08-14;2026-08-21;2026-08-22;2026-08-29;2026-08-30;2026-09-06;2026-09-15
1359,36.573757595486114,38.407623291015625,36,2026-06-02;2026-06-03;2026-06-10;2026-06-11;2026-06-18;2026-06-19;2026-06-26;2026-06-27;2026-07-05;2026-07-12;2026-07-13;2026-07-20;2026-07-21;2026-07-28;2026-07-29;2026-08-05;2026-08-06;2026-08-13;2026-08-14;2026-08-21;2026-08-22;2026-08-29;2026-08-30;2026-09-06;2026-09-15
1284,,,0,2026-06-02;2026-06-03;2026-06-10;2026-06-11;2026-06-18;2026-06-19;2026-06-26;2026-06-27;2026-07-05;2026-07-12;2026-07-13;2026-07-20;2026-07-21;2026-07-28;2026-07-29;2026-08-05;2026-08-06;2026-08-13;2026-08-14;2026-08-21;2026-08-22;2026-08-29;2026-08-30;2026-09-06;2026-09-15
1384,38.899856154983105,41.552215576171875,37,2026-06-02;2026-06-03;2026-06-10;2026-06-11;2026-06-18;2026-06-19;2026-06-26;2026-06-27;2026-07-05;2026-07-12;2026-07-13;2026-07-20;2026-07-21;2026-07-28;2026-07-29;2026-08-05;2026-08-06;2026-08-13;2026-08-14;2026-08-21;2026-08-22;2026-08-29;2026-08-30;2026-09-06;2026-09-15
13,35.82364676339286,37.491607666015625,35,2026-06-02;2026-06-03;2026-06-10;2026-06-11;2026-06-18;2026-06-19;2026-06-26;2026-06-27;2026-07-05;2026-07-12;2026-07-13;2026-07-20;2026-07-21;2026-07-28;2026-07-29;2026-08-05;2026-08-06;2026-08-13;2026-08-14;2026-08-21;2026-08-22;2026-08-29;2026-08-30;2026-09-06;2026-09-15
1174,33.911220974392364,35.690277099609375,36,2026-06-02;2026-06-03;2026-06-10;2026-06-11;2026-06-18;2026-06-19;2026-06-26;2026-06-27;2026-07-05;2026-07-12;2026-07-13;2026-07-20;2026-07-21;2026-07-28;2026-07-29;2026-08-05;2026-08-06;2026-08-13;2026-08-14;2026-08-21;2026-08-22;2026-08-29;2026-08-30;2026-09-06;2026-09-15
739,37.64556884765625,38.858795166015625,32,2026-06-02;2026-06-03;2026-06-10;2026-06-11;2026-06-18;2026-06-19;2026-06-26;2026-06-27;2026-07-05;2026-07-12;2026-07-13;2026-07-20;2026-07-21;2026-07-28;2026-07-29;2026-08-05;2026-08-06;2026-08-13;2026-08-14;2026-08-21;2026-08-22;2026-08-29;2026-08-30;2026-09-06;2026-09-15
134,39.761138916015625,40.246490478515625,11,2026-06-02;2026-06-03;2026-06-10;2026-06-11;2026-06-18;2026-06-19;2026-06-26;2026-06-27;2026-07-05;2026-07-12;2026-07-13;2026-07-20;2026-07-21;2026-07-28;2026-07-29;2026-08-05;2026-08-06;2026-08-13;2026-08-14;2026-08-21;2026-08-22;2026-08-29;2026-08-30;2026-09-06;2026-09-15
1007,,,0,2026-06-02;2026-06-03;2026-06-10;2026-06-11;2026-06-18;2026-06-19;2026-06-26;2026-06-27;2026-07-05;2026-07-12;2026-07-13;2026-07-20;2026-07-21;2026-07-28;2026-07-29;2026-08-05;2026-08-06;2026-08-13;2026-08-14;2026-08-21;2026-08-22;2026-08-29;2026-08-30;2026-09-06;2026-09-15
733,39.624595642089844,43.028778076171875,32,2026-06-02;2026-06-03;2026-06-10;2026-06-11;2026-06-18;2026-06-19;2026-06-26;2026-06-27;2026-07-05;2026-07-12;2026-07-13;2026-07-20;2026-07-21;2026-07-28;2026-07-29;2026-08-05;2026-08-06;2026-08-13;2026-08-14;2026-08-21;2026-08-22;2026-08-29;2026-08-30;2026-09-06;2026-09-15
280,35.88941824776786,39.200592041015625,35,2026-06-02;2026-06-03;2026-06-10;2026-06-11;2026-06-18;2026-06-19;2026-06-26;2026-06-27;2026-07-05;2026-07-12;2026-07-13;2026-07-20;2026-07-21;2026-07-28;2026-07-29;2026-08-05;2026-08-06;2026-08-13;2026-08-14;2026-08-21;2026-08-22;2026-08-29;2026-08-30;2026-09-06;2026-09-15
563,41.48716612119932,43.199676513671875,37,2026-06-02;2026-06-03;2026-06-10;2026-06-11;2026-06-18;2026-06-19;2026-06-26;2026-06-27;2026-07-05;2026-07-12;2026-07-13;2026-07-20;2026-07-21;2026-07-28;2026-07-29;2026-08-05;2026-08-06;2026-08-13;2026-08-14;2026-08-21;2026-08-22;2026-08-29;2026-08-30;2026-09-06;2026-09-15
489,36.96380092075893,38.409332275390625,35,2026-06-02;2026-06-03;2026-06-10;2026-06-11;2026-06-18;2026-06-19;2026-06-26;2026-06-27;2026-07-05;2026-07-12;2026-07-13;2026-07-20;2026-07-21;2026-07-28;2026-07-29;2026-08-05;2026-08-06;2026-08-13;2026-08-14;2026-08-21;2026-08-22;2026-08-29;2026-08-30;2026-09-06;2026-09-15
682,37.08006417410714,38.855377197265625,35,2026-06-02;2026-06-03;2026-06-10;2026-06-11;2026-06-18;2026-06-19;2026-06-26;2026-06-27;2026-07-05;2026-07-12;2026-07-13;2026-07-20;2026-07-21;2026-07-28;2026-07-29;2026-08-05;2026-08-06;2026-08-13;2026-08-14;2026-08-21;2026-08-22;2026-08-29;2026-08-30;2026-09-06;2026-09-15
1555,41.954505920410156,45.09326171875,32,2026-06-02;2026-06-03;2026-06-10;2026-06-11;2026-06-18;2026-06-19;2026-06-26;2026-06-27;2026-07-05;2026-07-12;2026-07-13;2026-07-20;2026-07-21;2026-07-28;2026-07-29;2026-08-05;2026-08-06;2026-08-13;2026-08-14;2026-08-21;2026-08-22;2026-08-29;2026-08-30;2026-09-06;2026-09-15
469,38.507132393973215,40.53363037109375,35,2026-06-02;2026-06-03;2026-06-10;2026-06-11;2026-06-18;2026-06-19;2026-06-26;2026-06-27;2026-07-05;2026-07-12;2026-07-13;2026-07-20;2026-07-21;2026-07-28;2026-07-29;2026-08-05;2026-08-06;2026-08-13;2026-08-14;2026-08-21;2026-08-22;2026-08-29;2026-08-30;2026-09-06;2026-09-15
1495,39.09273158482143,39.87736511230469,35,2026-06-02;2026-06-03;2026-06-10;2026-06-11;2026-06-18;2026-06-19;2026-06-26;2026-06-27;2026-07-05;2026-07-12;2026-07-13;2026-07-20;2026-07-21;2026-07-28;2026-07-29;2026-08-05;2026-08-06;2026-08-13;2026-08-14;2026-08-21;2026-08-22;2026-08-29;2026-08-30;2026-09-06;2026-09-15
1499,37.1647216796875,38.749420166015625,35,2026-06-02;2026-06-03;2026-06-10;2026-06-11;2026-06-18;2026-06-19;2026-06-26;2026-06-27;2026-07-05;2026-07-12;2026-07-13;2026-07-20;2026-07-21;2026-07-28;2026-07-29;2026-08-05;2026-08-06;2026-08-13;2026-08-14;2026-08-21;2026-08-22;2026-08-29;2026-08-30;2026-09-06;2026-09-15
1126,38.375699429898646,43.334686279296875,37,2026-06-02;2026-06-03;2026-06-10;2026-06-11;2026-06-18;2026-06-19;2026-06-26;2026-06-27;2026-07-05;2026-07-12;2026-07-13;2026-07-20;2026-07-21;2026-07-28;2026-07-29;2026-08-05;2026-08-06;2026-08-13;2026-08-14;2026-08-21;2026-08-22;2026-08-29;2026-08-30;2026-09-06;2026-09-15
452,36.462130301339286,38.253814697265625,35,2026-06-02;2026-06-03;2026-06-10;2026-06-11;2026-06-18;2026-06-19;2026-06-26;2026-06-27;2026-07-05;2026-07-12;2026-07-13;2026-07-20;2026-07-21;2026-07-28;2026-07-29;2026-08-05;2026-08-06;2026-08-13;2026-08-14;2026-08-21;2026-08-22;2026-08-29;2026-08-30;2026-09-06;2026-09-15
797,40.848964146205354,42.635711669921875,35,2026-06-02;2026-06-03;2026-06-10;2026-06-11;2026-06-18;2026-06-19;2026-06-26;2026-06-27;2026-07-05;2026-07-12;2026-07-13;2026-07-20;2026-07-21;2026-07-28;2026-07-29;2026-08-05;2026-08-06;2026-08-13;2026-08-14;2026-08-21;2026-08-22;2026-08-29;2026-08-30;2026-09-06;2026-09-15
323,34.56090545654297,36.6405029296875,32,2026-06-02;2026-06-03;2026-06-10;2026-06-11;2026-06-18;2026-06-19;2026-06-26;2026-06-27;2026-07-05;2026-07-12;2026-07-13;2026-07-20;2026-07-21;2026-07-28;2026-07-29;2026-08-05;2026-08-06;2026-08-13;2026-08-14;2026-08-21;2026-08-22;2026-08-29;2026-08-30;2026-09-06;2026-09-15
473,41.15105523003472,42.676727294921875,36,2026-06-02;2026-06-03;2026-06-10;2026-06-11;2026-06-18;2026-06-19;2026-06-26;2026-06-27;2026-07-05;2026-07-12;2026-07-13;2026-07-20;2026-07-21;2026-07-28;2026-07-29;2026-08-05;2026-08-06;2026-08-13;2026-08-14;2026-08-21;2026-08-22;2026-08-29;2026-08-30;2026-09-06;2026-09-15
28,44.215850830078125,45.517120361328125,32,2026-06-02;2026-06-03;2026-06-10;2026-06-11;2026-06-18;2026-06-19;2026-06-26;2026-06-27;2026-07-05;2026-07-12;2026-07-13;2026-07-20;2026-07-21;2026-07-28;2026-07-29;2026-08-05;2026-08-06;2026-08-13;2026-08-14;2026-08-21;2026-08-22;2026-08-29;2026-08-30;2026-09-06;2026-09-15
196,40.42673688616071,44.091766357421875,35,2026-06-02;2026-06-03;2026-06-10;2026-06-11;2026-06-18;2026-06-19;2026-06-26;2026-06-27;2026-07-05;2026-07-12;2026-07-13;2026-07-20;2026-07-21;2026-07-28;2026-07-29;2026-08-05;2026-08-06;2026-08-13;2026-08-14;2026-08-21;2026-08-22;2026-08-29;2026-08-30;2026-09-06;2026-09-15
683,38.43972685842803,39.805572509765625,33,2026-06-02;2026-06-03;2026-06-10;2026-06-11;2026-06-18;2026-06-19;2026-06-26;2026-06-27;2026-07-05;2026-07-12;2026-07-13;2026-07-20;2026-07-21;2026-07-28;2026-07-29;2026-08-05;2026-08-06;2026-08-13;2026-08-14;2026-08-21;2026-08-22;2026-08-29;2026-08-30;2026-09-06;2026-09-15
1505,37.752404106987846,41.29241943359375,36,2026-06-02;2026-06-03;2026-06-10;2026-06-11;2026-06-18;2026-06-19;2026-06-26;2026-06-27;2026-07-05;2026-07-12;2026-07-13;2026-07-20;2026-07-21;2026-07-28;2026-07-29;2026-08-05;2026-08-06;2026-08-13;2026-08-14;2026-08-21;2026-08-22;2026-08-29;2026-08-30;2026-09-06;2026-09-15
66,34.975732421875,37.546295166015625,35,2026-06-02;2026-06-03;2026-06-10;2026-06-11;2026-06-18;2026-06-19;2026-06-26;2026-06-27;2026-07-05;2026-07-12;2026-07-13;2026-07-20;2026-07-21;2026-07-28;2026-07-29;2026-08-05;2026-08-06;2026-08-13;2026-08-14;2026-08-21;2026-08-22;2026-08-29;2026-08-30;2026-09-06;2026-09-15
849,40.50120326450893,42.635711669921875,35,2026-06-02;2026-06-03;2026-06-10;2026-06-11;2026-06-18;2026-06-19;2026-06-26;2026-06-27;2026-07-05;2026-07-12;2026-07-13;2026-07-20;2026-07-21;2026-07-28;2026-07-29;2026-08-05;2026-08-06;2026-08-13;2026-08-14;2026-08-21;2026-08-22;2026-08-29;2026-08-30;2026-09-06;2026-09-15
1067,39.09431457519531,41.00701904296875,32,2026-06-02;2026-06-03;2026-06-10;2026-06-11;2026-06-18;2026-06-19;2026-06-26;2026-06-27;2026-07-05;2026-07-12;2026-07-13;2026-07-20;2026-07-21;2026-07-28;2026-07-29;2026-08-05;2026-08-06;2026-08-13;2026-08-14;2026-08-21;2026-08-22;2026-08-29;2026-08-30;2026-09-06;2026-09-15
664,38.47105189732143,39.66546630859375,35,2026-06-02;2026-06-03;2026-06-10;2026-06-11;2026-06-18;2026-06-19;2026-06-26;2026-06-27;2026-07-05;2026-07-12;2026-07-13;2026-07-20;2026-07-21;2026-07-28;2026-07-29;2026-08-05;2026-08-06;2026-08-13;2026-08-14;2026-08-21;2026-08-22;2026-08-29;2026-08-30;2026-09-06;2026-09-15
165,32.14063197544643,34.360687255859375,35,2026-06-02;2026-06-03;2026-06-10;2026-06-11;2026-06-18;2026-06-19;2026-06-26;2026-06-27;2026-07-05;2026-07-12;2026-07-13;2026-07-20;2026-07-21;2026-07-28;2026-07-29;2026-08-05;2026-08-06;2026-08-13;2026-08-14;2026-08-21;2026-08-22;2026-08-29;2026-08-30;2026-09-06;2026-09-15
171,41.5558651194853,44.354949951171875,34,2026-06-02;2026-06-03;2026-06-10;2026-06-11;2026-06-18;2026-06-19;2026-06-26;2026-06-27;2026-07-05;2026-07-12;2026-07-13;2026-07-20;2026-07-21;2026-07-28;2026-07-29;2026-08-05;2026-08-06;2026-08-13;2026-08-14;2026-08-21;2026-08-22;2026-08-29;2026-08-30;2026-09-06;2026-09-15
619,37.356678989955356,39.012603759765625,35,2026-06-02;2026-06-03;2026-06-10;2026-06-11;2026-06-18;2026-06-19;2026-06-26;2026-06-27;2026-07-05;2026-07-12;2026-07-13;2026-07-20;2026-07-21;2026-07-28;2026-07-29;2026-08-05;2026-08-06;2026-08-13;2026-08-14;2026-08-21;2026-08-22;2026-08-29;2026-08-30;2026-09-06;2026-09-15
661,37.1583812816723,40.130279541015625,37,2026-06-02;2026-06-03;2026-06-10;2026-06-11;2026-06-18;2026-06-19;2026-06-26;2026-06-27;2026-07-05;2026-07-12;2026-07-13;2026-07-20;2026-07-21;2026-07-28;2026-07-29;2026-08-05;2026-08-06;2026-08-13;2026-08-14;2026-08-21;2026-08-22;2026-08-29;2026-08-30;2026-09-06;2026-09-15
742,38.62466348184122,40.40032958984375,37,2026-06-02;2026-06-03;2026-06-10;2026-06-11;2026-06-18;2026-06-19;2026-06-26;2026-06-27;2026-07-05;2026-07-12;2026-07-13;2026-07-20;2026-07-21;2026-07-28;2026-07-29;2026-08-05;2026-08-06;2026-08-13;2026-08-14;2026-08-21;2026-08-22;2026-08-29;2026-08-30;2026-09-06;2026-09-15
985,40.581642150878906,43.483367919921875,32,2026-06-02;2026-06-03;2026-06-10;2026-06-11;2026-06-18;2026-06-19;2026-06-26;2026-06-27;2026-07-05;2026-07-12;2026-07-13;2026-07-20;2026-07-21;2026-07-28;2026-07-29;2026-08-05;2026-08-06;2026-08-13;2026-08-14;2026-08-21;2026-08-22;2026-08-29;2026-08-30;2026-09-06;2026-09-15
1455,37.056488037109375,39.03141784667969,10,2026-06-02;2026-06-03;2026-06-10;2026-06-11;2026-06-18;2026-06-19;2026-06-26;2026-06-27;2026-07-05;2026-07-12;2026-07-13;2026-07-20;2026-07-21;2026-07-28;2026-07-29;2026-08-05;2026-08-06;2026-08-13;2026-08-14;2026-08-21;2026-08-22;2026-08-29;2026-08-30;2026-09-06;2026-09-15
786,33.932059151785715,37.652252197265625,35,2026-06-02;2026-06-03;2026-06-10;2026-06-11;2026-06-18;2026-06-19;2026-06-26;2026-06-27;2026-07-05;2026-07-12;2026-07-13;2026-07-20;2026-07-21;2026-07-28;2026-07-29;2026-08-05;2026-08-06;2026-08-13;2026-08-14;2026-08-21;2026-08-22;2026-08-29;2026-08-30;2026-09-06;2026-09-15
1378,38.81797880284927,42.28022766113281,34,2026-06-02;2026-06-03;2026-06-10;2026-06-11;2026-06-18;2026-06-19;2026-06-26;2026-06-27;2026-07-05;2026-07-12;2026-07-13;2026-07-20;2026-07-21;2026-07-28;2026-07-29;2026-08-05;2026-08-06;2026-08-13;2026-08-14;2026-08-21;2026-08-22;2026-08-29;2026-08-30;2026-09-06;2026-09-15
1374,36.636250263935814,37.942779541015625,37,2026-06-02;2026-06-03;2026-06-10;2026-06-11;2026-06-18;2026-06-19;2026-06-26;2026-06-27;2026-07-05;2026-07-12;2026-07-13;2026-07-20;2026-07-21;2026-07-28;2026-07-29;2026-08-05;2026-08-06;2026-08-13;2026-08-14;2026-08-21;2026-08-22;2026-08-29;2026-08-30;2026-09-06;2026-09-15
1078,41.21733262803819,41.962371826171875,36,2026-06-02;2026-06-03;2026-06-10;2026-06-11;2026-06-18;2026-06-19;2026-06-26;2026-06-27;2026-07-05;2026-07-12;2026-07-13;2026-07-20;2026-07-21;2026-07-28;2026-07-29;2026-08-05;2026-08-06;2026-08-13;2026-08-14;2026-08-21;2026-08-22;2026-08-29;2026-08-30;2026-09-06;2026-09-15
703,38.080773247612846,41.401824951171875,36,2026-06-02;2026-06-03;2026-06-10;2026-06-11;2026-06-18;2026-06-19;2026-06-26;2026-06-27;2026-07-05;2026-07-12;2026-07-13;2026-07-20;2026-07-21;2026-07-28;2026-07-29;2026-08-05;2026-08-06;2026-08-13;2026-08-14;2026-08-21;2026-08-22;2026-08-29;2026-08-30;2026-09-06;2026-09-15
1273,37.178409576416016,40.31488037109375,32,2026-06-02;2026-06-03;2026-06-10;2026-06-11;2026-06-18;2026-06-19;2026-06-26;2026-06-27;2026-07-05;2026-07-12;2026-07-13;2026-07-20;2026-07-21;2026-07-28;2026-07-29;2026-08-05;2026-08-06;2026-08-13;2026-08-14;2026-08-21;2026-08-22;2026-08-29;2026-08-30;2026-09-06;2026-09-15
827,33.62278878348214,38.691314697265625,35,2026-06-02;2026-06-03;2026-06-10;2026-06-11;2026-06-18;2026-06-19;2026-06-26;2026-06-27;2026-07-05;2026-07-12;2026-07-13;2026-07-20;2026-07-21;2026-07-28;2026-07-29;2026-08-05;2026-08-06;2026-08-13;2026-08-14;2026-08-21;2026-08-22;2026-08-29;2026-08-30;2026-09-06;2026-09-15
316,37.736117892795136,40.23625183105469,36,2026-06-02;2026-06-03;2026-06-10;2026-06-11;2026-06-18;2026-06-19;2026-06-26;2026-06-27;2026-07-05;2026-07-12;2026-07-13;2026-07-20;2026-07-21;2026-07-28;2026-07-29;2026-08-05;2026-08-06;2026-08-13;2026-08-14;2026-08-21;2026-08-22;2026-08-29;2026-08-30;2026-09-06;2026-09-15
384,38.75704048775338,39.911529541015625,37,2026-06-02;2026-06-03;2026-06-10;2026-06-11;2026-06-18;2026-06-19;2026-06-26;2026-06-27;2026-07-05;2026-07-12;2026-07-13;2026-07-20;2026-07-21;2026-07-28;2026-07-29;2026-08-05;2026-08-06;2026-08-13;2026-08-14;2026-08-21;2026-08-22;2026-08-29;2026-08-30;2026-09-06;2026-09-15
44,41.374703543526785,43.387664794921875,35,2026-06-02;2026-06-03;2026-06-10;2026-06-11;2026-06-18;2026-06-19;2026-06-26;2026-06-27;2026-07-05;2026-07-12;2026-07-13;2026-07-20;2026-07-21;2026-07-28;2026-07-29;2026-08-05;2026-08-06;2026-08-13;2026-08-14;2026-08-21;2026-08-22;2026-08-29;2026-08-30;2026-09-06;2026-09-15
1473,35.44962935014205,38.029937744140625,22,2026-06-02;2026-06-03;2026-06-10;2026-06-11;2026-06-18;2026-06-19;2026-06-26;2026-06-27;2026-07-05;2026-07-12;2026-07-13;2026-07-20;2026-07-21;2026-07-28;2026-07-29;2026-08-05;2026-08-06;2026-08-13;2026-08-14;2026-08-21;2026-08-22;2026-08-29;2026-08-30;2026-09-06;2026-09-15
837,41.707858615451386,45.747833251953125,36,2026-06-02;2026-06-03;2026-06-10;2026-06-11;2026-06-18;2026-06-19;2026-06-26;2026-06-27;2026-07-05;2026-07-12;2026-07-13;2026-07-20;2026-07-21;2026-07-28;2026-07-29;2026-08-05;2026-08-06;2026-08-13;2026-08-14;2026-08-21;2026-08-22;2026-08-29;2026-08-30;2026-09-06;2026-09-15
753,39.65315077039931,41.07025146484375,36,2026-06-02;2026-06-03;2026-06-10;2026-06-11;2026-06-18;2026-06-19;2026-06-26;2026-06-27;2026-07-05;2026-07-12;2026-07-13;2026-07-20;2026-07-21;2026-07-28;2026-07-29;2026-08-05;2026-08-06;2026-08-13;2026-08-14;2026-08-21;2026-08-22;2026-08-29;2026-08-30;2026-09-06;2026-09-15
956,43.47962588355655,44.32420349121094,21,2026-06-02;2026-06-03;2026-06-10;2026-06-11;2026-06-18;2026-06-19;2026-06-26;2026-06-27;2026-07-05;2026-07-12;2026-07-13;2026-07-20;2026-07-21;2026-07-28;2026-07-29;2026-08-05;2026-08-06;2026-08-13;2026-08-14;2026-08-21;2026-08-22;2026-08-29;2026-08-30;2026-09-06;2026-09-15
387,41.50911937040441,45.735870361328125,34,2026-06-02;2026-06-03;2026-06-10;2026-06-11;2026-06-18;2026-06-19;2026-06-26;2026-06-27;2026-07-05;2026-07-12;2026-07-13;2026-07-20;2026-07-21;2026-07-28;2026-07-29;2026-08-05;2026-08-06;2026-08-13;2026-08-14;2026-08-21;2026-08-22;2026-08-29;2026-08-30;2026-09-06;2026-09-15
433,35.35259184966216,37.1531982421875,37,2026-06-02;2026-06-03;2026-06-10;2026-06-11;2026-06-18;2026-06-19;2026-06-26;2026-06-27;2026-07-05;2026-07-12;2026-07-13;2026-07-20;2026-07-21;2026-07-28;2026-07-29;2026-08-05;2026-08-06;2026-08-13;2026-08-14;2026-08-21;2026-08-22;2026-08-29;2026-08-30;2026-09-06;2026-09-15
1373,36.220431082589286,37.686431884765625,35,2026-06-02;2026-06-03;2026-06-10;2026-06-11;2026-06-18;2026-06-19;2026-06-26;2026-06-27;2026-07-05;2026-07-12;2026-07-13;2026-07-20;2026-07-21;2026-07-28;2026-07-29;2026-08-05;2026-08-06;2026-08-13;2026-08-14;2026-08-21;2026-08-22;2026-08-29;2026-08-30;2026-09-06;2026-09-15
485,34.43323863636363,34.987884521484375,11,2026-06-02;2026-06-03;2026-06-10;2026-06-11;2026-06-18;2026-06-19;2026-06-26;2026-06-27;2026-07-05;2026-07-12;2026-07-13;2026-07-20;2026-07-21;2026-07-28;2026-07-29;2026-08-05;2026-08-06;2026-08-13;2026-08-14;2026-08-21;2026-08-22;2026-08-29;2026-08-30;2026-09-06;2026-09-15
243,42.17860412597656,43.182586669921875,32,2026-06-02;2026-06-03;2026-06-10;2026-06-11;2026-06-18;2026-06-19;2026-06-26;2026-06-27;2026-07-05;2026-07-12;2026-07-13;2026-07-20;2026-07-21;2026-07-28;2026-07-29;2026-08-05;2026-08-06;2026-08-13;2026-08-14;2026-08-21;2026-08-22;2026-08-29;2026-08-30;2026-09-06;2026-09-15
1548,37.660115559895836,41.31292724609375,36,2026-06-02;2026-06-03;2026-06-10;2026-06-11;2026-06-18;2026-06-19;2026-06-26;2026-06-27;2026-07-05;2026-07-12;2026-07-13;2026-07-20;2026-07-21;2026-07-28;2026-07-29;2026-08-05;2026-08-06;2026-08-13;2026-08-14;2026-08-21;2026-08-22;2026-08-29;2026-08-30;2026-09-06;2026-09-15
1581,37.68495396205357,39.084381103515625,35,2026-06-02;2026-06-03;2026-06-10;2026-06-11;2026-06-18;2026-06-19;2026-06-26;2026-06-27;2026-07-05;2026-07-12;2026-07-13;2026-07-20;2026-07-21;2026-07-28;2026-07-29;2026-08-05;2026-08-06;2026-08-13;2026-08-14;2026-08-21;2026-08-22;2026-08-29;2026-08-30;2026-09-06;2026-09-15
208,38.84540473090278,39.983306884765625,36,2026-06-02;2026-06-03;2026-06-10;2026-06-11;2026-06-18;2026-06-19;2026-06-26;2026-06-27;2026-07-05;2026-07-12;2026-07-13;2026-07-20;2026-07-21;2026-07-28;2026-07-29;2026-08-05;2026-08-06;2026-08-13;2026-08-14;2026-08-21;2026-08-22;2026-08-29;2026-08-30;2026-09-06;2026-09-15
405,35.95186244419643,40.212310791015625,35,2026-06-02;2026-06-03;2026-06-10;2026-06-11;2026-06-18;2026-06-19;2026-06-26;2026-06-27;2026-07-05;2026-07-12;2026-07-13;2026-07-20;2026-07-21;2026-07-28;2026-07-29;2026-08-05;2026-08-06;2026-08-13;2026-08-14;2026-08-21;2026-08-22;2026-08-29;2026-08-30;2026-09-06;2026-09-15
591,39.40200343276515,42.184539794921875,33,2026-06-02;2026-06-03;2026-06-10;2026-06-11;2026-06-18;2026-06-19;2026-06-26;2026-06-27;2026-07-05;2026-07-12;2026-07-13;2026-07-20;2026-07-21;2026-07-28;2026-07-29;2026-08-05;2026-08-06;2026-08-13;2026-08-14;2026-08-21;2026-08-22;2026-08-29;2026-08-30;2026-09-06;2026-09-15
1439,36.65871233258929,37.611236572265625,35,2026-06-02;2026-06-03;2026-06-10;2026-06-11;2026-06-18;2026-06-19;2026-06-26;2026-06-27;2026-07-05;2026-07-12;2026-07-13;2026-07-20;2026-07-21;2026-07-28;2026-07-29;2026-08-05;2026-08-06;2026-08-13;2026-08-14;2026-08-21;2026-08-22;2026-08-29;2026-08-30;2026-09-06;2026-09-15
432,35.488867865668404,38.575103759765625,36,2026-06-02;2026-06-03;2026-06-10;2026-06-11;2026-06-18;2026-06-19;2026-06-26;2026-06-27;2026-07-05;2026-07-12;2026-07-13;2026-07-20;2026-07-21;2026-07-28;2026-07-29;2026-08-05;2026-08-06;2026-08-13;2026-08-14;2026-08-21;2026-08-22;2026-08-29;2026-08-30;2026-09-06;2026-09-15
1556,36.28531668526786,41.442840576171875,35,2026-06-02;2026-06-03;2026-06-10;2026-06-11;2026-06-18;2026-06-19;2026-06-26;2026-06-27;2026-07-05;2026-07-12;2026-07-13;2026-07-20;2026-07-21;2026-07-28;2026-07-29;2026-08-05;2026-08-06;2026-08-13;2026-08-14;2026-08-21;2026-08-22;2026-08-29;2026-08-30;2026-09-06;2026-09-15
1062,38.79018293108259,39.730377197265625,7,2026-06-02;2026-06-03;2026-06-10;2026-06-11;2026-06-18;2026-06-19;2026-06-26;2026-06-27;2026-07-05;2026-07-12;2026-07-13;2026-07-20;2026-07-21;2026-07-28;2026-07-29;2026-08-05;2026-08-06;2026-08-13;2026-08-14;2026-08-21;2026-08-22;2026-08-29;2026-08-30;2026-09-06;2026-09-15
455,37.82982700892857,42.037567138671875,35,2026-06-02;2026-06-03;2026-06-10;2026-06-11;2026-06-18;2026-06-19;2026-06-26;2026-06-27;2026-07-05;2026-07-12;2026-07-13;2026-07-20;2026-07-21;2026-07-28;2026-07-29;2026-08-05;2026-08-06;2026-08-13;2026-08-14;2026-08-21;2026-08-22;2026-08-29;2026-08-30;2026-09-06;2026-09-15
374,36.96516707136824,41.97430419921875,37,2026-06-02;2026-06-03;2026-06-10;2026-06-11;2026-06-18;2026-06-19;2026-06-26;2026-06-27;2026-07-05;2026-07-12;2026-07-13;2026-07-20;2026-07-21;2026-07-28;2026-07-29;2026-08-05;2026-08-06;2026-08-13;2026-08-14;2026-08-21;2026-08-22;2026-08-29;2026-08-30;2026-09-06;2026-09-15
962,42.92423967633928,46.292999267578125,35,2026-06-02;2026-06-03;2026-06-10;2026-06-11;2026-06-18;2026-06-19;2026-06-26;2026-06-27;2026-07-05;2026-07-12;2026-07-13;2026-07-20;2026-07-21;2026-07-28;2026-07-29;2026-08-05;2026-08-06;2026-08-13;2026-08-14;2026-08-21;2026-08-22;2026-08-29;2026-08-30;2026-09-06;2026-09-15
439,44.54590606689453,46.072540283203125,32,2026-06-02;2026-06-03;2026-06-10;2026-06-11;2026-06-18;2026-06-19;2026-06-26;2026-06-27;2026-07-05;2026-07-12;2026-07-13;2026-07-20;2026-07-21;2026-07-28;2026-07-29;2026-08-05;2026-08-06;2026-08-13;2026-08-14;2026-08-21;2026-08-22;2026-08-29;2026-08-30;2026-09-06;2026-09-15
1277,30.169315011160716,31.352813720703125,35,2026-06-02;2026-06-03;2026-06-10;2026-06-11;2026-06-18;2026-06-19;2026-06-26;2026-06-27;2026-07-05;2026-07-12;2026-07-13;2026-07-20;2026-07-21;2026-07-28;2026-07-29;2026-08-05;2026-08-06;2026-08-13;2026-08-14;2026-08-21;2026-08-22;2026-08-29;2026-08-30;2026-09-06;2026-09-15
217,36.20851353236607,39.200592041015625,35,2026-06-02;2026-06-03;2026-06-10;2026-06-11;2026-06-18;2026-06-19;2026-06-26;2026-06-27;2026-07-05;2026-07-12;2026-07-13;2026-07-20;2026-07-21;2026-07-28;2026-07-29;2026-08-05;2026-08-06;2026-08-13;2026-08-14;2026-08-21;2026-08-22;2026-08-29;2026-08-30;2026-09-06;2026-09-15
107,43.575653076171875,44.283172607421875,3,2026-06-02;2026-06-03;2026-06-10;2026-06-11;2026-06-18;2026-06-19;2026-06-26;2026-06-27;2026-07-05;2026-07-12;2026-07-13;2026-07-20;2026-07-21;2026-07-28;2026-07-29;2026-08-05;2026-08-06;2026-08-13;2026-08-14;2026-08-21;2026-08-22;2026-08-29;2026-08-30;2026-09-06;2026-09-15
825,34.84955512152778,36.21495056152344,36,2026-06-02;2026-06-03;2026-06-10;2026-06-11;2026-06-18;2026-06-19;2026-06-26;2026-06-27;2026-07-05;2026-07-12;2026-07-13;2026-07-20;2026-07-21;2026-07-28;2026-07-29;2026-08-05;2026-08-06;2026-08-13;2026-08-14;2026-08-21;2026-08-22;2026-08-29;2026-08-30;2026-09-06;2026-09-15
416,38.45447455512153,40.33538818359375,36,2026-06-02;2026-06-03;2026-06-10;2026-06-11;2026-06-18;2026-06-19;2026-06-26;2026-06-27;2026-07-05;2026-07-12;2026-07-13;2026-07-20;2026-07-21;2026-07-28;2026-07-29;2026-08-05;2026-08-06;2026-08-13;2026-08-14;2026-08-21;2026-08-22;2026-08-29;2026-08-30;2026-09-06;2026-09-15
337,40.522161668346776,42.517791748046875,31,2026-06-02;2026-06-03;2026-06-10;2026-06-11;2026-06-18;2026-06-19;2026-06-26;2026-06-27;2026-07-05;2026-07-12;2026-07-13;2026-07-20;2026-07-21;2026-07-28;2026-07-29;2026-08-05;2026-08-06;2026-08-13;2026-08-14;2026-08-21;2026-08-22;2026-08-29;2026-08-30;2026-09-06;2026-09-15
704,39.899070945945944,40.75921630859375,37,2026-06-02;2026-06-03;2026-06-10;2026-06-11;2026-06-18;2026-06-19;2026-06-26;2026-06-27;2026-07-05;2026-07-12;2026-07-13;2026-07-20;2026-07-21;2026-07-28;2026-07-29;2026-08-05;2026-08-06;2026-08-13;2026-08-14;2026-08-21;2026-08-22;2026-08-29;2026-08-30;2026-09-06;2026-09-15
36,40.63763253348214,41.950408935546875,35,2026-06-02;2026-06-03;2026-06-10;2026-06-11;2026-06-18;2026-06-19;2026-06-26;2026-06-27;2026-07-05;2026-07-12;2026-07-13;2026-07-20;2026-07-21;2026-07-28;2026-07-29;2026-08-05;2026-08-06;2026-08-13;2026-08-14;2026-08-21;2026-08-22;2026-08-29;2026-08-30;2026-09-06;2026-09-15
161,,,0,2026-06-02;2026-06-03;2026-06-10;2026-06-11;2026-06-18;2026-06-19;2026-06-26;2026-06-27;2026-07-05;2026-07-12;2026-07-13;2026-07-20;2026-07-21;2026-07-28;2026-07-29;2026-08-05;2026-08-06;2026-08-13;2026-08-14;2026-08-21;2026-08-22;2026-08-29;2026-08-30;2026-09-06;2026-09-15
1061,40.88832310267857,42.967254638671875,35,2026-06-02;2026-06-03;2026-06-10;2026-06-11;2026-06-18;2026-06-19;2026-06-26;2026-06-27;2026-07-05;2026-07-12;2026-07-13;2026-07-20;2026-07-21;2026-07-28;2026-07-29;2026-08-05;2026-08-06;2026-08-13;2026-08-14;2026-08-21;2026-08-22;2026-08-29;2026-08-30;2026-09-06;2026-09-15
146,42.98063616071428,45.021484375,35,2026-06-02;2026-06-03;2026-06-10;2026-06-11;2026-06-18;2026-06-19;2026-06-26;2026-06-27;2026-07-05;2026-07-12;2026-07-13;2026-07-20;2026-07-21;2026-07-28;2026-07-29;2026-08-05;2026-08-06;2026-08-13;2026-08-14;2026-08-21;2026-08-22;2026-08-29;2026-08-30;2026-09-06;2026-09-15
188,36.841949462890625,37.32240295410156,8,2026-06-02;2026-06-03;2026-06-10;2026-06-11;2026-06-18;2026-06-19;2026-06-26;2026-06-27;2026-07-05;2026-07-12;2026-07-13;2026-07-20;2026-07-21;2026-07-28;2026-07-29;2026-08-05;2026-08-06;2026-08-13;2026-08-14;2026-08-21;2026-08-22;2026-08-29;2026-08-30;2026-09-06;2026-09-15
468,39.333231608072914,41.07025146484375,36,2026-06-02;2026-06-03;2026-06-10;2026-06-11;2026-06-18;2026-06-19;2026-06-26;2026-06-27;2026-07-05;2026-07-12;2026-07-13;2026-07-20;2026-07-21;2026-07-28;2026-07-29;2026-08-05;2026-08-06;2026-08-13;2026-08-14;2026-08-21;2026-08-22;2026-08-29;2026-08-30;2026-09-06;2026-09-15
6,35.83775111607143,37.7581787109375,35,2026-06-02;2026-06-03;2026-06-10;2026-06-11;2026-06-18;2026-06-19;2026-06-26;2026-06-27;2026-07-05;2026-07-12;2026-07-13;2026-07-20;2026-07-21;2026-07-28;2026-07-29;2026-08-05;2026-08-06;2026-08-13;2026-08-14;2026-08-21;2026-08-22;2026-08-29;2026-08-30;2026-09-06;2026-09-15
127,35.11062344637784,36.4251708984375,22,2026-06-02;2026-06-03;2026-06-10;2026-06-11;2026-06-18;2026-06-19;2026-06-26;2026-06-27;2026-07-05;2026-07-12;2026-07-13;2026-07-20;2026-07-21;2026-07-28;2026-07-29;2026-08-05;2026-08-06;2026-08-13;2026-08-14;2026-08-21;2026-08-22;2026-08-29;2026-08-30;2026-09-06;2026-09-15
925,43.481661551339286,44.7412109375,35,2026-06-02;2026-06-03;2026-06-10;2026-06-11;2026-06-18;2026-06-19;2026-06-26;2026-06-27;2026-07-05;2026-07-12;2026-07-13;2026-07-20;2026-07-21;2026-07-28;2026-07-29;2026-08-05;2026-08-06;2026-08-13;2026-08-14;2026-08-21;2026-08-22;2026-08-29;2026-08-30;2026-09-06;2026-09-15
142,37.836474609375,38.853668212890625,35,2026-06-02;2026-06-03;2026-06-10;2026-06-11;2026-06-18;2026-06-19;2026-06-26;2026-06-27;2026-07-05;2026-07-12;2026-07-13;2026-07-20;2026-07-21;2026-07-28;2026-07-29;2026-08-05;2026-08-06;2026-08-13;2026-08-14;2026-08-21;2026-08-22;2026-08-29;2026-08-30;2026-09-06;2026-09-15
220,40.259695870535715,42.782684326171875,35,2026-06-02;2026-06-03;2026-06-10;2026-06-11;2026-06-18;2026-06-19;2026-06-26;2026-06-27;2026-07-05;2026-07-12;2026-07-13;2026-07-20;2026-07-21;2026-07-28;2026-07-29;2026-08-05;2026-08-06;2026-08-13;2026-08-14;2026-08-21;2026-08-22;2026-08-29;2026-08-30;2026-09-06;2026-09-15
587,37.17307477678571,39.566314697265625,35,2026-06-02;2026-06-03;2026-06-10;2026-06-11;2026-06-18;2026-06-19;2026-06-26;2026-06-27;2026-07-05;2026-07-12;2026-07-13;2026-07-20;2026-07-21;2026-07-28;2026-07-29;2026-08-05;2026-08-06;2026-08-13;2026-08-14;2026-08-21;2026-08-22;2026-08-29;2026-08-30;2026-09-06;2026-09-15
109,39.872222900390625,40.048248291015625,4,2026-06-02;2026-06-03;2026-06-10;2026-06-11;2026-06-18;2026-06-19;2026-06-26;2026-06-27;2026-07-05;2026-07-12;2026-07-13;2026-07-20;2026-07-21;2026-07-28;2026-07-29;2026-08-05;2026-08-06;2026-08-13;2026-08-14;2026-08-21;2026-08-22;2026-08-29;2026-08-30;2026-09-06;2026-09-15
129,35.957386997767856,37.966705322265625,35,2026-06-02;2026-06-03;2026-06-10;2026-06-11;2026-06-18;2026-06-19;2026-06-26;2026-06-27;2026-07-05;2026-07-12;2026-07-13;2026-07-20;2026-07-21;2026-07-28;2026-07-29;2026-08-05;2026-08-06;2026-08-13;2026-08-14;2026-08-21;2026-08-22;2026-08-29;2026-08-30;2026-09-06;2026-09-15
85,35.479257089120374,36.6883544921875,27,2026-06-02;2026-06-03;2026-06-10;2026-06-11;2026-06-18;2026-06-19;2026-06-26;2026-06-27;2026-07-05;2026-07-12;2026-07-13;2026-07-20;2026-07-21;2026-07-28;2026-07-29;2026-08-05;2026-08-06;2026-08-13;2026-08-14;2026-08-21;2026-08-22;2026-08-29;2026-08-30;2026-09-06;2026-09-15
343,39.696400669642856,42.126434326171875,35,2026-06-02;2026-06-03;2026-06-10;2026-06-11;2026-06-18;2026-06-19;2026-06-26;2026-06-27;2026-07-05;2026-07-12;2026-07-13;2026-07-20;2026-07-21;2026-07-28;2026-07-29;2026-08-05;2026-08-06;2026-08-13;2026-08-14;2026-08-21;2026-08-22;2026-08-29;2026-08-30;2026-09-06;2026-09-15
67,35.29693080357143,38.195709228515625,35,2026-06-02;2026-06-03;2026-06-10;2026-06-11;2026-06-18;2026-06-19;2026-06-26;2026-06-27;2026-07-05;2026-07-12;2026-07-13;2026-07-20;2026-07-21;2026-07-28;2026-07-29;2026-08-05;2026-08-06;2026-08-13;2026-08-14;2026-08-21;2026-08-22;2026-08-29;2026-08-30;2026-09-06;2026-09-15
116,,,0,2026-06-02;2026-06-03;2026-06-10;2026-06-11;2026-06-18;2026-06-19;2026-06-26;2026-06-27;2026-07-05;2026-07-12;2026-07-13;2026-07-20;2026-07-21;2026-07-28;2026-07-29;2026-08-05;2026-08-06;2026-08-13;2026-08-14;2026-08-21;2026-08-22;2026-08-29;2026-08-30;2026-09-06;2026-09-15
723,35.97096121651786,38.011138916015625,35,2026-06-02;2026-06-03;2026-06-10;2026-06-11;2026-06-18;2026-06-19;2026-06-26;2026-06-27;2026-07-05;2026-07-12;2026-07-13;2026-07-20;2026-07-21;2026-07-28;2026-07-29;2026-08-05;2026-08-06;2026-08-13;2026-08-14;2026-08-21;2026-08-22;2026-08-29;2026-08-30;2026-09-06;2026-09-15
1285,32.54705047607422,33.519866943359375,32,2026-06-02;2026-06-03;2026-06-10;2026-06-11;2026-06-18;2026-06-19;2026-06-26;2026-06-27;2026-07-05;2026-07-12;2026-07-13;2026-07-20;2026-07-21;2026-07-28;2026-07-29;2026-08-05;2026-08-06;2026-08-13;2026-08-14;2026-08-21;2026-08-22;2026-08-29;2026-08-30;2026-09-06;2026-09-15
249,44.949010900548984,47.198760986328125,37,2026-06-02;2026-06-03;2026-06-10;2026-06-11;2026-06-18;2026-06-19;2026-06-26;2026-06-27;2026-07-05;2026-07-12;2026-07-13;2026-07-20;2026-07-21;2026-07-28;2026-07-29;2026-08-05;2026-08-06;2026-08-13;2026-08-14;2026-08-21;2026-08-22;2026-08-29;2026-08-30;2026-09-06;2026-09-15
186,34.84222881610577,37.1873779296875,26,2026-06-02;2026-06-03;2026-06-10;2026-06-11;2026-06-18;2026-06-19;2026-06-26;2026-06-27;2026-07-05;2026-07-12;2026-07-13;2026-07-20;2026-07-21;2026-07-28;2026-07-29;2026-08-05;2026-08-06;2026-08-13;2026-08-14;2026-08-21;2026-08-22;2026-08-29;2026-08-30;2026-09-06;2026-09-15
728,38.41388617621528,40.57122802734375,36,2026-06-02;2026-06-03;2026-06-10;2026-06-11;2026-06-18;2026-06-19;2026-06-26;2026-06-27;2026-07-05;2026-07-12;2026-07-13;2026-07-20;2026-07-21;2026-07-28;2026-07-29;2026-08-05;2026-08-06;2026-08-13;2026-08-14;2026-08-21;2026-08-22;2026-08-29;2026-08-30;2026-09-06;2026-09-15
851,35.9597598805147,38.800689697265625,34,2026-06-02;2026-06-03;2026-06-10;2026-06-11;2026-06-18;2026-06-19;2026-06-26;2026-06-27;2026-07-05;2026-07-12;2026-07-13;2026-07-20;2026-07-21;2026-07-28;2026-07-29;2026-08-05;2026-08-06;2026-08-13;2026-08-14;2026-08-21;2026-08-22;2026-08-29;2026-08-30;2026-09-06;2026-09-15
16,37.552734375,38.674224853515625,35,2026-06-02;2026-06-03;2026-06-10;2026-06-11;2026-06-18;2026-06-19;2026-06-26;2026-06-27;2026-07-05;2026-07-12;2026-07-13;2026-07-20;2026-07-21;2026-07-28;2026-07-29;2026-08-05;2026-08-06;2026-08-13;2026-08-14;2026-08-21;2026-08-22;2026-08-29;2026-08-30;2026-09-06;2026-09-15
1008,40.487936580882355,43.452606201171875,34,2026-06-02;2026-06-03;2026-06-10;2026-06-11;2026-06-18;2026-06-19;2026-06-26;2026-06-27;2026-07-05;2026-07-12;2026-07-13;2026-07-20;2026-07-21;2026-07-28;2026-07-29;2026-08-05;2026-08-06;2026-08-13;2026-08-14;2026-08-21;2026-08-22;2026-08-29;2026-08-30;2026-09-06;2026-09-15
332,35.048486328125,36.8985595703125,35,2026-06-02;2026-06-03;2026-06-10;2026-06-11;2026-06-18;2026-06-19;2026-06-26;2026-06-27;2026-07-05;2026-07-12;2026-07-13;2026-07-20;2026-07-21;2026-07-28;2026-07-29;2026-08-05;2026-08-06;2026-08-13;2026-08-14;2026-08-21;2026-08-22;2026-08-29;2026-08-30;2026-09-06;2026-09-15
1542,36.962605794270836,40.17132568359375,36,2026-06-02;2026-06-03;2026-06-10;2026-06-11;2026-06-18;2026-06-19;2026-06-26;2026-06-27;2026-07-05;2026-07-12;2026-07-13;2026-07-20;2026-07-21;2026-07-28;2026-07-29;2026-08-05;2026-08-06;2026-08-13;2026-08-14;2026-08-21;2026-08-22;2026-08-29;2026-08-30;2026-09-06;2026-09-15
953,39.48063829210069,43.271453857421875,36,2026-06-02;2026-06-03;2026-06-10;2026-06-11;2026-06-18;2026-06-19;2026-06-26;2026-06-27;2026-07-05;2026-07-12;2026-07-13;2026-07-20;2026-07-21;2026-07-28;2026-07-29;2026-08-05;2026-08-06;2026-08-13;2026-08-14;2026-08-21;2026-08-22;2026-08-29;2026-08-30;2026-09-06;2026-09-15
515,35.198089599609375,35.198089599609375,1,2026-06-02;2026-06-03;2026-06-10;2026-06-11;2026-06-18;2026-06-19;2026-06-26;2026-06-27;2026-07-05;2026-07-12;2026-07-13;2026-07-20;2026-07-21;2026-07-28;2026-07-29;2026-08-05;2026-08-06;2026-08-13;2026-08-14;2026-08-21;2026-08-22;2026-08-29;2026-08-30;2026-09-06;2026-09-15
1614,44.24810791015625,44.92578125,32,2026-06-02;2026-06-03;2026-06-10;2026-06-11;2026-06-18;2026-06-19;2026-06-26;2026-06-27;2026-07-05;2026-07-12;2026-07-13;2026-07-20;2026-07-21;2026-07-28;2026-07-29;2026-08-05;2026-08-06;2026-08-13;2026-08-14;2026-08-21;2026-08-22;2026-08-29;2026-08-30;2026-09-06;2026-09-15
543,38.554355197482636,39.961090087890625,36,2026-06-02;2026-06-03;2026-06-10;2026-06-11;2026-06-18;2026-06-19;2026-06-26;2026-06-27;2026-07-05;2026-07-12;2026-07-13;2026-07-20;2026-07-21;2026-07-28;2026-07-29;2026-08-05;2026-08-06;2026-08-13;2026-08-14;2026-08-21;2026-08-22;2026-08-29;2026-08-30;2026-09-06;2026-09-15
715,39.54229736328125,40.86517333984375,34,2026-06-02;2026-06-03;2026-06-10;2026-06-11;2026-06-18;2026-06-19;2026-06-26;2026-06-27;2026-07-05;2026-07-12;2026-07-13;2026-07-20;2026-07-21;2026-07-28;2026-07-29;2026-08-05;2026-08-06;2026-08-13;2026-08-14;2026-08-21;2026-08-22;2026-08-29;2026-08-30;2026-09-06;2026-09-15
260,39.66278435202206,41.99824523925781,34,2026-06-02;2026-06-03;2026-06-10;2026-06-11;2026-06-18;2026-06-19;2026-06-26;2026-06-27;2026-07-05;2026-07-12;2026-07-13;2026-07-20;2026-07-21;2026-07-28;2026-07-29;2026-08-05;2026-08-06;2026-08-13;2026-08-14;2026-08-21;2026-08-22;2026-08-29;2026-08-30;2026-09-06;2026-09-15
790,37.87703763521635,38.493072509765625,13,2026-06-02;2026-06-03;2026-06-10;2026-06-11;2026-06-18;2026-06-19;2026-06-26;2026-06-27;2026-07-05;2026-07-12;2026-07-13;2026-07-20;2026-07-21;2026-07-28;2026-07-29;2026-08-05;2026-08-06;2026-08-13;2026-08-14;2026-08-21;2026-08-22;2026-08-29;2026-08-30;2026-09-06;2026-09-15
434,39.4734001159668,41.507781982421875,16,2026-06-02;2026-06-03;2026-06-10;2026-06-11;2026-06-18;2026-06-19;2026-06-26;2026-06-27;2026-07-05;2026-07-12;2026-07-13;2026-07-20;2026-07-21;2026-07-28;2026-07-29;2026-08-05;2026-08-06;2026-08-13;2026-08-14;2026-08-21;2026-08-22;2026-08-29;2026-08-30;2026-09-06;2026-09-15
311,,,0,2026-06-02;2026-06-03;2026-06-10;2026-06-11;2026-06-18;2026-06-19;2026-06-26;2026-06-27;2026-07-05;2026-07-12;2026-07-13;2026-07-20;2026-07-21;2026-07-28;2026-07-29;2026-08-05;2026-08-06;2026-08-13;2026-08-14;2026-08-21;2026-08-22;2026-08-29;2026-08-30;2026-09-06;2026-09-15
1478,41.68079376220703,43.196258544921875,4,2026-06-02;2026-06-03;2026-06-10;2026-06-11;2026-06-18;2026-06-19;2026-06-26;2026-06-27;2026-07-05;2026-07-12;2026-07-13;2026-07-20;2026-07-21;2026-07-28;2026-07-29;2026-08-05;2026-08-06;2026-08-13;2026-08-14;2026-08-21;2026-08-22;2026-08-29;2026-08-30;2026-09-06;2026-09-15
229,34.80091094970703,36.43199157714844,32,2026-06-02;2026-06-03;2026-06-10;2026-06-11;2026-06-18;2026-06-19;2026-06-26;2026-06-27;2026-07-05;2026-07-12;2026-07-13;2026-07-20;2026-07-21;2026-07-28;2026-07-29;2026-08-05;2026-08-06;2026-08-13;2026-08-14;2026-08-21;2026-08-22;2026-08-29;2026-08-30;2026-09-06;2026-09-15
762,38.476513671875,40.164459228515625,35,2026-06-02;2026-06-03;2026-06-10;2026-06-11;2026-06-18;2026-06-19;2026-06-26;2026-06-27;2026-07-05;2026-07-12;2026-07-13;2026-07-20;2026-07-21;2026-07-28;2026-07-29;2026-08-05;2026-08-06;2026-08-13;2026-08-14;2026-08-21;2026-08-22;2026-08-29;2026-08-30;2026-09-06;2026-09-15
553,38.96199205186632,39.983306884765625,36,2026-06-02;2026-06-03;2026-06-10;2026-06-11;2026-06-18;2026-06-19;2026-06-26;2026-06-27;2026-07-05;2026-07-12;2026-07-13;2026-07-20;2026-07-21;2026-07-28;2026-07-29;2026-08-05;2026-08-06;2026-08-13;2026-08-14;2026-08-21;2026-08-22;2026-08-29;2026-08-30;2026-09-06;2026-09-15
1400,35.79563993566177,37.0233154296875,34,2026-06-02;2026-06-03;2026-06-10;2026-06-11;2026-06-18;2026-06-19;2026-06-26;2026-06-27;2026-07-05;2026-07-12;2026-07-13;2026-07-20;2026-07-21;2026-07-28;2026-07-29;2026-08-05;2026-08-06;2026-08-13;2026-08-14;2026-08-21;2026-08-22;2026-08-29;2026-08-30;2026-09-06;2026-09-15
1027,45.75497817993164,47.574737548828125,32,2026-06-02;2026-06-03;2026-06-10;2026-06-11;2026-06-18;2026-06-19;2026-06-26;2026-06-27;2026-07-05;2026-07-12;2026-07-13;2026-07-20;2026-07-21;2026-07-28;2026-07-29;2026-08-05;2026-08-06;2026-08-13;2026-08-14;2026-08-21;2026-08-22;2026-08-29;2026-08-30;2026-09-06;2026-09-15
820,34.19865036010742,38.691314697265625,32,2026-06-02;2026-06-03;2026-06-10;2026-06-11;2026-06-18;2026-06-19;2026-06-26;2026-06-27;2026-07-05;2026-07-12;2026-07-13;2026-07-20;2026-07-21;2026-07-28;2026-07-29;2026-08-05;2026-08-06;2026-08-13;2026-08-14;2026-08-21;2026-08-22;2026-08-29;2026-08-30;2026-09-06;2026-09-15
592,36.25524553571429,40.56781005859375,35,2026-06-02;2026-06-03;2026-06-10;2026-06-11;2026-06-18;2026-06-19;2026-06-26;2026-06-27;2026-07-05;2026-07-12;2026-07-13;2026-07-20;2026-07-21;2026-07-28;2026-07-29;2026-08-05;2026-08-06;2026-08-13;2026-08-14;2026-08-21;2026-08-22;2026-08-29;2026-08-30;2026-09-06;2026-09-15
1286,30.037173800998264,31.639923095703125,36,2026-06-02;2026-06-03;2026-06-10;2026-06-11;2026-06-18;2026-06-19;2026-06-26;2026-06-27;2026-07-05;2026-07-12;2026-07-13;2026-07-20;2026-07-21;2026-07-28;2026-07-29;2026-08-05;2026-08-06;2026-08-13;2026-08-14;2026-08-21;2026-08-22;2026-08-29;2026-08-30;2026-09-06;2026-09-15
532,40.54625447591146,43.580780029296875,36,2026-06-02;2026-06-03;2026-06-10;2026-06-11;2026-06-18;2026-06-19;2026-06-26;2026-06-27;2026-07-05;2026-07-12;2026-07-13;2026-07-20;2026-07-21;2026-07-28;2026-07-29;2026-08-05;2026-08-06;2026-08-13;2026-08-14;2026-08-21;2026-08-22;2026-08-29;2026-08-30;2026-09-06;2026-09-15
1388,37.168244280133926,39.88763427734375,35,2026-06-02;2026-06-03;2026-06-10;2026-06-11;2026-06-18;2026-06-19;2026-06-26;2026-06-27;2026-07-05;2026-07-12;2026-07-13;2026-07-20;2026-07-21;2026-07-28;2026-07-29;2026-08-05;2026-08-06;2026-08-13;2026-08-14;2026-08-21;2026-08-22;2026-08-29;2026-08-30;2026-09-06;2026-09-15
1500,37.668674045138886,38.817779541015625,36,2026-06-02;2026-06-03;2026-06-10;2026-06-11;2026-06-18;2026-06-19;2026-06-26;2026-06-27;2026-07-05;2026-07-12;2026-07-13;2026-07-20;2026-07-21;2026-07-28;2026-07-29;2026-08-05;2026-08-06;2026-08-13;2026-08-14;2026-08-21;2026-08-22;2026-08-29;2026-08-30;2026-09-06;2026-09-15
3,39.08216768152573,40.031158447265625,34,2026-06-02;2026-06-03;2026-06-10;2026-06-11;2026-06-18;2026-06-19;2026-06-26;2026-06-27;2026-07-05;2026-07-12;2026-07-13;2026-07-20;2026-07-21;2026-07-28;2026-07-29;2026-08-05;2026-08-06;2026-08-13;2026-08-14;2026-08-21;2026-08-22;2026-08-29;2026-08-30;2026-09-06;2026-09-15
788,,,0,2026-06-02;2026-06-03;2026-06-10;2026-06-11;2026-06-18;2026-06-19;2026-06-26;2026-06-27;2026-07-05;2026-07-12;2026-07-13;2026-07-20;2026-07-21;2026-07-28;2026-07-29;2026-08-05;2026-08-06;2026-08-13;2026-08-14;2026-08-21;2026-08-22;2026-08-29;2026-08-30;2026-09-06;2026-09-15
678,34.85325453016493,38.393951416015625,36,2026-06-02;2026-06-03;2026-06-10;2026-06-11;2026-06-18;2026-06-19;2026-06-26;2026-06-27;2026-07-05;2026-07-12;2026-07-13;2026-07-20;2026-07-21;2026-07-28;2026-07-29;2026-08-05;2026-08-06;2026-08-13;2026-08-14;2026-08-21;2026-08-22;2026-08-29;2026-08-30;2026-09-06;2026-09-15
189,36.1694287109375,38.884429931640625,25,2026-06-02;2026-06-03;2026-06-10;2026-06-11;2026-06-18;2026-06-19;2026-06-26;2026-06-27;2026-07-05;2026-07-12;2026-07-13;2026-07-20;2026-07-21;2026-07-28;2026-07-29;2026-08-05;2026-08-06;2026-08-13;2026-08-14;2026-08-21;2026-08-22;2026-08-29;2026-08-30;2026-09-06;2026-09-15
1050,34.69985002790179,36.8353271484375,35,2026-06-02;2026-06-03;2026-06-10;2026-06-11;2026-06-18;2026-06-19;2026-06-26;2026-06-27;2026-07-05;2026-07-12;2026-07-13;2026-07-20;2026-07-21;2026-07-28;2026-07-29;2026-08-05;2026-08-06;2026-08-13;2026-08-14;2026-08-21;2026-08-22;2026-08-29;2026-08-30;2026-09-06;2026-09-15
602,37.90481746897978,39.562896728515625,34,2026-06-02;2026-06-03;2026-06-10;2026-06-11;2026-06-18;2026-06-19;2026-06-26;2026-06-27;2026-07-05;2026-07-12;2026-07-13;2026-07-20;2026-07-21;2026-07-28;2026-07-29;2026-08-05;2026-08-06;2026-08-13;2026-08-14;2026-08-21;2026-08-22;2026-08-29;2026-08-30;2026-09-06;2026-09-15
1035,31.8765625,35.360443115234375,35,2026-06-02;2026-06-03;2026-06-10;2026-06-11;2026-06-18;2026-06-19;2026-06-26;2026-06-27;2026-07-05;2026-07-12;2026-07-13;2026-07-20;2026-07-21;2026-07-28;2026-07-29;2026-08-05;2026-08-06;2026-08-13;2026-08-14;2026-08-21;2026-08-22;2026-08-29;2026-08-30;2026-09-06;2026-09-15
810,44.093543158637154,47.383331298828125,36,2026-06-02;2026-06-03;2026-06-10;2026-06-11;2026-06-18;2026-06-19;2026-06-26;2026-06-27;2026-07-05;2026-07-12;2026-07-13;2026-07-20;2026-07-21;2026-07-28;2026-07-29;2026-08-05;2026-08-06;2026-08-13;2026-08-14;2026-08-21;2026-08-22;2026-08-29;2026-08-30;2026-09-06;2026-09-15
1053,38.21494140625,40.28239440917969,35,2026-06-02;2026-06-03;2026-06-10;2026-06-11;2026-06-18;2026-06-19;2026-06-26;2026-06-27;2026-07-05;2026-07-12;2026-07-13;2026-07-20;2026-07-21;2026-07-28;2026-07-29;2026-08-05;2026-08-06;2026-08-13;2026-08-14;2026-08-21;2026-08-22;2026-08-29;2026-08-30;2026-09-06;2026-09-15
479,40.84594029017857,42.375946044921875,35,2026-06-02;2026-06-03;2026-06-10;2026-06-11;2026-06-18;2026-06-19;2026-06-26;2026-06-27;2026-07-05;2026-07-12;2026-07-13;2026-07-20;2026-07-21;2026-07-28;2026-07-29;2026-08-05;2026-08-06;2026-08-13;2026-08-14;2026-08-21;2026-08-22;2026-08-29;2026-08-30;2026-09-06;2026-09-15
403,37.42596620501894,40.63958740234375,33,2026-06-02;2026-06-03;2026-06-10;2026-06-11;2026-06-18;2026-06-19;2026-06-26;2026-06-27;2026-07-05;2026-07-12;2026-07-13;2026-07-20;2026-07-21;2026-07-28;2026-07-29;2026-08-05;2026-08-06;2026-08-13;2026-08-14;2026-08-21;2026-08-22;2026-08-29;2026-08-30;2026-09-06;2026-09-15
1236,38.39850192599826,40.41400146484375,36,2026-06-02;2026-06-03;2026-06-10;2026-06-11;2026-06-18;2026-06-19;2026-06-26;2026-06-27;2026-07-05;2026-07-12;2026-07-13;2026-07-20;2026-07-21;2026-07-28;2026-07-29;2026-08-05;2026-08-06;2026-08-13;2026-08-14;2026-08-21;2026-08-22;2026-08-29;2026-08-30;2026-09-06;2026-09-15
385,39.50532023111979,41.08392333984375,36,2026-06-02;2026-06-03;2026-06-10;2026-06-11;2026-06-18;2026-06-19;2026-06-26;2026-06-27;2026-07-05;2026-07-12;2026-07-13;2026-07-20;2026-07-21;2026-07-28;2026-07-29;2026-08-05;2026-08-06;2026-08-13;2026-08-14;2026-08-21;2026-08-22;2026-08-29;2026-08-30;2026-09-06;2026-09-15
816,45.61690673828125,46.730499267578125,10,2026-06-02;2026-06-03;2026-06-10;2026-06-11;2026-06-18;2026-06-19;2026-06-26;2026-06-27;2026-07-05;2026-07-12;2026-07-13;2026-07-20;2026-07-21;2026-07-28;2026-07-29;2026-08-05;2026-08-06;2026-08-13;2026-08-14;2026-08-21;2026-08-22;2026-08-29;2026-08-30;2026-09-06;2026-09-15
1012,41.35774230957031,43.616668701171875,32,2026-06-02;2026-06-03;2026-06-10;2026-06-11;2026-06-18;2026-06-19;2026-06-26;2026-06-27;2026-07-05;2026-07-12;2026-07-13;2026-07-20;2026-07-21;2026-07-28;2026-07-29;2026-08-05;2026-08-06;2026-08-13;2026-08-14;2026-08-21;2026-08-22;2026-08-29;2026-08-30;2026-09-06;2026-09-15
1047,31.66803656684028,32.63629150390625,36,2026-06-02;2026-06-03;2026-06-10;2026-06-11;2026-06-18;2026-06-19;2026-06-26;2026-06-27;2026-07-05;2026-07-12;2026-07-13;2026-07-20;2026-07-21;2026-07-28;2026-07-29;2026-08-05;2026-08-06;2026-08-13;2026-08-14;2026-08-21;2026-08-22;2026-08-29;2026-08-30;2026-09-06;2026-09-15
522,33.692068917410715,37.457427978515625,35,2026-06-02;2026-06-03;2026-06-10;2026-06-11;2026-06-18;2026-06-19;2026-06-26;2026-06-27;2026-07-05;2026-07-12;2026-07-13;2026-07-20;2026-07-21;2026-07-28;2026-07-29;2026-08-05;2026-08-06;2026-08-13;2026-08-14;2026-08-21;2026-08-22;2026-08-29;2026-08-30;2026-09-06;2026-09-15
818,36.145840115017364,39.303131103515625,9,2026-06-02;2026-06-03;2026-06-10;2026-06-11;2026-06-18;2026-06-19;2026-06-26;2026-06-27;2026-07-05;2026-07-12;2026-07-13;2026-07-20;2026-07-21;2026-07-28;2026-07-29;2026-08-05;2026-08-06;2026-08-13;2026-08-14;2026-08-21;2026-08-22;2026-08-29;2026-08-30;2026-09-06;2026-09-15
364,44.46278599330357,46.072540283203125,35,2026-06-02;2026-06-03;2026-06-10;2026-06-11;2026-06-18;2026-06-19;2026-06-26;2026-06-27;2026-07-05;2026-07-12;2026-07-13;2026-07-20;2026-07-21;2026-07-28;2026-07-29;2026-08-05;2026-08-06;2026-08-13;2026-08-14;2026-08-21;2026-08-22;2026-08-29;2026-08-30;2026-09-06;2026-09-15
301,39.47521275111607,41.78804016113281,35,2026-06-02;2026-06-03;2026-06-10;2026-06-11;2026-06-18;2026-06-19;2026-06-26;2026-06-27;2026-07-05;2026-07-12;2026-07-13;2026-07-20;2026-07-21;2026-07-28;2026-07-29;2026-08-05;2026-08-06;2026-08-13;2026-08-14;2026-08-21;2026-08-22;2026-08-29;2026-08-30;2026-09-06;2026-09-15
795,37.745550537109374,38.493072509765625,10,2026-06-02;2026-06-03;2026-06-10;2026-06-11;2026-06-18;2026-06-19;2026-06-26;2026-06-27;2026-07-05;2026-07-12;2026-07-13;2026-07-20;2026-07-21;2026-07-28;2026-07-29;2026-08-05;2026-08-06;2026-08-13;2026-08-14;2026-08-21;2026-08-22;2026-08-29;2026-08-30;2026-09-06;2026-09-15
1102,41.4823558910473,42.64936828613281,37,2026-06-02;2026-06-03;2026-06-10;2026-06-11;2026-06-18;2026-06-19;2026-06-26;2026-06-27;2026-07-05;2026-07-12;2026-07-13;2026-07-20;2026-07-21;2026-07-28;2026-07-29;2026-08-05;2026-08-06;2026-08-13;2026-08-14;2026-08-21;2026-08-22;2026-08-29;2026-08-30;2026-09-06;2026-09-15
225,39.50226353236607,42.622039794921875,35,2026-06-02;2026-06-03;2026-06-10;2026-06-11;2026-06-18;2026-06-19;2026-06-26;2026-06-27;2026-07-05;2026-07-12;2026-07-13;2026-07-20;2026-07-21;2026-07-28;2026-07-29;2026-08-05;2026-08-06;2026-08-13;2026-08-14;2026-08-21;2026-08-22;2026-08-29;2026-08-30;2026-09-06;2026-09-15
701,36.64460797991072,37.93763732910156,35,2026-06-02;2026-06-03;2026-06-10;2026-06-11;2026-06-18;2026-06-19;2026-06-26;2026-06-27;2026-07-05;2026-07-12;2026-07-13;2026-07-20;2026-07-21;2026-07-28;2026-07-29;2026-08-05;2026-08-06;2026-08-13;2026-08-14;2026-08-21;2026-08-22;2026-08-29;2026-08-30;2026-09-06;2026-09-15
1221,42.94181780133928,46.217803955078125,35,2026-06-02;2026-06-03;2026-06-10;2026-06-11;2026-06-18;2026-06-19;2026-06-26;2026-06-27;2026-07-05;2026-07-12;2026-07-13;2026-07-20;2026-07-21;2026-07-28;2026-07-29;2026-08-05;2026-08-06;2026-08-13;2026-08-14;2026-08-21;2026-08-22;2026-08-29;2026-08-30;2026-09-06;2026-09-15
368,37.46176424893466,38.855377197265625,11,2026-06-02;2026-06-03;2026-06-10;2026-06-11;2026-06-18;2026-06-19;2026-06-26;2026-06-27;2026-07-05;2026-07-12;2026-07-13;2026-07-20;2026-07-21;2026-07-28;2026-07-29;2026-08-05;2026-08-06;2026-08-13;2026-08-14;2026-08-21;2026-08-22;2026-08-29;2026-08-30;2026-09-06;2026-09-15
322,36.204917907714844,38.571685791015625,32,2026-06-02;2026-06-03;2026-06-10;2026-06-11;2026-06-18;2026-06-19;2026-06-26;2026-06-27;2026-07-05;2026-07-12;2026-07-13;2026-07-20;2026-07-21;2026-07-28;2026-07-29;2026-08-05;2026-08-06;2026-08-13;2026-08-14;2026-08-21;2026-08-22;2026-08-29;2026-08-30;2026-09-06;2026-09-15
1274,42.9958065257353,45.441925048828125,34,2026-06-02;2026-06-03;2026-06-10;2026-06-11;2026-06-18;2026-06-19;2026-06-26;2026-06-27;2026-07-05;2026-07-12;2026-07-13;2026-07-20;2026-07-21;2026-07-28;2026-07-29;2026-08-05;2026-08-06;2026-08-13;2026-08-14;2026-08-21;2026-08-22;2026-08-29;2026-08-30;2026-09-06;2026-09-15
418,37.35059611002604,40.072174072265625,36,2026-06-02;2026-06-03;2026-06-10;2026-06-11;2026-06-18;2026-06-19;2026-06-26;2026-06-27;2026-07-05;2026-07-12;2026-07-13;2026-07-20;2026-07-21;2026-07-28;2026-07-29;2026-08-05;2026-08-06;2026-08-13;2026-08-14;2026-08-21;2026-08-22;2026-08-29;2026-08-30;2026-09-06;2026-09-15
56,39.02466517857143,40.031158447265625,35,2026-06-02;2026-06-03;2026-06-10;2026-06-11;2026-06-18;2026-06-19;2026-06-26;2026-06-27;2026-07-05;2026-07-12;2026-07-13;2026-07-20;2026-07-21;2026-07-28;2026-07-29;2026-08-05;2026-08-06;2026-08-13;2026-08-14;2026-08-21;2026-08-22;2026-08-29;2026-08-30;2026-09-06;2026-09-15
380,38.36646185980903,40.40032958984375,36,2026-06-02;2026-06-03;2026-06-10;2026-06-11;2026-06-18;2026-06-19;2026-06-26;2026-06-27;2026-07-05;2026-07-12;2026-07-13;2026-07-20;2026-07-21;2026-07-28;2026-07-29;2026-08-05;2026-08-06;2026-08-13;2026-08-14;2026-08-21;2026-08-22;2026-08-29;2026-08-30;2026-09-06;2026-09-15
819,30.82682146344866,32.09623718261719,14,2026-06-02;2026-06-03;2026-06-10;2026-06-11;2026-06-18;2026-06-19;2026-06-26;2026-06-27;2026-07-05;2026-07-12;2026-07-13;2026-07-20;2026-07-21;2026-07-28;2026-07-29;2026-08-05;2026-08-06;2026-08-13;2026-08-14;2026-08-21;2026-08-22;2026-08-29;2026-08-30;2026-09-06;2026-09-15
915,36.3052001953125,38.508453369140625,25,2026-06-02;2026-06-03;2026-06-10;2026-06-11;2026-06-18;2026-06-19;2026-06-26;2026-06-27;2026-07-05;2026-07-12;2026-07-13;2026-07-20;2026-07-21;2026-07-28;2026-07-29;2026-08-05;2026-08-06;2026-08-13;2026-08-14;2026-08-21;2026-08-22;2026-08-29;2026-08-30;2026-09-06;2026-09-15
437,,,0,2026-06-02;2026-06-03;2026-06-10;2026-06-11;2026-06-18;2026-06-19;2026-06-26;2026-06-27;2026-07-05;2026-07-12;2026-07-13;2026-07-20;2026-07-21;2026-07-28;2026-07-29;2026-08-05;2026-08-06;2026-08-13;2026-08-14;2026-08-21;2026-08-22;2026-08-29;2026-08-30;2026-09-06;2026-09-15
669,35.820260184151785,37.0985107421875,35,2026-06-02;2026-06-03;2026-06-10;2026-06-11;2026-06-18;2026-06-19;2026-06-26;2026-06-27;2026-07-05;2026-07-12;2026-07-13;2026-07-20;2026-07-21;2026-07-28;2026-07-29;2026-08-05;2026-08-06;2026-08-13;2026-08-14;2026-08-21;2026-08-22;2026-08-29;2026-08-30;2026-09-06;2026-09-15
1223,41.82798549107143,43.418426513671875,35,2026-06-02;2026-06-03;2026-06-10;2026-06-11;2026-06-18;2026-06-19;2026-06-26;2026-06-27;2026-07-05;2026-07-12;2026-07-13;2026-07-20;2026-07-21;2026-07-28;2026-07-29;2026-08-05;2026-08-06;2026-08-13;2026-08-14;2026-08-21;2026-08-22;2026-08-29;2026-08-30;2026-09-06;2026-09-15
538,36.209510803222656,37.22840881347656,32,2026-06-02;2026-06-03;2026-06-10;2026-06-11;2026-06-18;2026-06-19;2026-06-26;2026-06-27;2026-07-05;2026-07-12;2026-07-13;2026-07-20;2026-07-21;2026-07-28;2026-07-29;2026-08-05;2026-08-06;2026-08-13;2026-08-14;2026-08-21;2026-08-22;2026-08-29;2026-08-30;2026-09-06;2026-09-15
1033,32.88761160714286,39.214263916015625,35,2026-06-02;2026-06-03;2026-06-10;2026-06-11;2026-06-18;2026-06-19;2026-06-26;2026-06-27;2026-07-05;2026-07-12;2026-07-13;2026-07-20;2026-07-21;2026-07-28;2026-07-29;2026-08-05;2026-08-06;2026-08-13;2026-08-14;2026-08-21;2026-08-22;2026-08-29;2026-08-30;2026-09-06;2026-09-15
481,38.91919642857143,41.33345031738281,35,2026-06-02;2026-06-03;2026-06-10;2026-06-11;2026-06-18;2026-06-19;2026-06-26;2026-06-27;2026-07-05;2026-07-12;2026-07-13;2026-07-20;2026-07-21;2026-07-28;2026-07-29;2026-08-05;2026-08-06;2026-08-13;2026-08-14;2026-08-21;2026-08-22;2026-08-29;2026-08-30;2026-09-06;2026-09-15
823,35.32280815972222,39.075836181640625,36,2026-06-02;2026-06-03;2026-06-10;2026-06-11;2026-06-18;2026-06-19;2026-06-26;2026-06-27;2026-07-05;2026-07-12;2026-07-13;2026-07-20;2026-07-21;2026-07-28;2026-07-29;2026-08-05;2026-08-06;2026-08-13;2026-08-14;2026-08-21;2026-08-22;2026-08-29;2026-08-30;2026-09-06;2026-09-15
1326,38.291312081473215,39.820953369140625,35,2026-06-02;2026-06-03;2026-06-10;2026-06-11;2026-06-18;2026-06-19;2026-06-26;2026-06-27;2026-07-05;2026-07-12;2026-07-13;2026-07-20;2026-07-21;2026-07-28;2026-07-29;2026-08-05;2026-08-06;2026-08-13;2026-08-14;2026-08-21;2026-08-22;2026-08-29;2026-08-30;2026-09-06;2026-09-15
978,37.42455376519097,41.859832763671875,36,2026-06-02;2026-06-03;2026-06-10;2026-06-11;2026-06-18;2026-06-19;2026-06-26;2026-06-27;2026-07-05;2026-07-12;2026-07-13;2026-07-20;2026-07-21;2026-07-28;2026-07-29;2026-08-05;2026-08-06;2026-08-13;2026-08-14;2026-08-21;2026-08-22;2026-08-29;2026-08-30;2026-09-06;2026-09-15
1280,35.54758071899414,36.25425720214844,4,2026-06-02;2026-06-03;2026-06-10;2026-06-11;2026-06-18;2026-06-19;2026-06-26;2026-06-27;2026-07-05;2026-07-12;2026-07-13;2026-07-20;2026-07-21;2026-07-28;2026-07-29;2026-08-05;2026-08-06;2026-08-13;2026-08-14;2026-08-21;2026-08-22;2026-08-29;2026-08-30;2026-09-06;2026-09-15
1380,39.37516043526786,40.89935302734375,35,2026-06-02;2026-06-03;2026-06-10;2026-06-11;2026-06-18;2026-06-19;2026-06-26;2026-06-27;2026-07-05;2026-07-12;2026-07-13;2026-07-20;2026-07-21;2026-07-28;2026-07-29;2026-08-05;2026-08-06;2026-08-13;2026-08-14;2026-08-21;2026-08-22;2026-08-29;2026-08-30;2026-09-06;2026-09-15
1165,43.270064742476855,45.33253479003906,27,2026-06-02;2026-06-03;2026-06-10;2026-06-11;2026-06-18;2026-06-19;2026-06-26;2026-06-27;2026-07-05;2026-07-12;2026-07-13;2026-07-20;2026-07-21;2026-07-28;2026-07-29;2026-08-05;2026-08-06;2026-08-13;2026-08-14;2026-08-21;2026-08-22;2026-08-29;2026-08-30;2026-09-06;2026-09-15
122,37.67269112723214,41.06341552734375,35,2026-06-02;2026-06-03;2026-06-10;2026-06-11;2026-06-18;2026-06-19;2026-06-26;2026-06-27;2026-07-05;2026-07-12;2026-07-13;2026-07-20;2026-07-21;2026-07-28;2026-07-29;2026-08-05;2026-08-06;2026-08-13;2026-08-14;2026-08-21;2026-08-22;2026-08-29;2026-08-30;2026-09-06;2026-09-15
829,36.30838267008463,39.303131103515625,6,2026-06-02;2026-06-03;2026-06-10;2026-06-11;2026-06-18;2026-06-19;2026-06-26;2026-06-27;2026-07-05;2026-07-12;2026-07-13;2026-07-20;2026-07-21;2026-07-28;2026-07-29;2026-08-05;2026-08-06;2026-08-13;2026-08-14;2026-08-21;2026-08-22;2026-08-29;2026-08-30;2026-09-06;2026-09-15
1185,37.279469209558826,39.77140808105469,34,2026-06-02;2026-06-03;2026-06-10;2026-06-11;2026-06-18;2026-06-19;2026-06-26;2026-06-27;2026-07-05;2026-07-12;2026-07-13;2026-07-20;2026-07-21;2026-07-28;2026-07-29;2026-08-05;2026-08-06;2026-08-13;2026-08-14;2026-08-21;2026-08-22;2026-08-29;2026-08-30;2026-09-06;2026-09-15
379,38.04472351074219,40.51654052734375,32,2026-06-02;2026-06-03;2026-06-10;2026-06-11;2026-06-18;2026-06-19;2026-06-26;2026-06-27;2026-07-05;2026-07-12;2026-07-13;2026-07-20;2026-07-21;2026-07-28;2026-07-29;2026-08-05;2026-08-06;2026-08-13;2026-08-14;2026-08-21;2026-08-22;2026-08-29;2026-08-30;2026-09-06;2026-09-15
935,,,0,2026-06-02;2026-06-03;2026-06-10;2026-06-11;2026-06-18;2026-06-19;2026-06-26;2026-06-27;2026-07-05;2026-07-12;2026-07-13;2026-07-20;2026-07-21;2026-07-28;2026-07-29;2026-08-05;2026-08-06;2026-08-13;2026-08-14;2026-08-21;2026-08-22;2026-08-29;2026-08-30;2026-09-06;2026-09-15
447,35.39365931919643,39.38175964355469,35,2026-06-02;2026-06-03;2026-06-10;2026-06-11;2026-06-18;2026-06-19;2026-06-26;2026-06-27;2026-07-05;2026-07-12;2026-07-13;2026-07-20;2026-07-21;2026-07-28;2026-07-29;2026-08-05;2026-08-06;2026-08-13;2026-08-14;2026-08-21;2026-08-22;2026-08-29;2026-08-30;2026-09-06;2026-09-15
1493,42.084769112723215,44.90869140625,35,2026-06-02;2026-06-03;2026-06-10;2026-06-11;2026-06-18;2026-06-19;2026-06-26;2026-06-27;2026-07-05;2026-07-12;2026-07-13;2026-07-20;2026-07-21;2026-07-28;2026-07-29;2026-08-05;2026-08-06;2026-08-13;2026-08-14;2026-08-21;2026-08-22;2026-08-29;2026-08-30;2026-09-06;2026-09-15
143,37.51258002387153,40.41741943359375,36,2026-06-02;2026-06-03;2026-06-10;2026-06-11;2026-06-18;2026-06-19;2026-06-26;2026-06-27;2026-07-05;2026-07-12;2026-07-13;2026-07-20;2026-07-21;2026-07-28;2026-07-29;2026-08-05;2026-08-06;2026-08-13;2026-08-14;2026-08-21;2026-08-22;2026-08-29;2026-08-30;2026-09-06;2026-09-15
1239,35.48037109375,36.4798583984375,35,2026-06-02;2026-06-03;2026-06-10;2026-06-11;2026-06-18;2026-06-19;2026-06-26;2026-06-27;2026-07-05;2026-07-12;2026-07-13;2026-07-20;2026-07-21;2026-07-28;2026-07-29;2026-08-05;2026-08-06;2026-08-13;2026-08-14;2026-08-21;2026-08-22;2026-08-29;2026-08-30;2026-09-06;2026-09-15
529,37.39141845703125,40.76092529296875,36,2026-06-02;2026-06-03;2026-06-10;2026-06-11;2026-06-18;2026-06-19;2026-06-26;2026-06-27;2026-07-05;2026-07-12;2026-07-13;2026-07-20;2026-07-21;2026-07-28;2026-07-29;2026-08-05;2026-08-06;2026-08-13;2026-08-14;2026-08-21;2026-08-22;2026-08-29;2026-08-30;2026-09-06;2026-09-15
1022,33.48484933035714,35.29551696777344,35,2026-06-02;2026-06-03;2026-06-10;2026-06-11;2026-06-18;2026-06-19;2026-06-26;2026-06-27;2026-07-05;2026-07-12;2026-07-13;2026-07-20;2026-07-21;2026-07-28;2026-07-29;2026-08-05;2026-08-06;2026-08-13;2026-08-14;2026-08-21;2026-08-22;2026-08-29;2026-08-30;2026-09-06;2026-09-15
754,36.984058277027025,38.540924072265625,37,2026-06-02;2026-06-03;2026-06-10;2026-06-11;2026-06-18;2026-06-19;2026-06-26;2026-06-27;2026-07-05;2026-07-12;2026-07-13;2026-07-20;2026-07-21;2026-07-28;2026-07-29;2026-08-05;2026-08-06;2026-08-13;2026-08-14;2026-08-21;2026-08-22;2026-08-29;2026-08-30;2026-09-06;2026-09-15
1170,36.72893524169922,40.63958740234375,32,2026-06-02;2026-06-03;2026-06-10;2026-06-11;2026-06-18;2026-06-19;2026-06-26;2026-06-27;2026-07-05;2026-07-12;2026-07-13;2026-07-20;2026-07-21;2026-07-28;2026-07-29;2026-08-05;2026-08-06;2026-08-13;2026-08-14;2026-08-21;2026-08-22;2026-08-29;2026-08-30;2026-09-06;2026-09-15
516,30.327667236328125,31.503204345703125,7,2026-06-02;2026-06-03;2026-06-10;2026-06-11;2026-06-18;2026-06-19;2026-06-26;2026-06-27;2026-07-05;2026-07-12;2026-07-13;2026-07-20;2026-07-21;2026-07-28;2026-07-29;2026-08-05;2026-08-06;2026-08-13;2026-08-14;2026-08-21;2026-08-22;2026-08-29;2026-08-30;2026-09-06;2026-09-15
1176,37.71153428819444,42.751922607421875,36,2026-06-02;2026-06-03;2026-06-10;2026-06-11;2026-06-18;2026-06-19;2026-06-26;2026-06-27;2026-07-05;2026-07-12;2026-07-13;2026-07-20;2026-07-21;2026-07-28;2026-07-29;2026-08-05;2026-08-06;2026-08-13;2026-08-14;2026-08-21;2026-08-22;2026-08-29;2026-08-30;2026-09-06;2026-09-15
490,33.12038225446429,35.488616943359375,35,2026-06-02;2026-06-03;2026-06-10;2026-06-11;2026-06-18;2026-06-19;2026-06-26;2026-06-27;2026-07-05;2026-07-12;2026-07-13;2026-07-20;2026-07-21;2026-07-28;2026-07-29;2026-08-05;2026-08-06;2026-08-13;2026-08-14;2026-08-21;2026-08-22;2026-08-29;2026-08-30;2026-09-06;2026-09-15
1125,33.42970106336806,39.214263916015625,36,2026-06-02;2026-06-03;2026-06-10;2026-06-11;2026-06-18;2026-06-19;2026-06-26;2026-06-27;2026-07-05;2026-07-12;2026-07-13;2026-07-20;2026-07-21;2026-07-28;2026-07-29;2026-08-05;2026-08-06;2026-08-13;2026-08-14;2026-08-21;2026-08-22;2026-08-29;2026-08-30;2026-09-06;2026-09-15
984,40.96258544921875,43.18772888183594,36,2026-06-02;2026-06-03;2026-06-10;2026-06-11;2026-06-18;2026-06-19;2026-06-26;2026-06-27;2026-07-05;2026-07-12;2026-07-13;2026-07-20;2026-07-21;2026-07-28;2026-07-29;2026-08-05;2026-08-06;2026-08-13;2026-08-14;2026-08-21;2026-08-22;2026-08-29;2026-08-30;2026-09-06;2026-09-15
459,,,0,2026-06-02;2026-06-03;2026-06-10;2026-06-11;2026-06-18;2026-06-19;2026-06-26;2026-06-27;2026-07-05;2026-07-12;2026-07-13;2026-07-20;2026-07-21;2026-07-28;2026-07-29;2026-08-05;2026-08-06;2026-08-13;2026-08-14;2026-08-21;2026-08-22;2026-08-29;2026-08-30;2026-09-06;2026-09-15
722,39.995843010979726,41.726531982421875,37,2026-06-02;2026-06-03;2026-06-10;2026-06-11;2026-06-18;2026-06-19;2026-06-26;2026-06-27;2026-07-05;2026-07-12;2026-07-13;2026-07-20;2026-07-21;2026-07-28;2026-07-29;2026-08-05;2026-08-06;2026-08-13;2026-08-14;2026-08-21;2026-08-22;2026-08-29;2026-08-30;2026-09-06;2026-09-15
168,38.58017578125,40.80364990234375,35,2026-06-02;2026-06-03;2026-06-10;2026-06-11;2026-06-18;2026-06-19;2026-06-26;2026-06-27;2026-07-05;2026-07-12;2026-07-13;2026-07-20;2026-07-21;2026-07-28;2026-07-29;2026-08-05;2026-08-06;2026-08-13;2026-08-14;2026-08-21;2026-08-22;2026-08-29;2026-08-30;2026-09-06;2026-09-15
1019,40.01789899553572,43.18772888183594,35,2026-06-02;2026-06-03;2026-06-10;2026-06-11;2026-06-18;2026-06-19;2026-06-26;2026-06-27;2026-07-05;2026-07-12;2026-07-13;2026-07-20;2026-07-21;2026-07-28;2026-07-29;2026-08-05;2026-08-06;2026-08-13;2026-08-14;2026-08-21;2026-08-22;2026-08-29;2026-08-30;2026-09-06;2026-09-15
341,40.42034388950893,45.0830078125,35,2026-06-02;2026-06-03;2026-06-10;2026-06-11;2026-06-18;2026-06-19;2026-06-26;2026-06-27;2026-07-05;2026-07-12;2026-07-13;2026-07-20;2026-07-21;2026-07-28;2026-07-29;2026-08-05;2026-08-06;2026-08-13;2026-08-14;2026-08-21;2026-08-22;2026-08-29;2026-08-30;2026-09-06;2026-09-15
571,36.11852678571429,38.004302978515625,35,2026-06-02;2026-06-03;2026-06-10;2026-06-11;2026-06-18;2026-06-19;2026-06-26;2026-06-27;2026-07-05;2026-07-12;2026-07-13;2026-07-20;2026-07-21;2026-07-28;2026-07-29;2026-08-05;2026-08-06;2026-08-13;2026-08-14;2026-08-21;2026-08-22;2026-08-29;2026-08-30;2026-09-06;2026-09-15
662,37.42242431640625,38.891265869140625,36,2026-06-02;2026-06-03;2026-06-10;2026-06-11;2026-06-18;2026-06-19;2026-06-26;2026-06-27;2026-07-05;2026-07-12;2026-07-13;2026-07-20;2026-07-21;2026-07-28;2026-07-29;2026-08-05;2026-08-06;2026-08-13;2026-08-14;2026-08-21;2026-08-22;2026-08-29;2026-08-30;2026-09-06;2026-09-15
1629,43.1390380859375,44.862548828125,35,2026-06-02;2026-06-03;2026-06-10;2026-06-11;2026-06-18;2026-06-19;2026-06-26;2026-06-27;2026-07-05;2026-07-12;2026-07-13;2026-07-20;2026-07-21;2026-07-28;2026-07-29;2026-08-05;2026-08-06;2026-08-13;2026-08-14;2026-08-21;2026-08-22;2026-08-29;2026-08-30;2026-09-06;2026-09-15
175,44.00778290719697,46.709991455078125,33,2026-06-02;2026-06-03;2026-06-10;2026-06-11;2026-06-18;2026-06-19;2026-06-26;2026-06-27;2026-07-05;2026-07-12;2026-07-13;2026-07-20;2026-07-21;2026-07-28;2026-07-29;2026-08-05;2026-08-06;2026-08-13;2026-08-14;2026-08-21;2026-08-22;2026-08-29;2026-08-30;2026-09-06;2026-09-15
84,37.001617431640625,38.134185791015625,20,2026-06-02;2026-06-03;2026-06-10;2026-06-11;2026-06-18;2026-06-19;2026-06-26;2026-06-27;2026-07-05;2026-07-12;2026-07-13;2026-07-20;2026-07-21;2026-07-28;2026-07-29;2026-08-05;2026-08-06;2026-08-13;2026-08-14;2026-08-21;2026-08-22;2026-08-29;2026-08-30;2026-09-06;2026-09-15
326,38.14010081571691,40.079010009765625,34,2026-06-02;2026-06-03;2026-06-10;2026-06-11;2026-06-18;2026-06-19;2026-06-26;2026-06-27;2026-07-05;2026-07-12;2026-07-13;2026-07-20;2026-07-21;2026-07-28;2026-07-29;2026-08-05;2026-08-06;2026-08-13;2026-08-14;2026-08-21;2026-08-22;2026-08-29;2026-08-30;2026-09-06;2026-09-15
676,32.01768493652344,36.110687255859375,32,2026-06-02;2026-06-03;2026-06-10;2026-06-11;2026-06-18;2026-06-19;2026-06-26;2026-06-27;2026-07-05;2026-07-12;2026-07-13;2026-07-20;2026-07-21;2026-07-28;2026-07-29;2026-08-05;2026-08-06;2026-08-13;2026-08-14;2026-08-21;2026-08-22;2026-08-29;2026-08-30;2026-09-06;2026-09-15
204,38.69252137880068,41.19329833984375,37,2026-06-02;2026-06-03;2026-06-10;2026-06-11;2026-06-18;2026-06-19;2026-06-26;2026-06-27;2026-07-05;2026-07-12;2026-07-13;2026-07-20;2026-07-21;2026-07-28;2026-07-29;2026-08-05;2026-08-06;2026-08-13;2026-08-14;2026-08-21;2026-08-22;2026-08-29;2026-08-30;2026-09-06;2026-09-15
1118,37.280203683035715,40.64640808105469,35,2026-06-02;2026-06-03;2026-06-10;2026-06-11;2026-06-18;2026-06-19;2026-06-26;2026-06-27;2026-07-05;2026-07-12;2026-07-13;2026-07-20;2026-07-21;2026-07-28;2026-07-29;2026-08-05;2026-08-06;2026-08-13;2026-08-14;2026-08-21;2026-08-22;2026-08-29;2026-08-30;2026-09-06;2026-09-15
1146,41.88349609375,44.38916015625,35,2026-06-02;2026-06-03;2026-06-10;2026-06-11;2026-06-18;2026-06-19;2026-06-26;2026-06-27;2026-07-05;2026-07-12;2026-07-13;2026-07-20;2026-07-21;2026-07-28;2026-07-29;2026-08-05;2026-08-06;2026-08-13;2026-08-14;2026-08-21;2026-08-22;2026-08-29;2026-08-30;2026-09-06;2026-09-15
478,40.98661893956802,42.905731201171875,34,2026-06-02;2026-06-03;2026-06-10;2026-06-11;2026-06-18;2026-06-19;2026-06-26;2026-06-27;2026-07-05;2026-07-12;2026-07-13;2026-07-20;2026-07-21;2026-07-28;2026-07-29;2026-08-05;2026-08-06;2026-08-13;2026-08-14;2026-08-21;2026-08-22;2026-08-29;2026-08-30;2026-09-06;2026-09-15
760,38.67819393382353,39.870513916015625,34,2026-06-02;2026-06-03;2026-06-10;2026-06-11;2026-06-18;2026-06-19;2026-06-26;2026-06-27;2026-07-05;2026-07-12;2026-07-13;2026-07-20;2026-07-21;2026-07-28;2026-07-29;2026-08-05;2026-08-06;2026-08-13;2026-08-14;2026-08-21;2026-08-22;2026-08-29;2026-08-30;2026-09-06;2026-09-15
1402,42.680419921875,45.2197265625,37,2026-06-02;2026-06-03;2026-06-10;2026-06-11;2026-06-18;2026-06-19;2026-06-26;2026-06-27;2026-07-05;2026-07-12;2026-07-13;2026-07-20;2026-07-21;2026-07-28;2026-07-29;2026-08-05;2026-08-06;2026-08-13;2026-08-14;2026-08-21;2026-08-22;2026-08-29;2026-08-30;2026-09-06;2026-09-15
153,36.95015335083008,39.320220947265625,32,2026-06-02;2026-06-03;2026-06-10;2026-06-11;2026-06-18;2026-06-19;2026-06-26;2026-06-27;2026-07-05;2026-07-12;2026-07-13;2026-07-20;2026-07-21;2026-07-28;2026-07-29;2026-08-05;2026-08-06;2026-08-13;2026-08-14;2026-08-21;2026-08-22;2026-08-29;2026-08-30;2026-09-06;2026-09-15
198,42.62545596852022,44.73095703125,34,2026-06-02;2026-06-03;2026-06-10;2026-06-11;2026-06-18;2026-06-19;2026-06-26;2026-06-27;2026-07-05;2026-07-12;2026-07-13;2026-07-20;2026-07-21;2026-07-28;2026-07-29;2026-08-05;2026-08-06;2026-08-13;2026-08-14;2026-08-21;2026-08-22;2026-08-29;2026-08-30;2026-09-06;2026-09-15
245,45.669677734375,49.837493896484375,36,2026-06-02;2026-06-03;2026-06-10;2026-06-11;2026-06-18;2026-06-19;2026-06-26;2026-06-27;2026-07-05;2026-07-12;2026-07-13;2026-07-20;2026-07-21;2026-07-28;2026-07-29;2026-08-05;2026-08-06;2026-08-13;2026-08-14;2026-08-21;2026-08-22;2026-08-29;2026-08-30;2026-09-06;2026-09-15
1123,30.431863839285715,32.37823486328125,35,2026-06-02;2026-06-03;2026-06-10;2026-06-11;2026-06-18;2026-06-19;2026-06-26;2026-06-27;2026-07-05;2026-07-12;2026-07-13;2026-07-20;2026-07-21;2026-07-28;2026-07-29;2026-08-05;2026-08-06;2026-08-13;2026-08-14;2026-08-21;2026-08-22;2026-08-29;2026-08-30;2026-09-06;2026-09-15
1222,40.995448521205354,43.015106201171875,35,2026-06-02;2026-06-03;2026-06-10;2026-06-11;2026-06-18;2026-06-19;2026-06-26;2026-06-27;2026-07-05;2026-07-12;2026-07-13;2026-07-20;2026-07-21;2026-07-28;2026-07-29;2026-08-05;2026-08-06;2026-08-13;2026-08-14;2026-08-21;2026-08-22;2026-08-29;2026-08-30;2026-09-06;2026-09-15
1105,36.87200404575893,43.315887451171875,35,2026-06-02;2026-06-03;2026-06-10;2026-06-11;2026-06-18;2026-06-19;2026-06-26;2026-06-27;2026-07-05;2026-07-12;2026-07-13;2026-07-20;2026-07-21;2026-07-28;2026-07-29;2026-08-05;2026-08-06;2026-08-13;2026-08-14;2026-08-21;2026-08-22;2026-08-29;2026-08-30;2026-09-06;2026-09-15
115,39.87854942908654,42.290496826171875,13,2026-06-02;2026-06-03;2026-06-10;2026-06-11;2026-06-18;2026-06-19;2026-06-26;2026-06-27;2026-07-05;2026-07-12;2026-07-13;2026-07-20;2026-07-21;2026-07-28;2026-07-29;2026-08-05;2026-08-06;2026-08-13;2026-08-14;2026-08-21;2026-08-22;2026-08-29;2026-08-30;2026-09-06;2026-09-15
465,40.875090680803574,42.375946044921875,35,2026-06-02;2026-06-03;2026-06-10;2026-06-11;2026-06-18;2026-06-19;2026-06-26;2026-06-27;2026-07-05;2026-07-12;2026-07-13;2026-07-20;2026-07-21;2026-07-28;2026-07-29;2026-08-05;2026-08-06;2026-08-13;2026-08-14;2026-08-21;2026-08-22;2026-08-29;2026-08-30;2026-09-06;2026-09-15
312,39.66202290852865,40.75921630859375,6,2026-06-02;2026-06-03;2026-06-10;2026-06-11;2026-06-18;2026-06-19;2026-06-26;2026-06-27;2026-07-05;2026-07-12;2026-07-13;2026-07-20;2026-07-21;2026-07-28;2026-07-29;2026-08-05;2026-08-06;2026-08-13;2026-08-14;2026-08-21;2026-08-22;2026-08-29;2026-08-30;2026-09-06;2026-09-15
1428,38.708911792652025,41.02239990234375,37,2026-06-02;2026-06-03;2026-06-10;2026-06-11;2026-06-18;2026-06-19;2026-06-26;2026-06-27;2026-07-05;2026-07-12;2026-07-13;2026-07-20;2026-07-21;2026-07-28;2026-07-29;2026-08-05;2026-08-06;2026-08-13;2026-08-14;2026-08-21;2026-08-22;2026-08-29;2026-08-30;2026-09-06;2026-09-15
1617,34.320891462053574,36.4832763671875,35,2026-06-02;2026-06-03;2026-06-10;2026-06-11;2026-06-18;2026-06-19;2026-06-26;2026-06-27;2026-07-05;2026-07-12;2026-07-13;2026-07-20;2026-07-21;2026-07-28;2026-07-29;2026-08-05;2026-08-06;2026-08-13;2026-08-14;2026-08-21;2026-08-22;2026-08-29;2026-08-30;2026-09-06;2026-09-15
292,36.95930598332332,38.619537353515625,13,2026-06-02;2026-06-03;2026-06-10;2026-06-11;2026-06-18;2026-06-19;2026-06-26;2026-06-27;2026-07-05;2026-07-12;2026-07-13;2026-07-20;2026-07-21;2026-07-28;2026-07-29;2026-08-05;2026-08-06;2026-08-13;2026-08-14;2026-08-21;2026-08-22;2026-08-29;2026-08-30;2026-09-06;2026-09-15
484,37.148080008370535,37.997467041015625,7,2026-06-02;2026-06-03;2026-06-10;2026-06-11;2026-06-18;2026-06-19;2026-06-26;2026-06-27;2026-07-05;2026-07-12;2026-07-13;2026-07-20;2026-07-21;2026-07-28;2026-07-29;2026-08-05;2026-08-06;2026-08-13;2026-08-14;2026-08-21;2026-08-22;2026-08-29;2026-08-30;2026-09-06;2026-09-15
511,36.975730895996094,40.55072021484375,32,2026-06-02;2026-06-03;2026-06-10;2026-06-11;2026-06-18;2026-06-19;2026-06-26;2026-06-27;2026-07-05;2026-07-12;2026-07-13;2026-07-20;2026-07-21;2026-07-28;2026-07-29;2026-08-05;2026-08-06;2026-08-13;2026-08-14;2026-08-21;2026-08-22;2026-08-29;2026-08-30;2026-09-06;2026-09-15
25,40.42994181315104,40.83441162109375,3,2026-06-02;2026-06-03;2026-06-10;2026-06-11;2026-06-18;2026-06-19;2026-06-26;2026-06-27;2026-07-05;2026-07-12;2026-07-13;2026-07-20;2026-07-21;2026-07-28;2026-07-29;2026-08-05;2026-08-06;2026-08-13;2026-08-14;2026-08-21;2026-08-22;2026-08-29;2026-08-30;2026-09-06;2026-09-15
327,38.304781668526786,42.112762451171875,35,2026-06-02;2026-06-03;2026-06-10;2026-06-11;2026-06-18;2026-06-19;2026-06-26;2026-06-27;2026-07-05;2026-07-12;2026-07-13;2026-07-20;2026-07-21;2026-07-28;2026-07-29;2026-08-05;2026-08-06;2026-08-13;2026-08-14;2026-08-21;2026-08-22;2026-08-29;2026-08-30;2026-09-06;2026-09-15
158,,,0,2026-06-02;2026-06-03;2026-06-10;2026-06-11;2026-06-18;2026-06-19;2026-06-26;2026-06-27;2026-07-05;2026-07-12;2026-07-13;2026-07-20;2026-07-21;2026-07-28;2026-07-29;2026-08-05;2026-08-06;2026-08-13;2026-08-14;2026-08-21;2026-08-22;2026-08-29;2026-08-30;2026-09-06;2026-09-15
1069,37.95002746582031,39.395416259765625,32,2026-06-02;2026-06-03;2026-06-10;2026-06-11;2026-06-18;2026-06-19;2026-06-26;2026-06-27;2026-07-05;2026-07-12;2026-07-13;2026-07-20;2026-07-21;2026-07-28;2026-07-29;2026-08-05;2026-08-06;2026-08-13;2026-08-14;2026-08-21;2026-08-22;2026-08-29;2026-08-30;2026-09-06;2026-09-15
205,37.576266043526786,39.027984619140625,35,2026-06-02;2026-06-03;2026-06-10;2026-06-11;2026-06-18;2026-06-19;2026-06-26;2026-06-27;2026-07-05;2026-07-12;2026-07-13;2026-07-20;2026-07-21;2026-07-28;2026-07-29;2026-08-05;2026-08-06;2026-08-13;2026-08-14;2026-08-21;2026-08-22;2026-08-29;2026-08-30;2026-09-06;2026-09-15
679,39.02451869419643,39.836334228515625,35,2026-06-02;2026-06-03;2026-06-10;2026-06-11;2026-06-18;2026-06-19;2026-06-26;2026-06-27;2026-07-05;2026-07-12;2026-07-13;2026-07-20;2026-07-21;2026-07-28;2026-07-29;2026-08-05;2026-08-06;2026-08-13;2026-08-14;2026-08-21;2026-08-22;2026-08-29;2026-08-30;2026-09-06;2026-09-15
446,38.71212230009191,41.16766357421875,34,2026-06-02;2026-06-03;2026-06-10;2026-06-11;2026-06-18;2026-06-19;2026-06-26;2026-06-27;2026-07-05;2026-07-12;2026-07-13;2026-07-20;2026-07-21;2026-07-28;2026-07-29;2026-08-05;2026-08-06;2026-08-13;2026-08-14;2026-08-21;2026-08-22;2026-08-29;2026-08-30;2026-09-06;2026-09-15
1042,39.07898279138514,43.122772216796875,37,2026-06-02;2026-06-03;2026-06-10;2026-06-11;2026-06-18;2026-06-19;2026-06-26;2026-06-27;2026-07-05;2026-07-12;2026-07-13;2026-07-20;2026-07-21;2026-07-28;2026-07-29;2026-08-05;2026-08-06;2026-08-13;2026-08-14;2026-08-21;2026-08-22;2026-08-29;2026-08-30;2026-09-06;2026-09-15
912,41.282796223958336,42.871551513671875,36,2026-06-02;2026-06-03;2026-06-10;2026-06-11;2026-06-18;2026-06-19;2026-06-26;2026-06-27;2026-07-05;2026-07-12;2026-07-13;2026-07-20;2026-07-21;2026-07-28;2026-07-29;2026-08-05;2026-08-06;2026-08-13;2026-08-14;2026-08-21;2026-08-22;2026-08-29;2026-08-30;2026-09-06;2026-09-15
1624,34.10155487060547,36.124359130859375,32,2026-06-02;2026-06-03;2026-06-10;2026-06-11;2026-06-18;2026-06-19;2026-06-26;2026-06-27;2026-07-05;2026-07-12;2026-07-13;2026-07-20;2026-07-21;2026-07-28;2026-07-29;2026-08-05;2026-08-06;2026-08-13;2026-08-14;2026-08-21;2026-08-22;2026-08-29;2026-08-30;2026-09-06;2026-09-15
139,38.730897645692565,39.98674011230469,37,2026-06-02;2026-06-03;2026-06-10;2026-06-11;2026-06-18;2026-06-19;2026-06-26;2026-06-27;2026-07-05;2026-07-12;2026-07-13;2026-07-20;2026-07-21;2026-07-28;2026-07-29;2026-08-05;2026-08-06;2026-08-13;2026-08-14;2026-08-21;2026-08-22;2026-08-29;2026-08-30;2026-09-06;2026-09-15
1396,36.472262912326386,41.671844482421875,18,2026-06-02;2026-06-03;2026-06-10;2026-06-11;2026-06-18;2026-06-19;2026-06-26;2026-06-27;2026-07-05;2026-07-12;2026-07-13;2026-07-20;2026-07-21;2026-07-28;2026-07-29;2026-08-05;2026-08-06;2026-08-13;2026-08-14;2026-08-21;2026-08-22;2026-08-29;2026-08-30;2026-09-06;2026-09-15
830,,,0,2026-06-02;2026-06-03;2026-06-10;2026-06-11;2026-06-18;2026-06-19;2026-06-26;2026-06-27;2026-07-05;2026-07-12;2026-07-13;2026-07-20;2026-07-21;2026-07-28;2026-07-29;2026-08-05;2026-08-06;2026-08-13;2026-08-14;2026-08-21;2026-08-22;2026-08-29;2026-08-30;2026-09-06;2026-09-15
981,33.59739815848214,35.29551696777344,35,2026-06-02;2026-06-03;2026-06-10;2026-06-11;2026-06-18;2026-06-19;2026-06-26;2026-06-27;2026-07-05;2026-07-12;2026-07-13;2026-07-20;2026-07-21;2026-07-28;2026-07-29;2026-08-05;2026-08-06;2026-08-13;2026-08-14;2026-08-21;2026-08-22;2026-08-29;2026-08-30;2026-09-06;2026-09-15
972,37.96781529017857,43.288543701171875,35,2026-06-02;2026-06-03;2026-06-10;2026-06-11;2026-06-18;2026-06-19;2026-06-26;2026-06-27;2026-07-05;2026-07-12;2026-07-13;2026-07-20;2026-07-21;2026-07-28;2026-07-29;2026-08-05;2026-08-06;2026-08-13;2026-08-14;2026-08-21;2026-08-22;2026-08-29;2026-08-30;2026-09-06;2026-09-15
1287,33.961143493652344,37.4693603515625,32,2026-06-02;2026-06-03;2026-06-10;2026-06-11;2026-06-18;2026-06-19;2026-06-26;2026-06-27;2026-07-05;2026-07-12;2026-07-13;2026-07-20;2026-07-21;2026-07-28;2026-07-29;2026-08-05;2026-08-06;2026-08-13;2026-08-14;2026-08-21;2026-08-22;2026-08-29;2026-08-30;2026-09-06;2026-09-15
407,38.91538434709821,40.54216003417969,35,2026-06-02;2026-06-03;2026-06-10;2026-06-11;2026-06-18;2026-06-19;2026-06-26;2026-06-27;2026-07-05;2026-07-12;2026-07-13;2026-07-20;2026-07-21;2026-07-28;2026-07-29;2026-08-05;2026-08-06;2026-08-13;2026-08-14;2026-08-21;2026-08-22;2026-08-29;2026-08-30;2026-09-06;2026-09-15
546,45.22419569227431,47.198760986328125,36,2026-06-02;2026-06-03;2026-06-10;2026-06-11;2026-06-18;2026-06-19;2026-06-26;2026-06-27;2026-07-05;2026-07-12;2026-07-13;2026-07-20;2026-07-21;2026-07-28;2026-07-29;2026-08-05;2026-08-06;2026-08-13;2026-08-14;2026-08-21;2026-08-22;2026-08-29;2026-08-30;2026-09-06;2026-09-15
435,36.032706124441965,37.966705322265625,28,2026-06-02;2026-06-03;2026-06-10;2026-06-11;2026-06-18;2026-06-19;2026-06-26;2026-06-27;2026-07-05;2026-07-12;2026-07-13;2026-07-20;2026-07-21;2026-07-28;2026-07-29;2026-08-05;2026-08-06;2026-08-13;2026-08-14;2026-08-21;2026-08-22;2026-08-29;2026-08-30;2026-09-06;2026-09-15
1268,40.10019003378378,42.382781982421875,37,2026-06-02;2026-06-03;2026-06-10;2026-06-11;2026-06-18;2026-06-19;2026-06-26;2026-06-27;2026-07-05;2026-07-12;2026-07-13;2026-07-20;2026-07-21;2026-07-28;2026-07-29;2026-08-05;2026-08-06;2026-08-13;2026-08-14;2026-08-21;2026-08-22;2026-08-29;2026-08-30;2026-09-06;2026-09-15
1305,45.226053873697914,47.574737548828125,36,2026-06-02;2026-06-03;2026-06-10;2026-06-11;2026-06-18;2026-06-19;2026-06-26;2026-06-27;2026-07-05;2026-07-12;2026-07-13;2026-07-20;2026-07-21;2026-07-28;2026-07-29;2026-08-05;2026-08-06;2026-08-13;2026-08-14;2026-08-21;2026-08-22;2026-08-29;2026-08-30;2026-09-06;2026-09-15
1020,36.78615373883929,40.37640380859375,35,2026-06-02;2026-06-03;2026-06-10;2026-06-11;2026-06-18;2026-06-19;2026-06-26;2026-06-27;2026-07-05;2026-07-12;2026-07-13;2026-07-20;2026-07-21;2026-07-28;2026-07-29;2026-08-05;2026-08-06;2026-08-13;2026-08-14;2026-08-21;2026-08-22;2026-08-29;2026-08-30;2026-09-06;2026-09-15
163,34.379192483836206,36.6610107421875,29,2026-06-02;2026-06-03;2026-06-10;2026-06-11;2026-06-18;2026-06-19;2026-06-26;2026-06-27;2026-07-05;2026-07-12;2026-07-13;2026-07-20;2026-07-21;2026-07-28;2026-07-29;2026-08-05;2026-08-06;2026-08-13;2026-08-14;2026-08-21;2026-08-22;2026-08-29;2026-08-30;2026-09-06;2026-09-15
457,,,0,2026-06-02;2026-06-03;2026-06-10;2026-06-11;2026-06-18;2026-06-19;2026-06-26;2026-06-27;2026-07-05;2026-07-12;2026-07-13;2026-07-20;2026-07-21;2026-07-28;2026-07-29;2026-08-05;2026-08-06;2026-08-13;2026-08-14;2026-08-21;2026-08-22;2026-08-29;2026-08-30;2026-09-06;2026-09-15
1004,36.128440856933594,41.05828857421875,32,2026-06-02;2026-06-03;2026-06-10;2026-06-11;2026-06-18;2026-06-19;2026-06-26;2026-06-27;2026-07-05;2026-07-12;2026-07-13;2026-07-20;2026-07-21;2026-07-28;2026-07-29;2026-08-05;2026-08-06;2026-08-13;2026-08-14;2026-08-21;2026-08-22;2026-08-29;2026-08-30;2026-09-06;2026-09-15
1048,33.16987609863281,36.13804626464844,32,2026-06-02;2026-06-03;2026-06-10;2026-06-11;2026-06-18;2026-06-19;2026-06-26;2026-06-27;2026-07-05;2026-07-12;2026-07-13;2026-07-20;2026-07-21;2026-07-28;2026-07-29;2026-08-05;2026-08-06;2026-08-13;2026-08-14;2026-08-21;2026-08-22;2026-08-29;2026-08-30;2026-09-06;2026-09-15
1619,34.69603794642857,37.351470947265625,35,2026-06-02;2026-06-03;2026-06-10;2026-06-11;2026-06-18;2026-06-19;2026-06-26;2026-06-27;2026-07-05;2026-07-12;2026-07-13;2026-07-20;2026-07-21;2026-07-28;2026-07-29;2026-08-05;2026-08-06;2026-08-13;2026-08-14;2026-08-21;2026-08-22;2026-08-29;2026-08-30;2026-09-06;2026-09-15
1628,38.102989196777344,39.679107666015625,32,2026-06-02;2026-06-03;2026-06-10;2026-06-11;2026-06-18;2026-06-19;2026-06-26;2026-06-27;2026-07-05;2026-07-12;2026-07-13;2026-07-20;2026-07-21;2026-07-28;2026-07-29;2026-08-05;2026-08-06;2026-08-13;2026-08-14;2026-08-21;2026-08-22;2026-08-29;2026-08-30;2026-09-06;2026-09-15
18,36.825714111328125,39.135650634765625,32,2026-06-02;2026-06-03;2026-06-10;2026-06-11;2026-06-18;2026-06-19;2026-06-26;2026-06-27;2026-07-05;2026-07-12;2026-07-13;2026-07-20;2026-07-21;2026-07-28;2026-07-29;2026-08-05;2026-08-06;2026-08-13;2026-08-14;2026-08-21;2026-08-22;2026-08-29;2026-08-30;2026-09-06;2026-09-15
568,37.39076143152573,39.911529541015625,34,2026-06-02;2026-06-03;2026-06-10;2026-06-11;2026-06-18;2026-06-19;2026-06-26;2026-06-27;2026-07-05;2026-07-12;2026-07-13;2026-07-20;2026-07-21;2026-07-28;2026-07-29;2026-08-05;2026-08-06;2026-08-13;2026-08-14;2026-08-21;2026-08-22;2026-08-29;2026-08-30;2026-09-06;2026-09-15
23,38.942402607685814,41.945281982421875,37,2026-06-02;2026-06-03;2026-06-10;2026-06-11;2026-06-18;2026-06-19;2026-06-26;2026-06-27;2026-07-05;2026-07-12;2026-07-13;2026-07-20;2026-07-21;2026-07-28;2026-07-29;2026-08-05;2026-08-06;2026-08-13;2026-08-14;2026-08-21;2026-08-22;2026-08-29;2026-08-30;2026-09-06;2026-09-15
1186,36.38099670410156,39.14933776855469,32,2026-06-02;2026-06-03;2026-06-10;2026-06-11;2026-06-18;2026-06-19;2026-06-26;2026-06-27;2026-07-05;2026-07-12;2026-07-13;2026-07-20;2026-07-21;2026-07-28;2026-07-29;2026-08-05;2026-08-06;2026-08-13;2026-08-14;2026-08-21;2026-08-22;2026-08-29;2026-08-30;2026-09-06;2026-09-15
199,42.41888427734375,43.797821044921875,32,2026-06-02;2026-06-03;2026-06-10;2026-06-11;2026-06-18;2026-06-19;2026-06-26;2026-06-27;2026-07-05;2026-07-12;2026-07-13;2026-07-20;2026-07-21;2026-07-28;2026-07-29;2026-08-05;2026-08-06;2026-08-13;2026-08-14;2026-08-21;2026-08-22;2026-08-29;2026-08-30;2026-09-06;2026-09-15
1097,44.42370275548986,45.29833984375,37,2026-06-02;2026-06-03;2026-06-10;2026-06-11;2026-06-18;2026-06-19;2026-06-26;2026-06-27;2026-07-05;2026-07-12;2026-07-13;2026-07-20;2026-07-21;2026-07-28;2026-07-29;2026-08-05;2026-08-06;2026-08-13;2026-08-14;2026-08-21;2026-08-22;2026-08-29;2026-08-30;2026-09-06;2026-09-15
1014,41.657684326171875,43.008270263671875,36,2026-06-02;2026-06-03;2026-06-10;2026-06-11;2026-06-18;2026-06-19;2026-06-26;2026-06-27;2026-07-05;2026-07-12;2026-07-13;2026-07-20;2026-07-21;2026-07-28;2026-07-29;2026-08-05;2026-08-06;2026-08-13;2026-08-14;2026-08-21;2026-08-22;2026-08-29;2026-08-30;2026-09-06;2026-09-15
995,40.06028366088867,42.468231201171875,32,2026-06-02;2026-06-03;2026-06-10;2026-06-11;2026-06-18;2026-06-19;2026-06-26;2026-06-27;2026-07-05;2026-07-12;2026-07-13;2026-07-20;2026-07-21;2026-07-28;2026-07-29;2026-08-05;2026-08-06;2026-08-13;2026-08-14;2026-08-21;2026-08-22;2026-08-29;2026-08-30;2026-09-06;2026-09-15
1180,43.055641174316406,48.172882080078125,32,2026-06-02;2026-06-03;2026-06-10;2026-06-11;2026-06-18;2026-06-19;2026-06-26;2026-06-27;2026-07-05;2026-07-12;2026-07-13;2026-07-20;2026-07-21;2026-07-28;2026-07-29;2026-08-05;2026-08-06;2026-08-13;2026-08-14;2026-08-21;2026-08-22;2026-08-29;2026-08-30;2026-09-06;2026-09-15
1593,39.993724149816174,42.594696044921875,34,2026-06-02;2026-06-03;2026-06-10;2026-06-11;2026-06-18;2026-06-19;2026-06-26;2026-06-27;2026-07-05;2026-07-12;2026-07-13;2026-07-20;2026-07-21;2026-07-28;2026-07-29;2026-08-05;2026-08-06;2026-08-13;2026-08-14;2026-08-21;2026-08-22;2026-08-29;2026-08-30;2026-09-06;2026-09-15
1468,38.207665337456596,40.42767333984375,36,2026-06-02;2026-06-03;2026-06-10;2026-06-11;2026-06-18;2026-06-19;2026-06-26;2026-06-27;2026-07-05;2026-07-12;2026-07-13;2026-07-20;2026-07-21;2026-07-28;2026-07-29;2026-08-05;2026-08-06;2026-08-13;2026-08-14;2026-08-21;2026-08-22;2026-08-29;2026-08-30;2026-09-06;2026-09-15
293,,,0,2026-06-02;2026-06-03;2026-06-10;2026-06-11;2026-06-18;2026-06-19;2026-06-26;2026-06-27;2026-07-05;2026-07-12;2026-07-13;2026-07-20;2026-07-21;2026-07-28;2026-07-29;2026-08-05;2026-08-06;2026-08-13;2026-08-14;2026-08-21;2026-08-22;2026-08-29;2026-08-30;2026-09-06;2026-09-15
750,38.5136833190918,41.31636047363281,32,2026-06-02;2026-06-03;2026-06-10;2026-06-11;2026-06-18;2026-06-19;2026-06-26;2026-06-27;2026-07-05;2026-07-12;2026-07-13;2026-07-20;2026-07-21;2026-07-28;2026-07-29;2026-08-05;2026-08-06;2026-08-13;2026-08-14;2026-08-21;2026-08-22;2026-08-29;2026-08-30;2026-09-06;2026-09-15
1481,36.122032165527344,39.894439697265625,32,2026-06-02;2026-06-03;2026-06-10;2026-06-11;2026-06-18;2026-06-19;2026-06-26;2026-06-27;2026-07-05;2026-07-12;2026-07-13;2026-07-20;2026-07-21;2026-07-28;2026-07-29;2026-08-05;2026-08-06;2026-08-13;2026-08-14;2026-08-21;2026-08-22;2026-08-29;2026-08-30;2026-09-06;2026-09-15
588,34.01629813058036,35.6373291015625,35,2026-06-02;2026-06-03;2026-06-10;2026-06-11;2026-06-18;2026-06-19;2026-06-26;2026-06-27;2026-07-05;2026-07-12;2026-07-13;2026-07-20;2026-07-21;2026-07-28;2026-07-29;2026-08-05;2026-08-06;2026-08-13;2026-08-14;2026-08-21;2026-08-22;2026-08-29;2026-08-30;2026-09-06;2026-09-15
1595,35.42534722222222,40.55584716796875,36,2026-06-02;2026-06-03;2026-06-10;2026-06-11;2026-06-18;2026-06-19;2026-06-26;2026-06-27;2026-07-05;2026-07-12;2026-07-13;2026-07-20;2026-07-21;2026-07-28;2026-07-29;2026-08-05;2026-08-06;2026-08-13;2026-08-14;2026-08-21;2026-08-22;2026-08-29;2026-08-30;2026-09-06;2026-09-15
1066,37.95611233181424,40.28239440917969,36,2026-06-02;2026-06-03;2026-06-10;2026-06-11;2026-06-18;2026-06-19;2026-06-26;2026-06-27;2026-07-05;2026-07-12;2026-07-13;2026-07-20;2026-07-21;2026-07-28;2026-07-29;2026-08-05;2026-08-06;2026-08-13;2026-08-14;2026-08-21;2026-08-22;2026-08-29;2026-08-30;2026-09-06;2026-09-15
700,38.26812569754464,39.72355651855469,35,2026-06-02;2026-06-03;2026-06-10;2026-06-11;2026-06-18;2026-06-19;2026-06-26;2026-06-27;2026-07-05;2026-07-12;2026-07-13;2026-07-20;2026-07-21;2026-07-28;2026-07-29;2026-08-05;2026-08-06;2026-08-13;2026-08-14;2026-08-21;2026-08-22;2026-08-29;2026-08-30;2026-09-06;2026-09-15
362,39.66856515066964,40.64642333984375,35,2026-06-02;2026-06-03;2026-06-10;2026-06-11;2026-06-18;2026-06-19;2026-06-26;2026-06-27;2026-07-05;2026-07-12;2026-07-13;2026-07-20;2026-07-21;2026-07-28;2026-07-29;2026-08-05;2026-08-06;2026-08-13;2026-08-14;2026-08-21;2026-08-22;2026-08-29;2026-08-30;2026-09-06;2026-09-15
1594,38.33905388327206,42.579315185546875,34,2026-06-02;2026-06-03;2026-06-10;2026-06-11;2026-06-18;2026-06-19;2026-06-26;2026-06-27;2026-07-05;2026-07-12;2026-07-13;2026-07-20;2026-07-21;2026-07-28;2026-07-29;2026-08-05;2026-08-06;2026-08-13;2026-08-14;2026-08-21;2026-08-22;2026-08-29;2026-08-30;2026-09-06;2026-09-15
539,35.00498046875,37.460845947265625,35,2026-06-02;2026-06-03;2026-06-10;2026-06-11;2026-06-18;2026-06-19;2026-06-26;2026-06-27;2026-07-05;2026-07-12;2026-07-13;2026-07-20;2026-07-21;2026-07-28;2026-07-29;2026-08-05;2026-08-06;2026-08-13;2026-08-14;2026-08-21;2026-08-22;2026-08-29;2026-08-30;2026-09-06;2026-09-15
1117,40.46008639865451,43.122772216796875,36,2026-06-02;2026-06-03;2026-06-10;2026-06-11;2026-06-18;2026-06-19;2026-06-26;2026-06-27;2026-07-05;2026-07-12;2026-07-13;2026-07-20;2026-07-21;2026-07-28;2026-07-29;2026-08-05;2026-08-06;2026-08-13;2026-08-14;2026-08-21;2026-08-22;2026-08-29;2026-08-30;2026-09-06;2026-09-15
1503,37.626655129825366,38.781890869140625,34,2026-06-02;2026-06-03;2026-06-10;2026-06-11;2026-06-18;2026-06-19;2026-06-26;2026-06-27;2026-07-05;2026-07-12;2026-07-13;2026-07-20;2026-07-21;2026-07-28;2026-07-29;2026-08-05;2026-08-06;2026-08-13;2026-08-14;2026-08-21;2026-08-22;2026-08-29;2026-08-30;2026-09-06;2026-09-15
103,35.041939871651785,39.347564697265625,35,2026-06-02;2026-06-03;2026-06-10;2026-06-11;2026-06-18;2026-06-19;2026-06-26;2026-06-27;2026-07-05;2026-07-12;2026-07-13;2026-07-20;2026-07-21;2026-07-28;2026-07-29;2026-08-05;2026-08-06;2026-08-13;2026-08-14;2026-08-21;2026-08-22;2026-08-29;2026-08-30;2026-09-06;2026-09-15
1094,41.984110514322914,43.517547607421875,36,2026-06-02;2026-06-03;2026-06-10;2026-06-11;2026-06-18;2026-06-19;2026-06-26;2026-06-27;2026-07-05;2026-07-12;2026-07-13;2026-07-20;2026-07-21;2026-07-28;2026-07-29;2026-08-05;2026-08-06;2026-08-13;2026-08-14;2026-08-21;2026-08-22;2026-08-29;2026-08-30;2026-09-06;2026-09-15
512,39.40357840401786,41.37446594238281,35,2026-06-02;2026-06-03;2026-06-10;2026-06-11;2026-06-18;2026-06-19;2026-06-26;2026-06-27;2026-07-05;2026-07-12;2026-07-13;2026-07-20;2026-07-21;2026-07-28;2026-07-29;2026-08-05;2026-08-06;2026-08-13;2026-08-14;2026-08-21;2026-08-22;2026-08-29;2026-08-30;2026-09-06;2026-09-15
1320,46.689660974451016,48.340362548828125,37,2026-06-02;2026-06-03;2026-06-10;2026-06-11;2026-06-18;2026-06-19;2026-06-26;2026-06-27;2026-07-05;2026-07-12;2026-07-13;2026-07-20;2026-07-21;2026-07-28;2026-07-29;2026-08-05;2026-08-06;2026-08-13;2026-08-14;2026-08-21;2026-08-22;2026-08-29;2026-08-30;2026-09-06;2026-09-15
763,38.578759087456596,42.11787414550781,36,2026-06-02;2026-06-03;2026-06-10;2026-06-11;2026-06-18;2026-06-19;2026-06-26;2026-06-27;2026-07-05;2026-07-12;2026-07-13;2026-07-20;2026-07-21;2026-07-28;2026-07-29;2026-08-05;2026-08-06;2026-08-13;2026-08-14;2026-08-21;2026-08-22;2026-08-29;2026-08-30;2026-09-06;2026-09-15
637,38.66890345982143,40.83612060546875,35,2026-06-02;2026-06-03;2026-06-10;2026-06-11;2026-06-18;2026-06-19;2026-06-26;2026-06-27;2026-07-05;2026-07-12;2026-07-13;2026-07-20;2026-07-21;2026-07-28;2026-07-29;2026-08-05;2026-08-06;2026-08-13;2026-08-14;2026-08-21;2026-08-22;2026-08-29;2026-08-30;2026-09-06;2026-09-15
278,40.370532886402025,42.782684326171875,37,2026-06-02;2026-06-03;2026-06-10;2026-06-11;2026-06-18;2026-06-19;2026-06-26;2026-06-27;2026-07-05;2026-07-12;2026-07-13;2026-07-20;2026-07-21;2026-07-28;2026-07-29;2026-08-05;2026-08-06;2026-08-13;2026-08-14;2026-08-21;2026-08-22;2026-08-29;2026-08-30;2026-09-06;2026-09-15
297,38.323018391927086,40.77630615234375,36,2026-06-02;2026-06-03;2026-06-10;2026-06-11;2026-06-18;2026-06-19;2026-06-26;2026-06-27;2026-07-05;2026-07-12;2026-07-13;2026-07-20;2026-07-21;2026-07-28;2026-07-29;2026-08-05;2026-08-06;2026-08-13;2026-08-14;2026-08-21;2026-08-22;2026-08-29;2026-08-30;2026-09-06;2026-09-15
520,37.00177001953125,38.725494384765625,36,2026-06-02;2026-06-03;2026-06-10;2026-06-11;2026-06-18;2026-06-19;2026-06-26;2026-06-27;2026-07-05;2026-07-12;2026-07-13;2026-07-20;2026-07-21;2026-07-28;2026-07-29;2026-08-05;2026-08-06;2026-08-13;2026-08-14;2026-08-21;2026-08-22;2026-08-29;2026-08-30;2026-09-06;2026-09-15
464,39.44679129464286,43.486785888671875,35,2026-06-02;2026-06-03;2026-06-10;2026-06-11;2026-06-18;2026-06-19;2026-06-26;2026-06-27;2026-07-05;2026-07-12;2026-07-13;2026-07-20;2026-07-21;2026-07-28;2026-07-29;2026-08-05;2026-08-06;2026-08-13;2026-08-14;2026-08-21;2026-08-22;2026-08-29;2026-08-30;2026-09-06;2026-09-15
1093,41.417439778645836,42.751922607421875,33,2026-06-02;2026-06-03;2026-06-10;2026-06-11;2026-06-18;2026-06-19;2026-06-26;2026-06-27;2026-07-05;2026-07-12;2026-07-13;2026-07-20;2026-07-21;2026-07-28;2026-07-29;2026-08-05;2026-08-06;2026-08-13;2026-08-14;2026-08-21;2026-08-22;2026-08-29;2026-08-30;2026-09-06;2026-09-15
570,37.18059624565972,39.422760009765625,36,2026-06-02;2026-06-03;2026-06-10;2026-06-11;2026-06-18;2026-06-19;2026-06-26;2026-06-27;2026-07-05;2026-07-12;2026-07-13;2026-07-20;2026-07-21;2026-07-28;2026-07-29;2026-08-05;2026-08-06;2026-08-13;2026-08-14;2026-08-21;2026-08-22;2026-08-29;2026-08-30;2026-09-06;2026-09-15
1235,38.72136094835069,42.839080810546875,36,2026-06-02;2026-06-03;2026-06-10;2026-06-11;2026-06-18;2026-06-19;2026-06-26;2026-06-27;2026-07-05;2026-07-12;2026-07-13;2026-07-20;2026-07-21;2026-07-28;2026-07-29;2026-08-05;2026-08-06;2026-08-13;2026-08-14;2026-08-21;2026-08-22;2026-08-29;2026-08-30;2026-09-06;2026-09-15
554,38.13173828125,40.39006042480469,35,2026-06-02;2026-06-03;2026-06-10;2026-06-11;2026-06-18;2026-06-19;2026-06-26;2026-06-27;2026-07-05;2026-07-12;2026-07-13;2026-07-20;2026-07-21;2026-07-28;2026-07-29;2026-08-05;2026-08-06;2026-08-13;2026-08-14;2026-08-21;2026-08-22;2026-08-29;2026-08-30;2026-09-06;2026-09-15
677,34.85595005580357,36.17051696777344,35,2026-06-02;2026-06-03;2026-06-10;2026-06-11;2026-06-18;2026-06-19;2026-06-26;2026-06-27;2026-07-05;2026-07-12;2026-07-13;2026-07-20;2026-07-21;2026-07-28;2026-07-29;2026-08-05;2026-08-06;2026-08-13;2026-08-14;2026-08-21;2026-08-22;2026-08-29;2026-08-30;2026-09-06;2026-09-15
710,38.458203125,40.37298583984375,35,2026-06-02;2026-06-03;2026-06-10;2026-06-11;2026-06-18;2026-06-19;2026-06-26;2026-06-27;2026-07-05;2026-07-12;2026-07-13;2026-07-20;2026-07-21;2026-07-28;2026-07-29;2026-08-05;2026-08-06;2026-08-13;2026-08-14;2026-08-21;2026-08-22;2026-08-29;2026-08-30;2026-09-06;2026-09-15
207,38.66083441840278,39.942291259765625,36,2026-06-02;2026-06-03;2026-06-10;2026-06-11;2026-06-18;2026-06-19;2026-06-26;2026-06-27;2026-07-05;2026-07-12;2026-07-13;2026-07-20;2026-07-21;2026-07-28;2026-07-29;2026-08-05;2026-08-06;2026-08-13;2026-08-14;2026-08-21;2026-08-22;2026-08-29;2026-08-30;2026-09-06;2026-09-15
501,35.7130557789522,37.22840881347656,34,2026-06-02;2026-06-03;2026-06-10;2026-06-11;2026-06-18;2026-06-19;2026-06-26;2026-06-27;2026-07-05;2026-07-12;2026-07-13;2026-07-20;2026-07-21;2026-07-28;2026-07-29;2026-08-05;2026-08-06;2026-08-13;2026-08-14;2026-08-21;2026-08-22;2026-08-29;2026-08-30;2026-09-06;2026-09-15
495,34.79115513392857,37.1019287109375,35,2026-06-02;2026-06-03;2026-06-10;2026-06-11;2026-06-18;2026-06-19;2026-06-26;2026-06-27;2026-07-05;2026-07-12;2026-07-13;2026-07-20;2026-07-21;2026-07-28;2026-07-29;2026-08-05;2026-08-06;2026-08-13;2026-08-14;2026-08-21;2026-08-22;2026-08-29;2026-08-30;2026-09-06;2026-09-15
361,36.817970275878906,39.747467041015625,32,2026-06-02;2026-06-03;2026-06-10;2026-06-11;2026-06-18;2026-06-19;2026-06-26;2026-06-27;2026-07-05;2026-07-12;2026-07-13;2026-07-20;2026-07-21;2026-07-28;2026-07-29;2026-08-05;2026-08-06;2026-08-13;2026-08-14;2026-08-21;2026-08-22;2026-08-29;2026-08-30;2026-09-06;2026-09-15
365,44.57828267415365,44.92578125,6,2026-06-02;2026-06-03;2026-06-10;2026-06-11;2026-06-18;2026-06-19;2026-06-26;2026-06-27;2026-07-05;2026-07-12;2026-07-13;2026-07-20;2026-07-21;2026-07-28;2026-07-29;2026-08-05;2026-08-06;2026-08-13;2026-08-14;2026-08-21;2026-08-22;2026-08-29;2026-08-30;2026-09-06;2026-09-15
1322,35.68604213169643,36.7122802734375,35,2026-06-02;2026-06-03;2026-06-10;2026-06-11;2026-06-18;2026-06-19;2026-06-26;2026-06-27;2026-07-05;2026-07-12;2026-07-13;2026-07-20;2026-07-21;2026-07-28;2026-07-29;2026-08-05;2026-08-06;2026-08-13;2026-08-14;2026-08-21;2026-08-22;2026-08-29;2026-08-30;2026-09-06;2026-09-15
448,37.051361083984375,40.17132568359375,32,2026-06-02;2026-06-03;2026-06-10;2026-06-11;2026-06-18;2026-06-19;2026-06-26;2026-06-27;2026-07-05;2026-07-12;2026-07-13;2026-07-20;2026-07-21;2026-07-28;2026-07-29;2026-08-05;2026-08-06;2026-08-13;2026-08-14;2026-08-21;2026-08-22;2026-08-29;2026-08-30;2026-09-06;2026-09-15
624,41.245340983072914,42.434051513671875,36,2026-06-02;2026-06-03;2026-06-10;2026-06-11;2026-06-18;2026-06-19;2026-06-26;2026-06-27;2026-07-05;2026-07-12;2026-07-13;2026-07-20;2026-07-21;2026-07-28;2026-07-29;2026-08-05;2026-08-06;2026-08-13;2026-08-14;2026-08-21;2026-08-22;2026-08-29;2026-08-30;2026-09-06;2026-09-15
1304,37.997029622395836,41.822235107421875,36,2026-06-02;2026-06-03;2026-06-10;2026-06-11;2026-06-18;2026-06-19;2026-06-26;2026-06-27;2026-07-05;2026-07-12;2026-07-13;2026-07-20;2026-07-21;2026-07-28;2026-07-29;2026-08-05;2026-08-06;2026-08-13;2026-08-14;2026-08-21;2026-08-22;2026-08-29;2026-08-30;2026-09-06;2026-09-15
505,38.12106735641892,38.981842041015625,37,2026-06-02;2026-06-03;2026-06-10;2026-06-11;2026-06-18;2026-06-19;2026-06-26;2026-06-27;2026-07-05;2026-07-12;2026-07-13;2026-07-20;2026-07-21;2026-07-28;2026-07-29;2026-08-05;2026-08-06;2026-08-13;2026-08-14;2026-08-21;2026-08-22;2026-08-29;2026-08-30;2026-09-06;2026-09-15
745,36.975125558035714,38.257232666015625,35,2026-06-02;2026-06-03;2026-06-10;2026-06-11;2026-06-18;2026-06-19;2026-06-26;2026-06-27;2026-07-05;2026-07-12;2026-07-13;2026-07-20;2026-07-21;2026-07-28;2026-07-29;2026-08-05;2026-08-06;2026-08-13;2026-08-14;2026-08-21;2026-08-22;2026-08-29;2026-08-30;2026-09-06;2026-09-15
370,42.447823660714285,44.40966796875,35,2026-06-02;2026-06-03;2026-06-10;2026-06-11;2026-06-18;2026-06-19;2026-06-26;2026-06-27;2026-07-05;2026-07-12;2026-07-13;2026-07-20;2026-07-21;2026-07-28;2026-07-29;2026-08-05;2026-08-06;2026-08-13;2026-08-14;2026-08-21;2026-08-22;2026-08-29;2026-08-30;2026-09-06;2026-09-15
857,37.52853214039522,39.349273681640625,34,2026-06-02;2026-06-03;2026-06-10;2026-06-11;2026-06-18;2026-06-19;2026-06-26;2026-06-27;2026-07-05;2026-07-12;2026-07-13;2026-07-20;2026-07-21;2026-07-28;2026-07-29;2026-08-05;2026-08-06;2026-08-13;2026-08-14;2026-08-21;2026-08-22;2026-08-29;2026-08-30;2026-09-06;2026-09-15
1110,35.81891043526786,37.358306884765625,35,2026-06-02;2026-06-03;2026-06-10;2026-06-11;2026-06-18;2026-06-19;2026-06-26;2026-06-27;2026-07-05;2026-07-12;2026-07-13;2026-07-20;2026-07-21;2026-07-28;2026-07-29;2026-08-05;2026-08-06;2026-08-13;2026-08-14;2026-08-21;2026-08-22;2026-08-29;2026-08-30;2026-09-06;2026-09-15
986,38.143577575683594,39.578277587890625,16,2026-06-02;2026-06-03;2026-06-10;2026-06-11;2026-06-18;2026-06-19;2026-06-26;2026-06-27;2026-07-05;2026-07-12;2026-07-13;2026-07-20;2026-07-21;2026-07-28;2026-07-29;2026-08-05;2026-08-06;2026-08-13;2026-08-14;2026-08-21;2026-08-22;2026-08-29;2026-08-30;2026-09-06;2026-09-15
926,42.532314724392364,43.859344482421875,36,2026-06-02;2026-06-03;2026-06-10;2026-06-11;2026-06-18;2026-06-19;2026-06-26;2026-06-27;2026-07-05;2026-07-12;2026-07-13;2026-07-20;2026-07-21;2026-07-28;2026-07-29;2026-08-05;2026-08-06;2026-08-13;2026-08-14;2026-08-21;2026-08-22;2026-08-29;2026-08-30;2026-09-06;2026-09-15
699,38.486725725446426,39.409088134765625,35,2026-06-02;2026-06-03;2026-06-10;2026-06-11;2026-06-18;2026-06-19;2026-06-26;2026-06-27;2026-07-05;2026-07-12;2026-07-13;2026-07-20;2026-07-21;2026-07-28;2026-07-29;2026-08-05;2026-08-06;2026-08-13;2026-08-14;2026-08-21;2026-08-22;2026-08-29;2026-08-30;2026-09-06;2026-09-15
950,37.452834670608105,41.96577453613281,37,2026-06-02;2026-06-03;2026-06-10;2026-06-11;2026-06-18;2026-06-19;2026-06-26;2026-06-27;2026-07-05;2026-07-12;2026-07-13;2026-07-20;2026-07-21;2026-07-28;2026-07-29;2026-08-05;2026-08-06;2026-08-13;2026-08-14;2026-08-21;2026-08-22;2026-08-29;2026-08-30;2026-09-06;2026-09-15
720,39.92420869715073,41.982879638671875,34,2026-06-02;2026-06-03;2026-06-10;2026-06-11;2026-06-18;2026-06-19;2026-06-26;2026-06-27;2026-07-05;2026-07-12;2026-07-13;2026-07-20;2026-07-21;2026-07-28;2026-07-29;2026-08-05;2026-08-06;2026-08-13;2026-08-14;2026-08-21;2026-08-22;2026-08-29;2026-08-30;2026-09-06;2026-09-15
688,40.693980189732144,45.754638671875,35,2026-06-02;2026-06-03;2026-06-10;2026-06-11;2026-06-18;2026-06-19;2026-06-26;2026-06-27;2026-07-05;2026-07-12;2026-07-13;2026-07-20;2026-07-21;2026-07-28;2026-07-29;2026-08-05;2026-08-06;2026-08-13;2026-08-14;2026-08-21;2026-08-22;2026-08-29;2026-08-30;2026-09-06;2026-09-15
601,35.218896484375,39.000640869140625,35,2026-06-02;2026-06-03;2026-06-10;2026-06-11;2026-06-18;2026-06-19;2026-06-26;2026-06-27;2026-07-05;2026-07-12;2026-07-13;2026-07-20;2026-07-21;2026-07-28;2026-07-29;2026-08-05;2026-08-06;2026-08-13;2026-08-14;2026-08-21;2026-08-22;2026-08-29;2026-08-30;2026-09-06;2026-09-15
989,41.62598353794643,42.929656982421875,35,2026-06-02;2026-06-03;2026-06-10;2026-06-11;2026-06-18;2026-06-19;2026-06-26;2026-06-27;2026-07-05;2026-07-12;2026-07-13;2026-07-20;2026-07-21;2026-07-28;2026-07-29;2026-08-05;2026-08-06;2026-08-13;2026-08-14;2026-08-21;2026-08-22;2026-08-29;2026-08-30;2026-09-06;2026-09-15
1179,33.78703477647569,35.690277099609375,36,2026-06-02;2026-06-03;2026-06-10;2026-06-11;2026-06-18;2026-06-19;2026-06-26;2026-06-27;2026-07-05;2026-07-12;2026-07-13;2026-07-20;2026-07-21;2026-07-28;2026-07-29;2026-08-05;2026-08-06;2026-08-13;2026-08-14;2026-08-21;2026-08-22;2026-08-29;2026-08-30;2026-09-06;2026-09-15
806,42.33019660500919,45.978546142578125,17,2026-06-02;2026-06-03;2026-06-10;2026-06-11;2026-06-18;2026-06-19;2026-06-26;2026-06-27;2026-07-05;2026-07-12;2026-07-13;2026-07-20;2026-07-21;2026-07-28;2026-07-29;2026-08-05;2026-08-06;2026-08-13;2026-08-14;2026-08-21;2026-08-22;2026-08-29;2026-08-30;2026-09-06;2026-09-15
167,33.756623186383926,37.0438232421875,35,2026-06-02;2026-06-03;2026-06-10;2026-06-11;2026-06-18;2026-06-19;2026-06-26;2026-06-27;2026-07-05;2026-07-12;2026-07-13;2026-07-20;2026-07-21;2026-07-28;2026-07-29;2026-08-05;2026-08-06;2026-08-13;2026-08-14;2026-08-21;2026-08-22;2026-08-29;2026-08-30;2026-09-06;2026-09-15
422,41.02577478745405,41.844451904296875,34,2026-06-02;2026-06-03;2026-06-10;2026-06-11;2026-06-18;2026-06-19;2026-06-26;2026-06-27;2026-07-05;2026-07-12;2026-07-13;2026-07-20;2026-07-21;2026-07-28;2026-07-29;2026-08-05;2026-08-06;2026-08-13;2026-08-14;2026-08-21;2026-08-22;2026-08-29;2026-08-30;2026-09-06;2026-09-15
719,40.182075051700366,43.379119873046875,34,2026-06-02;2026-06-03;2026-06-10;2026-06-11;2026-06-18;2026-06-19;2026-06-26;2026-06-27;2026-07-05;2026-07-12;2026-07-13;2026-07-20;2026-07-21;2026-07-28;2026-07-29;2026-08-05;2026-08-06;2026-08-13;2026-08-14;2026-08-21;2026-08-22;2026-08-29;2026-08-30;2026-09-06;2026-09-15
294,,,0,2026-06-02;2026-06-03;2026-06-10;2026-06-11;2026-06-18;2026-06-19;2026-06-26;2026-06-27;2026-07-05;2026-07-12;2026-07-13;2026-07-20;2026-07-21;2026-07-28;2026-07-29;2026-08-05;2026-08-06;2026-08-13;2026-08-14;2026-08-21;2026-08-22;2026-08-29;2026-08-30;2026-09-06;2026-09-15
404,40.16081633391204,42.434051513671875,27,2026-06-02;2026-06-03;2026-06-10;2026-06-11;2026-06-18;2026-06-19;2026-06-26;2026-06-27;2026-07-05;2026-07-12;2026-07-13;2026-07-20;2026-07-21;2026-07-28;2026-07-29;2026-08-05;2026-08-06;2026-08-13;2026-08-14;2026-08-21;2026-08-22;2026-08-29;2026-08-30;2026-09-06;2026-09-15
8,39.01323939732143,40.48918151855469,35,2026-06-02;2026-06-03;2026-06-10;2026-06-11;2026-06-18;2026-06-19;2026-06-26;2026-06-27;2026-07-05;2026-07-12;2026-07-13;2026-07-20;2026-07-21;2026-07-28;2026-07-29;2026-08-05;2026-08-06;2026-08-13;2026-08-14;2026-08-21;2026-08-22;2026-08-29;2026-08-30;2026-09-06;2026-09-15
480,39.16060616629464,42.375946044921875,35,2026-06-02;2026-06-03;2026-06-10;2026-06-11;2026-06-18;2026-06-19;2026-06-26;2026-06-27;2026-07-05;2026-07-12;2026-07-13;2026-07-20;2026-07-21;2026-07-28;2026-07-29;2026-08-05;2026-08-06;2026-08-13;2026-08-14;2026-08-21;2026-08-22;2026-08-29;2026-08-30;2026-09-06;2026-09-15
878,34.35058038884943,36.6917724609375,22,2026-06-02;2026-06-03;2026-06-10;2026-06-11;2026-06-18;2026-06-19;2026-06-26;2026-06-27;2026-07-05;2026-07-12;2026-07-13;2026-07-20;2026-07-21;2026-07-28;2026-07-29;2026-08-05;2026-08-06;2026-08-13;2026-08-14;2026-08-21;2026-08-22;2026-08-29;2026-08-30;2026-09-06;2026-09-15
378,36.63230329241071,38.975006103515625,35,2026-06-02;2026-06-03;2026-06-10;2026-06-11;2026-06-18;2026-06-19;2026-06-26;2026-06-27;2026-07-05;2026-07-12;2026-07-13;2026-07-20;2026-07-21;2026-07-28;2026-07-29;2026-08-05;2026-08-06;2026-08-13;2026-08-14;2026-08-21;2026-08-22;2026-08-29;2026-08-30;2026-09-06;2026-09-15
357,,,0,2026-06-02;2026-06-03;2026-06-10;2026-06-11;2026-06-18;2026-06-19;2026-06-26;2026-06-27;2026-07-05;2026-07-12;2026-07-13;2026-07-20;2026-07-21;2026-07-28;2026-07-29;2026-08-05;2026-08-06;2026-08-13;2026-08-14;2026-08-21;2026-08-22;2026-08-29;2026-08-30;2026-09-06;2026-09-15
412,38.179314108455884,39.781646728515625,34,2026-06-02;2026-06-03;2026-06-10;2026-06-11;2026-06-18;2026-06-19;2026-06-26;2026-06-27;2026-07-05;2026-07-12;2026-07-13;2026-07-20;2026-07-21;2026-07-28;2026-07-29;2026-08-05;2026-08-06;2026-08-13;2026-08-14;2026-08-21;2026-08-22;2026-08-29;2026-08-30;2026-09-06;2026-09-15
250,40.511873812288854,41.982879638671875,37,2026-06-02;2026-06-03;2026-06-10;2026-06-11;2026-06-18;2026-06-19;2026-06-26;2026-06-27;2026-07-05;2026-07-12;2026-07-13;2026-07-20;2026-07-21;2026-07-28;2026-07-29;2026-08-05;2026-08-06;2026-08-13;2026-08-14;2026-08-21;2026-08-22;2026-08-29;2026-08-30;2026-09-06;2026-09-15
713,38.01680980009191,38.845123291015625,34,2026-06-02;2026-06-03;2026-06-10;2026-06-11;2026-06-18;2026-06-19;2026-06-26;2026-06-27;2026-07-05;2026-07-12;2026-07-13;2026-07-20;2026-07-21;2026-07-28;2026-07-29;2026-08-05;2026-08-06;2026-08-13;2026-08-14;2026-08-21;2026-08-22;2026-08-29;2026-08-30;2026-09-06;2026-09-15
162,37.44232388200431,43.917449951171875,29,2026-06-02;2026-06-03;2026-06-10;2026-06-11;2026-06-18;2026-06-19;2026-06-26;2026-06-27;2026-07-05;2026-07-12;2026-07-13;2026-07-20;2026-07-21;2026-07-28;2026-07-29;2026-08-05;2026-08-06;2026-08-13;2026-08-14;2026-08-21;2026-08-22;2026-08-29;2026-08-30;2026-09-06;2026-09-15
1154,38.462104348575366,41.10273742675781,34,2026-06-02;2026-06-03;2026-06-10;2026-06-11;2026-06-18;2026-06-19;2026-06-26;2026-06-27;2026-07-05;2026-07-12;2026-07-13;2026-07-20;2026-07-21;2026-07-28;2026-07-29;2026-08-05;2026-08-06;2026-08-13;2026-08-14;2026-08-21;2026-08-22;2026-08-29;2026-08-30;2026-09-06;2026-09-15
1252,39.8076171875,44.013153076171875,32,2026-06-02;2026-06-03;2026-06-10;2026-06-11;2026-06-18;2026-06-19;2026-06-26;2026-06-27;2026-07-05;2026-07-12;2026-07-13;2026-07-20;2026-07-21;2026-07-28;2026-07-29;2026-08-05;2026-08-06;2026-08-13;2026-08-14;2026-08-21;2026-08-22;2026-08-29;2026-08-30;2026-09-06;2026-09-15
936,40.263580322265625,40.263580322265625,1,2026-06-02;2026-06-03;2026-06-10;2026-06-11;2026-06-18;2026-06-19;2026-06-26;2026-06-27;2026-07-05;2026-07-12;2026-07-13;2026-07-20;2026-07-21;2026-07-28;2026-07-29;2026-08-05;2026-08-06;2026-08-13;2026-08-14;2026-08-21;2026-08-22;2026-08-29;2026-08-30;2026-09-06;2026-09-15
564,39.960867745535715,42.211883544921875,35,2026-06-02;2026-06-03;2026-06-10;2026-06-11;2026-06-18;2026-06-19;2026-06-26;2026-06-27;2026-07-05;2026-07-12;2026-07-13;2026-07-20;2026-07-21;2026-07-28;2026-07-29;2026-08-05;2026-08-06;2026-08-13;2026-08-14;2026-08-21;2026-08-22;2026-08-29;2026-08-30;2026-09-06;2026-09-15
376,35.461335100446426,38.575103759765625,35,2026-06-02;2026-06-03;2026-06-10;2026-06-11;2026-06-18;2026-06-19;2026-06-26;2026-06-27;2026-07-05;2026-07-12;2026-07-13;2026-07-20;2026-07-21;2026-07-28;2026-07-29;2026-08-05;2026-08-06;2026-08-13;2026-08-14;2026-08-21;2026-08-22;2026-08-29;2026-08-30;2026-09-06;2026-09-15
177,39.00684291294643,40.22770690917969,35,2026-06-02;2026-06-03;2026-06-10;2026-06-11;2026-06-18;2026-06-19;2026-06-26;2026-06-27;2026-07-05;2026-07-12;2026-07-13;2026-07-20;2026-07-21;2026-07-28;2026-07-29;2026-08-05;2026-08-06;2026-08-13;2026-08-14;2026-08-21;2026-08-22;2026-08-29;2026-08-30;2026-09-06;2026-09-15
176,40.85785435267857,43.551727294921875,35,2026-06-02;2026-06-03;2026-06-10;2026-06-11;2026-06-18;2026-06-19;2026-06-26;2026-06-27;2026-07-05;2026-07-12;2026-07-13;2026-07-20;2026-07-21;2026-07-28;2026-07-29;2026-08-05;2026-08-06;2026-08-13;2026-08-14;2026-08-21;2026-08-22;2026-08-29;2026-08-30;2026-09-06;2026-09-15
148,42.80048963758681,45.983673095703125,36,2026-06-02;2026-06-03;2026-06-10;2026-06-11;2026-06-18;2026-06-19;2026-06-26;2026-06-27;2026-07-05;2026-07-12;2026-07-13;2026-07-20;2026-07-21;2026-07-28;2026-07-29;2026-08-05;2026-08-06;2026-08-13;2026-08-14;2026-08-21;2026-08-22;2026-08-29;2026-08-30;2026-09-06;2026-09-15
557,38.814306640625,40.78656005859375,35,2026-06-02;2026-06-03;2026-06-10;2026-06-11;2026-06-18;2026-06-19;2026-06-26;2026-06-27;2026-07-05;2026-07-12;2026-07-13;2026-07-20;2026-07-21;2026-07-28;2026-07-29;2026-08-05;2026-08-06;2026-08-13;2026-08-14;2026-08-21;2026-08-22;2026-08-29;2026-08-30;2026-09-06;2026-09-15
774,33.29392438616071,34.603363037109375,35,2026-06-02;2026-06-03;2026-06-10;2026-06-11;2026-06-18;2026-06-19;2026-06-26;2026-06-27;2026-07-05;2026-07-12;2026-07-13;2026-07-20;2026-07-21;2026-07-28;2026-07-29;2026-08-05;2026-08-06;2026-08-13;2026-08-14;2026-08-21;2026-08-22;2026-08-29;2026-08-30;2026-09-06;2026-09-15
867,,,0,2026-06-02;2026-06-03;2026-06-10;2026-06-11;2026-06-18;2026-06-19;2026-06-26;2026-06-27;2026-07-05;2026-07-12;2026-07-13;2026-07-20;2026-07-21;2026-07-28;2026-07-29;2026-08-05;2026-08-06;2026-08-13;2026-08-14;2026-08-21;2026-08-22;2026-08-29;2026-08-30;2026-09-06;2026-09-15
35,41.6282958984375,42.087127685546875,21,2026-06-02;2026-06-03;2026-06-10;2026-06-11;2026-06-18;2026-06-19;2026-06-26;2026-06-27;2026-07-05;2026-07-12;2026-07-13;2026-07-20;2026-07-21;2026-07-28;2026-07-29;2026-08-05;2026-08-06;2026-08-13;2026-08-14;2026-08-21;2026-08-22;2026-08-29;2026-08-30;2026-09-06;2026-09-15
406,39.06847381591797,43.213348388671875,32,2026-06-02;2026-06-03;2026-06-10;2026-06-11;2026-06-18;2026-06-19;2026-06-26;2026-06-27;2026-07-05;2026-07-12;2026-07-13;2026-07-20;2026-07-21;2026-07-28;2026-07-29;2026-08-05;2026-08-06;2026-08-13;2026-08-14;2026-08-21;2026-08-22;2026-08-29;2026-08-30;2026-09-06;2026-09-15
813,35.8590648754223,41.00872802734375,37,2026-06-02;2026-06-03;2026-06-10;2026-06-11;2026-06-18;2026-06-19;2026-06-26;2026-06-27;2026-07-05;2026-07-12;2026-07-13;2026-07-20;2026-07-21;2026-07-28;2026-07-29;2026-08-05;2026-08-06;2026-08-13;2026-08-14;2026-08-21;2026-08-22;2026-08-29;2026-08-30;2026-09-06;2026-09-15
1302,40.39582868303572,41.706024169921875,35,2026-06-02;2026-06-03;2026-06-10;2026-06-11;2026-06-18;2026-06-19;2026-06-26;2026-06-27;2026-07-05;2026-07-12;2026-07-13;2026-07-20;2026-07-21;2026-07-28;2026-07-29;2026-08-05;2026-08-06;2026-08-13;2026-08-14;2026-08-21;2026-08-22;2026-08-29;2026-08-30;2026-09-06;2026-09-15
1288,30.284194048713236,31.164825439453125,34,2026-06-02;2026-06-03;2026-06-10;2026-06-11;2026-06-18;2026-06-19;2026-06-26;2026-06-27;2026-07-05;2026-07-12;2026-07-13;2026-07-20;2026-07-21;2026-07-28;2026-07-29;2026-08-05;2026-08-06;2026-08-13;2026-08-14;2026-08-21;2026-08-22;2026-08-29;2026-08-30;2026-09-06;2026-09-15
974,39.26196986607143,40.73014831542969,35,2026-06-02;2026-06-03;2026-06-10;2026-06-11;2026-06-18;2026-06-19;2026-06-26;2026-06-27;2026-07-05;2026-07-12;2026-07-13;2026-07-20;2026-07-21;2026-07-28;2026-07-29;2026-08-05;2026-08-06;2026-08-13;2026-08-14;2026-08-21;2026-08-22;2026-08-29;2026-08-30;2026-09-06;2026-09-15
1099,44.33612234933036,45.2197265625,35,2026-06-02;2026-06-03;2026-06-10;2026-06-11;2026-06-18;2026-06-19;2026-06-26;2026-06-27;2026-07-05;2026-07-12;2026-07-13;2026-07-20;2026-07-21;2026-07-28;2026-07-29;2026-08-05;2026-08-06;2026-08-13;2026-08-14;2026-08-21;2026-08-22;2026-08-29;2026-08-30;2026-09-06;2026-09-15
333,36.099330357142854,37.884674072265625,35,2026-06-02;2026-06-03;2026-06-10;2026-06-11;2026-06-18;2026-06-19;2026-06-26;2026-06-27;2026-07-05;2026-07-12;2026-07-13;2026-07-20;2026-07-21;2026-07-28;2026-07-29;2026-08-05;2026-08-06;2026-08-13;2026-08-14;2026-08-21;2026-08-22;2026-08-29;2026-08-30;2026-09-06;2026-09-15
1065,40.99962022569444,43.107391357421875,36,2026-06-02;2026-06-03;2026-06-10;2026-06-11;2026-06-18;2026-06-19;2026-06-26;2026-06-27;2026-07-05;2026-07-12;2026-07-13;2026-07-20;2026-07-21;2026-07-28;2026-07-29;2026-08-05;2026-08-06;2026-08-13;2026-08-14;2026-08-21;2026-08-22;2026-08-29;2026-08-30;2026-09-06;2026-09-15
34,39.75963338216146,40.83441162109375,9,2026-06-02;2026-06-03;2026-06-10;2026-06-11;2026-06-18;2026-06-19;2026-06-26;2026-06-27;2026-07-05;2026-07-12;2026-07-13;2026-07-20;2026-07-21;2026-07-28;2026-07-29;2026-08-05;2026-08-06;2026-08-13;2026-08-14;2026-08-21;2026-08-22;2026-08-29;2026-08-30;2026-09-06;2026-09-15
1407,41.83320661272322,45.879425048828125,35,2026-06-02;2026-06-03;2026-06-10;2026-06-11;2026-06-18;2026-06-19;2026-06-26;2026-06-27;2026-07-05;2026-07-12;2026-07-13;2026-07-20;2026-07-21;2026-07-28;2026-07-29;2026-08-05;2026-08-06;2026-08-13;2026-08-14;2026-08-21;2026-08-22;2026-08-29;2026-08-30;2026-09-06;2026-09-15
581,36.52898406982422,37.419830322265625,32,2026-06-02;2026-06-03;2026-06-10;2026-06-11;2026-06-18;2026-06-19;2026-06-26;2026-06-27;2026-07-05;2026-07-12;2026-07-13;2026-07-20;2026-07-21;2026-07-28;2026-07-29;2026-08-05;2026-08-06;2026-08-13;2026-08-14;2026-08-21;2026-08-22;2026-08-29;2026-08-30;2026-09-06;2026-09-15
727,38.6802547679228,41.514617919921875,34,2026-06-02;2026-06-03;2026-06-10;2026-06-11;2026-06-18;2026-06-19;2026-06-26;2026-06-27;2026-07-05;2026-07-12;2026-07-13;2026-07-20;2026-07-21;2026-07-28;2026-07-29;2026-08-05;2026-08-06;2026-08-13;2026-08-14;2026-08-21;2026-08-22;2026-08-29;2026-08-30;2026-09-06;2026-09-15
