stop_id,mean_ndvi,pct_green,pixel_count,scene_dates
346,0.567,73.0,318,2026-06-11;2026-06-23;2026-06-24;2026-06-29;2026-07-01;2026-07-09;2026-07-11;2026-07-21;2026-07-24;2026-08-08;2026-08-13;2026-08-20;2026-08-30;2026-09-02;2026-09-04;2026-09-14;2026-09-17
1116,0.521,72.1,315,2026-06-11;2026-06-23;2026-06-24;2026-06-29;2026-07-01;2026-07-09;2026-07-11;2026-07-21;2026-07-24;2026-08-08;2026-08-13;2026-08-20;2026-08-30;2026-09-02;2026-09-04;2026-09-14;2026-09-17
1543,0.426,51.0,314,2026-06-11;2026-06-23;2026-06-24;2026-06-29;2026-07-01;2026-07-09;2026-07-11;2026-07-21;2026-07-24;2026-08-08;2026-08-13;2026-08-20;2026-08-30;2026-09-02;2026-09-04;2026-09-14;2026-09-17
194,0.679,96.5,312,2026-06-11;2026-06-23;2026-06-24;2026-06-29;2026-07-01;2026-07-09;2026-07-11;2026-07-21;2026-07-24;2026-08-08;2026-08-13;2026-08-20;2026-08-30;2026-09-02;2026-09-04;2026-09-14;2026-09-17
1608,0.48,61.2,312,2026-06-11;2026-06-23;2026-06-24;2026-06-29;2026-07-01;2026-07-09;2026-07-11;2026-07-21;2026-07-24;2026-08-08;2026-08-13;2026-08-20;2026-08-30;2026-09-02;2026-09-04;2026-09-14;2026-09-17
1290,0.108,2.5,315,2026-06-11;2026-06-23;2026-06-24;2026-06-29;2026-07-01;2026-07-09;2026-07-11;2026-07-21;2026-07-24;2026-08-08;2026-08-13;2026-08-20;2026-08-30;2026-09-02;2026-09-04;2026-09-14;2026-09-17
300,0.407,51.9,316,2026-06-11;2026-06-23;2026-06-24;2026-06-29;2026-07-01;2026-07-09;2026-07-11;2026-07-21;2026-07-24;2026-08-08;2026-08-13;2026-08-20;2026-08-30;2026-09-02;2026-09-04;2026-09-14;2026-09-17
381,0.561,80.1,316,2026-06-11;2026-06-23;2026-06-24;2026-06-29;2026-07-01;2026-07-09;2026-07-11;2026-07-21;2026-07-24;2026-08-08;2026-08-13;2026-08-20;2026-08-30;2026-09-02;2026-09-04;2026-09-14;2026-09-17
187,0.347,38.1,315,2026-06-11;2026-06-23;2026-06-24;2026-06-29;2026-07-01;2026-07-09;2026-07-11;2026-07-21;2026-07-24;2026-08-08;2026-08-13;2026-08-20;2026-08-30;2026-09-02;2026-09-04;2026-09-14;2026-09-17
1557,0.352,37.9,311,2026-06-11;2026-06-23;2026-06-24;2026-06-29;2026-07-01;2026-07-09;2026-07-11;2026-07-21;2026-07-24;2026-08-08;2026-08-13;2026-08-20;2026-08-30;2026-09-02;2026-09-04;2026-09-14;2026-09-17
1506,0.2,15.6,314,2026-06-11;2026-06-23;2026-06-24;2026-06-29;2026-07-01;2026-07-09;2026-07-11;2026-07-21;2026-07-24;2026-08-08;2026-08-13;2026-08-20;2026-08-30;2026-09-02;2026-09-04;2026-09-14;2026-09-17
157,0.544,74.1,317,2026-06-11;2026-06-23;2026-06-24;2026-06-29;2026-07-01;2026-07-09;2026-07-11;2026-07-21;2026-07-24;2026-08-08;2026-08-13;2026-08-20;2026-08-30;2026-09-02;2026-09-04;2026-09-14;2026-09-17
111,0.515,65.0,314,2026-06-11;2026-06-23;2026-06-24;2026-06-29;2026-07-01;2026-07-09;2026-07-11;2026-07-21;2026-07-24;2026-08-08;2026-08-13;2026-08-20;2026-08-30;2026-09-02;2026-09-04;2026-09-14;2026-09-17
436,0.415,50.8,315,2026-06-11;2026-06-23;2026-06-24;2026-06-29;2026-07-01;2026-07-09;2026-07-11;2026-07-21;2026-07-24;2026-08-08;2026-08-13;2026-08-20;2026-08-30;2026-09-02;2026-09-04;2026-09-14;2026-09-17
518,0.631,92.0,313,2026-06-11;2026-06-23;2026-06-24;2026-06-29;2026-07-01;2026-07-09;2026-07-11;2026-07-21;2026-07-24;2026-08-08;2026-08-13;2026-08-20;2026-08-30;2026-09-02;2026-09-04;2026-09-14;2026-09-17
1169,0.529,75.9,315,2026-06-11;2026-06-23;2026-06-24;2026-06-29;2026-07-01;2026-07-09;2026-07-11;2026-07-21;2026-07-24;2026-08-08;2026-08-13;2026-08-20;2026-08-30;2026-09-02;2026-09-04;2026-09-14;2026-09-17
1056,0.49,64.6,314,2026-06-11;2026-06-23;2026-06-24;2026-06-29;2026-07-01;2026-07-09;2026-07-11;2026-07-21;2026-07-24;2026-08-08;2026-08-13;2026-08-20;2026-08-30;2026-09-02;2026-09-04;2026-09-14;2026-09-17
150,0.342,34.8,313,2026-06-11;2026-06-23;2026-06-24;2026-06-29;2026-07-01;2026-07-09;2026-07-11;2026-07-21;2026-07-24;2026-08-08;2026-08-13;2026-08-20;2026-08-30;2026-09-02;2026-09-04;2026-09-14;2026-09-17
528,0.441,55.9,315,2026-06-11;2026-06-23;2026-06-24;2026-06-29;2026-07-01;2026-07-09;2026-07-11;2026-07-21;2026-07-24;2026-08-08;2026-08-13;2026-08-20;2026-08-30;2026-09-02;2026-09-04;2026-09-14;2026-09-17
535,0.548,75.3,316,2026-06-11;2026-06-23;2026-06-24;2026-06-29;2026-07-01;2026-07-09;2026-07-11;2026-07-21;2026-07-24;2026-08-08;2026-08-13;2026-08-20;2026-08-30;2026-09-02;2026-09-04;2026-09-14;2026-09-17
461,0.578,78.0,314,2026-06-11;2026-06-23;2026-06-24;2026-06-29;2026-07-01;2026-07-09;2026-07-11;2026-07-21;2026-07-24;2026-08-08;2026-08-13;2026-08-20;2026-08-30;2026-09-02;2026-09-04;2026-09-14;2026-09-17
1475,0.523,66.6,314,2026-06-11;2026-06-23;2026-06-24;2026-06-29;2026-07-01;2026-07-09;2026-07-11;2026-07-21;2026-07-24;2026-08-08;2026-08-13;2026-08-20;2026-08-30;2026-09-02;2026-09-04;2026-09-14;2026-09-17
773,0.255,23.0,313,2026-06-11;2026-06-23;2026-06-24;2026-06-29;2026-07-01;2026-07-09;2026-07-11;2026-07-21;2026-07-24;2026-08-08;2026-08-13;2026-08-20;2026-08-30;2026-09-02;2026-09-04;2026-09-14;2026-09-17
1427,0.414,49.5,313,2026-06-11;2026-06-23;2026-06-24;2026-06-29;2026-07-01;2026-07-09;2026-07-11;2026-07-21;2026-07-24;2026-08-08;2026-08-13;2026-08-20;2026-08-30;2026-09-02;2026-09-04;2026-09-14;2026-09-17
1141,0.408,48.4,318,2026-06-11;2026-06-23;2026-06-24;2026-06-29;2026-07-01;2026-07-09;2026-07-11;2026-07-21;2026-07-24;2026-08-08;2026-08-13;2026-08-20;2026-08-30;2026-09-02;2026-09-04;2026-09-14;2026-09-17
709,0.463,57.6,316,2026-06-11;2026-06-23;2026-06-24;2026-06-29;2026-07-01;2026-07-09;2026-07-11;2026-07-21;2026-07-24;2026-08-08;2026-08-13;2026-08-20;2026-08-30;2026-09-02;2026-09-04;2026-09-14;2026-09-17
46,0.334,34.6,315,2026-06-11;2026-06-23;2026-06-24;2026-06-29;2026-07-01;2026-07-09;2026-07-11;2026-07-21;2026-07-24;2026-08-08;2026-08-13;2026-08-20;2026-08-30;2026-09-02;2026-09-04;2026-09-14;2026-09-17
932,0.583,81.5,313,2026-06-11;2026-06-23;2026-06-24;2026-06-29;2026-07-01;2026-07-09;2026-07-11;2026-07-21;2026-07-24;2026-08-08;2026-08-13;2026-08-20;2026-08-30;2026-09-02;2026-09-04;2026-09-14;2026-09-17
252,0.301,27.5,316,2026-06-11;2026-06-23;2026-06-24;2026-06-29;2026-07-01;2026-07-09;2026-07-11;2026-07-21;2026-07-24;2026-08-08;2026-08-13;2026-08-20;2026-08-30;2026-09-02;2026-09-04;2026-09-14;2026-09-17
1494,0.475,65.2,313,2026-06-11;2026-06-23;2026-06-24;2026-06-29;2026-07-01;2026-07-09;2026-07-11;2026-07-21;2026-07-24;2026-08-08;2026-08-13;2026-08-20;2026-08-30;2026-09-02;2026-09-04;2026-09-14;2026-09-17
206,0.193,10.6,310,2026-06-11;2026-06-23;2026-06-24;2026-06-29;2026-07-01;2026-07-09;2026-07-11;2026-07-21;2026-07-24;2026-08-08;2026-08-13;2026-08-20;2026-08-30;2026-09-02;2026-09-04;2026-09-14;2026-09-17
979,0.589,81.7,312,2026-06-11;2026-06-23;2026-06-24;2026-06-29;2026-07-01;2026-07-09;2026-07-11;2026-07-21;2026-07-24;2026-08-08;2026-08-13;2026-08-20;2026-08-30;2026-09-02;2026-09-04;2026-09-14;2026-09-17
369,0.243,21.8,317,2026-06-11;2026-06-23;2026-06-24;2026-06-29;2026-07-01;2026-07-09;2026-07-11;2026-07-21;2026-07-24;2026-08-08;2026-08-13;2026-08-20;2026-08-30;2026-09-02;2026-09-04;2026-09-14;2026-09-17
697,0.262,28.1,317,2026-06-11;2026-06-23;2026-06-24;2026-06-29;2026-07-01;2026-07-09;2026-07-11;2026-07-21;2026-07-24;2026-08-08;2026-08-13;2026-08-20;2026-08-30;2026-09-02;2026-09-04;2026-09-14;2026-09-17
521,0.568,76.3,316,2026-06-11;2026-06-23;2026-06-24;2026-06-29;2026-07-01;2026-07-09;2026-07-11;2026-07-21;2026-07-24;2026-08-08;2026-08-13;2026-08-20;2026-08-30;2026-09-02;2026-09-04;2026-09-14;2026-09-17
1483,0.415,51.3,316,2026-06-11;2026-06-23;2026-06-24;2026-06-29;2026-07-01;2026-07-09;2026-07-11;2026-07-21;2026-07-24;2026-08-08;2026-08-13;2026-08-20;2026-08-30;2026-09-02;2026-09-04;2026-09-14;2026-09-17
1553,0.673,88.8,312,2026-06-11;2026-06-23;2026-06-24;2026-06-29;2026-07-01;2026-07-09;2026-07-11;2026-07-21;2026-07-24;2026-08-08;2026-08-13;2026-08-20;2026-08-30;2026-09-02;2026-09-04;2026-09-14;2026-09-17
537,0.636,85.9,313,2026-06-11;2026-06-23;2026-06-24;2026-06-29;2026-07-01;2026-07-09;2026-07-11;2026-07-21;2026-07-24;2026-08-08;2026-08-13;2026-08-20;2026-08-30;2026-09-02;2026-09-04;2026-09-14;2026-09-17
599,0.664,86.7,315,2026-06-11;2026-06-23;2026-06-24;2026-06-29;2026-07-01;2026-07-09;2026-07-11;2026-07-21;2026-07-24;2026-08-08;2026-08-13;2026-08-20;2026-08-30;2026-09-02;2026-09-04;2026-09-14;2026-09-17
1397,0.584,73.4,316,2026-06-11;2026-06-23;2026-06-24;2026-06-29;2026-07-01;2026-07-09;2026-07-11;2026-07-21;2026-07-24;2026-08-08;2026-08-13;2026-08-20;2026-08-30;2026-09-02;2026-09-04;2026-09-14;2026-09-17
1341,0.36,29.1,313,2026-06-11;2026-06-23;2026-06-24;2026-06-29;2026-07-01;2026-07-09;2026-07-11;2026-07-21;2026-07-24;2026-08-08;2026-08-13;2026-08-20;2026-08-30;2026-09-02;2026-09-04;2026-09-14;2026-09-17
1253,0.425,50.2,313,2026-06-11;2026-06-23;2026-06-24;2026-06-29;2026-07-01;2026-07-09;2026-07-11;2026-07-21;2026-07-24;2026-08-08;2026-08-13;2026-08-20;2026-08-30;2026-09-02;2026-09-04;2026-09-14;2026-09-17
1623,0.347,40.8,314,2026-06-11;2026-06-23;2026-06-24;2026-06-29;2026-07-01;2026-07-09;2026-07-11;2026-07-21;2026-07-24;2026-08-08;2026-08-13;2026-08-20;2026-08-30;2026-09-02;2026-09-04;2026-09-14;2026-09-17
442,0.379,43.7,309,2026-06-11;2026-06-23;2026-06-24;2026-06-29;2026-07-01;2026-07-09;2026-07-11;2026-07-21;2026-07-24;2026-08-08;2026-08-13;2026-08-20;2026-08-30;2026-09-02;2026-09-04;2026-09-14;2026-09-17
794,0.289,23.7,316,2026-06-11;2026-06-23;2026-06-24;2026-06-29;2026-07-01;2026-07-09;2026-07-11;2026-07-21;2026-07-24;2026-08-08;2026-08-13;2026-08-20;2026-08-30;2026-09-02;2026-09-04;2026-09-14;2026-09-17
1486,0.318,26.3,316,2026-06-11;2026-06-23;2026-06-24;2026-06-29;2026-07-01;2026-07-09;2026-07-11;2026-07-21;2026-07-24;2026-08-08;2026-08-13;2026-08-20;2026-08-30;2026-09-02;2026-09-04;2026-09-14;2026-09-17
1261,0.482,62.1,314,2026-06-11;2026-06-23;2026-06-24;2026-06-29;2026-07-01;2026-07-09;2026-07-11;2026-07-21;2026-07-24;2026-08-08;2026-08-13;2026-08-20;2026-08-30;2026-09-02;2026-09-04;2026-09-14;2026-09-17
241,0.304,29.8,315,2026-06-11;2026-06-23;2026-06-24;2026-06-29;2026-07-01;2026-07-09;2026-07-11;2026-07-21;2026-07-24;2026-08-08;2026-08-13;2026-08-20;2026-08-30;2026-09-02;2026-09-04;2026-09-14;2026-09-17
757,0.508,67.3,312,2026-06-11;2026-06-23;2026-06-24;2026-06-29;2026-07-01;2026-07-09;2026-07-11;2026-07-21;2026-07-24;2026-08-08;2026-08-13;2026-08-20;2026-08-30;2026-09-02;2026-09-04;2026-09-14;2026-09-17
736,0.469,59.5,316,2026-06-11;2026-06-23;2026-06-24;2026-06-29;2026-07-01;2026-07-09;2026-07-11;2026-07-21;2026-07-24;2026-08-08;2026-08-13;2026-08-20;2026-08-30;2026-09-02;2026-09-04;2026-09-14;2026-09-17
226,0.419,54.0,315,2026-06-11;2026-06-23;2026-06-24;2026-06-29;2026-07-01;2026-07-09;2026-07-11;2026-07-21;2026-07-24;2026-08-08;2026-08-13;2026-08-20;2026-08-30;2026-09-02;2026-09-04;2026-09-14;2026-09-17
769,0.265,30.9,311,2026-06-11;2026-06-23;2026-06-24;2026-06-29;2026-07-01;2026-07-09;2026-07-11;2026-07-21;2026-07-24;2026-08-08;2026-08-13;2026-08-20;2026-08-30;2026-09-02;2026-09-04;2026-09-14;2026-09-17
1547,0.437,47.6,313,2026-06-11;2026-06-23;2026-06-24;2026-06-29;2026-07-01;2026-07-09;2026-07-11;2026-07-21;2026-07-24;2026-08-08;2026-08-13;2026-08-20;2026-08-30;2026-09-02;2026-09-04;2026-09-14;2026-09-17
414,0.49,66.0,312,2026-06-11;2026-06-23;2026-06-24;2026-06-29;2026-07-01;2026-07-09;2026-07-11;2026-07-21;2026-07-24;2026-08-08;2026-08-13;2026-08-20;2026-08-30;2026-09-02;2026-09-04;2026-09-14;2026-09-17
508,0.281,26.4,314,2026-06-11;2026-06-23;2026-06-24;2026-06-29;2026-07-01;2026-07-09;2026-07-11;2026-07-21;2026-07-24;2026-08-08;2026-08-13;2026-08-20;2026-08-30;2026-09-02;2026-09-04;2026-09-14;2026-09-17
444,0.275,23.7,317,2026-06-11;2026-06-23;2026-06-24;2026-06-29;2026-07-01;2026-07-09;2026-07-11;2026-07-21;2026-07-24;2026-08-08;2026-08-13;2026-08-20;2026-08-30;2026-09-02;2026-09-04;2026-09-14;2026-09-17
259,0.291,30.6,314,2026-06-11;2026-06-23;2026-06-24;2026-06-29;2026-07-01;2026-07-09;2026-07-11;2026-07-21;2026-07-24;2026-08-08;2026-08-13;2026-08-20;2026-08-30;2026-09-02;2026-09-04;2026-09-14;2026-09-17
1498,0.634,93.2,310,2026-06-11;2026-06-23;2026-06-24;2026-06-29;2026-07-01;2026-07-09;2026-07-11;2026-07-21;2026-07-24;2026-08-08;2026-08-13;2026-08-20;2026-08-30;2026-09-02;2026-09-04;2026-09-14;2026-09-17
695,0.307,30.2,311,2026-06-11;2026-06-23;2026-06-24;2026-06-29;2026-07-01;2026-07-09;2026-07-11;2026-07-21;2026-07-24;2026-08-08;2026-08-13;2026-08-20;2026-08-30;2026-09-02;2026-09-04;2026-09-14;2026-09-17
1114,0.577,81.8,313,2026-06-11;2026-06-23;2026-06-24;2026-06-29;2026-07-01;2026-07-09;2026-07-11;2026-07-21;2026-07-24;2026-08-08;2026-08-13;2026-08-20;2026-08-30;2026-09-02;2026-09-04;2026-09-14;2026-09-17
1139,0.46,57.4,312,2026-06-11;2026-06-23;2026-06-24;2026-06-29;2026-07-01;2026-07-09;2026-07-11;2026-07-21;2026-07-24;2026-08-08;2026-08-13;2026-08-20;2026-08-30;2026-09-02;2026-09-04;2026-09-14;2026-09-17
1352,0.423,54.2,312,2026-06-11;2026-06-23;2026-06-24;2026-06-29;2026-07-01;2026-07-09;2026-07-11;2026-07-21;2026-07-24;2026-08-08;2026-08-13;2026-08-20;2026-08-30;2026-09-02;2026-09-04;2026-09-14;2026-09-17
590,0.547,78.2,316,2026-06-11;2026-06-23;2026-06-24;2026-06-29;2026-07-01;2026-07-09;2026-07-11;2026-07-21;2026-07-24;2026-08-08;2026-08-13;2026-08-20;2026-08-30;2026-09-02;2026-09-04;2026-09-14;2026-09-17
1064,0.463,62.6,313,2026-06-11;2026-06-23;2026-06-24;2026-06-29;2026-07-01;2026-07-09;2026-07-11;2026-07-21;2026-07-24;2026-08-08;2026-08-13;2026-08-20;2026-08-30;2026-09-02;2026-09-04;2026-09-14;2026-09-17
1323,0.231,21.1,313,2026-06-11;2026-06-23;2026-06-24;2026-06-29;2026-07-01;2026-07-09;2026-07-11;2026-07-21;2026-07-24;2026-08-08;2026-08-13;2026-08-20;2026-08-30;2026-09-02;2026-09-04;2026-09-14;2026-09-17
1311,0.356,35.6,309,2026-06-11;2026-06-23;2026-06-24;2026-06-29;2026-07-01;2026-07-09;2026-07-11;2026-07-21;2026-07-24;2026-08-08;2026-08-13;2026-08-20;2026-08-30;2026-09-02;2026-09-04;2026-09-14;2026-09-17
681,0.639,86.4,316,2026-06-11;2026-06-23;2026-06-24;2026-06-29;2026-07-01;2026-07-09;2026-07-11;2026-07-21;2026-07-24;2026-08-08;2026-08-13;2026-08-20;2026-08-30;2026-09-02;2026-09-04;2026-09-14;2026-09-17
987,0.521,65.5,316,2026-06-11;2026-06-23;2026-06-24;2026-06-29;2026-07-01;2026-07-09;2026-07-11;2026-07-21;2026-07-24;2026-08-08;2026-08-13;2026-08-20;2026-08-30;2026-09-02;2026-09-04;2026-09-14;2026-09-17
216,0.241,23.4,316,2026-06-11;2026-06-23;2026-06-24;2026-06-29;2026-07-01;2026-07-09;2026-07-11;2026-07-21;2026-07-24;2026-08-08;2026-08-13;2026-08-20;2026-08-30;2026-09-02;2026-09-04;2026-09-14;2026-09-17
39,0.29,26.0,315,2026-06-11;2026-06-23;2026-06-24;2026-06-29;2026-07-01;2026-07-09;2026-07-11;2026-07-21;2026-07-24;2026-08-08;2026-08-13;2026-08-20;2026-08-30;2026-09-02;2026-09-04;2026-09-14;2026-09-17
1501,0.448,58.9,316,2026-06-11;2026-06-23;2026-06-24;2026-06-29;2026-07-01;2026-07-09;2026-07-11;2026-07-21;2026-07-24;2026-08-08;2026-08-13;2026-08-20;2026-08-30;2026-09-02;2026-09-04;2026-09-14;2026-09-17
1471,0.54,75.0,312,2026-06-11;2026-06-23;2026-06-24;2026-06-29;2026-07-01;2026-07-09;2026-07-11;2026-07-21;2026-07-24;2026-08-08;2026-08-13;2026-08-20;2026-08-30;2026-09-02;2026-09-04;2026-09-14;2026-09-17
467,0.477,56.5,313,2026-06-11;2026-06-23;2026-06-24;2026-06-29;2026-07-01;2026-07-09;2026-07-11;2026-07-21;2026-07-24;2026-08-08;2026-08-13;2026-08-20;2026-08-30;2026-09-02;2026-09-04;2026-09-14;2026-09-17
725,0.336,37.5,312,2026-06-11;2026-06-23;2026-06-24;2026-06-29;2026-07-01;2026-07-09;2026-07-11;2026-07-21;2026-07-24;2026-08-08;2026-08-13;2026-08-20;2026-08-30;2026-09-02;2026-09-04;2026-09-14;2026-09-17
853,0.51,68.5,314,2026-06-11;2026-06-23;2026-06-24;2026-06-29;2026-07-01;2026-07-09;2026-07-11;2026-07-21;2026-07-24;2026-08-08;2026-08-13;2026-08-20;2026-08-30;2026-09-02;2026-09-04;2026-09-14;2026-09-17
579,0.556,83.9,311,2026-06-11;2026-06-23;2026-06-24;2026-06-29;2026-07-01;2026-07-09;2026-07-11;2026-07-21;2026-07-24;2026-08-08;2026-08-13;2026-08-20;2026-08-30;2026-09-02;2026-09-04;2026-09-14;2026-09-17
363,0.308,31.4,315,2026-06-11;2026-06-23;2026-06-24;2026-06-29;2026-07-01;2026-07-09;2026-07-11;2026-07-21;2026-07-24;2026-08-08;2026-08-13;2026-08-20;2026-08-30;2026-09-02;2026-09-04;2026-09-14;2026-09-17
1034,0.411,45.9,316,2026-06-11;2026-06-23;2026-06-24;2026-06-29;2026-07-01;2026-07-09;2026-07-11;2026-07-21;2026-07-24;2026-08-08;2026-08-13;2026-08-20;2026-08-30;2026-09-02;2026-09-04;2026-09-14;2026-09-17
789,0.45,59.6,312,2026-06-11;2026-06-23;2026-06-24;2026-06-29;2026-07-01;2026-07-09;2026-07-11;2026-07-21;2026-07-24;2026-08-08;2026-08-13;2026-08-20;2026-08-30;2026-09-02;2026-09-04;2026-09-14;2026-09-17
687,0.558,73.0,315,2026-06-11;2026-06-23;2026-06-24;2026-06-29;2026-07-01;2026-07-09;2026-07-11;2026-07-21;2026-07-24;2026-08-08;2026-08-13;2026-08-20;2026-08-30;2026-09-02;2026-09-04;2026-09-14;2026-09-17
1472,0.35,41.0,312,2026-06-11;2026-06-23;2026-06-24;2026-06-29;2026-07-01;2026-07-09;2026-07-11;2026-07-21;2026-07-24;2026-08-08;2026-08-13;2026-08-20;2026-08-30;2026-09-02;2026-09-04;2026-09-14;2026-09-17
317,0.616,83.7,313,2026-06-11;2026-06-23;2026-06-24;2026-06-29;2026-07-01;2026-07-09;2026-07-11;2026-07-21;2026-07-24;2026-08-08;2026-08-13;2026-08-20;2026-08-30;2026-09-02;2026-09-04;2026-09-14;2026-09-17
181,0.529,69.6,312,2026-06-11;2026-06-23;2026-06-24;2026-06-29;2026-07-01;2026-07-09;2026-07-11;2026-07-21;2026-07-24;2026-08-08;2026-08-13;2026-08-20;2026-08-30;2026-09-02;2026-09-04;2026-09-14;2026-09-17
275,0.347,41.0,310,2026-06-11;2026-06-23;2026-06-24;2026-06-29;2026-07-01;2026-07-09;2026-07-11;2026-07-21;2026-07-24;2026-08-08;2026-08-13;2026-08-20;2026-08-30;2026-09-02;2026-09-04;2026-09-14;2026-09-17
796,0.461,61.7,316,2026-06-11;2026-06-23;2026-06-24;2026-06-29;2026-07-01;2026-07-09;2026-07-11;2026-07-21;2026-07-24;2026-08-08;2026-08-13;2026-08-20;2026-08-30;2026-09-02;2026-09-04;2026-09-14;2026-09-17
195,0.563,78.4,315,2026-06-11;2026-06-23;2026-06-24;2026-06-29;2026-07-01;2026-07-09;2026-07-11;2026-07-21;2026-07-24;2026-08-08;2026-08-13;2026-08-20;2026-08-30;2026-09-02;2026-09-04;2026-09-14;2026-09-17
561,0.459,65.9,314,2026-06-11;2026-06-23;2026-06-24;2026-06-29;2026-07-01;2026-07-09;2026-07-11;2026-07-21;2026-07-24;2026-08-08;2026-08-13;2026-08-20;2026-08-30;2026-09-02;2026-09-04;2026-09-14;2026-09-17
997,0.59,77.1,315,2026-06-11;2026-06-23;2026-06-24;2026-06-29;2026-07-01;2026-07-09;2026-07-11;2026-07-21;2026-07-24;2026-08-08;2026-08-13;2026-08-20;2026-08-30;2026-09-02;2026-09-04;2026-09-14;2026-09-17
1101,0.326,34.5,313,2026-06-11;2026-06-23;2026-06-24;2026-06-29;2026-07-01;2026-07-09;2026-07-11;2026-07-21;2026-07-24;2026-08-08;2026-08-13;2026-08-20;2026-08-30;2026-09-02;2026-09-04;2026-09-14;2026-09-17
988,0.538,77.3,313,2026-06-11;2026-06-23;2026-06-24;2026-06-29;2026-07-01;2026-07-09;2026-07-11;2026-07-21;2026-07-24;2026-08-08;2026-08-13;2026-08-20;2026-08-30;2026-09-02;2026-09-04;2026-09-14;2026-09-17
463,0.55,77.2,316,2026-06-11;2026-06-23;2026-06-24;2026-06-29;2026-07-01;2026-07-09;2026-07-11;2026-07-21;2026-07-24;2026-08-08;2026-08-13;2026-08-20;2026-08-30;2026-09-02;2026-09-04;2026-09-14;2026-09-17
545,0.493,67.4,313,2026-06-11;2026-06-23;2026-06-24;2026-06-29;2026-07-01;2026-07-09;2026-07-11;2026-07-21;2026-07-24;2026-08-08;2026-08-13;2026-08-20;2026-08-30;2026-09-02;2026-09-04;2026-09-14;2026-09-17
477,0.51,59.7,313,2026-06-11;2026-06-23;2026-06-24;2026-06-29;2026-07-01;2026-07-09;2026-07-11;2026-07-21;2026-07-24;2026-08-08;2026-08-13;2026-08-20;2026-08-30;2026-09-02;2026-09-04;2026-09-14;2026-09-17
663,0.221,21.2,312,2026-06-11;2026-06-23;2026-06-24;2026-06-29;2026-07-01;2026-07-09;2026-07-11;2026-07-21;2026-07-24;2026-08-08;2026-08-13;2026-08-20;2026-08-30;2026-09-02;2026-09-04;2026-09-14;2026-09-17
486,0.576,80.3,315,2026-06-11;2026-06-23;2026-06-24;2026-06-29;2026-07-01;2026-07-09;2026-07-11;2026-07-21;2026-07-24;2026-08-08;2026-08-13;2026-08-20;2026-08-30;2026-09-02;2026-09-04;2026-09-14;2026-09-17
1627,0.428,53.0,313,2026-06-11;2026-06-23;2026-06-24;2026-06-29;2026-07-01;2026-07-09;2026-07-11;2026-07-21;2026-07-24;2026-08-08;2026-08-13;2026-08-20;2026-08-30;2026-09-02;2026-09-04;2026-09-14;2026-09-17
424,0.458,66.5,316,2026-06-11;2026-06-23;2026-06-24;2026-06-29;2026-07-01;2026-07-09;2026-07-11;2026-07-21;2026-07-24;2026-08-08;2026-08-13;2026-08-20;2026-08-30;2026-09-02;2026-09-04;2026-09-14;2026-09-17
1003,0.534,73.0,311,2026-06-11;2026-06-23;2026-06-24;2026-06-29;2026-07-01;2026-07-09;2026-07-11;2026-07-21;2026-07-24;2026-08-08;2026-08-13;2026-08-20;2026-08-30;2026-09-02;2026-09-04;2026-09-14;2026-09-17
92,0.432,55.4,316,2026-06-11;2026-06-23;2026-06-24;2026-06-29;2026-07-01;2026-07-09;2026-07-11;2026-07-21;2026-07-24;2026-08-08;2026-08-13;2026-08-20;2026-08-30;2026-09-02;2026-09-04;2026-09-14;2026-09-17
1085,0.439,61.7,313,2026-06-11;2026-06-23;2026-06-24;2026-06-29;2026-07-01;2026-07-09;2026-07-11;2026-07-21;2026-07-24;2026-08-08;2026-08-13;2026-08-20;2026-08-30;2026-09-02;2026-09-04;2026-09-14;2026-09-17
37,0.469,56.0,316,2026-06-11;2026-06-23;2026-06-24;2026-06-29;2026-07-01;2026-07-09;2026-07-11;2026-07-21;2026-07-24;2026-08-08;2026-08-13;2026-08-20;2026-08-30;2026-09-02;2026-09-04;2026-09-14;2026-09-17
1611,0.429,55.6,311,2026-06-11;2026-06-23;2026-06-24;2026-06-29;2026-07-01;2026-07-09;2026-07-11;2026-07-21;2026-07-24;2026-08-08;2026-08-13;2026-08-20;2026-08-30;2026-09-02;2026-09-04;2026-09-14;2026-09-17
685,0.475,66.2,311,2026-06-11;2026-06-23;2026-06-24;2026-06-29;2026-07-01;2026-07-09;2026-07-11;2026-07-21;2026-07-24;2026-08-08;2026-08-13;2026-08-20;2026-08-30;2026-09-02;2026-09-04;2026-09-14;2026-09-17
840,0.383,47.1,314,2026-06-11;2026-06-23;2026-06-24;2026-06-29;2026-07-01;2026-07-09;2026-07-11;2026-07-21;2026-07-24;2026-08-08;2026-08-13;2026-08-20;2026-08-30;2026-09-02;2026-09-04;2026-09-14;2026-09-17
430,0.612,87.4,309,2026-06-11;2026-06-23;2026-06-24;2026-06-29;2026-07-01;2026-07-09;2026-07-11;2026-07-21;2026-07-24;2026-08-08;2026-08-13;2026-08-20;2026-08-30;2026-09-02;2026-09-04;2026-09-14;2026-09-17
977,0.369,44.9,312,2026-06-11;2026-06-23;2026-06-24;2026-06-29;2026-07-01;2026-07-09;2026-07-11;2026-07-21;2026-07-24;2026-08-08;2026-08-13;2026-08-20;2026-08-30;2026-09-02;2026-09-04;2026-09-14;2026-09-17
391,0.547,79.1,316,2026-06-11;2026-06-23;2026-06-24;2026-06-29;2026-07-01;2026-07-09;2026-07-11;2026-07-21;2026-07-24;2026-08-08;2026-08-13;2026-08-20;2026-08-30;2026-09-02;2026-09-04;2026-09-14;2026-09-17
758,0.41,49.7,312,2026-06-11;2026-06-23;2026-06-24;2026-06-29;2026-07-01;2026-07-09;2026-07-11;2026-07-21;2026-07-24;2026-08-08;2026-08-13;2026-08-20;2026-08-30;2026-09-02;2026-09-04;2026-09-14;2026-09-17
517,0.586,83.8,309,2026-06-11;2026-06-23;2026-06-24;2026-06-29;2026-07-01;2026-07-09;2026-07-11;2026-07-21;2026-07-24;2026-08-08;2026-08-13;2026-08-20;2026-08-30;2026-09-02;2026-09-04;2026-09-14;2026-09-17
367,0.387,46.3,313,2026-06-11;2026-06-23;2026-06-24;2026-06-29;2026-07-01;2026-07-09;2026-07-11;2026-07-21;2026-07-24;2026-08-08;2026-08-13;2026-08-20;2026-08-30;2026-09-02;2026-09-04;2026-09-14;2026-09-17
748,0.511,71.6,313,2026-06-11;2026-06-23;2026-06-24;2026-06-29;2026-07-01;2026-07-09;2026-07-11;2026-07-21;2026-07-24;2026-08-08;2026-08-13;2026-08-20;2026-08-30;2026-09-02;2026-09-04;2026-09-14;2026-09-17
630,0.453,60.8,314,2026-06-11;2026-06-23;2026-06-24;2026-06-29;2026-07-01;2026-07-09;2026-07-11;2026-07-21;2026-07-24;2026-08-08;2026-08-13;2026-08-20;2026-08-30;2026-09-02;2026-09-04;2026-09-14;2026-09-17
413,0.545,79.6,314,2026-06-11;2026-06-23;2026-06-24;2026-06-29;2026-07-01;2026-07-09;2026-07-11;2026-07-21;2026-07-24;2026-08-08;2026-08-13;2026-08-20;2026-08-30;2026-09-02;2026-09-04;2026-09-14;2026-09-17
1454,0.456,65.5,316,2026-06-11;2026-06-23;2026-06-24;2026-06-29;2026-07-01;2026-07-09;2026-07-11;2026-07-21;2026-07-24;2026-08-08;2026-08-13;2026-08-20;2026-08-30;2026-09-02;2026-09-04;2026-09-14;2026-09-17
192,0.635,97.1,315,2026-06-11;2026-06-23;2026-06-24;2026-06-29;2026-07-01;2026-07-09;2026-07-11;2026-07-21;2026-07-24;2026-08-08;2026-08-13;2026-08-20;2026-08-30;2026-09-02;2026-09-04;2026-09-14;2026-09-17
1343,0.363,37.1,315,2026-06-11;2026-06-23;2026-06-24;2026-06-29;2026-07-01;2026-07-09;2026-07-11;2026-07-21;2026-07-24;2026-08-08;2026-08-13;2026-08-20;2026-08-30;2026-09-02;2026-09-04;2026-09-14;2026-09-17
1430,0.276,27.4,314,2026-06-11;2026-06-23;2026-06-24;2026-06-29;2026-07-01;2026-07-09;2026-07-11;2026-07-21;2026-07-24;2026-08-08;2026-08-13;2026-08-20;2026-08-30;2026-09-02;2026-09-04;2026-09-14;2026-09-17
865,0.52,72.7,315,2026-06-11;2026-06-23;2026-06-24;2026-06-29;2026-07-01;2026-07-09;2026-07-11;2026-07-21;2026-07-24;2026-08-08;2026-08-13;2026-08-20;2026-08-30;2026-09-02;2026-09-04;2026-09-14;2026-09-17
449,0.514,74.8,317,2026-06-11;2026-06-23;2026-06-24;2026-06-29;2026-07-01;2026-07-09;2026-07-11;2026-07-21;2026-07-24;2026-08-08;2026-08-13;2026-08-20;2026-08-30;2026-09-02;2026-09-04;2026-09-14;2026-09-17
375,0.698,96.4,309,2026-06-11;2026-06-23;2026-06-24;2026-06-29;2026-07-01;2026-07-09;2026-07-11;2026-07-21;2026-07-24;2026-08-08;2026-08-13;2026-08-20;2026-08-30;2026-09-02;2026-09-04;2026-09-14;2026-09-17
1621,0.474,65.2,313,2026-06-11;2026-06-23;2026-06-24;2026-06-29;2026-07-01;2026-07-09;2026-07-11;2026-07-21;2026-07-24;2026-08-08;2026-08-13;2026-08-20;2026-08-30;2026-09-02;2026-09-04;2026-09-14;2026-09-17
562,0.397,49.8,315,2026-06-11;2026-06-23;2026-06-24;2026-06-29;2026-07-01;2026-07-09;2026-07-11;2026-07-21;2026-07-24;2026-08-08;2026-08-13;2026-08-20;2026-08-30;2026-09-02;2026-09-04;2026-09-14;2026-09-17
1145,0.35,39.9,313,2026-06-11;2026-06-23;2026-06-24;2026-06-29;2026-07-01;2026-07-09;2026-07-11;2026-07-21;2026-07-24;2026-08-08;2026-08-13;2026-08-20;2026-08-30;2026-09-02;2026-09-04;2026-09-14;2026-09-17
282,0.522,69.6,312,2026-06-11;2026-06-23;2026-06-24;2026-06-29;2026-07-01;2026-07-09;2026-07-11;2026-07-21;2026-07-24;2026-08-08;2026-08-13;2026-08-20;2026-08-30;2026-09-02;2026-09-04;2026-09-14;2026-09-17
453,0.474,62.5,312,2026-06-11;2026-06-23;2026-06-24;2026-06-29;2026-07-01;2026-07-09;2026-07-11;2026-07-21;2026-07-24;2026-08-08;2026-08-13;2026-08-20;2026-08-30;2026-09-02;2026-09-04;2026-09-14;2026-09-17
1568,0.272,32.7,315,2026-06-11;2026-06-23;2026-06-24;2026-06-29;2026-07-01;2026-07-09;2026-07-11;2026-07-21;2026-07-24;2026-08-08;2026-08-13;2026-08-20;2026-08-30;2026-09-02;2026-09-04;2026-09-14;2026-09-17
1453,0.458,64.0,317,2026-06-11;2026-06-23;2026-06-24;2026-06-29;2026-07-01;2026-07-09;2026-07-11;2026-07-21;2026-07-24;2026-08-08;2026-08-13;2026-08-20;2026-08-30;2026-09-02;2026-09-04;2026-09-14;2026-09-17
856,0.614,71.7,311,2026-06-11;2026-06-23;2026-06-24;2026-06-29;2026-07-01;2026-07-09;2026-07-11;2026-07-21;2026-07-24;2026-08-08;2026-08-13;2026-08-20;2026-08-30;2026-09-02;2026-09-04;2026-09-14;2026-09-17
1108,0.583,85.7,315,2026-06-11;2026-06-23;2026-06-24;2026-06-29;2026-07-01;2026-07-09;2026-07-11;2026-07-21;2026-07-24;2026-08-08;2026-08-13;2026-08-20;2026-08-30;2026-09-02;2026-09-04;2026-09-14;2026-09-17
22,0.355,44.9,314,2026-06-11;2026-06-23;2026-06-24;2026-06-29;2026-07-01;2026-07-09;2026-07-11;2026-07-21;2026-07-24;2026-08-08;2026-08-13;2026-08-20;2026-08-30;2026-09-02;2026-09-04;2026-09-14;2026-09-17
684,0.461,51.6,310,2026-06-11;2026-06-23;2026-06-24;2026-06-29;2026-07-01;2026-07-09;2026-07-11;2026-07-21;2026-07-24;2026-08-08;2026-08-13;2026-08-20;2026-08-30;2026-09-02;2026-09-04;2026-09-14;2026-09-17
1489,0.467,54.1,318,2026-06-11;2026-06-23;2026-06-24;2026-06-29;2026-07-01;2026-07-09;2026-07-11;2026-07-21;2026-07-24;2026-08-08;2026-08-13;2026-08-20;2026-08-30;2026-09-02;2026-09-04;2026-09-14;2026-09-17
934,0.542,76.9,316,2026-06-11;2026-06-23;2026-06-24;2026-06-29;2026-07-01;2026-07-09;2026-07-11;2026-07-21;2026-07-24;2026-08-08;2026-08-13;2026-08-20;2026-08-30;2026-09-02;2026-09-04;2026-09-14;2026-09-17
775,0.624,81.2,308,2026-06-11;2026-06-23;2026-06-24;2026-06-29;2026-07-01;2026-07-09;2026-07-11;2026-07-21;2026-07-24;2026-08-08;2026-08-13;2026-08-20;2026-08-30;2026-09-02;2026-09-04;2026-09-14;2026-09-17
531,0.457,63.3,313,2026-06-11;2026-06-23;2026-06-24;2026-06-29;2026-07-01;2026-07-09;2026-07-11;2026-07-21;2026-07-24;2026-08-08;2026-08-13;2026-08-20;2026-08-30;2026-09-02;2026-09-04;2026-09-14;2026-09-17
1440,0.59,82.4,312,2026-06-11;2026-06-23;2026-06-24;2026-06-29;2026-07-01;2026-07-09;2026-07-11;2026-07-21;2026-07-24;2026-08-08;2026-08-13;2026-08-20;2026-08-30;2026-09-02;2026-09-04;2026-09-14;2026-09-17
1011,0.446,55.6,313,2026-06-11;2026-06-23;2026-06-24;2026-06-29;2026-07-01;2026-07-09;2026-07-11;2026-07-21;2026-07-24;2026-08-08;2026-08-13;2026-08-20;2026-08-30;2026-09-02;2026-09-04;2026-09-14;2026-09-17
955,0.518,65.2,313,2026-06-11;2026-06-23;2026-06-24;2026-06-29;2026-07-01;2026-07-09;2026-07-11;2026-07-21;2026-07-24;2026-08-08;2026-08-13;2026-08-20;2026-08-30;2026-09-02;2026-09-04;2026-09-14;2026-09-17
1391,0.486,64.1,312,2026-06-11;2026-06-23;2026-06-24;2026-06-29;2026-07-01;2026-07-09;2026-07-11;2026-07-21;2026-07-24;2026-08-08;2026-08-13;2026-08-20;2026-08-30;2026-09-02;2026-09-04;2026-09-14;2026-09-17
595,0.582,76.5,311,2026-06-11;2026-06-23;2026-06-24;2026-06-29;2026-07-01;2026-07-09;2026-07-11;2026-07-21;2026-07-24;2026-08-08;2026-08-13;2026-08-20;2026-08-30;2026-09-02;2026-09-04;2026-09-14;2026-09-17
1089,0.449,59.9,314,2026-06-11;2026-06-23;2026-06-24;2026-06-29;2026-07-01;2026-07-09;2026-07-11;2026-07-21;2026-07-24;2026-08-08;2026-08-13;2026-08-20;2026-08-30;2026-09-02;2026-09-04;2026-09-14;2026-09-17
1057,0.507,65.6,314,2026-06-11;2026-06-23;2026-06-24;2026-06-29;2026-07-01;2026-07-09;2026-07-11;2026-07-21;2026-07-24;2026-08-08;2026-08-13;2026-08-20;2026-08-30;2026-09-02;2026-09-04;2026-09-14;2026-09-17
743,0.326,36.2,315,2026-06-11;2026-06-23;2026-06-24;2026-06-29;2026-07-01;2026-07-09;2026-07-11;2026-07-21;2026-07-24;2026-08-08;2026-08-13;2026-08-20;2026-08-30;2026-09-02;2026-09-04;2026-09-14;2026-09-17
1600,0.218,11.8,314,2026-06-11;2026-06-23;2026-06-24;2026-06-29;2026-07-01;2026-07-09;2026-07-11;2026-07-21;2026-07-24;2026-08-08;2026-08-13;2026-08-20;2026-08-30;2026-09-02;2026-09-04;2026-09-14;2026-09-17
42,0.272,28.0,314,2026-06-11;2026-06-23;2026-06-24;2026-06-29;2026-07-01;2026-07-09;2026-07-11;2026-07-21;2026-07-24;2026-08-08;2026-08-13;2026-08-20;2026-08-30;2026-09-02;2026-09-04;2026-09-14;2026-09-17
627,0.572,82.2,315,2026-06-11;2026-06-23;2026-06-24;2026-06-29;2026-07-01;2026-07-09;2026-07-11;2026-07-21;2026-07-24;2026-08-08;2026-08-13;2026-08-20;2026-08-30;2026-09-02;2026-09-04;2026-09-14;2026-09-17
1549,0.306,33.1,317,2026-06-11;2026-06-23;2026-06-24;2026-06-29;2026-07-01;2026-07-09;2026-07-11;2026-07-21;2026-07-24;2026-08-08;2026-08-13;2026-08-20;2026-08-30;2026-09-02;2026-09-04;2026-09-14;2026-09-17
98,0.315,32.4,315,2026-06-11;2026-06-23;2026-06-24;2026-06-29;2026-07-01;2026-07-09;2026-07-11;2026-07-21;2026-07-24;2026-08-08;2026-08-13;2026-08-20;2026-08-30;2026-09-02;2026-09-04;2026-09-14;2026-09-17
1306,0.156,4.8,311,2026-06-11;2026-06-23;2026-06-24;2026-06-29;2026-07-01;2026-07-09;2026-07-11;2026-07-21;2026-07-24;2026-08-08;2026-08-13;2026-08-20;2026-08-30;2026-09-02;2026-09-04;2026-09-14;2026-09-17
1278,0.652,90.4,313,2026-06-11;2026-06-23;2026-06-24;2026-06-29;2026-07-01;2026-07-09;2026-07-11;2026-07-21;2026-07-24;2026-08-08;2026-08-13;2026-08-20;2026-08-30;2026-09-02;2026-09-04;2026-09-14;2026-09-17
514,0.663,91.8,316,2026-06-11;2026-06-23;2026-06-24;2026-06-29;2026-07-01;2026-07-09;2026-07-11;2026-07-21;2026-07-24;2026-08-08;2026-08-13;2026-08-20;2026-08-30;2026-09-02;2026-09-04;2026-09-14;2026-09-17
706,0.435,54.7,316,2026-06-11;2026-06-23;2026-06-24;2026-06-29;2026-07-01;2026-07-09;2026-07-11;2026-07-21;2026-07-24;2026-08-08;2026-08-13;2026-08-20;2026-08-30;2026-09-02;2026-09-04;2026-09-14;2026-09-17
814,0.472,62.5,315,2026-06-11;2026-06-23;2026-06-24;2026-06-29;2026-07-01;2026-07-09;2026-07-11;2026-07-21;2026-07-24;2026-08-08;2026-08-13;2026-08-20;2026-08-30;2026-09-02;2026-09-04;2026-09-14;2026-09-17
438,0.091,7.6,315,2026-06-11;2026-06-23;2026-06-24;2026-06-29;2026-07-01;2026-07-09;2026-07-11;2026-07-21;2026-07-24;2026-08-08;2026-08-13;2026-08-20;2026-08-30;2026-09-02;2026-09-04;2026-09-14;2026-09-17
124,0.442,61.1,314,2026-06-11;2026-06-23;2026-06-24;2026-06-29;2026-07-01;2026-07-09;2026-07-11;2026-07-21;2026-07-24;2026-08-08;2026-08-13;2026-08-20;2026-08-30;2026-09-02;2026-09-04;2026-09-14;2026-09-17
1620,0.283,22.8,316,2026-06-11;2026-06-23;2026-06-24;2026-06-29;2026-07-01;2026-07-09;2026-07-11;2026-07-21;2026-07-24;2026-08-08;2026-08-13;2026-08-20;2026-08-30;2026-09-02;2026-09-04;2026-09-14;2026-09-17
182,0.487,62.6,313,2026-06-11;2026-06-23;2026-06-24;2026-06-29;2026-07-01;2026-07-09;2026-07-11;2026-07-21;2026-07-24;2026-08-08;2026-08-13;2026-08-20;2026-08-30;2026-09-02;2026-09-04;2026-09-14;2026-09-17
1267,0.447,61.0,313,2026-06-11;2026-06-23;2026-06-24;2026-06-29;2026-07-01;2026-07-09;2026-07-11;2026-07-21;2026-07-24;2026-08-08;2026-08-13;2026-08-20;2026-08-30;2026-09-02;2026-09-04;2026-09-14;2026-09-17
218,0.466,59.6,314,2026-06-11;2026-06-23;2026-06-24;2026-06-29;2026-07-01;2026-07-09;2026-07-11;2026-07-21;2026-07-24;2026-08-08;2026-08-13;2026-08-20;2026-08-30;2026-09-02;2026-09-04;2026-09-14;2026-09-17
1470,0.543,71.2,313,2026-06-11;2026-06-23;2026-06-24;2026-06-29;2026-07-01;2026-07-09;2026-07-11;2026-07-21;2026-07-24;2026-08-08;2026-08-13;2026-08-20;2026-08-30;2026-09-02;2026-09-04;2026-09-14;2026-09-17
307,0.393,45.2,310,2026-06-11;2026-06-23;2026-06-24;2026-06-29;2026-07-01;2026-07-09;2026-07-11;2026-07-21;2026-07-24;2026-08-08;2026-08-13;2026-08-20;2026-08-30;2026-09-02;2026-09-04;2026-09-14;2026-09-17
1046,0.592,84.6,311,2026-06-11;2026-06-23;2026-06-24;2026-06-29;2026-07-01;2026-07-09;2026-07-11;2026-07-21;2026-07-24;2026-08-08;2026-08-13;2026-08-20;2026-08-30;2026-09-02;2026-09-04;2026-09-14;2026-09-17
670,0.246,20.2,312,2026-06-11;2026-06-23;2026-06-24;2026-06-29;2026-07-01;2026-07-09;2026-07-11;2026-07-21;2026-07-24;2026-08-08;2026-08-13;2026-08-20;2026-08-30;2026-09-02;2026-09-04;2026-09-14;2026-09-17
1317,0.347,33.8,311,2026-06-11;2026-06-23;2026-06-24;2026-06-29;2026-07-01;2026-07-09;2026-07-11;2026-07-21;2026-07-24;2026-08-08;2026-08-13;2026-08-20;2026-08-30;2026-09-02;2026-09-04;2026-09-14;2026-09-17
426,0.463,66.9,314,2026-06-11;2026-06-23;2026-06-24;2026-06-29;2026-07-01;2026-07-09;2026-07-11;2026-07-21;2026-07-24;2026-08-08;2026-08-13;2026-08-20;2026-08-30;2026-09-02;2026-09-04;2026-09-14;2026-09-17
1119,0.443,52.5,316,2026-06-11;2026-06-23;2026-06-24;2026-06-29;2026-07-01;2026-07-09;2026-07-11;2026-07-21;2026-07-24;2026-08-08;2026-08-13;2026-08-20;2026-08-30;2026-09-02;2026-09-04;2026-09-14;2026-09-17
980,0.531,78.4,310,2026-06-11;2026-06-23;2026-06-24;2026-06-29;2026-07-01;2026-07-09;2026-07-11;2026-07-21;2026-07-24;2026-08-08;2026-08-13;2026-08-20;2026-08-30;2026-09-02;2026-09-04;2026-09-14;2026-09-17
237,0.227,18.9,312,2026-06-11;2026-06-23;2026-06-24;2026-06-29;2026-07-01;2026-07-09;2026-07-11;2026-07-21;2026-07-24;2026-08-08;2026-08-13;2026-08-20;2026-08-30;2026-09-02;2026-09-04;2026-09-14;2026-09-17
101,0.333,34.6,312,2026-06-11;2026-06-23;2026-06-24;2026-06-29;2026-07-01;2026-07-09;2026-07-11;2026-07-21;2026-07-24;2026-08-08;2026-08-13;2026-08-20;2026-08-30;2026-09-02;2026-09-04;2026-09-14;2026-09-17
1177,0.434,56.4,314,2026-06-11;2026-06-23;2026-06-24;2026-06-29;2026-07-01;2026-07-09;2026-07-11;2026-07-21;2026-07-24;2026-08-08;2026-08-13;2026-08-20;2026-08-30;2026-09-02;2026-09-04;2026-09-14;2026-09-17
671,0.288,30.4,312,2026-06-11;2026-06-23;2026-06-24;2026-06-29;2026-07-01;2026-07-09;2026-07-11;2026-07-21;2026-07-24;2026-08-08;2026-08-13;2026-08-20;2026-08-30;2026-09-02;2026-09-04;2026-09-14;2026-09-17
184,0.514,66.8,316,2026-06-11;2026-06-23;2026-06-24;2026-06-29;2026-07-01;2026-07-09;2026-07-11;2026-07-21;2026-07-24;2026-08-08;2026-08-13;2026-08-20;2026-08-30;2026-09-02;2026-09-04;2026-09-14;2026-09-17
1351,0.424,54.2,312,2026-06-11;2026-06-23;2026-06-24;2026-06-29;2026-07-01;2026-07-09;2026-07-11;2026-07-21;2026-07-24;2026-08-08;2026-08-13;2026-08-20;2026-08-30;2026-09-02;2026-09-04;2026-09-14;2026-09-17
2,0.114,5.1,312,2026-06-11;2026-06-23;2026-06-24;2026-06-29;2026-07-01;2026-07-09;2026-07-11;2026-07-21;2026-07-24;2026-08-08;2026-08-13;2026-08-20;2026-08-30;2026-09-02;2026-09-04;2026-09-14;2026-09-17
7,0.318,35.0,311,2026-06-11;2026-06-23;2026-06-24;2026-06-29;2026-07-01;2026-07-09;2026-07-11;2026-07-21;2026-07-24;2026-08-08;2026-08-13;2026-08-20;2026-08-30;2026-09-02;2026-09-04;2026-09-14;2026-09-17
589,0.575,74.3,315,2026-06-11;2026-06-23;2026-06-24;2026-06-29;2026-07-01;2026-07-09;2026-07-11;2026-07-21;2026-07-24;2026-08-08;2026-08-13;2026-08-20;2026-08-30;2026-09-02;2026-09-04;2026-09-14;2026-09-17
609,0.48,74.2,310,2026-06-11;2026-06-23;2026-06-24;2026-06-29;2026-07-01;2026-07-09;2026-07-11;2026-07-21;2026-07-24;2026-08-08;2026-08-13;2026-08-20;2026-08-30;2026-09-02;2026-09-04;2026-09-14;2026-09-17
87,0.506,76.3,316,2026-06-11;2026-06-23;2026-06-24;2026-06-29;2026-07-01;2026-07-09;2026-07-11;2026-07-21;2026-07-24;2026-08-08;2026-08-13;2026-08-20;2026-08-30;2026-09-02;2026-09-04;2026-09-14;2026-09-17
811,0.492,59.3,312,2026-06-11;2026-06-23;2026-06-24;2026-06-29;2026-07-01;2026-07-09;2026-07-11;2026-07-21;2026-07-24;2026-08-08;2026-08-13;2026-08-20;2026-08-30;2026-09-02;2026-09-04;2026-09-14;2026-09-17
556,0.487,66.9,317,2026-06-11;2026-06-23;2026-06-24;2026-06-29;2026-07-01;2026-07-09;2026-07-11;2026-07-21;2026-07-24;2026-08-08;2026-08-13;2026-08-20;2026-08-30;2026-09-02;2026-09-04;2026-09-14;2026-09-17
711,0.574,83.2,315,2026-06-11;2026-06-23;2026-06-24;2026-06-29;2026-07-01;2026-07-09;2026-07-11;2026-07-21;2026-07-24;2026-08-08;2026-08-13;2026-08-20;2026-08-30;2026-09-02;2026-09-04;2026-09-14;2026-09-17
1173,0.242,16.6,314,2026-06-11;2026-06-23;2026-06-24;2026-06-29;2026-07-01;2026-07-09;2026-07-11;2026-07-21;2026-07-24;2026-08-08;2026-08-13;2026-08-20;2026-08-30;2026-09-02;2026-09-04;2026-09-14;2026-09-17
716,0.598,91.1,313,2026-06-11;2026-06-23;2026-06-24;2026-06-29;2026-07-01;2026-07-09;2026-07-11;2026-07-21;2026-07-24;2026-08-08;2026-08-13;2026-08-20;2026-08-30;2026-09-02;2026-09-04;2026-09-14;2026-09-17
1082,0.394,44.1,315,2026-06-11;2026-06-23;2026-06-24;2026-06-29;2026-07-01;2026-07-09;2026-07-11;2026-07-21;2026-07-24;2026-08-08;2026-08-13;2026-08-20;2026-08-30;2026-09-02;2026-09-04;2026-09-14;2026-09-17
1015,0.575,79.5,317,2026-06-11;2026-06-23;2026-06-24;2026-06-29;2026-07-01;2026-07-09;2026-07-11;2026-07-21;2026-07-24;2026-08-08;2026-08-13;2026-08-20;2026-08-30;2026-09-02;2026-09-04;2026-09-14;2026-09-17
1081,0.387,54.0,315,2026-06-11;2026-06-23;2026-06-24;2026-06-29;2026-07-01;2026-07-09;2026-07-11;2026-07-21;2026-07-24;2026-08-08;2026-08-13;2026-08-20;2026-08-30;2026-09-02;2026-09-04;2026-09-14;2026-09-17
1479,0.441,58.0,314,2026-06-11;2026-06-23;2026-06-24;2026-06-29;2026-07-01;2026-07-09;2026-07-11;2026-07-21;2026-07-24;2026-08-08;2026-08-13;2026-08-20;2026-08-30;2026-09-02;2026-09-04;2026-09-14;2026-09-17
419,0.461,64.9,313,2026-06-11;2026-06-23;2026-06-24;2026-06-29;2026-07-01;2026-07-09;2026-07-11;2026-07-21;2026-07-24;2026-08-08;2026-08-13;2026-08-20;2026-08-30;2026-09-02;2026-09-04;2026-09-14;2026-09-17
1319,0.617,84.3,312,2026-06-11;2026-06-23;2026-06-24;2026-06-29;2026-07-01;2026-07-09;2026-07-11;2026-07-21;2026-07-24;2026-08-08;2026-08-13;2026-08-20;2026-08-30;2026-09-02;2026-09-04;2026-09-14;2026-09-17
201,0.185,18.0,316,2026-06-11;2026-06-23;2026-06-24;2026-06-29;2026-07-01;2026-07-09;2026-07-11;2026-07-21;2026-07-24;2026-08-08;2026-08-13;2026-08-20;2026-08-30;2026-09-02;2026-09-04;2026-09-14;2026-09-17
203,0.27,30.9,314,2026-06-11;2026-06-23;2026-06-24;2026-06-29;2026-07-01;2026-07-09;2026-07-11;2026-07-21;2026-07-24;2026-08-08;2026-08-13;2026-08-20;2026-08-30;2026-09-02;2026-09-04;2026-09-14;2026-09-17
9,0.272,30.4,313,2026-06-11;2026-06-23;2026-06-24;2026-06-29;2026-07-01;2026-07-09;2026-07-11;2026-07-21;2026-07-24;2026-08-08;2026-08-13;2026-08-20;2026-08-30;2026-09-02;2026-09-04;2026-09-14;2026-09-17
1153,0.328,35.1,308,2026-06-11;2026-06-23;2026-06-24;2026-06-29;2026-07-01;2026-07-09;2026-07-11;2026-07-21;2026-07-24;2026-08-08;2026-08-13;2026-08-20;2026-08-30;2026-09-02;2026-09-04;2026-09-14;2026-09-17
1551,0.485,61.0,313,2026-06-11;2026-06-23;2026-06-24;2026-06-29;2026-07-01;2026-07-09;2026-07-11;2026-07-21;2026-07-24;2026-08-08;2026-08-13;2026-08-20;2026-08-30;2026-09-02;2026-09-04;2026-09-14;2026-09-17
1054,0.529,78.0,313,2026-06-11;2026-06-23;2026-06-24;2026-06-29;2026-07-01;2026-07-09;2026-07-11;2026-07-21;2026-07-24;2026-08-08;2026-08-13;2026-08-20;2026-08-30;2026-09-02;2026-09-04;2026-09-14;2026-09-17
1389,0.497,67.0,312,2026-06-11;2026-06-23;2026-06-24;2026-06-29;2026-07-01;2026-07-09;2026-07-11;2026-07-21;2026-07-24;2026-08-08;2026-08-13;2026-08-20;2026-08-30;2026-09-02;2026-09-04;2026-09-14;2026-09-17
279,0.506,68.0,316,2026-06-11;2026-06-23;2026-06-24;2026-06-29;2026-07-01;2026-07-09;2026-07-11;2026-07-21;2026-07-24;2026-08-08;2026-08-13;2026-08-20;2026-08-30;2026-09-02;2026-09-04;2026-09-14;2026-09-17
1372,0.265,24.8,310,2026-06-11;2026-06-23;2026-06-24;2026-06-29;2026-07-01;2026-07-09;2026-07-11;2026-07-21;2026-07-24;2026-08-08;2026-08-13;2026-08-20;2026-08-30;2026-09-02;2026-09-04;2026-09-14;2026-09-17
947,0.552,75.6,311,2026-06-11;2026-06-23;2026-06-24;2026-06-29;2026-07-01;2026-07-09;2026-07-11;2026-07-21;2026-07-24;2026-08-08;2026-08-13;2026-08-20;2026-08-30;2026-09-02;2026-09-04;2026-09-14;2026-09-17
110,0.468,56.5,313,2026-06-11;2026-06-23;2026-06-24;2026-06-29;2026-07-01;2026-07-09;2026-07-11;2026-07-21;2026-07-24;2026-08-08;2026-08-13;2026-08-20;2026-08-30;2026-09-02;2026-09-04;2026-09-14;2026-09-17
1206,0.319,33.5,313,2026-06-11;2026-06-23;2026-06-24;2026-06-29;2026-07-01;2026-07-09;2026-07-11;2026-07-21;2026-07-24;2026-08-08;2026-08-13;2026-08-20;2026-08-30;2026-09-02;2026-09-04;2026-09-14;2026-09-17
1216,0.279,28.1,313,2026-06-11;2026-06-23;2026-06-24;2026-06-29;2026-07-01;2026-07-09;2026-07-11;2026-07-21;2026-07-24;2026-08-08;2026-08-13;2026-08-20;2026-08-30;2026-09-02;2026-09-04;2026-09-14;2026-09-17
533,0.385,48.1,316,2026-06-11;2026-06-23;2026-06-24;2026-06-29;2026-07-01;2026-07-09;2026-07-11;2026-07-21;2026-07-24;2026-08-08;2026-08-13;2026-08-20;2026-08-30;2026-09-02;2026-09-04;2026-09-14;2026-09-17
993,0.566,76.2,311,2026-06-11;2026-06-23;2026-06-24;2026-06-29;2026-07-01;2026-07-09;2026-07-11;2026-07-21;2026-07-24;2026-08-08;2026-08-13;2026-08-20;2026-08-30;2026-09-02;2026-09-04;2026-09-14;2026-09-17
1333,0.431,51.6,316,2026-06-11;2026-06-23;2026-06-24;2026-06-29;2026-07-01;2026-07-09;2026-07-11;2026-07-21;2026-07-24;2026-08-08;2026-08-13;2026-08-20;2026-08-30;2026-09-02;2026-09-04;2026-09-14;2026-09-17
759,0.595,81.9,315,2026-06-11;2026-06-23;2026-06-24;2026-06-29;2026-07-01;2026-07-09;2026-07-11;2026-07-21;2026-07-24;2026-08-08;2026-08-13;2026-08-20;2026-08-30;2026-09-02;2026-09-04;2026-09-14;2026-09-17
1349,0.287,28.8,312,2026-06-11;2026-06-23;2026-06-24;2026-06-29;2026-07-01;2026-07-09;2026-07-11;2026-07-21;2026-07-24;2026-08-08;2026-08-13;2026-08-20;2026-08-30;2026-09-02;2026-09-04;2026-09-14;2026-09-17
360,0.501,64.1,312,2026-06-11;2026-06-23;2026-06-24;2026-06-29;2026-07-01;2026-07-09;2026-07-11;2026-07-21;2026-07-24;2026-08-08;2026-08-13;2026-08-20;2026-08-30;2026-09-02;2026-09-04;2026-09-14;2026-09-17
666,0.244,19.9,316,2026-06-11;2026-06-23;2026-06-24;2026-06-29;2026-07-01;2026-07-09;2026-07-11;2026-07-21;2026-07-24;2026-08-08;2026-08-13;2026-08-20;2026-08-30;2026-09-02;2026-09-04;2026-09-14;2026-09-17
946,0.565,77.9,312,2026-06-11;2026-06-23;2026-06-24;2026-06-29;2026-07-01;2026-07-09;2026-07-11;2026-07-21;2026-07-24;2026-08-08;2026-08-13;2026-08-20;2026-08-30;2026-09-02;2026-09-04;2026-09-14;2026-09-17
1120,0.352,35.4,314,2026-06-11;2026-06-23;2026-06-24;2026-06-29;2026-07-01;2026-07-09;2026-07-11;2026-07-21;2026-07-24;2026-08-08;2026-08-13;2026-08-20;2026-08-30;2026-09-02;2026-09-04;2026-09-14;2026-09-17
1610,0.281,22.4,312,2026-06-11;2026-06-23;2026-06-24;2026-06-29;2026-07-01;2026-07-09;2026-07-11;2026-07-21;2026-07-24;2026-08-08;2026-08-13;2026-08-20;2026-08-30;2026-09-02;2026-09-04;2026-09-14;2026-09-17
1140,0.473,61.3,315,2026-06-11;2026-06-23;2026-06-24;2026-06-29;2026-07-01;2026-07-09;2026-07-11;2026-07-21;2026-07-24;2026-08-08;2026-08-13;2026-08-20;2026-08-30;2026-09-02;2026-09-04;2026-09-14;2026-09-17
97,0.463,57.4,317,2026-06-11;2026-06-23;2026-06-24;2026-06-29;2026-07-01;2026-07-09;2026-07-11;2026-07-21;2026-07-24;2026-08-08;2026-08-13;2026-08-20;2026-08-30;2026-09-02;2026-09-04;2026-09-14;2026-09-17
349,0.589,78.2,317,2026-06-11;2026-06-23;2026-06-24;2026-06-29;2026-07-01;2026-07-09;2026-07-11;2026-07-21;2026-07-24;2026-08-08;2026-08-13;2026-08-20;2026-08-30;2026-09-02;2026-09-04;2026-09-14;2026-09-17
1183,0.37,43.6,314,2026-06-11;2026-06-23;2026-06-24;2026-06-29;2026-07-01;2026-07-09;2026-07-11;2026-07-21;2026-07-24;2026-08-08;2026-08-13;2026-08-20;2026-08-30;2026-09-02;2026-09-04;2026-09-14;2026-09-17
784,0.453,60.6,312,2026-06-11;2026-06-23;2026-06-24;2026-06-29;2026-07-01;2026-07-09;2026-07-11;2026-07-21;2026-07-24;2026-08-08;2026-08-13;2026-08-20;2026-08-30;2026-09-02;2026-09-04;2026-09-14;2026-09-17
26,0.195,6.3,315,2026-06-11;2026-06-23;2026-06-24;2026-06-29;2026-07-01;2026-07-09;2026-07-11;2026-07-21;2026-07-24;2026-08-08;2026-08-13;2026-08-20;2026-08-30;2026-09-02;2026-09-04;2026-09-14;2026-09-17
1301,0.287,31.8,314,2026-06-11;2026-06-23;2026-06-24;2026-06-29;2026-07-01;2026-07-09;2026-07-11;2026-07-21;2026-07-24;2026-08-08;2026-08-13;2026-08-20;2026-08-30;2026-09-02;2026-09-04;2026-09-14;2026-09-17
342,0.653,80.6,315,2026-06-11;2026-06-23;2026-06-24;2026-06-29;2026-07-01;2026-07-09;2026-07-11;2026-07-21;2026-07-24;2026-08-08;2026-08-13;2026-08-20;2026-08-30;2026-09-02;2026-09-04;2026-09-14;2026-09-17
1058,0.478,61.1,316,2026-06-11;2026-06-23;2026-06-24;2026-06-29;2026-07-01;2026-07-09;2026-07-11;2026-07-21;2026-07-24;2026-08-08;2026-08-13;2026-08-20;2026-08-30;2026-09-02;2026-09-04;2026-09-14;2026-09-17
1289,0.275,25.6,313,2026-06-11;2026-06-23;2026-06-24;2026-06-29;2026-07-01;2026-07-09;2026-07-11;2026-07-21;2026-07-24;2026-08-08;2026-08-13;2026-08-20;2026-08-30;2026-09-02;2026-09-04;2026-09-14;2026-09-17
764,0.365,44.3,314,2026-06-11;2026-06-23;2026-06-24;2026-06-29;2026-07-01;2026-07-09;2026-07-11;2026-07-21;2026-07-24;2026-08-08;2026-08-13;2026-08-20;2026-08-30;2026-09-02;2026-09-04;2026-09-14;2026-09-17
228,0.61,89.2,316,2026-06-11;2026-06-23;2026-06-24;2026-06-29;2026-07-01;2026-07-09;2026-07-11;2026-07-21;2026-07-24;2026-08-08;2026-08-13;2026-08-20;2026-08-30;2026-09-02;2026-09-04;2026-09-14;2026-09-17
507,0.489,64.8,315,2026-06-11;2026-06-23;2026-06-24;2026-06-29;2026-07-01;2026-07-09;2026-07-11;2026-07-21;2026-07-24;2026-08-08;2026-08-13;2026-08-20;2026-08-30;2026-09-02;2026-09-04;2026-09-14;2026-09-17
255,0.278,26.2,313,2026-06-11;2026-06-23;2026-06-24;2026-06-29;2026-07-01;2026-07-09;2026-07-11;2026-07-21;2026-07-24;2026-08-08;2026-08-13;2026-08-20;2026-08-30;2026-09-02;2026-09-04;2026-09-14;2026-09-17
1166,0.617,82.4,312,2026-06-11;2026-06-23;2026-06-24;2026-06-29;2026-07-01;2026-07-09;2026-07-11;2026-07-21;2026-07-24;2026-08-08;2026-08-13;2026-08-20;2026-08-30;2026-09-02;2026-09-04;2026-09-14;2026-09-17
804,0.441,61.8,317,2026-06-11;2026-06-23;2026-06-24;2026-06-29;2026-07-01;2026-07-09;2026-07-11;2026-07-21;2026-07-24;2026-08-08;2026-08-13;2026-08-20;2026-08-30;2026-09-02;2026-09-04;2026-09-14;2026-09-17
1393,0.542,81.4,311,2026-06-11;2026-06-23;2026-06-24;2026-06-29;2026-07-01;2026-07-09;2026-07-11;2026-07-21;2026-07-24;2026-08-08;2026-08-13;2026-08-20;2026-08-30;2026-09-02;2026-09-04;2026-09-14;2026-09-17
1187,0.594,86.5,310,2026-06-11;2026-06-23;2026-06-24;2026-06-29;2026-07-01;2026-07-09;2026-07-11;2026-07-21;2026-07-24;2026-08-08;2026-08-13;2026-08-20;2026-08-30;2026-09-02;2026-09-04;2026-09-14;2026-09-17
756,0.611,85.1,315,2026-06-11;2026-06-23;2026-06-24;2026-06-29;2026-07-01;2026-07-09;2026-07-11;2026-07-21;2026-07-24;2026-08-08;2026-08-13;2026-08-20;2026-08-30;2026-09-02;2026-09-04;2026-09-14;2026-09-17
483,0.533,69.0,316,2026-06-11;2026-06-23;2026-06-24;2026-06-29;2026-07-01;2026-07-09;2026-07-11;2026-07-21;2026-07-24;2026-08-08;2026-08-13;2026-08-20;2026-08-30;2026-09-02;2026-09-04;2026-09-14;2026-09-17
396,0.514,71.0,310,2026-06-11;2026-06-23;2026-06-24;2026-06-29;2026-07-01;2026-07-09;2026-07-11;2026-07-21;2026-07-24;2026-08-08;2026-08-13;2026-08-20;2026-08-30;2026-09-02;2026-09-04;2026-09-14;2026-09-17
1036,0.474,56.7,314,2026-06-11;2026-06-23;2026-06-24;2026-06-29;2026-07-01;2026-07-09;2026-07-11;2026-07-21;2026-07-24;2026-08-08;2026-08-13;2026-08-20;2026-08-30;2026-09-02;2026-09-04;2026-09-14;2026-09-17
996,0.634,83.2,309,2026-06-11;2026-06-23;2026-06-24;2026-06-29;2026-07-01;2026-07-09;2026-07-11;2026-07-21;2026-07-24;2026-08-08;2026-08-13;2026-08-20;2026-08-30;2026-09-02;2026-09-04;2026-09-14;2026-09-17
1096,0.284,25.9,316,2026-06-11;2026-06-23;2026-06-24;2026-06-29;2026-07-01;2026-07-09;2026-07-11;2026-07-21;2026-07-24;2026-08-08;2026-08-13;2026-08-20;2026-08-30;2026-09-02;2026-09-04;2026-09-14;2026-09-17
1124,0.475,56.8,315,2026-06-11;2026-06-23;2026-06-24;2026-06-29;2026-07-01;2026-07-09;2026-07-11;2026-07-21;2026-07-24;2026-08-08;2026-08-13;2026-08-20;2026-08-30;2026-09-02;2026-09-04;2026-09-14;2026-09-17
525,0.646,89.9,316,2026-06-11;2026-06-23;2026-06-24;2026-06-29;2026-07-01;2026-07-09;2026-07-11;2026-07-21;2026-07-24;2026-08-08;2026-08-13;2026-08-20;2026-08-30;2026-09-02;2026-09-04;2026-09-14;2026-09-17
858,0.647,87.6,315,2026-06-11;2026-06-23;2026-06-24;2026-06-29;2026-07-01;2026-07-09;2026-07-11;2026-07-21;2026-07-24;2026-08-08;2026-08-13;2026-08-20;2026-08-30;2026-09-02;2026-09-04;2026-09-14;2026-09-17
1112,0.584,76.4,314,2026-06-11;2026-06-23;2026-06-24;2026-06-29;2026-07-01;2026-07-09;2026-07-11;2026-07-21;2026-07-24;2026-08-08;2026-08-13;2026-08-20;2026-08-30;2026-09-02;2026-09-04;2026-09-14;2026-09-17
844,0.452,63.1,314,2026-06-11;2026-06-23;2026-06-24;2026-06-29;2026-07-01;2026-07-09;2026-07-11;2026-07-21;2026-07-24;2026-08-08;2026-08-13;2026-08-20;2026-08-30;2026-09-02;2026-09-04;2026-09-14;2026-09-17
409,0.267,29.5,315,2026-06-11;2026-06-23;2026-06-24;2026-06-29;2026-07-01;2026-07-09;2026-07-11;2026-07-21;2026-07-24;2026-08-08;2026-08-13;2026-08-20;2026-08-30;2026-09-02;2026-09-04;2026-09-14;2026-09-17
970,0.403,50.0,312,2026-06-11;2026-06-23;2026-06-24;2026-06-29;2026-07-01;2026-07-09;2026-07-11;2026-07-21;2026-07-24;2026-08-08;2026-08-13;2026-08-20;2026-08-30;2026-09-02;2026-09-04;2026-09-14;2026-09-17
1043,0.499,70.1,314,2026-06-11;2026-06-23;2026-06-24;2026-06-29;2026-07-01;2026-07-09;2026-07-11;2026-07-21;2026-07-24;2026-08-08;2026-08-13;2026-08-20;2026-08-30;2026-09-02;2026-09-04;2026-09-14;2026-09-17
1159,0.254,25.7,315,2026-06-11;2026-06-23;2026-06-24;2026-06-29;2026-07-01;2026-07-09;2026-07-11;2026-07-21;2026-07-24;2026-08-08;2026-08-13;2026-08-20;2026-08-30;2026-09-02;2026-09-04;2026-09-14;2026-09-17
672,0.237,21.8,316,2026-06-11;2026-06-23;2026-06-24;2026-06-29;2026-07-01;2026-07-09;2026-07-11;2026-07-21;2026-07-24;2026-08-08;2026-08-13;2026-08-20;2026-08-30;2026-09-02;2026-09-04;2026-09-14;2026-09-17
450,0.49,63.9,313,2026-06-11;2026-06-23;2026-06-24;2026-06-29;2026-07-01;2026-07-09;2026-07-11;2026-07-21;2026-07-24;2026-08-08;2026-08-13;2026-08-20;2026-08-30;2026-09-02;2026-09-04;2026-09-14;2026-09-17
673,0.33,36.3,314,2026-06-11;2026-06-23;2026-06-24;2026-06-29;2026-07-01;2026-07-09;2026-07-11;2026-07-21;2026-07-24;2026-08-08;2026-08-13;2026-08-20;2026-08-30;2026-09-02;2026-09-04;2026-09-14;2026-09-17
690,0.231,19.2,312,2026-06-11;2026-06-23;2026-06-24;2026-06-29;2026-07-01;2026-07-09;2026-07-11;2026-07-21;2026-07-24;2026-08-08;2026-08-13;2026-08-20;2026-08-30;2026-09-02;2026-09-04;2026-09-14;2026-09-17
140,0.157,7.0,315,2026-06-11;2026-06-23;2026-06-24;2026-06-29;2026-07-01;2026-07-09;2026-07-11;2026-07-21;2026-07-24;2026-08-08;2026-08-13;2026-08-20;2026-08-30;2026-09-02;2026-09-04;2026-09-14;2026-09-17
1420,0.296,25.4,315,2026-06-11;2026-06-23;2026-06-24;2026-06-29;2026-07-01;2026-07-09;2026-07-11;2026-07-21;2026-07-24;2026-08-08;2026-08-13;2026-08-20;2026-08-30;2026-09-02;2026-09-04;2026-09-14;2026-09-17
325,0.41,52.4,315,2026-06-11;2026-06-23;2026-06-24;2026-06-29;2026-07-01;2026-07-09;2026-07-11;2026-07-21;2026-07-24;2026-08-08;2026-08-13;2026-08-20;2026-08-30;2026-09-02;2026-09-04;2026-09-14;2026-09-17
347,0.574,77.4,314,2026-06-11;2026-06-23;2026-06-24;2026-06-29;2026-07-01;2026-07-09;2026-07-11;2026-07-21;2026-07-24;2026-08-08;2026-08-13;2026-08-20;2026-08-30;2026-09-02;2026-09-04;2026-09-14;2026-09-17
998,0.351,37.9,309,2026-06-11;2026-06-23;2026-06-24;2026-06-29;2026-07-01;2026-07-09;2026-07-11;2026-07-21;2026-07-24;2026-08-08;2026-08-13;2026-08-20;2026-08-30;2026-09-02;2026-09-04;2026-09-14;2026-09-17
632,0.573,90.7,313,2026-06-11;2026-06-23;2026-06-24;2026-06-29;2026-07-01;2026-07-09;2026-07-11;2026-07-21;2026-07-24;2026-08-08;2026-08-13;2026-08-20;2026-08-30;2026-09-02;2026-09-04;2026-09-14;2026-09-17
1337,0.531,73.5,313,2026-06-11;2026-06-23;2026-06-24;2026-06-29;2026-07-01;2026-07-09;2026-07-11;2026-07-21;2026-07-24;2026-08-08;2026-08-13;2026-08-20;2026-08-30;2026-09-02;2026-09-04;2026-09-14;2026-09-17
306,0.546,71.8,316,2026-06-11;2026-06-23;2026-06-24;2026-06-29;2026-07-01;2026-07-09;2026-07-11;2026-07-21;2026-07-24;2026-08-08;2026-08-13;2026-08-20;2026-08-30;2026-09-02;2026-09-04;2026-09-14;2026-09-17
14,0.458,54.9,315,2026-06-11;2026-06-23;2026-06-24;2026-06-29;2026-07-01;2026-07-09;2026-07-11;2026-07-21;2026-07-24;2026-08-08;2026-08-13;2026-08-20;2026-08-30;2026-09-02;2026-09-04;2026-09-14;2026-09-17
125,0.489,71.4,315,2026-06-11;2026-06-23;2026-06-24;2026-06-29;2026-07-01;2026-07-09;2026-07-11;2026-07-21;2026-07-24;2026-08-08;2026-08-13;2026-08-20;2026-08-30;2026-09-02;2026-09-04;2026-09-14;2026-09-17
1098,0.282,26.8,310,2026-06-11;2026-06-23;2026-06-24;2026-06-29;2026-07-01;2026-07-09;2026-07-11;2026-07-21;2026-07-24;2026-08-08;2026-08-13;2026-08-20;2026-08-30;2026-09-02;2026-09-04;2026-09-14;2026-09-17
152,0.399,50.3,314,2026-06-11;2026-06-23;2026-06-24;2026-06-29;2026-07-01;2026-07-09;2026-07-11;2026-07-21;2026-07-24;2026-08-08;2026-08-13;2026-08-20;2026-08-30;2026-09-02;2026-09-04;2026-09-14;2026-09-17
247,0.373,45.6,309,2026-06-11;2026-06-23;2026-06-24;2026-06-29;2026-07-01;2026-07-09;2026-07-11;2026-07-21;2026-07-24;2026-08-08;2026-08-13;2026-08-20;2026-08-30;2026-09-02;2026-09-04;2026-09-14;2026-09-17
1,0.208,13.7,313,2026-06-11;2026-06-23;2026-06-24;2026-06-29;2026-07-01;2026-07-09;2026-07-11;2026-07-21;2026-07-24;2026-08-08;2026-08-13;2026-08-20;2026-08-30;2026-09-02;2026-09-04;2026-09-14;2026-09-17
1550,0.336,34.5,313,2026-06-11;2026-06-23;2026-06-24;2026-06-29;2026-07-01;2026-07-09;2026-07-11;2026-07-21;2026-07-24;2026-08-08;2026-08-13;2026-08-20;2026-08-30;2026-09-02;2026-09-04;2026-09-14;2026-09-17
1303,0.558,75.1,313,2026-06-11;2026-06-23;2026-06-24;2026-06-29;2026-07-01;2026-07-09;2026-07-11;2026-07-21;2026-07-24;2026-08-08;2026-08-13;2026-08-20;2026-08-30;2026-09-02;2026-09-04;2026-09-14;2026-09-17
1104,0.453,58.7,312,2026-06-11;2026-06-23;2026-06-24;2026-06-29;2026-07-01;2026-07-09;2026-07-11;2026-07-21;2026-07-24;2026-08-08;2026-08-13;2026-08-20;2026-08-30;2026-09-02;2026-09-04;2026-09-14;2026-09-17
838,0.249,31.9,310,2026-06-11;2026-06-23;2026-06-24;2026-06-29;2026-07-01;2026-07-09;2026-07-11;2026-07-21;2026-07-24;2026-08-08;2026-08-13;2026-08-20;2026-08-30;2026-09-02;2026-09-04;2026-09-14;2026-09-17
373,0.167,5.4,313,2026-06-11;2026-06-23;2026-06-24;2026-06-29;2026-07-01;2026-07-09;2026-07-11;2026-07-21;2026-07-24;2026-08-08;2026-08-13;2026-08-20;2026-08-30;2026-09-02;2026-09-04;2026-09-14;2026-09-17
389,0.601,79.0,309,2026-06-11;2026-06-23;2026-06-24;2026-06-29;2026-07-01;2026-07-09;2026-07-11;2026-07-21;2026-07-24;2026-08-08;2026-08-13;2026-08-20;2026-08-30;2026-09-02;2026-09-04;2026-09-14;2026-09-17
833,0.491,63.9,310,2026-06-11;2026-06-23;2026-06-24;2026-06-29;2026-07-01;2026-07-09;2026-07-11;2026-07-21;2026-07-24;2026-08-08;2026-08-13;2026-08-20;2026-08-30;2026-09-02;2026-09-04;2026-09-14;2026-09-17
144,0.267,23.7,312,2026-06-11;2026-06-23;2026-06-24;2026-06-29;2026-07-01;2026-07-09;2026-07-11;2026-07-21;2026-07-24;2026-08-08;2026-08-13;2026-08-20;2026-08-30;2026-09-02;2026-09-04;2026-09-14;2026-09-17
395,0.358,41.1,316,2026-06-11;2026-06-23;2026-06-24;2026-06-29;2026-07-01;2026-07-09;2026-07-11;2026-07-21;2026-07-24;2026-08-08;2026-08-13;2026-08-20;2026-08-30;2026-09-02;2026-09-04;2026-09-14;2026-09-17
236,0.21,11.1,316,2026-06-11;2026-06-23;2026-06-24;2026-06-29;2026-07-01;2026-07-09;2026-07-11;2026-07-21;2026-07-24;2026-08-08;2026-08-13;2026-08-20;2026-08-30;2026-09-02;2026-09-04;2026-09-14;2026-09-17
1016,0.52,68.9,312,2026-06-11;2026-06-23;2026-06-24;2026-06-29;2026-07-01;2026-07-09;2026-07-11;2026-07-21;2026-07-24;2026-08-08;2026-08-13;2026-08-20;2026-08-30;2026-09-02;2026-09-04;2026-09-14;2026-09-17
1049,0.556,76.0,317,2026-06-11;2026-06-23;2026-06-24;2026-06-29;2026-07-01;2026-07-09;2026-07-11;2026-07-21;2026-07-24;2026-08-08;2026-08-13;2026-08-20;2026-08-30;2026-09-02;2026-09-04;2026-09-14;2026-09-17
256,0.345,41.3,312,2026-06-11;2026-06-23;2026-06-24;2026-06-29;2026-07-01;2026-07-09;2026-07-11;2026-07-21;2026-07-24;2026-08-08;2026-08-13;2026-08-20;2026-08-30;2026-09-02;2026-09-04;2026-09-14;2026-09-17
1613,0.58,78.5,316,2026-06-11;2026-06-23;2026-06-24;2026-06-29;2026-07-01;2026-07-09;2026-07-11;2026-07-21;2026-07-24;2026-08-08;2026-08-13;2026-08-20;2026-08-30;2026-09-02;2026-09-04;2026-09-14;2026-09-17
1055,0.58,74.0,315,2026-06-11;2026-06-23;2026-06-24;2026-06-29;2026-07-01;2026-07-09;2026-07-11;2026-07-21;2026-07-24;2026-08-08;2026-08-13;2026-08-20;2026-08-30;2026-09-02;2026-09-04;2026-09-14;2026-09-17
618,0.452,58.3,314,2026-06-11;2026-06-23;2026-06-24;2026-06-29;2026-07-01;2026-07-09;2026-07-11;2026-07-21;2026-07-24;2026-08-08;2026-08-13;2026-08-20;2026-08-30;2026-09-02;2026-09-04;2026-09-14;2026-09-17
1585,0.244,21.0,309,2026-06-11;2026-06-23;2026-06-24;2026-06-29;2026-07-01;2026-07-09;2026-07-11;2026-07-21;2026-07-24;2026-08-08;2026-08-13;2026-08-20;2026-08-30;2026-09-02;2026-09-04;2026-09-14;2026-09-17
899,0.478,63.3,311,2026-06-11;2026-06-23;2026-06-24;2026-06-29;2026-07-01;2026-07-09;2026-07-11;2026-07-21;2026-07-24;2026-08-08;2026-08-13;2026-08-20;2026-08-30;2026-09-02;2026-09-04;2026-09-14;2026-09-17
802,0.416,47.8,316,2026-06-11;2026-06-23;2026-06-24;2026-06-29;2026-07-01;2026-07-09;2026-07-11;2026-07-21;2026-07-24;2026-08-08;2026-08-13;2026-08-20;2026-08-30;2026-09-02;2026-09-04;2026-09-14;2026-09-17
388,0.605,76.8,311,2026-06-11;2026-06-23;2026-06-24;2026-06-29;2026-07-01;2026-07-09;2026-07-11;2026-07-21;2026-07-24;2026-08-08;2026-08-13;2026-08-20;2026-08-30;2026-09-02;2026-09-04;2026-09-14;2026-09-17
1194,0.162,7.4,312,2026-06-11;2026-06-23;2026-06-24;2026-06-29;2026-07-01;2026-07-09;2026-07-11;2026-07-21;2026-07-24;2026-08-08;2026-08-13;2026-08-20;2026-08-30;2026-09-02;2026-09-04;2026-09-14;2026-09-17
53,0.213,12.6,310,2026-06-11;2026-06-23;2026-06-24;2026-06-29;2026-07-01;2026-07-09;2026-07-11;2026-07-21;2026-07-24;2026-08-08;2026-08-13;2026-08-20;2026-08-30;2026-09-02;2026-09-04;2026-09-14;2026-09-17
718,0.44,62.1,317,2026-06-11;2026-06-23;2026-06-24;2026-06-29;2026-07-01;2026-07-09;2026-07-11;2026-07-21;2026-07-24;2026-08-08;2026-08-13;2026-08-20;2026-08-30;2026-09-02;2026-09-04;2026-09-14;2026-09-17
668,0.277,22.1,317,2026-06-11;2026-06-23;2026-06-24;2026-06-29;2026-07-01;2026-07-09;2026-07-11;2026-07-21;2026-07-24;2026-08-08;2026-08-13;2026-08-20;2026-08-30;2026-09-02;2026-09-04;2026-09-14;2026-09-17
787,0.583,73.4,316,2026-06-11;2026-06-23;2026-06-24;2026-06-29;2026-07-01;2026-07-09;2026-07-11;2026-07-21;2026-07-24;2026-08-08;2026-08-13;2026-08-20;2026-08-30;2026-09-02;2026-09-04;2026-09-14;2026-09-17
1270,0.541,70.8,315,2026-06-11;2026-06-23;2026-06-24;2026-06-29;2026-07-01;2026-07-09;2026-07-11;2026-07-21;2026-07-24;2026-08-08;2026-08-13;2026-08-20;2026-08-30;2026-09-02;2026-09-04;2026-09-14;2026-09-17
1325,0.453,58.2,311,2026-06-11;2026-06-23;2026-06-24;2026-06-29;2026-07-01;2026-07-09;2026-07-11;2026-07-21;2026-07-24;2026-08-08;2026-08-13;2026-08-20;2026-08-30;2026-09-02;2026-09-04;2026-09-14;2026-09-17
1492,0.265,23.2,314,2026-06-11;2026-06-23;2026-06-24;2026-06-29;2026-07-01;2026-07-09;2026-07-11;2026-07-21;2026-07-24;2026-08-08;2026-08-13;2026-08-20;2026-08-30;2026-09-02;2026-09-04;2026-09-14;2026-09-17
693,0.222,16.8,315,2026-06-11;2026-06-23;2026-06-24;2026-06-29;2026-07-01;2026-07-09;2026-07-11;2026-07-21;2026-07-24;2026-08-08;2026-08-13;2026-08-20;2026-08-30;2026-09-02;2026-09-04;2026-09-14;2026-09-17
262,0.253,18.7,315,2026-06-11;2026-06-23;2026-06-24;2026-06-29;2026-07-01;2026-07-09;2026-07-11;2026-07-21;2026-07-24;2026-08-08;2026-08-13;2026-08-20;2026-08-30;2026-09-02;2026-09-04;2026-09-14;2026-09-17
1609,0.477,62.4,314,2026-06-11;2026-06-23;2026-06-24;2026-06-29;2026-07-01;2026-07-09;2026-07-11;2026-07-21;2026-07-24;2026-08-08;2026-08-13;2026-08-20;2026-08-30;2026-09-02;2026-09-04;2026-09-14;2026-09-17
1100,0.315,29.7,313,2026-06-11;2026-06-23;2026-06-24;2026-06-29;2026-07-01;2026-07-09;2026-07-11;2026-07-21;2026-07-24;2026-08-08;2026-08-13;2026-08-20;2026-08-30;2026-09-02;2026-09-04;2026-09-14;2026-09-17
52,0.33,30.9,311,2026-06-11;2026-06-23;2026-06-24;2026-06-29;2026-07-01;2026-07-09;2026-07-11;2026-07-21;2026-07-24;2026-08-08;2026-08-13;2026-08-20;2026-08-30;2026-09-02;2026-09-04;2026-09-14;2026-09-17
261,0.314,33.1,314,2026-06-11;2026-06-23;2026-06-24;2026-06-29;2026-07-01;2026-07-09;2026-07-11;2026-07-21;2026-07-24;2026-08-08;2026-08-13;2026-08-20;2026-08-30;2026-09-02;2026-09-04;2026-09-14;2026-09-17
1554,0.169,9.6,312,2026-06-11;2026-06-23;2026-06-24;2026-06-29;2026-07-01;2026-07-09;2026-07-11;2026-07-21;2026-07-24;2026-08-08;2026-08-13;2026-08-20;2026-08-30;2026-09-02;2026-09-04;2026-09-14;2026-09-17
1136,0.393,47.1,312,2026-06-11;2026-06-23;2026-06-24;2026-06-29;2026-07-01;2026-07-09;2026-07-11;2026-07-21;2026-07-24;2026-08-08;2026-08-13;2026-08-20;2026-08-30;2026-09-02;2026-09-04;2026-09-14;2026-09-17
338,0.601,90.2,317,2026-06-11;2026-06-23;2026-06-24;2026-06-29;2026-07-01;2026-07-09;2026-07-11;2026-07-21;2026-07-24;2026-08-08;2026-08-13;2026-08-20;2026-08-30;2026-09-02;2026-09-04;2026-09-14;2026-09-17
174,0.397,52.4,311,2026-06-11;2026-06-23;2026-06-24;2026-06-29;2026-07-01;2026-07-09;2026-07-11;2026-07-21;2026-07-24;2026-08-08;2026-08-13;2026-08-20;2026-08-30;2026-09-02;2026-09-04;2026-09-14;2026-09-17
154,0.637,88.3,315,2026-06-11;2026-06-23;2026-06-24;2026-06-29;2026-07-01;2026-07-09;2026-07-11;2026-07-21;2026-07-24;2026-08-08;2026-08-13;2026-08-20;2026-08-30;2026-09-02;2026-09-04;2026-09-14;2026-09-17
145,0.257,29.1,316,2026-06-11;2026-06-23;2026-06-24;2026-06-29;2026-07-01;2026-07-09;2026-07-11;2026-07-21;2026-07-24;2026-08-08;2026-08-13;2026-08-20;2026-08-30;2026-09-02;2026-09-04;2026-09-14;2026-09-17
1038,0.558,74.6,311,2026-06-11;2026-06-23;2026-06-24;2026-06-29;2026-07-01;2026-07-09;2026-07-11;2026-07-21;2026-07-24;2026-08-08;2026-08-13;2026-08-20;2026-08-30;2026-09-02;2026-09-04;2026-09-14;2026-09-17
1025,0.563,76.8,315,2026-06-11;2026-06-23;2026-06-24;2026-06-29;2026-07-01;2026-07-09;2026-07-11;2026-07-21;2026-07-24;2026-08-08;2026-08-13;2026-08-20;2026-08-30;2026-09-02;2026-09-04;2026-09-14;2026-09-17
394,0.321,32.8,311,2026-06-11;2026-06-23;2026-06-24;2026-06-29;2026-07-01;2026-07-09;2026-07-11;2026-07-21;2026-07-24;2026-08-08;2026-08-13;2026-08-20;2026-08-30;2026-09-02;2026-09-04;2026-09-14;2026-09-17
63,0.452,58.0,314,2026-06-11;2026-06-23;2026-06-24;2026-06-29;2026-07-01;2026-07-09;2026-07-11;2026-07-21;2026-07-24;2026-08-08;2026-08-13;2026-08-20;2026-08-30;2026-09-02;2026-09-04;2026-09-14;2026-09-17
541,0.564,80.4,316,2026-06-11;2026-06-23;2026-06-24;2026-06-29;2026-07-01;2026-07-09;2026-07-11;2026-07-21;2026-07-24;2026-08-08;2026-08-13;2026-08-20;2026-08-30;2026-09-02;2026-09-04;2026-09-14;2026-09-17
1051,0.494,64.6,316,2026-06-11;2026-06-23;2026-06-24;2026-06-29;2026-07-01;2026-07-09;2026-07-11;2026-07-21;2026-07-24;2026-08-08;2026-08-13;2026-08-20;2026-08-30;2026-09-02;2026-09-04;2026-09-14;2026-09-17
766,0.195,12.3,310,2026-06-11;2026-06-23;2026-06-24;2026-06-29;2026-07-01;2026-07-09;2026-07-11;2026-07-21;2026-07-24;2026-08-08;2026-08-13;2026-08-20;2026-08-30;2026-09-02;2026-09-04;2026-09-14;2026-09-17
440,0.061,2.5,316,2026-06-11;2026-06-23;2026-06-24;2026-06-29;2026-07-01;2026-07-09;2026-07-11;2026-07-21;2026-07-24;2026-08-08;2026-08-13;2026-08-20;2026-08-30;2026-09-02;2026-09-04;2026-09-14;2026-09-17
824,0.507,65.4,315,2026-06-11;2026-06-23;2026-06-24;2026-06-29;2026-07-01;2026-07-09;2026-07-11;2026-07-21;2026-07-24;2026-08-08;2026-08-13;2026-08-20;2026-08-30;2026-09-02;2026-09-04;2026-09-14;2026-09-17
277,0.63,85.3,313,2026-06-11;2026-06-23;2026-06-24;2026-06-29;2026-07-01;2026-07-09;2026-07-11;2026-07-21;2026-07-24;2026-08-08;2026-08-13;2026-08-20;2026-08-30;2026-09-02;2026-09-04;2026-09-14;2026-09-17
1559,0.255,18.4,316,2026-06-11;2026-06-23;2026-06-24;2026-06-29;2026-07-01;2026-07-09;2026-07-11;2026-07-21;2026-07-24;2026-08-08;2026-08-13;2026-08-20;2026-08-30;2026-09-02;2026-09-04;2026-09-14;2026-09-17
852,0.562,72.9,310,2026-06-11;2026-06-23;2026-06-24;2026-06-29;2026-07-01;2026-07-09;2026-07-11;2026-07-21;2026-07-24;2026-08-08;2026-08-13;2026-08-20;2026-08-30;2026-09-02;2026-09-04;2026-09-14;2026-09-17
428,0.559,80.3,314,2026-06-11;2026-06-23;2026-06-24;2026-06-29;2026-07-01;2026-07-09;2026-07-11;2026-07-21;2026-07-24;2026-08-08;2026-08-13;2026-08-20;2026-08-30;2026-09-02;2026-09-04;2026-09-14;2026-09-17
1213,0.524,76.2,315,2026-06-11;2026-06-23;2026-06-24;2026-06-29;2026-07-01;2026-07-09;2026-07-11;2026-07-21;2026-07-24;2026-08-08;2026-08-13;2026-08-20;2026-08-30;2026-09-02;2026-09-04;2026-09-14;2026-09-17
1137,0.503,66.0,312,2026-06-11;2026-06-23;2026-06-24;2026-06-29;2026-07-01;2026-07-09;2026-07-11;2026-07-21;2026-07-24;2026-08-08;2026-08-13;2026-08-20;2026-08-30;2026-09-02;2026-09-04;2026-09-14;2026-09-17
454,0.526,68.8,317,2026-06-11;2026-06-23;2026-06-24;2026-06-29;2026-07-01;2026-07-09;2026-07-11;2026-07-21;2026-07-24;2026-08-08;2026-08-13;2026-08-20;2026-08-30;2026-09-02;2026-09-04;2026-09-14;2026-09-17
1264,0.525,71.1,315,2026-06-11;2026-06-23;2026-06-24;2026-06-29;2026-07-01;2026-07-09;2026-07-11;2026-07-21;2026-07-24;2026-08-08;2026-08-13;2026-08-20;2026-08-30;2026-09-02;2026-09-04;2026-09-14;2026-09-17
859,0.54,71.6,313,2026-06-11;2026-06-23;2026-06-24;2026-06-29;2026-07-01;2026-07-09;2026-07-11;2026-07-21;2026-07-24;2026-08-08;2026-08-13;2026-08-20;2026-08-30;2026-09-02;2026-09-04;2026-09-14;2026-09-17
441,0.311,32.2,314,2026-06-11;2026-06-23;2026-06-24;2026-06-29;2026-07-01;2026-07-09;2026-07-11;2026-07-21;2026-07-24;2026-08-08;2026-08-13;2026-08-20;2026-08-30;2026-09-02;2026-09-04;2026-09-14;2026-09-17
847,0.455,60.9,312,2026-06-11;2026-06-23;2026-06-24;2026-06-29;2026-07-01;2026-07-09;2026-07-11;2026-07-21;2026-07-24;2026-08-08;2026-08-13;2026-08-20;2026-08-30;2026-09-02;2026-09-04;2026-09-14;2026-09-17
393,0.508,67.0,312,2026-06-11;2026-06-23;2026-06-24;2026-06-29;2026-07-01;2026-07-09;2026-07-11;2026-07-21;2026-07-24;2026-08-08;2026-08-13;2026-08-20;2026-08-30;2026-09-02;2026-09-04;2026-09-14;2026-09-17
842,0.346,42.9,312,2026-06-11;2026-06-23;2026-06-24;2026-06-29;2026-07-01;2026-07-09;2026-07-11;2026-07-21;2026-07-24;2026-08-08;2026-08-13;2026-08-20;2026-08-30;2026-09-02;2026-09-04;2026-09-14;2026-09-17
1115,0.569,78.5,311,2026-06-11;2026-06-23;2026-06-24;2026-06-29;2026-07-01;2026-07-09;2026-07-11;2026-07-21;2026-07-24;2026-08-08;2026-08-13;2026-08-20;2026-08-30;2026-09-02;2026-09-04;2026-09-14;2026-09-17
848,0.589,81.0,311,2026-06-11;2026-06-23;2026-06-24;2026-06-29;2026-07-01;2026-07-09;2026-07-11;2026-07-21;2026-07-24;2026-08-08;2026-08-13;2026-08-20;2026-08-30;2026-09-02;2026-09-04;2026-09-14;2026-09-17
798,0.487,66.6,314,2026-06-11;2026-06-23;2026-06-24;2026-06-29;2026-07-01;2026-07-09;2026-07-11;2026-07-21;2026-07-24;2026-08-08;2026-08-13;2026-08-20;2026-08-30;2026-09-02;2026-09-04;2026-09-14;2026-09-17
1329,0.557,78.7,315,2026-06-11;2026-06-23;2026-06-24;2026-06-29;2026-07-01;2026-07-09;2026-07-11;2026-07-21;2026-07-24;2026-08-08;2026-08-13;2026-08-20;2026-08-30;2026-09-02;2026-09-04;2026-09-14;2026-09-17
179,0.487,66.2,314,2026-06-11;2026-06-23;2026-06-24;2026-06-29;2026-07-01;2026-07-09;2026-07-11;2026-07-21;2026-07-24;2026-08-08;2026-08-13;2026-08-20;2026-08-30;2026-09-02;2026-09-04;2026-09-14;2026-09-17
330,0.6,77.3,313,2026-06-11;2026-06-23;2026-06-24;2026-06-29;2026-07-01;2026-07-09;2026-07-11;2026-07-21;2026-07-24;2026-08-08;2026-08-13;2026-08-20;2026-08-30;2026-09-02;2026-09-04;2026-09-14;2026-09-17
1087,0.455,63.7,311,2026-06-11;2026-06-23;2026-06-24;2026-06-29;2026-07-01;2026-07-09;2026-07-11;2026-07-21;2026-07-24;2026-08-08;2026-08-13;2026-08-20;2026-08-30;2026-09-02;2026-09-04;2026-09-14;2026-09-17
1387,0.471,58.2,316,2026-06-11;2026-06-23;2026-06-24;2026-06-29;2026-07-01;2026-07-09;2026-07-11;2026-07-21;2026-07-24;2026-08-08;2026-08-13;2026-08-20;2026-08-30;2026-09-02;2026-09-04;2026-09-14;2026-09-17
82,0.617,85.9,313,2026-06-11;2026-06-23;2026-06-24;2026-06-29;2026-07-01;2026-07-09;2026-07-11;2026-07-21;2026-07-24;2026-08-08;2026-08-13;2026-08-20;2026-08-30;2026-09-02;2026-09-04;2026-09-14;2026-09-17
27,0.193,9.9,312,2026-06-11;2026-06-23;2026-06-24;2026-06-29;2026-07-01;2026-07-09;2026-07-11;2026-07-21;2026-07-24;2026-08-08;2026-08-13;2026-08-20;2026-08-30;2026-09-02;2026-09-04;2026-09-14;2026-09-17
1482,0.642,83.6,317,2026-06-11;2026-06-23;2026-06-24;2026-06-29;2026-07-01;2026-07-09;2026-07-11;2026-07-21;2026-07-24;2026-08-08;2026-08-13;2026-08-20;2026-08-30;2026-09-02;2026-09-04;2026-09-14;2026-09-17
99,0.444,59.1,308,2026-06-11;2026-06-23;2026-06-24;2026-06-29;2026-07-01;2026-07-09;2026-07-11;2026-07-21;2026-07-24;2026-08-08;2026-08-13;2026-08-20;2026-08-30;2026-09-02;2026-09-04;2026-09-14;2026-09-17
460,0.495,70.2,312,2026-06-11;2026-06-23;2026-06-24;2026-06-29;2026-07-01;2026-07-09;2026-07-11;2026-07-21;2026-07-24;2026-08-08;2026-08-13;2026-08-20;2026-08-30;2026-09-02;2026-09-04;2026-09-14;2026-09-17
1444,0.435,51.4,311,2026-06-11;2026-06-23;2026-06-24;2026-06-29;2026-07-01;2026-07-09;2026-07-11;2026-07-21;2026-07-24;2026-08-08;2026-08-13;2026-08-20;2026-08-30;2026-09-02;2026-09-04;2026-09-14;2026-09-17
785,0.415,54.7,316,2026-06-11;2026-06-23;2026-06-24;2026-06-29;2026-07-01;2026-07-09;2026-07-11;2026-07-21;2026-07-24;2026-08-08;2026-08-13;2026-08-20;2026-08-30;2026-09-02;2026-09-04;2026-09-14;2026-09-17
40,0.453,55.1,314,2026-06-11;2026-06-23;2026-06-24;2026-06-29;2026-07-01;2026-07-09;2026-07-11;2026-07-21;2026-07-24;2026-08-08;2026-08-13;2026-08-20;2026-08-30;2026-09-02;2026-09-04;2026-09-14;2026-09-17
526,0.669,90.7,312,2026-06-11;2026-06-23;2026-06-24;2026-06-29;2026-07-01;2026-07-09;2026-07-11;2026-07-21;2026-07-24;2026-08-08;2026-08-13;2026-08-20;2026-08-30;2026-09-02;2026-09-04;2026-09-14;2026-09-17
1013,0.496,64.3,311,2026-06-11;2026-06-23;2026-06-24;2026-06-29;2026-07-01;2026-07-09;2026-07-11;2026-07-21;2026-07-24;2026-08-08;2026-08-13;2026-08-20;2026-08-30;2026-09-02;2026-09-04;2026-09-14;2026-09-17
96,0.562,72.2,316,2026-06-11;2026-06-23;2026-06-24;2026-06-29;2026-07-01;2026-07-09;2026-07-11;2026-07-21;2026-07-24;2026-08-08;2026-08-13;2026-08-20;2026-08-30;2026-09-02;2026-09-04;2026-09-14;2026-09-17
498,0.572,79.4,316,2026-06-11;2026-06-23;2026-06-24;2026-06-29;2026-07-01;2026-07-09;2026-07-11;2026-07-21;2026-07-24;2026-08-08;2026-08-13;2026-08-20;2026-08-30;2026-09-02;2026-09-04;2026-09-14;2026-09-17
462,0.699,93.3,312,2026-06-11;2026-06-23;2026-06-24;2026-06-29;2026-07-01;2026-07-09;2026-07-11;2026-07-21;2026-07-24;2026-08-08;2026-08-13;2026-08-20;2026-08-30;2026-09-02;2026-09-04;2026-09-14;2026-09-17
1386,0.51,71.1,311,2026-06-11;2026-06-23;2026-06-24;2026-06-29;2026-07-01;2026-07-09;2026-07-11;2026-07-21;2026-07-24;2026-08-08;2026-08-13;2026-08-20;2026-08-30;2026-09-02;2026-09-04;2026-09-14;2026-09-17
967,0.553,75.6,316,2026-06-11;2026-06-23;2026-06-24;2026-06-29;2026-07-01;2026-07-09;2026-07-11;2026-07-21;2026-07-24;2026-08-08;2026-08-13;2026-08-20;2026-08-30;2026-09-02;2026-09-04;2026-09-14;2026-09-17
398,0.444,58.7,315,2026-06-11;2026-06-23;2026-06-24;2026-06-29;2026-07-01;2026-07-09;2026-07-11;2026-07-21;2026-07-24;2026-08-08;2026-08-13;2026-08-20;2026-08-30;2026-09-02;2026-09-04;2026-09-14;2026-09-17
983,0.481,66.2,311,2026-06-11;2026-06-23;2026-06-24;2026-06-29;2026-07-01;2026-07-09;2026-07-11;2026-07-21;2026-07-24;2026-08-08;2026-08-13;2026-08-20;2026-08-30;2026-09-02;2026-09-04;2026-09-14;2026-09-17
578,0.494,75.6,315,2026-06-11;2026-06-23;2026-06-24;2026-06-29;2026-07-01;2026-07-09;2026-07-11;2026-07-21;2026-07-24;2026-08-08;2026-08-13;2026-08-20;2026-08-30;2026-09-02;2026-09-04;2026-09-14;2026-09-17
839,0.464,50.2,315,2026-06-11;2026-06-23;2026-06-24;2026-06-29;2026-07-01;2026-07-09;2026-07-11;2026-07-21;2026-07-24;2026-08-08;2026-08-13;2026-08-20;2026-08-30;2026-09-02;2026-09-04;2026-09-14;2026-09-17
1234,0.52,60.2,314,2026-06-11;2026-06-23;2026-06-24;2026-06-29;2026-07-01;2026-07-09;2026-07-11;2026-07-21;2026-07-24;2026-08-08;2026-08-13;2026-08-20;2026-08-30;2026-09-02;2026-09-04;2026-09-14;2026-09-17
1063,0.46,56.8,315,2026-06-11;2026-06-23;2026-06-24;2026-06-29;2026-07-01;2026-07-09;2026-07-11;2026-07-21;2026-07-24;2026-08-08;2026-08-13;2026-08-20;2026-08-30;2026-09-02;2026-09-04;2026-09-14;2026-09-17
800,0.488,66.3,315,2026-06-11;2026-06-23;2026-06-24;2026-06-29;2026-07-01;2026-07-09;2026-07-11;2026-07-21;2026-07-24;2026-08-08;2026-08-13;2026-08-20;2026-08-30;2026-09-02;2026-09-04;2026-09-14;2026-09-17
1002,0.519,71.2,316,2026-06-11;2026-06-23;2026-06-24;2026-06-29;2026-07-01;2026-07-09;2026-07-11;2026-07-21;2026-07-24;2026-08-08;2026-08-13;2026-08-20;2026-08-30;2026-09-02;2026-09-04;2026-09-14;2026-09-17
963,0.378,45.5,312,2026-06-11;2026-06-23;2026-06-24;2026-06-29;2026-07-01;2026-07-09;2026-07-11;2026-07-21;2026-07-24;2026-08-08;2026-08-13;2026-08-20;2026-08-30;2026-09-02;2026-09-04;2026-09-14;2026-09-17
634,0.456,65.4,312,2026-06-11;2026-06-23;2026-06-24;2026-06-29;2026-07-01;2026-07-09;2026-07-11;2026-07-21;2026-07-24;2026-08-08;2026-08-13;2026-08-20;2026-08-30;2026-09-02;2026-09-04;2026-09-14;2026-09-17
596,0.456,60.1,316,2026-06-11;2026-06-23;2026-06-24;2026-06-29;2026-07-01;2026-07-09;2026-07-11;2026-07-21;2026-07-24;2026-08-08;2026-08-13;2026-08-20;2026-08-30;2026-09-02;2026-09-04;2026-09-14;2026-09-17
135,0.47,60.0,310,2026-06-11;2026-06-23;2026-06-24;2026-06-29;2026-07-01;2026-07-09;2026-07-11;2026-07-21;2026-07-24;2026-08-08;2026-08-13;2026-08-20;2026-08-30;2026-09-02;2026-09-04;2026-09-14;2026-09-17
732,0.439,58.3,314,2026-06-11;2026-06-23;2026-06-24;2026-06-29;2026-07-01;2026-07-09;2026-07-11;2026-07-21;2026-07-24;2026-08-08;2026-08-13;2026-08-20;2026-08-30;2026-09-02;2026-09-04;2026-09-14;2026-09-17
466,0.425,54.3,315,2026-06-11;2026-06-23;2026-06-24;2026-06-29;2026-07-01;2026-07-09;2026-07-11;2026-07-21;2026-07-24;2026-08-08;2026-08-13;2026-08-20;2026-08-30;2026-09-02;2026-09-04;2026-09-14;2026-09-17
345,0.414,52.4,315,2026-06-11;2026-06-23;2026-06-24;2026-06-29;2026-07-01;2026-07-09;2026-07-11;2026-07-21;2026-07-24;2026-08-08;2026-08-13;2026-08-20;2026-08-30;2026-09-02;2026-09-04;2026-09-14;2026-09-17
24,0.446,53.7,315,2026-06-11;2026-06-23;2026-06-24;2026-06-29;2026-07-01;2026-07-09;2026-07-11;2026-07-21;2026-07-24;2026-08-08;2026-08-13;2026-08-20;2026-08-30;2026-09-02;2026-09-04;2026-09-14;2026-09-17
714,0.533,69.1,317,2026-06-11;2026-06-23;2026-06-24;2026-06-29;2026-07-01;2026-07-09;2026-07-11;2026-07-21;2026-07-24;2026-08-08;2026-08-13;2026-08-20;2026-08-30;2026-09-02;2026-09-04;2026-09-14;2026-09-17
304,0.593,76.5,311,2026-06-11;2026-06-23;2026-06-24;2026-06-29;2026-07-01;2026-07-09;2026-07-11;2026-07-21;2026-07-24;2026-08-08;2026-08-13;2026-08-20;2026-08-30;2026-09-02;2026-09-04;2026-09-14;2026-09-17
254,0.184,5.1,315,2026-06-11;2026-06-23;2026-06-24;2026-06-29;2026-07-01;2026-07-09;2026-07-11;2026-07-21;2026-07-24;2026-08-08;2026-08-13;2026-08-20;2026-08-30;2026-09-02;2026-09-04;2026-09-14;2026-09-17
744,0.171,7.4,310,2026-06-11;2026-06-23;2026-06-24;2026-06-29;2026-07-01;2026-07-09;2026-07-11;2026-07-21;2026-07-24;2026-08-08;2026-08-13;2026-08-20;2026-08-30;2026-09-02;2026-09-04;2026-09-14;2026-09-17
741,0.312,30.6,314,2026-06-11;2026-06-23;2026-06-24;2026-06-29;2026-07-01;2026-07-09;2026-07-11;2026-07-21;2026-07-24;2026-08-08;2026-08-13;2026-08-20;2026-08-30;2026-09-02;2026-09-04;2026-09-14;2026-09-17
417,0.552,74.1,317,2026-06-11;2026-06-23;2026-06-24;2026-06-29;2026-07-01;2026-07-09;2026-07-11;2026-07-21;2026-07-24;2026-08-08;2026-08-13;2026-08-20;2026-08-30;2026-09-02;2026-09-04;2026-09-14;2026-09-17
1059,0.492,60.2,314,2026-06-11;2026-06-23;2026-06-24;2026-06-29;2026-07-01;2026-07-09;2026-07-11;2026-07-21;2026-07-24;2026-08-08;2026-08-13;2026-08-20;2026-08-30;2026-09-02;2026-09-04;2026-09-14;2026-09-17
1625,0.213,16.3,312,2026-06-11;2026-06-23;2026-06-24;2026-06-29;2026-07-01;2026-07-09;2026-07-11;2026-07-21;2026-07-24;2026-08-08;2026-08-13;2026-08-20;2026-08-30;2026-09-02;2026-09-04;2026-09-14;2026-09-17
807,0.321,32.9,316,2026-06-11;2026-06-23;2026-06-24;2026-06-29;2026-07-01;2026-07-09;2026-07-11;2026-07-21;2026-07-24;2026-08-08;2026-08-13;2026-08-20;2026-08-30;2026-09-02;2026-09-04;2026-09-14;2026-09-17
425,0.51,73.3,315,2026-06-11;2026-06-23;2026-06-24;2026-06-29;2026-07-01;2026-07-09;2026-07-11;2026-07-21;2026-07-24;2026-08-08;2026-08-13;2026-08-20;2026-08-30;2026-09-02;2026-09-04;2026-09-14;2026-09-17
1496,0.381,43.2,315,2026-06-11;2026-06-23;2026-06-24;2026-06-29;2026-07-01;2026-07-09;2026-07-11;2026-07-21;2026-07-24;2026-08-08;2026-08-13;2026-08-20;2026-08-30;2026-09-02;2026-09-04;2026-09-14;2026-09-17
1259,0.617,79.0,315,2026-06-11;2026-06-23;2026-06-24;2026-06-29;2026-07-01;2026-07-09;2026-07-11;2026-07-21;2026-07-24;2026-08-08;2026-08-13;2026-08-20;2026-08-30;2026-09-02;2026-09-04;2026-09-14;2026-09-17
334,0.511,68.9,312,2026-06-11;2026-06-23;2026-06-24;2026-06-29;2026-07-01;2026-07-09;2026-07-11;2026-07-21;2026-07-24;2026-08-08;2026-08-13;2026-08-20;2026-08-30;2026-09-02;2026-09-04;2026-09-14;2026-09-17
1552,0.178,8.3,315,2026-06-11;2026-06-23;2026-06-24;2026-06-29;2026-07-01;2026-07-09;2026-07-11;2026-07-21;2026-07-24;2026-08-08;2026-08-13;2026-08-20;2026-08-30;2026-09-02;2026-09-04;2026-09-14;2026-09-17
350,0.461,60.6,315,2026-06-11;2026-06-23;2026-06-24;2026-06-29;2026-07-01;2026-07-09;2026-07-11;2026-07-21;2026-07-24;2026-08-08;2026-08-13;2026-08-20;2026-08-30;2026-09-02;2026-09-04;2026-09-14;2026-09-17
1005,0.317,31.9,313,2026-06-11;2026-06-23;2026-06-24;2026-06-29;2026-07-01;2026-07-09;2026-07-11;2026-07-21;2026-07-24;2026-08-08;2026-08-13;2026-08-20;2026-08-30;2026-09-02;2026-09-04;2026-09-14;2026-09-17
15,0.325,39.0,313,2026-06-11;2026-06-23;2026-06-24;2026-06-29;2026-07-01;2026-07-09;2026-07-11;2026-07-21;2026-07-24;2026-08-08;2026-08-13;2026-08-20;2026-08-30;2026-09-02;2026-09-04;2026-09-14;2026-09-17
1318,0.3,22.9,310,2026-06-11;2026-06-23;2026-06-24;2026-06-29;2026-07-01;2026-07-09;2026-07-11;2026-07-21;2026-07-24;2026-08-08;2026-08-13;2026-08-20;2026-08-30;2026-09-02;2026-09-04;2026-09-14;2026-09-17
920,0.389,43.4,311,2026-06-11;2026-06-23;2026-06-24;2026-06-29;2026-07-01;2026-07-09;2026-07-11;2026-07-21;2026-07-24;2026-08-08;2026-08-13;2026-08-20;2026-08-30;2026-09-02;2026-09-04;2026-09-14;2026-09-17
1395,0.478,64.7,312,2026-06-11;2026-06-23;2026-06-24;2026-06-29;2026-07-01;2026-07-09;2026-07-11;2026-07-21;2026-07-24;2026-08-08;2026-08-13;2026-08-20;2026-08-30;2026-09-02;2026-09-04;2026-09-14;2026-09-17
846,0.573,72.3,311,2026-06-11;2026-06-23;2026-06-24;2026-06-29;2026-07-01;2026-07-09;2026-07-11;2026-07-21;2026-07-24;2026-08-08;2026-08-13;2026-08-20;2026-08-30;2026-09-02;2026-09-04;2026-09-14;2026-09-17
598,0.571,74.1,309,2026-06-11;2026-06-23;2026-06-24;2026-06-29;2026-07-01;2026-07-09;2026-07-11;2026-07-21;2026-07-24;2026-08-08;2026-08-13;2026-08-20;2026-08-30;2026-09-02;2026-09-04;2026-09-14;2026-09-17
1109,0.601,83.5,316,2026-06-11;2026-06-23;2026-06-24;2026-06-29;2026-07-01;2026-07-09;2026-07-11;2026-07-21;2026-07-24;2026-08-08;2026-08-13;2026-08-20;2026-08-30;2026-09-02;2026-09-04;2026-09-14;2026-09-17
791,0.308,28.3,315,2026-06-11;2026-06-23;2026-06-24;2026-06-29;2026-07-01;2026-07-09;2026-07-11;2026-07-21;2026-07-24;2026-08-08;2026-08-13;2026-08-20;2026-08-30;2026-09-02;2026-09-04;2026-09-14;2026-09-17
971,0.422,57.6,311,2026-06-11;2026-06-23;2026-06-24;2026-06-29;2026-07-01;2026-07-09;2026-07-11;2026-07-21;2026-07-24;2026-08-08;2026-08-13;2026-08-20;2026-08-30;2026-09-02;2026-09-04;2026-09-14;2026-09-17
1269,0.479,61.1,314,2026-06-11;2026-06-23;2026-06-24;2026-06-29;2026-07-01;2026-07-09;2026-07-11;2026-07-21;2026-07-24;2026-08-08;2026-08-13;2026-08-20;2026-08-30;2026-09-02;2026-09-04;2026-09-14;2026-09-17
1321,0.564,76.6,312,2026-06-11;2026-06-23;2026-06-24;2026-06-29;2026-07-01;2026-07-09;2026-07-11;2026-07-21;2026-07-24;2026-08-08;2026-08-13;2026-08-20;2026-08-30;2026-09-02;2026-09-04;2026-09-14;2026-09-17
828,0.639,86.3,315,2026-06-11;2026-06-23;2026-06-24;2026-06-29;2026-07-01;2026-07-09;2026-07-11;2026-07-21;2026-07-24;2026-08-08;2026-08-13;2026-08-20;2026-08-30;2026-09-02;2026-09-04;2026-09-14;2026-09-17
855,0.542,67.2,314,2026-06-11;2026-06-23;2026-06-24;2026-06-29;2026-07-01;2026-07-09;2026-07-11;2026-07-21;2026-07-24;2026-08-08;2026-08-13;2026-08-20;2026-08-30;2026-09-02;2026-09-04;2026-09-14;2026-09-17
1010,0.599,84.1,315,2026-06-11;2026-06-23;2026-06-24;2026-06-29;2026-07-01;2026-07-09;2026-07-11;2026-07-21;2026-07-24;2026-08-08;2026-08-13;2026-08-20;2026-08-30;2026-09-02;2026-09-04;2026-09-14;2026-09-17
835,0.372,42.8,311,2026-06-11;2026-06-23;2026-06-24;2026-06-29;2026-07-01;2026-07-09;2026-07-11;2026-07-21;2026-07-24;2026-08-08;2026-08-13;2026-08-20;2026-08-30;2026-09-02;2026-09-04;2026-09-14;2026-09-17
969,0.398,50.2,315,2026-06-11;2026-06-23;2026-06-24;2026-06-29;2026-07-01;2026-07-09;2026-07-11;2026-07-21;2026-07-24;2026-08-08;2026-08-13;2026-08-20;2026-08-30;2026-09-02;2026-09-04;2026-09-14;2026-09-17
472,0.357,40.8,314,2026-06-11;2026-06-23;2026-06-24;2026-06-29;2026-07-01;2026-07-09;2026-07-11;2026-07-21;2026-07-24;2026-08-08;2026-08-13;2026-08-20;2026-08-30;2026-09-02;2026-09-04;2026-09-14;2026-09-17
801,0.57,80.0,315,2026-06-11;2026-06-23;2026-06-24;2026-06-29;2026-07-01;2026-07-09;2026-07-11;2026-07-21;2026-07-24;2026-08-08;2026-08-13;2026-08-20;2026-08-30;2026-09-02;2026-09-04;2026-09-14;2026-09-17
242,0.333,38.5,312,2026-06-11;2026-06-23;2026-06-24;2026-06-29;2026-07-01;2026-07-09;2026-07-11;2026-07-21;2026-07-24;2026-08-08;2026-08-13;2026-08-20;2026-08-30;2026-09-02;2026-09-04;2026-09-14;2026-09-17
1484,0.273,22.0,318,2026-06-11;2026-06-23;2026-06-24;2026-06-29;2026-07-01;2026-07-09;2026-07-11;2026-07-21;2026-07-24;2026-08-08;2026-08-13;2026-08-20;2026-08-30;2026-09-02;2026-09-04;2026-09-14;2026-09-17
1023,0.494,72.5,313,2026-06-11;2026-06-23;2026-06-24;2026-06-29;2026-07-01;2026-07-09;2026-07-11;2026-07-21;2026-07-24;2026-08-08;2026-08-13;2026-08-20;2026-08-30;2026-09-02;2026-09-04;2026-09-14;2026-09-17
994,0.63,80.6,314,2026-06-11;2026-06-23;2026-06-24;2026-06-29;2026-07-01;2026-07-09;2026-07-11;2026-07-21;2026-07-24;2026-08-08;2026-08-13;2026-08-20;2026-08-30;2026-09-02;2026-09-04;2026-09-14;2026-09-17
329,0.644,81.2,313,2026-06-11;2026-06-23;2026-06-24;2026-06-29;2026-07-01;2026-07-09;2026-07-11;2026-07-21;2026-07-24;2026-08-08;2026-08-13;2026-08-20;2026-08-30;2026-09-02;2026-09-04;2026-09-14;2026-09-17
136,0.359,40.7,312,2026-06-11;2026-06-23;2026-06-24;2026-06-29;2026-07-01;2026-07-09;2026-07-11;2026-07-21;2026-07-24;2026-08-08;2026-08-13;2026-08-20;2026-08-30;2026-09-02;2026-09-04;2026-09-14;2026-09-17
945,0.438,56.2,315,2026-06-11;2026-06-23;2026-06-24;2026-06-29;2026-07-01;2026-07-09;2026-07-11;2026-07-21;2026-07-24;2026-08-08;2026-08-13;2026-08-20;2026-08-30;2026-09-02;2026-09-04;2026-09-14;2026-09-17
1024,0.58,80.5,313,2026-06-11;2026-06-23;2026-06-24;2026-06-29;2026-07-01;2026-07-09;2026-07-11;2026-07-21;2026-07-24;2026-08-08;2026-08-13;2026-08-20;2026-08-30;2026-09-02;2026-09-04;2026-09-14;2026-09-17
555,0.545,84.1,315,2026-06-11;2026-06-23;2026-06-24;2026-06-29;2026-07-01;2026-07-09;2026-07-11;2026-07-21;2026-07-24;2026-08-08;2026-08-13;2026-08-20;2026-08-30;2026-09-02;2026-09-04;2026-09-14;2026-09-17
128,0.493,65.2,310,2026-06-11;2026-06-23;2026-06-24;2026-06-29;2026-07-01;2026-07-09;2026-07-11;2026-07-21;2026-07-24;2026-08-08;2026-08-13;2026-08-20;2026-08-30;2026-09-02;2026-09-04;2026-09-14;2026-09-17
45,0.192,14.3,315,2026-06-11;2026-06-23;2026-06-24;2026-06-29;2026-07-01;2026-07-09;2026-07-11;2026-07-21;2026-07-24;2026-08-08;2026-08-13;2026-08-20;2026-08-30;2026-09-02;2026-09-04;2026-09-14;2026-09-17
968,0.362,42.6,310,2026-06-11;2026-06-23;2026-06-24;2026-06-29;2026-07-01;2026-07-09;2026-07-11;2026-07-21;2026-07-24;2026-08-08;2026-08-13;2026-08-20;2026-08-30;2026-09-02;2026-09-04;2026-09-14;2026-09-17
386,0.503,69.2,312,2026-06-11;2026-06-23;2026-06-24;2026-06-29;2026-07-01;2026-07-09;2026-07-11;2026-07-21;2026-07-24;2026-08-08;2026-08-13;2026-08-20;2026-08-30;2026-09-02;2026-09-04;2026-09-14;2026-09-17
1068,0.51,67.7,316,2026-06-11;2026-06-23;2026-06-24;2026-06-29;2026-07-01;2026-07-09;2026-07-11;2026-07-21;2026-07-24;2026-08-08;2026-08-13;2026-08-20;2026-08-30;2026-09-02;2026-09-04;2026-09-14;2026-09-17
131,0.64,89.5,315,2026-06-11;2026-06-23;2026-06-24;2026-06-29;2026-07-01;2026-07-09;2026-07-11;2026-07-21;2026-07-24;2026-08-08;2026-08-13;2026-08-20;2026-08-30;2026-09-02;2026-09-04;2026-09-14;2026-09-17
740,0.352,37.7,313,2026-06-11;2026-06-23;2026-06-24;2026-06-29;2026-07-01;2026-07-09;2026-07-11;2026-07-21;2026-07-24;2026-08-08;2026-08-13;2026-08-20;2026-08-30;2026-09-02;2026-09-04;2026-09-14;2026-09-17
1363,0.23,22.0,314,2026-06-11;2026-06-23;2026-06-24;2026-06-29;2026-07-01;2026-07-09;2026-07-11;2026-07-21;2026-07-24;2026-08-08;2026-08-13;2026-08-20;2026-08-30;2026-09-02;2026-09-04;2026-09-14;2026-09-17
910,0.58,69.8,315,2026-06-11;2026-06-23;2026-06-24;2026-06-29;2026-07-01;2026-07-09;2026-07-11;2026-07-21;2026-07-24;2026-08-08;2026-08-13;2026-08-20;2026-08-30;2026-09-02;2026-09-04;2026-09-14;2026-09-17
1616,0.576,75.3,312,2026-06-11;2026-06-23;2026-06-24;2026-06-29;2026-07-01;2026-07-09;2026-07-11;2026-07-21;2026-07-24;2026-08-08;2026-08-13;2026-08-20;2026-08-30;2026-09-02;2026-09-04;2026-09-14;2026-09-17
295,0.356,37.9,311,2026-06-11;2026-06-23;2026-06-24;2026-06-29;2026-07-01;2026-07-09;2026-07-11;2026-07-21;2026-07-24;2026-08-08;2026-08-13;2026-08-20;2026-08-30;2026-09-02;2026-09-04;2026-09-14;2026-09-17
569,0.454,58.4,310,2026-06-11;2026-06-23;2026-06-24;2026-06-29;2026-07-01;2026-07-09;2026-07-11;2026-07-21;2026-07-24;2026-08-08;2026-08-13;2026-08-20;2026-08-30;2026-09-02;2026-09-04;2026-09-14;2026-09-17
456,0.511,71.1,315,2026-06-11;2026-06-23;2026-06-24;2026-06-29;2026-07-01;2026-07-09;2026-07-11;2026-07-21;2026-07-24;2026-08-08;2026-08-13;2026-08-20;2026-08-30;2026-09-02;2026-09-04;2026-09-14;2026-09-17
390,0.37,48.7,308,2026-06-11;2026-06-23;2026-06-24;2026-06-29;2026-07-01;2026-07-09;2026-07-11;2026-07-21;2026-07-24;2026-08-08;2026-08-13;2026-08-20;2026-08-30;2026-09-02;2026-09-04;2026-09-14;2026-09-17
285,0.254,25.3,316,2026-06-11;2026-06-23;2026-06-24;2026-06-29;2026-07-01;2026-07-09;2026-07-11;2026-07-21;2026-07-24;2026-08-08;2026-08-13;2026-08-20;2026-08-30;2026-09-02;2026-09-04;2026-09-14;2026-09-17
1502,0.568,85.4,315,2026-06-11;2026-06-23;2026-06-24;2026-06-29;2026-07-01;2026-07-09;2026-07-11;2026-07-21;2026-07-24;2026-08-08;2026-08-13;2026-08-20;2026-08-30;2026-09-02;2026-09-04;2026-09-14;2026-09-17
1398,0.451,54.7,311,2026-06-11;2026-06-23;2026-06-24;2026-06-29;2026-07-01;2026-07-09;2026-07-11;2026-07-21;2026-07-24;2026-08-08;2026-08-13;2026-08-20;2026-08-30;2026-09-02;2026-09-04;2026-09-14;2026-09-17
845,0.441,52.7,315,2026-06-11;2026-06-23;2026-06-24;2026-06-29;2026-07-01;2026-07-09;2026-07-11;2026-07-21;2026-07-24;2026-08-08;2026-08-13;2026-08-20;2026-08-30;2026-09-02;2026-09-04;2026-09-14;2026-09-17
822,0.548,70.3,313,2026-06-11;2026-06-23;2026-06-24;2026-06-29;2026-07-01;2026-07-09;2026-07-11;2026-07-21;2026-07-24;2026-08-08;2026-08-13;2026-08-20;2026-08-30;2026-09-02;2026-09-04;2026-09-14;2026-09-17
90,0.439,59.4,313,2026-06-11;2026-06-23;2026-06-24;2026-06-29;2026-07-01;2026-07-09;2026-07-11;2026-07-21;2026-07-24;2026-08-08;2026-08-13;2026-08-20;2026-08-30;2026-09-02;2026-09-04;2026-09-14;2026-09-17
1276,0.579,77.1,314,2026-06-11;2026-06-23;2026-06-24;2026-06-29;2026-07-01;2026-07-09;2026-07-11;2026-07-21;2026-07-24;2026-08-08;2026-08-13;2026-08-20;2026-08-30;2026-09-02;2026-09-04;2026-09-14;2026-09-17
737,0.138,6.1,311,2026-06-11;2026-06-23;2026-06-24;2026-06-29;2026-07-01;2026-07-09;2026-07-11;2026-07-21;2026-07-24;2026-08-08;2026-08-13;2026-08-20;2026-08-30;2026-09-02;2026-09-04;2026-09-14;2026-09-17
686,0.591,75.1,313,2026-06-11;2026-06-23;2026-06-24;2026-06-29;2026-07-01;2026-07-09;2026-07-11;2026-07-21;2026-07-24;2026-08-08;2026-08-13;2026-08-20;2026-08-30;2026-09-02;2026-09-04;2026-09-14;2026-09-17
190,0.303,35.5,313,2026-06-11;2026-06-23;2026-06-24;2026-06-29;2026-07-01;2026-07-09;2026-07-11;2026-07-21;2026-07-24;2026-08-08;2026-08-13;2026-08-20;2026-08-30;2026-09-02;2026-09-04;2026-09-14;2026-09-17
60,0.348,38.9,316,2026-06-11;2026-06-23;2026-06-24;2026-06-29;2026-07-01;2026-07-09;2026-07-11;2026-07-21;2026-07-24;2026-08-08;2026-08-13;2026-08-20;2026-08-30;2026-09-02;2026-09-04;2026-09-14;2026-09-17
586,0.429,52.5,314,2026-06-11;2026-06-23;2026-06-24;2026-06-29;2026-07-01;2026-07-09;2026-07-11;2026-07-21;2026-07-24;2026-08-08;2026-08-13;2026-08-20;2026-08-30;2026-09-02;2026-09-04;2026-09-14;2026-09-17
965,0.323,36.5,315,2026-06-11;2026-06-23;2026-06-24;2026-06-29;2026-07-01;2026-07-09;2026-07-11;2026-07-21;2026-07-24;2026-08-08;2026-08-13;2026-08-20;2026-08-30;2026-09-02;2026-09-04;2026-09-14;2026-09-17
749,0.408,57.0,314,2026-06-11;2026-06-23;2026-06-24;2026-06-29;2026-07-01;2026-07-09;2026-07-11;2026-07-21;2026-07-24;2026-08-08;2026-08-13;2026-08-20;2026-08-30;2026-09-02;2026-09-04;2026-09-14;2026-09-17
635,0.546,74.4,309,2026-06-11;2026-06-23;2026-06-24;2026-06-29;2026-07-01;2026-07-09;2026-07-11;2026-07-21;2026-07-24;2026-08-08;2026-08-13;2026-08-20;2026-08-30;2026-09-02;2026-09-04;2026-09-14;2026-09-17
358,0.574,80.4,311,2026-06-11;2026-06-23;2026-06-24;2026-06-29;2026-07-01;2026-07-09;2026-07-11;2026-07-21;2026-07-24;2026-08-08;2026-08-13;2026-08-20;2026-08-30;2026-09-02;2026-09-04;2026-09-14;2026-09-17
331,0.531,68.6,309,2026-06-11;2026-06-23;2026-06-24;2026-06-29;2026-07-01;2026-07-09;2026-07-11;2026-07-21;2026-07-24;2026-08-08;2026-08-13;2026-08-20;2026-08-30;2026-09-02;2026-09-04;2026-09-14;2026-09-17
500,0.616,83.2,315,2026-06-11;2026-06-23;2026-06-24;2026-06-29;2026-07-01;2026-07-09;2026-07-11;2026-07-21;2026-07-24;2026-08-08;2026-08-13;2026-08-20;2026-08-30;2026-09-02;2026-09-04;2026-09-14;2026-09-17
1240,0.597,88.9,315,2026-06-11;2026-06-23;2026-06-24;2026-06-29;2026-07-01;2026-07-09;2026-07-11;2026-07-21;2026-07-24;2026-08-08;2026-08-13;2026-08-20;2026-08-30;2026-09-02;2026-09-04;2026-09-14;2026-09-17
597,0.522,75.2,315,2026-06-11;2026-06-23;2026-06-24;2026-06-29;2026-07-01;2026-07-09;2026-07-11;2026-07-21;2026-07-24;2026-08-08;2026-08-13;2026-08-20;2026-08-30;2026-09-02;2026-09-04;2026-09-14;2026-09-17
696,0.252,21.0,315,2026-06-11;2026-06-23;2026-06-24;2026-06-29;2026-07-01;2026-07-09;2026-07-11;2026-07-21;2026-07-24;2026-08-08;2026-08-13;2026-08-20;2026-08-30;2026-09-02;2026-09-04;2026-09-14;2026-09-17
689,0.399,48.3,315,2026-06-11;2026-06-23;2026-06-24;2026-06-29;2026-07-01;2026-07-09;2026-07-11;2026-07-21;2026-07-24;2026-08-08;2026-08-13;2026-08-20;2026-08-30;2026-09-02;2026-09-04;2026-09-14;2026-09-17
1184,0.433,57.7,310,2026-06-11;2026-06-23;2026-06-24;2026-06-29;2026-07-01;2026-07-09;2026-07-11;2026-07-21;2026-07-24;2026-08-08;2026-08-13;2026-08-20;2026-08-30;2026-09-02;2026-09-04;2026-09-14;2026-09-17
314,0.476,60.3,312,2026-06-11;2026-06-23;2026-06-24;2026-06-29;2026-07-01;2026-07-09;2026-07-11;2026-07-21;2026-07-24;2026-08-08;2026-08-13;2026-08-20;2026-08-30;2026-09-02;2026-09-04;2026-09-14;2026-09-17
761,0.348,37.4,313,2026-06-11;2026-06-23;2026-06-24;2026-06-29;2026-07-01;2026-07-09;2026-07-11;2026-07-21;2026-07-24;2026-08-08;2026-08-13;2026-08-20;2026-08-30;2026-09-02;2026-09-04;2026-09-14;2026-09-17
149,0.185,16.8,316,2026-06-11;2026-06-23;2026-06-24;2026-06-29;2026-07-01;2026-07-09;2026-07-11;2026-07-21;2026-07-24;2026-08-08;2026-08-13;2026-08-20;2026-08-30;2026-09-02;2026-09-04;2026-09-14;2026-09-17
832,0.4,50.0,310,2026-06-11;2026-06-23;2026-06-24;2026-06-29;2026-07-01;2026-07-09;2026-07-11;2026-07-21;2026-07-24;2026-08-08;2026-08-13;2026-08-20;2026-08-30;2026-09-02;2026-09-04;2026-09-14;2026-09-17
1632,0.311,31.2,314,2026-06-11;2026-06-23;2026-06-24;2026-06-29;2026-07-01;2026-07-09;2026-07-11;2026-07-21;2026-07-24;2026-08-08;2026-08-13;2026-08-20;2026-08-30;2026-09-02;2026-09-04;2026-09-14;2026-09-17
451,0.436,54.2,312,2026-06-11;2026-06-23;2026-06-24;2026-06-29;2026-07-01;2026-07-09;2026-07-11;2026-07-21;2026-07-24;2026-08-08;2026-08-13;2026-08-20;2026-08-30;2026-09-02;2026-09-04;2026-09-14;2026-09-17
1039,0.398,43.7,316,2026-06-11;2026-06-23;2026-06-24;2026-06-29;2026-07-01;2026-07-09;2026-07-11;2026-07-21;2026-07-24;2026-08-08;2026-08-13;2026-08-20;2026-08-30;2026-09-02;2026-09-04;2026-09-14;2026-09-17
319,0.551,76.9,316,2026-06-11;2026-06-23;2026-06-24;2026-06-29;2026-07-01;2026-07-09;2026-07-11;2026-07-21;2026-07-24;2026-08-08;2026-08-13;2026-08-20;2026-08-30;2026-09-02;2026-09-04;2026-09-14;2026-09-17
172,0.337,42.5,315,2026-06-11;2026-06-23;2026-06-24;2026-06-29;2026-07-01;2026-07-09;2026-07-11;2026-07-21;2026-07-24;2026-08-08;2026-08-13;2026-08-20;2026-08-30;2026-09-02;2026-09-04;2026-09-14;2026-09-17
372,0.274,29.1,316,2026-06-11;2026-06-23;2026-06-24;2026-06-29;2026-07-01;2026-07-09;2026-07-11;2026-07-21;2026-07-24;2026-08-08;2026-08-13;2026-08-20;2026-08-30;2026-09-02;2026-09-04;2026-09-14;2026-09-17
735,0.404,55.3,313,2026-06-11;2026-06-23;2026-06-24;2026-06-29;2026-07-01;2026-07-09;2026-07-11;2026-07-21;2026-07-24;2026-08-08;2026-08-13;2026-08-20;2026-08-30;2026-09-02;2026-09-04;2026-09-14;2026-09-17
488,0.567,83.8,315,2026-06-11;2026-06-23;2026-06-24;2026-06-29;2026-07-01;2026-07-09;2026-07-11;2026-07-21;2026-07-24;2026-08-08;2026-08-13;2026-08-20;2026-08-30;2026-09-02;2026-09-04;2026-09-14;2026-09-17
642,0.382,42.3,312,2026-06-11;2026-06-23;2026-06-24;2026-06-29;2026-07-01;2026-07-09;2026-07-11;2026-07-21;2026-07-24;2026-08-08;2026-08-13;2026-08-20;2026-08-30;2026-09-02;2026-09-04;2026-09-14;2026-09-17
1300,0.191,12.3,316,2026-06-11;2026-06-23;2026-06-24;2026-06-29;2026-07-01;2026-07-09;2026-07-11;2026-07-21;2026-07-24;2026-08-08;2026-08-13;2026-08-20;2026-08-30;2026-09-02;2026-09-04;2026-09-14;2026-09-17
421,0.394,41.0,312,2026-06-11;2026-06-23;2026-06-24;2026-06-29;2026-07-01;2026-07-09;2026-07-11;2026-07-21;2026-07-24;2026-08-08;2026-08-13;2026-08-20;2026-08-30;2026-09-02;2026-09-04;2026-09-14;2026-09-17
524,0.667,91.3,312,2026-06-11;2026-06-23;2026-06-24;2026-06-29;2026-07-01;2026-07-09;2026-07-11;2026-07-21;2026-07-24;2026-08-08;2026-08-13;2026-08-20;2026-08-30;2026-09-02;2026-09-04;2026-09-14;2026-09-17
164,0.309,32.9,316,2026-06-11;2026-06-23;2026-06-24;2026-06-29;2026-07-01;2026-07-09;2026-07-11;2026-07-21;2026-07-24;2026-08-08;2026-08-13;2026-08-20;2026-08-30;2026-09-02;2026-09-04;2026-09-14;2026-09-17
1618,0.632,94.3,315,2026-06-11;2026-06-23;2026-06-24;2026-06-29;2026-07-01;2026-07-09;2026-07-11;2026-07-21;2026-07-24;2026-08-08;2026-08-13;2026-08-20;2026-08-30;2026-09-02;2026-09-04;2026-09-14;2026-09-17
1122,0.519,63.3,313,2026-06-11;2026-06-23;2026-06-24;2026-06-29;2026-07-01;2026-07-09;2026-07-11;2026-07-21;2026-07-24;2026-08-08;2026-08-13;2026-08-20;2026-08-30;2026-09-02;2026-09-04;2026-09-14;2026-09-17
1017,0.323,33.7,312,2026-06-11;2026-06-23;2026-06-24;2026-06-29;2026-07-01;2026-07-09;2026-07-11;2026-07-21;2026-07-24;2026-08-08;2026-08-13;2026-08-20;2026-08-30;2026-09-02;2026-09-04;2026-09-14;2026-09-17
1040,0.501,65.0,314,2026-06-11;2026-06-23;2026-06-24;2026-06-29;2026-07-01;2026-07-09;2026-07-11;2026-07-21;2026-07-24;2026-08-08;2026-08-13;2026-08-20;2026-08-30;2026-09-02;2026-09-04;2026-09-14;2026-09-17
954,0.52,65.7,315,2026-06-11;2026-06-23;2026-06-24;2026-06-29;2026-07-01;2026-07-09;2026-07-11;2026-07-21;2026-07-24;2026-08-08;2026-08-13;2026-08-20;2026-08-30;2026-09-02;2026-09-04;2026-09-14;2026-09-17
200,0.389,44.4,315,2026-06-11;2026-06-23;2026-06-24;2026-06-29;2026-07-01;2026-07-09;2026-07-11;2026-07-21;2026-07-24;2026-08-08;2026-08-13;2026-08-20;2026-08-30;2026-09-02;2026-09-04;2026-09-14;2026-09-17
43,0.368,43.5,315,2026-06-11;2026-06-23;2026-06-24;2026-06-29;2026-07-01;2026-07-09;2026-07-11;2026-07-21;2026-07-24;2026-08-08;2026-08-13;2026-08-20;2026-08-30;2026-09-02;2026-09-04;2026-09-14;2026-09-17
313,0.51,67.4,313,2026-06-11;2026-06-23;2026-06-24;2026-06-29;2026-07-01;2026-07-09;2026-07-11;2026-07-21;2026-07-24;2026-08-08;2026-08-13;2026-08-20;2026-08-30;2026-09-02;2026-09-04;2026-09-14;2026-09-17
869,0.498,69.6,313,2026-06-11;2026-06-23;2026-06-24;2026-06-29;2026-07-01;2026-07-09;2026-07-11;2026-07-21;2026-07-24;2026-08-08;2026-08-13;2026-08-20;2026-08-30;2026-09-02;2026-09-04;2026-09-14;2026-09-17
1168,0.548,79.7,311,2026-06-11;2026-06-23;2026-06-24;2026-06-29;2026-07-01;2026-07-09;2026-07-11;2026-07-21;2026-07-24;2026-08-08;2026-08-13;2026-08-20;2026-08-30;2026-09-02;2026-09-04;2026-09-14;2026-09-17
1491,0.235,18.7,315,2026-06-11;2026-06-23;2026-06-24;2026-06-29;2026-07-01;2026-07-09;2026-07-11;2026-07-21;2026-07-24;2026-08-08;2026-08-13;2026-08-20;2026-08-30;2026-09-02;2026-09-04;2026-09-14;2026-09-17
1135,0.247,23.4,312,2026-06-11;2026-06-23;2026-06-24;2026-06-29;2026-07-01;2026-07-09;2026-07-11;2026-07-21;2026-07-24;2026-08-08;2026-08-13;2026-08-20;2026-08-30;2026-09-02;2026-09-04;2026-09-14;2026-09-17
221,0.548,75.2,315,2026-06-11;2026-06-23;2026-06-24;2026-06-29;2026-07-01;2026-07-09;2026-07-11;2026-07-21;2026-07-24;2026-08-08;2026-08-13;2026-08-20;2026-08-30;2026-09-02;2026-09-04;2026-09-14;2026-09-17
707,0.608,84.4,315,2026-06-11;2026-06-23;2026-06-24;2026-06-29;2026-07-01;2026-07-09;2026-07-11;2026-07-21;2026-07-24;2026-08-08;2026-08-13;2026-08-20;2026-08-30;2026-09-02;2026-09-04;2026-09-14;2026-09-17
1497,0.352,36.1,310,2026-06-11;2026-06-23;2026-06-24;2026-06-29;2026-07-01;2026-07-09;2026-07-11;2026-07-21;2026-07-24;2026-08-08;2026-08-13;2026-08-20;2026-08-30;2026-09-02;2026-09-04;2026-09-14;2026-09-17
1121,0.519,69.9,316,2026-06-11;2026-06-23;2026-06-24;2026-06-29;2026-07-01;2026-07-09;2026-07-11;2026-07-21;2026-07-24;2026-08-08;2026-08-13;2026-08-20;2026-08-30;2026-09-02;2026-09-04;2026-09-14;2026-09-17
1091,0.466,68.7,316,2026-06-11;2026-06-23;2026-06-24;2026-06-29;2026-07-01;2026-07-09;2026-07-11;2026-07-21;2026-07-24;2026-08-08;2026-08-13;2026-08-20;2026-08-30;2026-09-02;2026-09-04;2026-09-14;2026-09-17
315,0.53,75.6,315,2026-06-11;2026-06-23;2026-06-24;2026-06-29;2026-07-01;2026-07-09;2026-07-11;2026-07-21;2026-07-24;2026-08-08;2026-08-13;2026-08-20;2026-08-30;2026-09-02;2026-09-04;2026-09-14;2026-09-17
1324,0.369,42.1,311,2026-06-11;2026-06-23;2026-06-24;2026-06-29;2026-07-01;2026-07-09;2026-07-11;2026-07-21;2026-07-24;2026-08-08;2026-08-13;2026-08-20;2026-08-30;2026-09-02;2026-09-04;2026-09-14;2026-09-17
730,0.597,89.0,310,2026-06-11;2026-06-23;2026-06-24;2026-06-29;2026-07-01;2026-07-09;2026-07-11;2026-07-21;2026-07-24;2026-08-08;2026-08-13;2026-08-20;2026-08-30;2026-09-02;2026-09-04;2026-09-14;2026-09-17
1237,0.34,40.5,316,2026-06-11;2026-06-23;2026-06-24;2026-06-29;2026-07-01;2026-07-09;2026-07-11;2026-07-21;2026-07-24;2026-08-08;2026-08-13;2026-08-20;2026-08-30;2026-09-02;2026-09-04;2026-09-14;2026-09-17
1000,0.559,74.4,316,2026-06-11;2026-06-23;2026-06-24;2026-06-29;2026-07-01;2026-07-09;2026-07-11;2026-07-21;2026-07-24;2026-08-08;2026-08-13;2026-08-20;2026-08-30;2026-09-02;2026-09-04;2026-09-14;2026-09-17
147,0.349,38.4,310,2026-06-11;2026-06-23;2026-06-24;2026-06-29;2026-07-01;2026-07-09;2026-07-11;2026-07-21;2026-07-24;2026-08-08;2026-08-13;2026-08-20;2026-08-30;2026-09-02;2026-09-04;2026-09-14;2026-09-17
1041,0.449,60.3,312,2026-06-11;2026-06-23;2026-06-24;2026-06-29;2026-07-01;2026-07-09;2026-07-11;2026-07-21;2026-07-24;2026-08-08;2026-08-13;2026-08-20;2026-08-30;2026-09-02;2026-09-04;2026-09-14;2026-09-17
423,0.496,67.6,315,2026-06-11;2026-06-23;2026-06-24;2026-06-29;2026-07-01;2026-07-09;2026-07-11;2026-07-21;2026-07-24;2026-08-08;2026-08-13;2026-08-20;2026-08-30;2026-09-02;2026-09-04;2026-09-14;2026-09-17
57,0.114,5.4,316,2026-06-11;2026-06-23;2026-06-24;2026-06-29;2026-07-01;2026-07-09;2026-07-11;2026-07-21;2026-07-24;2026-08-08;2026-08-13;2026-08-20;2026-08-30;2026-09-02;2026-09-04;2026-09-14;2026-09-17
803,0.454,66.0,315,2026-06-11;2026-06-23;2026-06-24;2026-06-29;2026-07-01;2026-07-09;2026-07-11;2026-07-21;2026-07-24;2026-08-08;2026-08-13;2026-08-20;2026-08-30;2026-09-02;2026-09-04;2026-09-14;2026-09-17
309,0.521,66.3,312,2026-06-11;2026-06-23;2026-06-24;2026-06-29;2026-07-01;2026-07-09;2026-07-11;2026-07-21;2026-07-24;2026-08-08;2026-08-13;2026-08-20;2026-08-30;2026-09-02;2026-09-04;2026-09-14;2026-09-17
1181,0.349,42.4,311,2026-06-11;2026-06-23;2026-06-24;2026-06-29;2026-07-01;2026-07-09;2026-07-11;2026-07-21;2026-07-24;2026-08-08;2026-08-13;2026-08-20;2026-08-30;2026-09-02;2026-09-04;2026-09-14;2026-09-17
1279,0.632,85.3,313,2026-06-11;2026-06-23;2026-06-24;2026-06-29;2026-07-01;2026-07-09;2026-07-11;2026-07-21;2026-07-24;2026-08-08;2026-08-13;2026-08-20;2026-08-30;2026-09-02;2026-09-04;2026-09-14;2026-09-17
927,0.302,31.7,315,2026-06-11;2026-06-23;2026-06-24;2026-06-29;2026-07-01;2026-07-09;2026-07-11;2026-07-21;2026-07-24;2026-08-08;2026-08-13;2026-08-20;2026-08-30;2026-09-02;2026-09-04;2026-09-14;2026-09-17
61,0.476,60.4,313,2026-06-11;2026-06-23;2026-06-24;2026-06-29;2026-07-01;2026-07-09;2026-07-11;2026-07-21;2026-07-24;2026-08-08;2026-08-13;2026-08-20;2026-08-30;2026-09-02;2026-09-04;2026-09-14;2026-09-17
1405,0.622,88.0,316,2026-06-11;2026-06-23;2026-06-24;2026-06-29;2026-07-01;2026-07-09;2026-07-11;2026-07-21;2026-07-24;2026-08-08;2026-08-13;2026-08-20;2026-08-30;2026-09-02;2026-09-04;2026-09-14;2026-09-17
64,0.347,41.5,313,2026-06-11;2026-06-23;2026-06-24;2026-06-29;2026-07-01;2026-07-09;2026-07-11;2026-07-21;2026-07-24;2026-08-08;2026-08-13;2026-08-20;2026-08-30;2026-09-02;2026-09-04;2026-09-14;2026-09-17
113,0.525,71.4,315,2026-06-11;2026-06-23;2026-06-24;2026-06-29;2026-07-01;2026-07-09;2026-07-11;2026-07-21;2026-07-24;2026-08-08;2026-08-13;2026-08-20;2026-08-30;2026-09-02;2026-09-04;2026-09-14;2026-09-17
10,0.365,44.2,312,2026-06-11;2026-06-23;2026-06-24;2026-06-29;2026-07-01;2026-07-09;2026-07-11;2026-07-21;2026-07-24;2026-08-08;2026-08-13;2026-08-20;2026-08-30;2026-09-02;2026-09-04;2026-09-14;2026-09-17
1044,0.531,72.2,309,2026-06-11;2026-06-23;2026-06-24;2026-06-29;2026-07-01;2026-07-09;2026-07-11;2026-07-21;2026-07-24;2026-08-08;2026-08-13;2026-08-20;2026-08-30;2026-09-02;2026-09-04;2026-09-14;2026-09-17
1330,0.522,68.1,313,2026-06-11;2026-06-23;2026-06-24;2026-06-29;2026-07-01;2026-07-09;2026-07-11;2026-07-21;2026-07-24;2026-08-08;2026-08-13;2026-08-20;2026-08-30;2026-09-02;2026-09-04;2026-09-14;2026-09-17
1009,0.631,82.6,316,2026-06-11;2026-06-23;2026-06-24;2026-06-29;2026-07-01;2026-07-09;2026-07-11;2026-07-21;2026-07-24;2026-08-08;2026-08-13;2026-08-20;2026-08-30;2026-09-02;2026-09-04;2026-09-14;2026-09-17
808,0.418,41.8,316,2026-06-11;2026-06-23;2026-06-24;2026-06-29;2026-07-01;2026-07-09;2026-07-11;2026-07-21;2026-07-24;2026-08-08;2026-08-13;2026-08-20;2026-08-30;2026-09-02;2026-09-04;2026-09-14;2026-09-17
1394,0.549,83.2,316,2026-06-11;2026-06-23;2026-06-24;2026-06-29;2026-07-01;2026-07-09;2026-07-11;2026-07-21;2026-07-24;2026-08-08;2026-08-13;2026-08-20;2026-08-30;2026-09-02;2026-09-04;2026-09-14;2026-09-17
197,0.377,44.9,316,2026-06-11;2026-06-23;2026-06-24;2026-06-29;2026-07-01;2026-07-09;2026-07-11;2026-07-21;2026-07-24;2026-08-08;2026-08-13;2026-08-20;2026-08-30;2026-09-02;2026-09-04;2026-09-14;2026-09-17
215,0.473,63.3,313,2026-06-11;2026-06-23;2026-06-24;2026-06-29;2026-07-01;2026-07-09;2026-07-11;2026-07-21;2026-07-24;2026-08-08;2026-08-13;2026-08-20;2026-08-30;2026-09-02;2026-09-04;2026-09-14;2026-09-17
990,0.509,56.4,312,2026-06-11;2026-06-23;2026-06-24;2026-06-29;2026-07-01;2026-07-09;2026-07-11;2026-07-21;2026-07-24;2026-08-08;2026-08-13;2026-08-20;2026-08-30;2026-09-02;2026-09-04;2026-09-14;2026-09-17
496,0.483,66.0,315,2026-06-11;2026-06-23;2026-06-24;2026-06-29;2026-07-01;2026-07-09;2026-07-11;2026-07-21;2026-07-24;2026-08-08;2026-08-13;2026-08-20;2026-08-30;2026-09-02;2026-09-04;2026-09-14;2026-09-17
1254,0.312,30.6,314,2026-06-11;2026-06-23;2026-06-24;2026-06-29;2026-07-01;2026-07-09;2026-07-11;2026-07-21;2026-07-24;2026-08-08;2026-08-13;2026-08-20;2026-08-30;2026-09-02;2026-09-04;2026-09-14;2026-09-17
308,0.636,80.6,310,2026-06-11;2026-06-23;2026-06-24;2026-06-29;2026-07-01;2026-07-09;2026-07-11;2026-07-21;2026-07-24;2026-08-08;2026-08-13;2026-08-20;2026-08-30;2026-09-02;2026-09-04;2026-09-14;2026-09-17
746,0.445,59.2,316,2026-06-11;2026-06-23;2026-06-24;2026-06-29;2026-07-01;2026-07-09;2026-07-11;2026-07-21;2026-07-24;2026-08-08;2026-08-13;2026-08-20;2026-08-30;2026-09-02;2026-09-04;2026-09-14;2026-09-17
1018,0.299,33.2,316,2026-06-11;2026-06-23;2026-06-24;2026-06-29;2026-07-01;2026-07-09;2026-07-11;2026-07-21;2026-07-24;2026-08-08;2026-08-13;2026-08-20;2026-08-30;2026-09-02;2026-09-04;2026-09-14;2026-09-17
1144,0.538,66.8,313,2026-06-11;2026-06-23;2026-06-24;2026-06-29;2026-07-01;2026-07-09;2026-07-11;2026-07-21;2026-07-24;2026-08-08;2026-08-13;2026-08-20;2026-08-30;2026-09-02;2026-09-04;2026-09-14;2026-09-17
900,0.486,64.3,311,2026-06-11;2026-06-23;2026-06-24;2026-06-29;2026-07-01;2026-07-09;2026-07-11;2026-07-21;2026-07-24;2026-08-08;2026-08-13;2026-08-20;2026-08-30;2026-09-02;2026-09-04;2026-09-14;2026-09-17
544,0.651,90.2,317,2026-06-11;2026-06-23;2026-06-24;2026-06-29;2026-07-01;2026-07-09;2026-07-11;2026-07-21;2026-07-24;2026-08-08;2026-08-13;2026-08-20;2026-08-30;2026-09-02;2026-09-04;2026-09-14;2026-09-17
1622,0.413,50.6,316,2026-06-11;2026-06-23;2026-06-24;2026-06-29;2026-07-01;2026-07-09;2026-07-11;2026-07-21;2026-07-24;2026-08-08;2026-08-13;2026-08-20;2026-08-30;2026-09-02;2026-09-04;2026-09-14;2026-09-17
1460,0.498,67.7,313,2026-06-11;2026-06-23;2026-06-24;2026-06-29;2026-07-01;2026-07-09;2026-07-11;2026-07-21;2026-07-24;2026-08-08;2026-08-13;2026-08-20;2026-08-30;2026-09-02;2026-09-04;2026-09-14;2026-09-17
1474,0.22,20.1,309,2026-06-11;2026-06-23;2026-06-24;2026-06-29;2026-07-01;2026-07-09;2026-07-11;2026-07-21;2026-07-24;2026-08-08;2026-08-13;2026-08-20;2026-08-30;2026-09-02;2026-09-04;2026-09-14;2026-09-17
667,0.262,26.1,310,2026-06-11;2026-06-23;2026-06-24;2026-06-29;2026-07-01;2026-07-09;2026-07-11;2026-07-21;2026-07-24;2026-08-08;2026-08-13;2026-08-20;2026-08-30;2026-09-02;2026-09-04;2026-09-14;2026-09-17
12,0.31,34.5,316,2026-06-11;2026-06-23;2026-06-24;2026-06-29;2026-07-01;2026-07-09;2026-07-11;2026-07-21;2026-07-24;2026-08-08;2026-08-13;2026-08-20;2026-08-30;2026-09-02;2026-09-04;2026-09-14;2026-09-17
608,0.517,75.9,316,2026-06-11;2026-06-23;2026-06-24;2026-06-29;2026-07-01;2026-07-09;2026-07-11;2026-07-21;2026-07-24;2026-08-08;2026-08-13;2026-08-20;2026-08-30;2026-09-02;2026-09-04;2026-09-14;2026-09-17
949,0.413,50.6,314,2026-06-11;2026-06-23;2026-06-24;2026-06-29;2026-07-01;2026-07-09;2026-07-11;2026-07-21;2026-07-24;2026-08-08;2026-08-13;2026-08-20;2026-08-30;2026-09-02;2026-09-04;2026-09-14;2026-09-17
877,0.495,66.8,310,2026-06-11;2026-06-23;2026-06-24;2026-06-29;2026-07-01;2026-07-09;2026-07-11;2026-07-21;2026-07-24;2026-08-08;2026-08-13;2026-08-20;2026-08-30;2026-09-02;2026-09-04;2026-09-14;2026-09-17
1111,0.558,75.5,314,2026-06-11;2026-06-23;2026-06-24;2026-06-29;2026-07-01;2026-07-09;2026-07-11;2026-07-21;2026-07-24;2026-08-08;2026-08-13;2026-08-20;2026-08-30;2026-09-02;2026-09-04;2026-09-14;2026-09-17
366,0.513,64.6,314,2026-06-11;2026-06-23;2026-06-24;2026-06-29;2026-07-01;2026-07-09;2026-07-11;2026-07-21;2026-07-24;2026-08-08;2026-08-13;2026-08-20;2026-08-30;2026-09-02;2026-09-04;2026-09-14;2026-09-17
617,0.567,86.9,312,2026-06-11;2026-06-23;2026-06-24;2026-06-29;2026-07-01;2026-07-09;2026-07-11;2026-07-21;2026-07-24;2026-08-08;2026-08-13;2026-08-20;2026-08-30;2026-09-02;2026-09-04;2026-09-14;2026-09-17
999,0.474,65.8,313,2026-06-11;2026-06-23;2026-06-24;2026-06-29;2026-07-01;2026-07-09;2026-07-11;2026-07-21;2026-07-24;2026-08-08;2026-08-13;2026-08-20;2026-08-30;2026-09-02;2026-09-04;2026-09-14;2026-09-17
156,0.592,79.2,313,2026-06-11;2026-06-23;2026-06-24;2026-06-29;2026-07-01;2026-07-09;2026-07-11;2026-07-21;2026-07-24;2026-08-08;2026-08-13;2026-08-20;2026-08-30;2026-09-02;2026-09-04;2026-09-14;2026-09-17
815,0.356,42.5,315,2026-06-11;2026-06-23;2026-06-24;2026-06-29;2026-07-01;2026-07-09;2026-07-11;2026-07-21;2026-07-24;2026-08-08;2026-08-13;2026-08-20;2026-08-30;2026-09-02;2026-09-04;2026-09-14;2026-09-17
191,0.417,56.9,313,2026-06-11;2026-06-23;2026-06-24;2026-06-29;2026-07-01;2026-07-09;2026-07-11;2026-07-21;2026-07-24;2026-08-08;2026-08-13;2026-08-20;2026-08-30;2026-09-02;2026-09-04;2026-09-14;2026-09-17
1248,0.436,54.0,315,2026-06-11;2026-06-23;2026-06-24;2026-06-29;2026-07-01;2026-07-09;2026-07-11;2026-07-21;2026-07-24;2026-08-08;2026-08-13;2026-08-20;2026-08-30;2026-09-02;2026-09-04;2026-09-14;2026-09-17
1275,0.692,92.0,314,2026-06-11;2026-06-23;2026-06-24;2026-06-29;2026-07-01;2026-07-09;2026-07-11;2026-07-21;2026-07-24;2026-08-08;2026-08-13;2026-08-20;2026-08-30;2026-09-02;2026-09-04;2026-09-14;2026-09-17
1083,0.419,51.1,315,2026-06-11;2026-06-23;2026-06-24;2026-06-29;2026-07-01;2026-07-09;2026-07-11;2026-07-21;2026-07-24;2026-08-08;2026-08-13;2026-08-20;2026-08-30;2026-09-02;2026-09-04;2026-09-14;2026-09-17
239,0.311,33.3,315,2026-06-11;2026-06-23;2026-06-24;2026-06-29;2026-07-01;2026-07-09;2026-07-11;2026-07-21;2026-07-24;2026-08-08;2026-08-13;2026-08-20;2026-08-30;2026-09-02;2026-09-04;2026-09-14;2026-09-17
420,0.571,73.9,314,2026-06-11;2026-06-23;2026-06-24;2026-06-29;2026-07-01;2026-07-09;2026-07-11;2026-07-21;2026-07-24;2026-08-08;2026-08-13;2026-08-20;2026-08-30;2026-09-02;2026-09-04;2026-09-14;2026-09-17
902,0.498,66.7,312,2026-06-11;2026-06-23;2026-06-24;2026-06-29;2026-07-01;2026-07-09;2026-07-11;2026-07-21;2026-07-24;2026-08-08;2026-08-13;2026-08-20;2026-08-30;2026-09-02;2026-09-04;2026-09-14;2026-09-17
258,0.403,51.4,315,2026-06-11;2026-06-23;2026-06-24;2026-06-29;2026-07-01;2026-07-09;2026-07-11;2026-07-21;2026-07-24;2026-08-08;2026-08-13;2026-08-20;2026-08-30;2026-09-02;2026-09-04;2026-09-14;2026-09-17
752,0.586,88.5,314,2026-06-11;2026-06-23;2026-06-24;2026-06-29;2026-07-01;2026-07-09;2026-07-11;2026-07-21;2026-07-24;2026-08-08;2026-08-13;2026-08-20;2026-08-30;2026-09-02;2026-09-04;2026-09-14;2026-09-17
917,0.549,75.2,315,2026-06-11;2026-06-23;2026-06-24;2026-06-29;2026-07-01;2026-07-09;2026-07-11;2026-07-21;2026-07-24;2026-08-08;2026-08-13;2026-08-20;2026-08-30;2026-09-02;2026-09-04;2026-09-14;2026-09-17
339,0.646,92.7,313,2026-06-11;2026-06-23;2026-06-24;2026-06-29;2026-07-01;2026-07-09;2026-07-11;2026-07-21;2026-07-24;2026-08-08;2026-08-13;2026-08-20;2026-08-30;2026-09-02;2026-09-04;2026-09-14;2026-09-17
636,0.43,51.3,316,2026-06-11;2026-06-23;2026-06-24;2026-06-29;2026-07-01;2026-07-09;2026-07-11;2026-07-21;2026-07-24;2026-08-08;2026-08-13;2026-08-20;2026-08-30;2026-09-02;2026-09-04;2026-09-14;2026-09-17
1379,0.521,70.6,316,2026-06-11;2026-06-23;2026-06-24;2026-06-29;2026-07-01;2026-07-09;2026-07-11;2026-07-21;2026-07-24;2026-08-08;2026-08-13;2026-08-20;2026-08-30;2026-09-02;2026-09-04;2026-09-14;2026-09-17
324,0.589,84.9,312,2026-06-11;2026-06-23;2026-06-24;2026-06-29;2026-07-01;2026-07-09;2026-07-11;2026-07-21;2026-07-24;2026-08-08;2026-08-13;2026-08-20;2026-08-30;2026-09-02;2026-09-04;2026-09-14;2026-09-17
38,0.387,51.6,316,2026-06-11;2026-06-23;2026-06-24;2026-06-29;2026-07-01;2026-07-09;2026-07-11;2026-07-21;2026-07-24;2026-08-08;2026-08-13;2026-08-20;2026-08-30;2026-09-02;2026-09-04;2026-09-14;2026-09-17
336,0.485,62.5,315,2026-06-11;2026-06-23;2026-06-24;2026-06-29;2026-07-01;2026-07-09;2026-07-11;2026-07-21;2026-07-24;2026-08-08;2026-08-13;2026-08-20;2026-08-30;2026-09-02;2026-09-04;2026-09-14;2026-09-17
1364,0.429,55.4,316,2026-06-11;2026-06-23;2026-06-24;2026-06-29;2026-07-01;2026-07-09;2026-07-11;2026-07-21;2026-07-24;2026-08-08;2026-08-13;2026-08-20;2026-08-30;2026-09-02;2026-09-04;2026-09-14;2026-09-17
898,0.425,53.7,313,2026-06-11;2026-06-23;2026-06-24;2026-06-29;2026-07-01;2026-07-09;2026-07-11;2026-07-21;2026-07-24;2026-08-08;2026-08-13;2026-08-20;2026-08-30;2026-09-02;2026-09-04;2026-09-14;2026-09-17
89,0.422,52.4,311,2026-06-11;2026-06-23;2026-06-24;2026-06-29;2026-07-01;2026-07-09;2026-07-11;2026-07-21;2026-07-24;2026-08-08;2026-08-13;2026-08-20;2026-08-30;2026-09-02;2026-09-04;2026-09-14;2026-09-17
680,0.499,64.9,316,2026-06-11;2026-06-23;2026-06-24;2026-06-29;2026-07-01;2026-07-09;2026-07-11;2026-07-21;2026-07-24;2026-08-08;2026-08-13;2026-08-20;2026-08-30;2026-09-02;2026-09-04;2026-09-14;2026-09-17
429,0.581,86.1,310,2026-06-11;2026-06-23;2026-06-24;2026-06-29;2026-07-01;2026-07-09;2026-07-11;2026-07-21;2026-07-24;2026-08-08;2026-08-13;2026-08-20;2026-08-30;2026-09-02;2026-09-04;2026-09-14;2026-09-17
1238,0.479,60.0,315,2026-06-11;2026-06-23;2026-06-24;2026-06-29;2026-07-01;2026-07-09;2026-07-11;2026-07-21;2026-07-24;2026-08-08;2026-08-13;2026-08-20;2026-08-30;2026-09-02;2026-09-04;2026-09-14;2026-09-17
726,0.491,63.8,312,2026-06-11;2026-06-23;2026-06-24;2026-06-29;2026-07-01;2026-07-09;2026-07-11;2026-07-21;2026-07-24;2026-08-08;2026-08-13;2026-08-20;2026-08-30;2026-09-02;2026-09-04;2026-09-14;2026-09-17
20,0.387,39.9,316,2026-06-11;2026-06-23;2026-06-24;2026-06-29;2026-07-01;2026-07-09;2026-07-11;2026-07-21;2026-07-24;2026-08-08;2026-08-13;2026-08-20;2026-08-30;2026-09-02;2026-09-04;2026-09-14;2026-09-17
100,0.33,35.3,312,2026-06-11;2026-06-23;2026-06-24;2026-06-29;2026-07-01;2026-07-09;2026-07-11;2026-07-21;2026-07-24;2026-08-08;2026-08-13;2026-08-20;2026-08-30;2026-09-02;2026-09-04;2026-09-14;2026-09-17
560,0.551,78.4,315,2026-06-11;2026-06-23;2026-06-24;2026-06-29;2026-07-01;2026-07-09;2026-07-11;2026-07-21;2026-07-24;2026-08-08;2026-08-13;2026-08-20;2026-08-30;2026-09-02;2026-09-04;2026-09-14;2026-09-17
523,0.592,84.8,316,2026-06-11;2026-06-23;2026-06-24;2026-06-29;2026-07-01;2026-07-09;2026-07-11;2026-07-21;2026-07-24;2026-08-08;2026-08-13;2026-08-20;2026-08-30;2026-09-02;2026-09-04;2026-09-14;2026-09-17
692,0.226,20.6,315,2026-06-11;2026-06-23;2026-06-24;2026-06-29;2026-07-01;2026-07-09;2026-07-11;2026-07-21;2026-07-24;2026-08-08;2026-08-13;2026-08-20;2026-08-30;2026-09-02;2026-09-04;2026-09-14;2026-09-17
1006,0.609,77.2,316,2026-06-11;2026-06-23;2026-06-24;2026-06-29;2026-07-01;2026-07-09;2026-07-11;2026-07-21;2026-07-24;2026-08-08;2026-08-13;2026-08-20;2026-08-30;2026-09-02;2026-09-04;2026-09-14;2026-09-17
643,0.219,18.5,313,2026-06-11;2026-06-23;2026-06-24;2026-06-29;2026-07-01;2026-07-09;2026-07-11;2026-07-21;2026-07-24;2026-08-08;2026-08-13;2026-08-20;2026-08-30;2026-09-02;2026-09-04;2026-09-14;2026-09-17
399,0.513,69.7,314,2026-06-11;2026-06-23;2026-06-24;2026-06-29;2026-07-01;2026-07-09;2026-07-11;2026-07-21;2026-07-24;2026-08-08;2026-08-13;2026-08-20;2026-08-30;2026-09-02;2026-09-04;2026-09-14;2026-09-17
1469,0.654,90.0,309,2026-06-11;2026-06-23;2026-06-24;2026-06-29;2026-07-01;2026-07-09;2026-07-11;2026-07-21;2026-07-24;2026-08-08;2026-08-13;2026-08-20;2026-08-30;2026-09-02;2026-09-04;2026-09-14;2026-09-17
1026,0.358,37.1,318,2026-06-11;2026-06-23;2026-06-24;2026-06-29;2026-07-01;2026-07-09;2026-07-11;2026-07-21;2026-07-24;2026-08-08;2026-08-13;2026-08-20;2026-08-30;2026-09-02;2026-09-04;2026-09-14;2026-09-17
132,0.619,87.4,317,2026-06-11;2026-06-23;2026-06-24;2026-06-29;2026-07-01;2026-07-09;2026-07-11;2026-07-21;2026-07-24;2026-08-08;2026-08-13;2026-08-20;2026-08-30;2026-09-02;2026-09-04;2026-09-14;2026-09-17
1084,0.549,74.9,315,2026-06-11;2026-06-23;2026-06-24;2026-06-29;2026-07-01;2026-07-09;2026-07-11;2026-07-21;2026-07-24;2026-08-08;2026-08-13;2026-08-20;2026-08-30;2026-09-02;2026-09-04;2026-09-14;2026-09-17
1192,0.321,35.4,316,2026-06-11;2026-06-23;2026-06-24;2026-06-29;2026-07-01;2026-07-09;2026-07-11;2026-07-21;2026-07-24;2026-08-08;2026-08-13;2026-08-20;2026-08-30;2026-09-02;2026-09-04;2026-09-14;2026-09-17
55,0.115,6.7,315,2026-06-11;2026-06-23;2026-06-24;2026-06-29;2026-07-01;2026-07-09;2026-07-11;2026-07-21;2026-07-24;2026-08-08;2026-08-13;2026-08-20;2026-08-30;2026-09-02;2026-09-04;2026-09-14;2026-09-17
850,0.399,45.2,312,2026-06-11;2026-06-23;2026-06-24;2026-06-29;2026-07-01;2026-07-09;2026-07-11;2026-07-21;2026-07-24;2026-08-08;2026-08-13;2026-08-20;2026-08-30;2026-09-02;2026-09-04;2026-09-14;2026-09-17
402,0.388,50.0,312,2026-06-11;2026-06-23;2026-06-24;2026-06-29;2026-07-01;2026-07-09;2026-07-11;2026-07-21;2026-07-24;2026-08-08;2026-08-13;2026-08-20;2026-08-30;2026-09-02;2026-09-04;2026-09-14;2026-09-17
992,0.458,60.3,315,2026-06-11;2026-06-23;2026-06-24;2026-06-29;2026-07-01;2026-07-09;2026-07-11;2026-07-21;2026-07-24;2026-08-08;2026-08-13;2026-08-20;2026-08-30;2026-09-02;2026-09-04;2026-09-14;2026-09-17
4,0.129,10.2,315,2026-06-11;2026-06-23;2026-06-24;2026-06-29;2026-07-01;2026-07-09;2026-07-11;2026-07-21;2026-07-24;2026-08-08;2026-08-13;2026-08-20;2026-08-30;2026-09-02;2026-09-04;2026-09-14;2026-09-17
320,0.517,67.2,314,2026-06-11;2026-06-23;2026-06-24;2026-06-29;2026-07-01;2026-07-09;2026-07-11;2026-07-21;2026-07-24;2026-08-08;2026-08-13;2026-08-20;2026-08-30;2026-09-02;2026-09-04;2026-09-14;2026-09-17
1504,0.178,13.4,314,2026-06-11;2026-06-23;2026-06-24;2026-06-29;2026-07-01;2026-07-09;2026-07-11;2026-07-21;2026-07-24;2026-08-08;2026-08-13;2026-08-20;2026-08-30;2026-09-02;2026-09-04;2026-09-14;2026-09-17
1079,0.515,72.3,314,2026-06-11;2026-06-23;2026-06-24;2026-06-29;2026-07-01;2026-07-09;2026-07-11;2026-07-21;2026-07-24;2026-08-08;2026-08-13;2026-08-20;2026-08-30;2026-09-02;2026-09-04;2026-09-14;2026-09-17
185,0.399,46.0,311,2026-06-11;2026-06-23;2026-06-24;2026-06-29;2026-07-01;2026-07-09;2026-07-11;2026-07-21;2026-07-24;2026-08-08;2026-08-13;2026-08-20;2026-08-30;2026-09-02;2026-09-04;2026-09-14;2026-09-17
721,0.494,68.0,316,2026-06-11;2026-06-23;2026-06-24;2026-06-29;2026-07-01;2026-07-09;2026-07-11;2026-07-21;2026-07-24;2026-08-08;2026-08-13;2026-08-20;2026-08-30;2026-09-02;2026-09-04;2026-09-14;2026-09-17
738,0.462,58.7,315,2026-06-11;2026-06-23;2026-06-24;2026-06-29;2026-07-01;2026-07-09;2026-07-11;2026-07-21;2026-07-24;2026-08-08;2026-08-13;2026-08-20;2026-08-30;2026-09-02;2026-09-04;2026-09-14;2026-09-17
1138,0.521,73.7,315,2026-06-11;2026-06-23;2026-06-24;2026-06-29;2026-07-01;2026-07-09;2026-07-11;2026-07-21;2026-07-24;2026-08-08;2026-08-13;2026-08-20;2026-08-30;2026-09-02;2026-09-04;2026-09-14;2026-09-17
1459,0.486,62.8,309,2026-06-11;2026-06-23;2026-06-24;2026-06-29;2026-07-01;2026-07-09;2026-07-11;2026-07-21;2026-07-24;2026-08-08;2026-08-13;2026-08-20;2026-08-30;2026-09-02;2026-09-04;2026-09-14;2026-09-17
585,0.469,63.7,314,2026-06-11;2026-06-23;2026-06-24;2026-06-29;2026-07-01;2026-07-09;2026-07-11;2026-07-21;2026-07-24;2026-08-08;2026-08-13;2026-08-20;2026-08-30;2026-09-02;2026-09-04;2026-09-14;2026-09-17
427,0.563,80.4,312,2026-06-11;2026-06-23;2026-06-24;2026-06-29;2026-07-01;2026-07-09;2026-07-11;2026-07-21;2026-07-24;2026-08-08;2026-08-13;2026-08-20;2026-08-30;2026-09-02;2026-09-04;2026-09-14;2026-09-17
1312,0.332,31.4,312,2026-06-11;2026-06-23;2026-06-24;2026-06-29;2026-07-01;2026-07-09;2026-07-11;2026-07-21;2026-07-24;2026-08-08;2026-08-13;2026-08-20;2026-08-30;2026-09-02;2026-09-04;2026-09-14;2026-09-17
1283,0.59,75.9,315,2026-06-11;2026-06-23;2026-06-24;2026-06-29;2026-07-01;2026-07-09;2026-07-11;2026-07-21;2026-07-24;2026-08-08;2026-08-13;2026-08-20;2026-08-30;2026-09-02;2026-09-04;2026-09-14;2026-09-17
966,0.222,16.9,313,2026-06-11;2026-06-23;2026-06-24;2026-06-29;2026-07-01;2026-07-09;2026-07-11;2026-07-21;2026-07-24;2026-08-08;2026-08-13;2026-08-20;2026-08-30;2026-09-02;2026-09-04;2026-09-14;2026-09-17
755,0.535,74.5,310,2026-06-11;2026-06-23;2026-06-24;2026-06-29;2026-07-01;2026-07-09;2026-07-11;2026-07-21;2026-07-24;2026-08-08;2026-08-13;2026-08-20;2026-08-30;2026-09-02;2026-09-04;2026-09-14;2026-09-17
729,0.666,90.3,308,2026-06-11;2026-06-23;2026-06-24;2026-06-29;2026-07-01;2026-07-09;2026-07-11;2026-07-21;2026-07-24;2026-08-08;2026-08-13;2026-08-20;2026-08-30;2026-09-02;2026-09-04;2026-09-14;2026-09-17
1630,0.44,55.4,314,2026-06-11;2026-06-23;2026-06-24;2026-06-29;2026-07-01;2026-07-09;2026-07-11;2026-07-21;2026-07-24;2026-08-08;2026-08-13;2026-08-20;2026-08-30;2026-09-02;2026-09-04;2026-09-14;2026-09-17
166,0.46,57.6,311,2026-06-11;2026-06-23;2026-06-24;2026-06-29;2026-07-01;2026-07-09;2026-07-11;2026-07-21;2026-07-24;2026-08-08;2026-08-13;2026-08-20;2026-08-30;2026-09-02;2026-09-04;2026-09-14;2026-09-17
303,0.525,68.5,314,2026-06-11;2026-06-23;2026-06-24;2026-06-29;2026-07-01;2026-07-09;2026-07-11;2026-07-21;2026-07-24;2026-08-08;2026-08-13;2026-08-20;2026-08-30;2026-09-02;2026-09-04;2026-09-14;2026-09-17
335,0.526,75.1,313,2026-06-11;2026-06-23;2026-06-24;2026-06-29;2026-07-01;2026-07-09;2026-07-11;2026-07-21;2026-07-24;2026-08-08;2026-08-13;2026-08-20;2026-08-30;2026-09-02;2026-09-04;2026-09-14;2026-09-17
1377,0.4,53.8,316,2026-06-11;2026-06-23;2026-06-24;2026-06-29;2026-07-01;2026-07-09;2026-07-11;2026-07-21;2026-07-24;2026-08-08;2026-08-13;2026-08-20;2026-08-30;2026-09-02;2026-09-04;2026-09-14;2026-09-17
159,0.398,50.0,312,2026-06-11;2026-06-23;2026-06-24;2026-06-29;2026-07-01;2026-07-09;2026-07-11;2026-07-21;2026-07-24;2026-08-08;2026-08-13;2026-08-20;2026-08-30;2026-09-02;2026-09-04;2026-09-14;2026-09-17
1612,0.58,81.0,311,2026-06-11;2026-06-23;2026-06-24;2026-06-29;2026-07-01;2026-07-09;2026-07-11;2026-07-21;2026-07-24;2026-08-08;2026-08-13;2026-08-20;2026-08-30;2026-09-02;2026-09-04;2026-09-14;2026-09-17
1001,0.51,69.3,309,2026-06-11;2026-06-23;2026-06-24;2026-06-29;2026-07-01;2026-07-09;2026-07-11;2026-07-21;2026-07-24;2026-08-08;2026-08-13;2026-08-20;2026-08-30;2026-09-02;2026-09-04;2026-09-14;2026-09-17
482,0.702,93.6,312,2026-06-11;2026-06-23;2026-06-24;2026-06-29;2026-07-01;2026-07-09;2026-07-11;2026-07-21;2026-07-24;2026-08-08;2026-08-13;2026-08-20;2026-08-30;2026-09-02;2026-09-04;2026-09-14;2026-09-17
1447,0.469,61.0,310,2026-06-11;2026-06-23;2026-06-24;2026-06-29;2026-07-01;2026-07-09;2026-07-11;2026-07-21;2026-07-24;2026-08-08;2026-08-13;2026-08-20;2026-08-30;2026-09-02;2026-09-04;2026-09-14;2026-09-17
133,0.353,41.1,314,2026-06-11;2026-06-23;2026-06-24;2026-06-29;2026-07-01;2026-07-09;2026-07-11;2026-07-21;2026-07-24;2026-08-08;2026-08-13;2026-08-20;2026-08-30;2026-09-02;2026-09-04;2026-09-14;2026-09-17
1072,0.394,54.1,316,2026-06-11;2026-06-23;2026-06-24;2026-06-29;2026-07-01;2026-07-09;2026-07-11;2026-07-21;2026-07-24;2026-08-08;2026-08-13;2026-08-20;2026-08-30;2026-09-02;2026-09-04;2026-09-14;2026-09-17
1560,0.43,56.4,314,2026-06-11;2026-06-23;2026-06-24;2026-06-29;2026-07-01;2026-07-09;2026-07-11;2026-07-21;2026-07-24;2026-08-08;2026-08-13;2026-08-20;2026-08-30;2026-09-02;2026-09-04;2026-09-14;2026-09-17
1392,0.494,68.9,312,2026-06-11;2026-06-23;2026-06-24;2026-06-29;2026-07-01;2026-07-09;2026-07-11;2026-07-21;2026-07-24;2026-08-08;2026-08-13;2026-08-20;2026-08-30;2026-09-02;2026-09-04;2026-09-14;2026-09-17
108,0.33,32.6,313,2026-06-11;2026-06-23;2026-06-24;2026-06-29;2026-07-01;2026-07-09;2026-07-11;2026-07-21;2026-07-24;2026-08-08;2026-08-13;2026-08-20;2026-08-30;2026-09-02;2026-09-04;2026-09-14;2026-09-17
502,0.538,71.2,313,2026-06-11;2026-06-23;2026-06-24;2026-06-29;2026-07-01;2026-07-09;2026-07-11;2026-07-21;2026-07-24;2026-08-08;2026-08-13;2026-08-20;2026-08-30;2026-09-02;2026-09-04;2026-09-14;2026-09-17
1113,0.6,85.4,315,2026-06-11;2026-06-23;2026-06-24;2026-06-29;2026-07-01;2026-07-09;2026-07-11;2026-07-21;2026-07-24;2026-08-08;2026-08-13;2026-08-20;2026-08-30;2026-09-02;2026-09-04;2026-09-14;2026-09-17
1193,0.35,40.3,315,2026-06-11;2026-06-23;2026-06-24;2026-06-29;2026-07-01;2026-07-09;2026-07-11;2026-07-21;2026-07-24;2026-08-08;2026-08-13;2026-08-20;2026-08-30;2026-09-02;2026-09-04;2026-09-14;2026-09-17
776,0.464,66.1,313,2026-06-11;2026-06-23;2026-06-24;2026-06-29;2026-07-01;2026-07-09;2026-07-11;2026-07-21;2026-07-24;2026-08-08;2026-08-13;2026-08-20;2026-08-30;2026-09-02;2026-09-04;2026-09-14;2026-09-17
223,0.392,49.8,313,2026-06-11;2026-06-23;2026-06-24;2026-06-29;2026-07-01;2026-07-09;2026-07-11;2026-07-21;2026-07-24;2026-08-08;2026-08-13;2026-08-20;2026-08-30;2026-09-02;2026-09-04;2026-09-14;2026-09-17
724,0.176,7.1,310,2026-06-11;2026-06-23;2026-06-24;2026-06-29;2026-07-01;2026-07-09;2026-07-11;2026-07-21;2026-07-24;2026-08-08;2026-08-13;2026-08-20;2026-08-30;2026-09-02;2026-09-04;2026-09-14;2026-09-17
623,0.451,56.1,314,2026-06-11;2026-06-23;2026-06-24;2026-06-29;2026-07-01;2026-07-09;2026-07-11;2026-07-21;2026-07-24;2026-08-08;2026-08-13;2026-08-20;2026-08-30;2026-09-02;2026-09-04;2026-09-14;2026-09-17
510,0.432,56.2,313,2026-06-11;2026-06-23;2026-06-24;2026-06-29;2026-07-01;2026-07-09;2026-07-11;2026-07-21;2026-07-24;2026-08-08;2026-08-13;2026-08-20;2026-08-30;2026-09-02;2026-09-04;2026-09-14;2026-09-17
1381,0.409,55.6,315,2026-06-11;2026-06-23;2026-06-24;2026-06-29;2026-07-01;2026-07-09;2026-07-11;2026-07-21;2026-07-24;2026-08-08;2026-08-13;2026-08-20;2026-08-30;2026-09-02;2026-09-04;2026-09-14;2026-09-17
1626,0.214,14.4,312,2026-06-11;2026-06-23;2026-06-24;2026-06-29;2026-07-01;2026-07-09;2026-07-11;2026-07-21;2026-07-24;2026-08-08;2026-08-13;2026-08-20;2026-08-30;2026-09-02;2026-09-04;2026-09-14;2026-09-17
1209,0.394,43.5,313,2026-06-11;2026-06-23;2026-06-24;2026-06-29;2026-07-01;2026-07-09;2026-07-11;2026-07-21;2026-07-24;2026-08-08;2026-08-13;2026-08-20;2026-08-30;2026-09-02;2026-09-04;2026-09-14;2026-09-17
408,0.635,87.3,315,2026-06-11;2026-06-23;2026-06-24;2026-06-29;2026-07-01;2026-07-09;2026-07-11;2026-07-21;2026-07-24;2026-08-08;2026-08-13;2026-08-20;2026-08-30;2026-09-02;2026-09-04;2026-09-14;2026-09-17
913,0.517,67.6,315,2026-06-11;2026-06-23;2026-06-24;2026-06-29;2026-07-01;2026-07-09;2026-07-11;2026-07-21;2026-07-24;2026-08-08;2026-08-13;2026-08-20;2026-08-30;2026-09-02;2026-09-04;2026-09-14;2026-09-17
768,0.285,30.1,312,2026-06-11;2026-06-23;2026-06-24;2026-06-29;2026-07-01;2026-07-09;2026-07-11;2026-07-21;2026-07-24;2026-08-08;2026-08-13;2026-08-20;2026-08-30;2026-09-02;2026-09-04;2026-09-14;2026-09-17
382,0.459,67.4,313,2026-06-11;2026-06-23;2026-06-24;2026-06-29;2026-07-01;2026-07-09;2026-07-11;2026-07-21;2026-07-24;2026-08-08;2026-08-13;2026-08-20;2026-08-30;2026-09-02;2026-09-04;2026-09-14;2026-09-17
783,0.427,52.9,312,2026-06-11;2026-06-23;2026-06-24;2026-06-29;2026-07-01;2026-07-09;2026-07-11;2026-07-21;2026-07-24;2026-08-08;2026-08-13;2026-08-20;2026-08-30;2026-09-02;2026-09-04;2026-09-14;2026-09-17
1601,0.244,15.9,315,2026-06-11;2026-06-23;2026-06-24;2026-06-29;2026-07-01;2026-07-09;2026-07-11;2026-07-21;2026-07-24;2026-08-08;2026-08-13;2026-08-20;2026-08-30;2026-09-02;2026-09-04;2026-09-14;2026-09-17
1631,0.34,35.2,315,2026-06-11;2026-06-23;2026-06-24;2026-06-29;2026-07-01;2026-07-09;2026-07-11;2026-07-21;2026-07-24;2026-08-08;2026-08-13;2026-08-20;2026-08-30;2026-09-02;2026-09-04;2026-09-14;2026-09-17
909,0.536,66.1,313,2026-06-11;2026-06-23;2026-06-24;2026-06-29;2026-07-01;2026-07-09;2026-07-11;2026-07-21;2026-07-24;2026-08-08;2026-08-13;2026-08-20;2026-08-30;2026-09-02;2026-09-04;2026-09-14;2026-09-17
248,0.316,31.7,315,2026-06-11;2026-06-23;2026-06-24;2026-06-29;2026-07-01;2026-07-09;2026-07-11;2026-07-21;2026-07-24;2026-08-08;2026-08-13;2026-08-20;2026-08-30;2026-09-02;2026-09-04;2026-09-14;2026-09-17
238,0.422,48.9,311,2026-06-11;2026-06-23;2026-06-24;2026-06-29;2026-07-01;2026-07-09;2026-07-11;2026-07-21;2026-07-24;2026-08-08;2026-08-13;2026-08-20;2026-08-30;2026-09-02;2026-09-04;2026-09-14;2026-09-17
1103,0.427,59.4,315,2026-06-11;2026-06-23;2026-06-24;2026-06-29;2026-07-01;2026-07-09;2026-07-11;2026-07-21;2026-07-24;2026-08-08;2026-08-13;2026-08-20;2026-08-30;2026-09-02;2026-09-04;2026-09-14;2026-09-17
868,0.448,57.3,314,2026-06-11;2026-06-23;2026-06-24;2026-06-29;2026-07-01;2026-07-09;2026-07-11;2026-07-21;2026-07-24;2026-08-08;2026-08-13;2026-08-20;2026-08-30;2026-09-02;2026-09-04;2026-09-14;2026-09-17
1592,0.283,23.5,310,2026-06-11;2026-06-23;2026-06-24;2026-06-29;2026-07-01;2026-07-09;2026-07-11;2026-07-21;2026-07-24;2026-08-08;2026-08-13;2026-08-20;2026-08-30;2026-09-02;2026-09-04;2026-09-14;2026-09-17
1359,0.249,19.9,317,2026-06-11;2026-06-23;2026-06-24;2026-06-29;2026-07-01;2026-07-09;2026-07-11;2026-07-21;2026-07-24;2026-08-08;2026-08-13;2026-08-20;2026-08-30;2026-09-02;2026-09-04;2026-09-14;2026-09-17
1284,0.601,79.0,314,2026-06-11;2026-06-23;2026-06-24;2026-06-29;2026-07-01;2026-07-09;2026-07-11;2026-07-21;2026-07-24;2026-08-08;2026-08-13;2026-08-20;2026-08-30;2026-09-02;2026-09-04;2026-09-14;2026-09-17
1384,0.582,75.0,312,2026-06-11;2026-06-23;2026-06-24;2026-06-29;2026-07-01;2026-07-09;2026-07-11;2026-07-21;2026-07-24;2026-08-08;2026-08-13;2026-08-20;2026-08-30;2026-09-02;2026-09-04;2026-09-14;2026-09-17
13,0.422,49.5,315,2026-06-11;2026-06-23;2026-06-24;2026-06-29;2026-07-01;2026-07-09;2026-07-11;2026-07-21;2026-07-24;2026-08-08;2026-08-13;2026-08-20;2026-08-30;2026-09-02;2026-09-04;2026-09-14;2026-09-17
1174,0.442,55.4,316,2026-06-11;2026-06-23;2026-06-24;2026-06-29;2026-07-01;2026-07-09;2026-07-11;2026-07-21;2026-07-24;2026-08-08;2026-08-13;2026-08-20;2026-08-30;2026-09-02;2026-09-04;2026-09-14;2026-09-17
739,0.512,68.5,311,2026-06-11;2026-06-23;2026-06-24;2026-06-29;2026-07-01;2026-07-09;2026-07-11;2026-07-21;2026-07-24;2026-08-08;2026-08-13;2026-08-20;2026-08-30;2026-09-02;2026-09-04;2026-09-14;2026-09-17
134,0.461,58.0,312,2026-06-11;2026-06-23;2026-06-24;2026-06-29;2026-07-01;2026-07-09;2026-07-11;2026-07-21;2026-07-24;2026-08-08;2026-08-13;2026-08-20;2026-08-30;2026-09-02;2026-09-04;2026-09-14;2026-09-17
1007,0.625,83.7,313,2026-06-11;2026-06-23;2026-06-24;2026-06-29;2026-07-01;2026-07-09;2026-07-11;2026-07-21;2026-07-24;2026-08-08;2026-08-13;2026-08-20;2026-08-30;2026-09-02;2026-09-04;2026-09-14;2026-09-17
733,0.48,61.5,314,2026-06-11;2026-06-23;2026-06-24;2026-06-29;2026-07-01;2026-07-09;2026-07-11;2026-07-21;2026-07-24;2026-08-08;2026-08-13;2026-08-20;2026-08-30;2026-09-02;2026-09-04;2026-09-14;2026-09-17
280,0.421,48.3,315,2026-06-11;2026-06-23;2026-06-24;2026-06-29;2026-07-01;2026-07-09;2026-07-11;2026-07-21;2026-07-24;2026-08-08;2026-08-13;2026-08-20;2026-08-30;2026-09-02;2026-09-04;2026-09-14;2026-09-17
563,0.454,55.5,310,2026-06-11;2026-06-23;2026-06-24;2026-06-29;2026-07-01;2026-07-09;2026-07-11;2026-07-21;2026-07-24;2026-08-08;2026-08-13;2026-08-20;2026-08-30;2026-09-02;2026-09-04;2026-09-14;2026-09-17
489,0.501,68.0,316,2026-06-11;2026-06-23;2026-06-24;2026-06-29;2026-07-01;2026-07-09;2026-07-11;2026-07-21;2026-07-24;2026-08-08;2026-08-13;2026-08-20;2026-08-30;2026-09-02;2026-09-04;2026-09-14;2026-09-17
682,0.452,53.2,316,2026-06-11;2026-06-23;2026-06-24;2026-06-29;2026-07-01;2026-07-09;2026-07-11;2026-07-21;2026-07-24;2026-08-08;2026-08-13;2026-08-20;2026-08-30;2026-09-02;2026-09-04;2026-09-14;2026-09-17
1555,0.172,5.8,310,2026-06-11;2026-06-23;2026-06-24;2026-06-29;2026-07-01;2026-07-09;2026-07-11;2026-07-21;2026-07-24;2026-08-08;2026-08-13;2026-08-20;2026-08-30;2026-09-02;2026-09-04;2026-09-14;2026-09-17
469,0.222,15.2,315,2026-06-11;2026-06-23;2026-06-24;2026-06-29;2026-07-01;2026-07-09;2026-07-11;2026-07-21;2026-07-24;2026-08-08;2026-08-13;2026-08-20;2026-08-30;2026-09-02;2026-09-04;2026-09-14;2026-09-17
1495,0.466,63.0,316,2026-06-11;2026-06-23;2026-06-24;2026-06-29;2026-07-01;2026-07-09;2026-07-11;2026-07-21;2026-07-24;2026-08-08;2026-08-13;2026-08-20;2026-08-30;2026-09-02;2026-09-04;2026-09-14;2026-09-17
1499,0.632,91.7,312,2026-06-11;2026-06-23;2026-06-24;2026-06-29;2026-07-01;2026-07-09;2026-07-11;2026-07-21;2026-07-24;2026-08-08;2026-08-13;2026-08-20;2026-08-30;2026-09-02;2026-09-04;2026-09-14;2026-09-17
1126,0.504,62.3,316,2026-06-11;2026-06-23;2026-06-24;2026-06-29;2026-07-01;2026-07-09;2026-07-11;2026-07-21;2026-07-24;2026-08-08;2026-08-13;2026-08-20;2026-08-30;2026-09-02;2026-09-04;2026-09-14;2026-09-17
452,0.546,74.2,310,2026-06-11;2026-06-23;2026-06-24;2026-06-29;2026-07-01;2026-07-09;2026-07-11;2026-07-21;2026-07-24;2026-08-08;2026-08-13;2026-08-20;2026-08-30;2026-09-02;2026-09-04;2026-09-14;2026-09-17
797,0.316,27.7,310,2026-06-11;2026-06-23;2026-06-24;2026-06-29;2026-07-01;2026-07-09;2026-07-11;2026-07-21;2026-07-24;2026-08-08;2026-08-13;2026-08-20;2026-08-30;2026-09-02;2026-09-04;2026-09-14;2026-09-17
323,0.656,83.2,316,2026-06-11;2026-06-23;2026-06-24;2026-06-29;2026-07-01;2026-07-09;2026-07-11;2026-07-21;2026-07-24;2026-08-08;2026-08-13;2026-08-20;2026-08-30;2026-09-02;2026-09-04;2026-09-14;2026-09-17
473,0.394,46.8,316,2026-06-11;2026-06-23;2026-06-24;2026-06-29;2026-07-01;2026-07-09;2026-07-11;2026-07-21;2026-07-24;2026-08-08;2026-08-13;2026-08-20;2026-08-30;2026-09-02;2026-09-04;2026-09-14;2026-09-17
28,0.178,6.7,312,2026-06-11;2026-06-23;2026-06-24;2026-06-29;2026-07-01;2026-07-09;2026-07-11;2026-07-21;2026-07-24;2026-08-08;2026-08-13;2026-08-20;2026-08-30;2026-09-02;2026-09-04;2026-09-14;2026-09-17
196,0.489,61.3,315,2026-06-11;2026-06-23;2026-06-24;2026-06-29;2026-07-01;2026-07-09;2026-07-11;2026-07-21;2026-07-24;2026-08-08;2026-08-13;2026-08-20;2026-08-30;2026-09-02;2026-09-04;2026-09-14;2026-09-17
683,0.36,36.4,313,2026-06-11;2026-06-23;2026-06-24;2026-06-29;2026-07-01;2026-07-09;2026-07-11;2026-07-21;2026-07-24;2026-08-08;2026-08-13;2026-08-20;2026-08-30;2026-09-02;2026-09-04;2026-09-14;2026-09-17
1505,0.166,15.3,313,2026-06-11;2026-06-23;2026-06-24;2026-06-29;2026-07-01;2026-07-09;2026-07-11;2026-07-21;2026-07-24;2026-08-08;2026-08-13;2026-08-20;2026-08-30;2026-09-02;2026-09-04;2026-09-14;2026-09-17
66,0.646,91.0,312,2026-06-11;2026-06-23;2026-06-24;2026-06-29;2026-07-01;2026-07-09;2026-07-11;2026-07-21;2026-07-24;2026-08-08;2026-08-13;2026-08-20;2026-08-30;2026-09-02;2026-09-04;2026-09-14;2026-09-17
849,0.355,38.3,313,2026-06-11;2026-06-23;2026-06-24;2026-06-29;2026-07-01;2026-07-09;2026-07-11;2026-07-21;2026-07-24;2026-08-08;2026-08-13;2026-08-20;2026-08-30;2026-09-02;2026-09-04;2026-09-14;2026-09-17
1067,0.58,80.4,312,2026-06-11;2026-06-23;2026-06-24;2026-06-29;2026-07-01;2026-07-09;2026-07-11;2026-07-21;2026-07-24;2026-08-08;2026-08-13;2026-08-20;2026-08-30;2026-09-02;2026-09-04;2026-09-14;2026-09-17
664,0.173,16.1,311,2026-06-11;2026-06-23;2026-06-24;2026-06-29;2026-07-01;2026-07-09;2026-07-11;2026-07-21;2026-07-24;2026-08-08;2026-08-13;2026-08-20;2026-08-30;2026-09-02;2026-09-04;2026-09-14;2026-09-17
165,0.48,63.7,317,2026-06-11;2026-06-23;2026-06-24;2026-06-29;2026-07-01;2026-07-09;2026-07-11;2026-07-21;2026-07-24;2026-08-08;2026-08-13;2026-08-20;2026-08-30;2026-09-02;2026-09-04;2026-09-14;2026-09-17
171,0.273,27.4,314,2026-06-11;2026-06-23;2026-06-24;2026-06-29;2026-07-01;2026-07-09;2026-07-11;2026-07-21;2026-07-24;2026-08-08;2026-08-13;2026-08-20;2026-08-30;2026-09-02;2026-09-04;2026-09-14;2026-09-17
619,0.463,58.1,310,2026-06-11;2026-06-23;2026-06-24;2026-06-29;2026-07-01;2026-07-09;2026-07-11;2026-07-21;2026-07-24;2026-08-08;2026-08-13;2026-08-20;2026-08-30;2026-09-02;2026-09-04;2026-09-14;2026-09-17
661,0.582,67.8,311,2026-06-11;2026-06-23;2026-06-24;2026-06-29;2026-07-01;2026-07-09;2026-07-11;2026-07-21;2026-07-24;2026-08-08;2026-08-13;2026-08-20;2026-08-30;2026-09-02;2026-09-04;2026-09-14;2026-09-17
742,0.463,59.2,314,2026-06-11;2026-06-23;2026-06-24;2026-06-29;2026-07-01;2026-07-09;2026-07-11;2026-07-21;2026-07-24;2026-08-08;2026-08-13;2026-08-20;2026-08-30;2026-09-02;2026-09-04;2026-09-14;2026-09-17
985,0.287,29.6,314,2026-06-11;2026-06-23;2026-06-24;2026-06-29;2026-07-01;2026-07-09;2026-07-11;2026-07-21;2026-07-24;2026-08-08;2026-08-13;2026-08-20;2026-08-30;2026-09-02;2026-09-04;2026-09-14;2026-09-17
1455,0.435,58.7,317,2026-06-11;2026-06-23;2026-06-24;2026-06-29;2026-07-01;2026-07-09;2026-07-11;2026-07-21;2026-07-24;2026-08-08;2026-08-13;2026-08-20;2026-08-30;2026-09-02;2026-09-04;2026-09-14;2026-09-17
786,0.675,87.3,315,2026-06-11;2026-06-23;2026-06-24;2026-06-29;2026-07-01;2026-07-09;2026-07-11;2026-07-21;2026-07-24;2026-08-08;2026-08-13;2026-08-20;2026-08-30;2026-09-02;2026-09-04;2026-09-14;2026-09-17
1378,0.489,64.1,315,2026-06-11;2026-06-23;2026-06-24;2026-06-29;2026-07-01;2026-07-09;2026-07-11;2026-07-21;2026-07-24;2026-08-08;2026-08-13;2026-08-20;2026-08-30;2026-09-02;2026-09-04;2026-09-14;2026-09-17
1374,0.526,75.6,312,2026-06-11;2026-06-23;2026-06-24;2026-06-29;2026-07-01;2026-07-09;2026-07-11;2026-07-21;2026-07-24;2026-08-08;2026-08-13;2026-08-20;2026-08-30;2026-09-02;2026-09-04;2026-09-14;2026-09-17
1078,0.492,69.6,316,2026-06-11;2026-06-23;2026-06-24;2026-06-29;2026-07-01;2026-07-09;2026-07-11;2026-07-21;2026-07-24;2026-08-08;2026-08-13;2026-08-20;2026-08-30;2026-09-02;2026-09-04;2026-09-14;2026-09-17
703,0.344,40.6,313,2026-06-11;2026-06-23;2026-06-24;2026-06-29;2026-07-01;2026-07-09;2026-07-11;2026-07-21;2026-07-24;2026-08-08;2026-08-13;2026-08-20;2026-08-30;2026-09-02;2026-09-04;2026-09-14;2026-09-17
1273,0.435,54.1,314,2026-06-11;2026-06-23;2026-06-24;2026-06-29;2026-07-01;2026-07-09;2026-07-11;2026-07-21;2026-07-24;2026-08-08;2026-08-13;2026-08-20;2026-08-30;2026-09-02;2026-09-04;2026-09-14;2026-09-17
827,0.604,81.7,311,2026-06-11;2026-06-23;2026-06-24;2026-06-29;2026-07-01;2026-07-09;2026-07-11;2026-07-21;2026-07-24;2026-08-08;2026-08-13;2026-08-20;2026-08-30;2026-09-02;2026-09-04;2026-09-14;2026-09-17
316,0.485,63.8,312,2026-06-11;2026-06-23;2026-06-24;2026-06-29;2026-07-01;2026-07-09;2026-07-11;2026-07-21;2026-07-24;2026-08-08;2026-08-13;2026-08-20;2026-08-30;2026-09-02;2026-09-04;2026-09-14;2026-09-17
384,0.463,68.4,313,2026-06-11;2026-06-23;2026-06-24;2026-06-29;2026-07-01;2026-07-09;2026-07-11;2026-07-21;2026-07-24;2026-08-08;2026-08-13;2026-08-20;2026-08-30;2026-09-02;2026-09-04;2026-09-14;2026-09-17
44,0.364,39.2,314,2026-06-11;2026-06-23;2026-06-24;2026-06-29;2026-07-01;2026-07-09;2026-07-11;2026-07-21;2026-07-24;2026-08-08;2026-08-13;2026-08-20;2026-08-30;2026-09-02;2026-09-04;2026-09-14;2026-09-17
1473,0.324,33.1,314,2026-06-11;2026-06-23;2026-06-24;2026-06-29;2026-07-01;2026-07-09;2026-07-11;2026-07-21;2026-07-24;2026-08-08;2026-08-13;2026-08-20;2026-08-30;2026-09-02;2026-09-04;2026-09-14;2026-09-17
837,0.465,57.3,316,2026-06-11;2026-06-23;2026-06-24;2026-06-29;2026-07-01;2026-07-09;2026-07-11;2026-07-21;2026-07-24;2026-08-08;2026-08-13;2026-08-20;2026-08-30;2026-09-02;2026-09-04;2026-09-14;2026-09-17
753,0.48,69.2,312,2026-06-11;2026-06-23;2026-06-24;2026-06-29;2026-07-01;2026-07-09;2026-07-11;2026-07-21;2026-07-24;2026-08-08;2026-08-13;2026-08-20;2026-08-30;2026-09-02;2026-09-04;2026-09-14;2026-09-17
956,0.238,23.5,315,2026-06-11;2026-06-23;2026-06-24;2026-06-29;2026-07-01;2026-07-09;2026-07-11;2026-07-21;2026-07-24;2026-08-08;2026-08-13;2026-08-20;2026-08-30;2026-09-02;2026-09-04;2026-09-14;2026-09-17
387,0.422,49.8,311,2026-06-11;2026-06-23;2026-06-24;2026-06-29;2026-07-01;2026-07-09;2026-07-11;2026-07-21;2026-07-24;2026-08-08;2026-08-13;2026-08-20;2026-08-30;2026-09-02;2026-09-04;2026-09-14;2026-09-17
433,0.694,95.3,316,2026-06-11;2026-06-23;2026-06-24;2026-06-29;2026-07-01;2026-07-09;2026-07-11;2026-07-21;2026-07-24;2026-08-08;2026-08-13;2026-08-20;2026-08-30;2026-09-02;2026-09-04;2026-09-14;2026-09-17
1373,0.221,18.7,310,2026-06-11;2026-06-23;2026-06-24;2026-06-29;2026-07-01;2026-07-09;2026-07-11;2026-07-21;2026-07-24;2026-08-08;2026-08-13;2026-08-20;2026-08-30;2026-09-02;2026-09-04;2026-09-14;2026-09-17
485,0.501,69.5,311,2026-06-11;2026-06-23;2026-06-24;2026-06-29;2026-07-01;2026-07-09;2026-07-11;2026-07-21;2026-07-24;2026-08-08;2026-08-13;2026-08-20;2026-08-30;2026-09-02;2026-09-04;2026-09-14;2026-09-17
243,0.274,24.4,315,2026-06-11;2026-06-23;2026-06-24;2026-06-29;2026-07-01;2026-07-09;2026-07-11;2026-07-21;2026-07-24;2026-08-08;2026-08-13;2026-08-20;2026-08-30;2026-09-02;2026-09-04;2026-09-14;2026-09-17
1548,0.514,59.4,318,2026-06-11;2026-06-23;2026-06-24;2026-06-29;2026-07-01;2026-07-09;2026-07-11;2026-07-21;2026-07-24;2026-08-08;2026-08-13;2026-08-20;2026-08-30;2026-09-02;2026-09-04;2026-09-14;2026-09-17
1581,0.345,36.1,316,2026-06-11;2026-06-23;2026-06-24;2026-06-29;2026-07-01;2026-07-09;2026-07-11;2026-07-21;2026-07-24;2026-08-08;2026-08-13;2026-08-20;2026-08-30;2026-09-02;2026-09-04;2026-09-14;2026-09-17
208,0.251,23.8,311,2026-06-11;2026-06-23;2026-06-24;2026-06-29;2026-07-01;2026-07-09;2026-07-11;2026-07-21;2026-07-24;2026-08-08;2026-08-13;2026-08-20;2026-08-30;2026-09-02;2026-09-04;2026-09-14;2026-09-17
405,0.591,82.3,316,2026-06-11;2026-06-23;2026-06-24;2026-06-29;2026-07-01;2026-07-09;2026-07-11;2026-07-21;2026-07-24;2026-08-08;2026-08-13;2026-08-20;2026-08-30;2026-09-02;2026-09-04;2026-09-14;2026-09-17
591,0.449,58.9,309,2026-06-11;2026-06-23;2026-06-24;2026-06-29;2026-07-01;2026-07-09;2026-07-11;2026-07-21;2026-07-24;2026-08-08;2026-08-13;2026-08-20;2026-08-30;2026-09-02;2026-09-04;2026-09-14;2026-09-17
1439,0.586,82.6,316,2026-06-11;2026-06-23;2026-06-24;2026-06-29;2026-07-01;2026-07-09;2026-07-11;2026-07-21;2026-07-24;2026-08-08;2026-08-13;2026-08-20;2026-08-30;2026-09-02;2026-09-04;2026-09-14;2026-09-17
432,0.62,88.2,314,2026-06-11;2026-06-23;2026-06-24;2026-06-29;2026-07-01;2026-07-09;2026-07-11;2026-07-21;2026-07-24;2026-08-08;2026-08-13;2026-08-20;2026-08-30;2026-09-02;2026-09-04;2026-09-14;2026-09-17
1556,0.364,39.3,313,2026-06-11;2026-06-23;2026-06-24;2026-06-29;2026-07-01;2026-07-09;2026-07-11;2026-07-21;2026-07-24;2026-08-08;2026-08-13;2026-08-20;2026-08-30;2026-09-02;2026-09-04;2026-09-14;2026-09-17
1062,0.51,68.4,316,2026-06-11;2026-06-23;2026-06-24;2026-06-29;2026-07-01;2026-07-09;2026-07-11;2026-07-21;2026-07-24;2026-08-08;2026-08-13;2026-08-20;2026-08-30;2026-09-02;2026-09-04;2026-09-14;2026-09-17
455,0.448,54.6,317,2026-06-11;2026-06-23;2026-06-24;2026-06-29;2026-07-01;2026-07-09;2026-07-11;2026-07-21;2026-07-24;2026-08-08;2026-08-13;2026-08-20;2026-08-30;2026-09-02;2026-09-04;2026-09-14;2026-09-17
374,0.503,61.3,310,2026-06-11;2026-06-23;2026-06-24;2026-06-29;2026-07-01;2026-07-09;2026-07-11;2026-07-21;2026-07-24;2026-08-08;2026-08-13;2026-08-20;2026-08-30;2026-09-02;2026-09-04;2026-09-14;2026-09-17
962,0.35,40.4,312,2026-06-11;2026-06-23;2026-06-24;2026-06-29;2026-07-01;2026-07-09;2026-07-11;2026-07-21;2026-07-24;2026-08-08;2026-08-13;2026-08-20;2026-08-30;2026-09-02;2026-09-04;2026-09-14;2026-09-17
439,0.08,1.6,314,2026-06-11;2026-06-23;2026-06-24;2026-06-29;2026-07-01;2026-07-09;2026-07-11;2026-07-21;2026-07-24;2026-08-08;2026-08-13;2026-08-20;2026-08-30;2026-09-02;2026-09-04;2026-09-14;2026-09-17
1277,0.64,82.6,316,2026-06-11;2026-06-23;2026-06-24;2026-06-29;2026-07-01;2026-07-09;2026-07-11;2026-07-21;2026-07-24;2026-08-08;2026-08-13;2026-08-20;2026-08-30;2026-09-02;2026-09-04;2026-09-14;2026-09-17
217,0.434,51.4,315,2026-06-11;2026-06-23;2026-06-24;2026-06-29;2026-07-01;2026-07-09;2026-07-11;2026-07-21;2026-07-24;2026-08-08;2026-08-13;2026-08-20;2026-08-30;2026-09-02;2026-09-04;2026-09-14;2026-09-17
107,0.449,56.7,312,2026-06-11;2026-06-23;2026-06-24;2026-06-29;2026-07-01;2026-07-09;2026-07-11;2026-07-21;2026-07-24;2026-08-08;2026-08-13;2026-08-20;2026-08-30;2026-09-02;2026-09-04;2026-09-14;2026-09-17
825,0.565,75.6,316,2026-06-11;2026-06-23;2026-06-24;2026-06-29;2026-07-01;2026-07-09;2026-07-11;2026-07-21;2026-07-24;2026-08-08;2026-08-13;2026-08-20;2026-08-30;2026-09-02;2026-09-04;2026-09-14;2026-09-17
416,0.356,38.9,316,2026-06-11;2026-06-23;2026-06-24;2026-06-29;2026-07-01;2026-07-09;2026-07-11;2026-07-21;2026-07-24;2026-08-08;2026-08-13;2026-08-20;2026-08-30;2026-09-02;2026-09-04;2026-09-14;2026-09-17
337,0.505,68.4,316,2026-06-11;2026-06-23;2026-06-24;2026-06-29;2026-07-01;2026-07-09;2026-07-11;2026-07-21;2026-07-24;2026-08-08;2026-08-13;2026-08-20;2026-08-30;2026-09-02;2026-09-04;2026-09-14;2026-09-17
704,0.289,25.2,313,2026-06-11;2026-06-23;2026-06-24;2026-06-29;2026-07-01;2026-07-09;2026-07-11;2026-07-21;2026-07-24;2026-08-08;2026-08-13;2026-08-20;2026-08-30;2026-09-02;2026-09-04;2026-09-14;2026-09-17
36,0.509,64.6,314,2026-06-11;2026-06-23;2026-06-24;2026-06-29;2026-07-01;2026-07-09;2026-07-11;2026-07-21;2026-07-24;2026-08-08;2026-08-13;2026-08-20;2026-08-30;2026-09-02;2026-09-04;2026-09-14;2026-09-17
161,0.38,43.5,315,2026-06-11;2026-06-23;2026-06-24;2026-06-29;2026-07-01;2026-07-09;2026-07-11;2026-07-21;2026-07-24;2026-08-08;2026-08-13;2026-08-20;2026-08-30;2026-09-02;2026-09-04;2026-09-14;2026-09-17
1061,0.516,64.1,315,2026-06-11;2026-06-23;2026-06-24;2026-06-29;2026-07-01;2026-07-09;2026-07-11;2026-07-21;2026-07-24;2026-08-08;2026-08-13;2026-08-20;2026-08-30;2026-09-02;2026-09-04;2026-09-14;2026-09-17
146,0.133,7.8,307,2026-06-11;2026-06-23;2026-06-24;2026-06-29;2026-07-01;2026-07-09;2026-07-11;2026-07-21;2026-07-24;2026-08-08;2026-08-13;2026-08-20;2026-08-30;2026-09-02;2026-09-04;2026-09-14;2026-09-17
188,0.443,50.6,316,2026-06-11;2026-06-23;2026-06-24;2026-06-29;2026-07-01;2026-07-09;2026-07-11;2026-07-21;2026-07-24;2026-08-08;2026-08-13;2026-08-20;2026-08-30;2026-09-02;2026-09-04;2026-09-14;2026-09-17
468,0.27,19.8,313,2026-06-11;2026-06-23;2026-06-24;2026-06-29;2026-07-01;2026-07-09;2026-07-11;2026-07-21;2026-07-24;2026-08-08;2026-08-13;2026-08-20;2026-08-30;2026-09-02;2026-09-04;2026-09-14;2026-09-17
6,0.215,14.6,315,2026-06-11;2026-06-23;2026-06-24;2026-06-29;2026-07-01;2026-07-09;2026-07-11;2026-07-21;2026-07-24;2026-08-08;2026-08-13;2026-08-20;2026-08-30;2026-09-02;2026-09-04;2026-09-14;2026-09-17
127,0.473,66.9,311,2026-06-11;2026-06-23;2026-06-24;2026-06-29;2026-07-01;2026-07-09;2026-07-11;2026-07-21;2026-07-24;2026-08-08;2026-08-13;2026-08-20;2026-08-30;2026-09-02;2026-09-04;2026-09-14;2026-09-17
925,0.327,35.9,315,2026-06-11;2026-06-23;2026-06-24;2026-06-29;2026-07-01;2026-07-09;2026-07-11;2026-07-21;2026-07-24;2026-08-08;2026-08-13;2026-08-20;2026-08-30;2026-09-02;2026-09-04;2026-09-14;2026-09-17
142,0.231,15.4,312,2026-06-11;2026-06-23;2026-06-24;2026-06-29;2026-07-01;2026-07-09;2026-07-11;2026-07-21;2026-07-24;2026-08-08;2026-08-13;2026-08-20;2026-08-30;2026-09-02;2026-09-04;2026-09-14;2026-09-17
220,0.339,37.0,311,2026-06-11;2026-06-23;2026-06-24;2026-06-29;2026-07-01;2026-07-09;2026-07-11;2026-07-21;2026-07-24;2026-08-08;2026-08-13;2026-08-20;2026-08-30;2026-09-02;2026-09-04;2026-09-14;2026-09-17
587,0.45,58.1,315,2026-06-11;2026-06-23;2026-06-24;2026-06-29;2026-07-01;2026-07-09;2026-07-11;2026-07-21;2026-07-24;2026-08-08;2026-08-13;2026-08-20;2026-08-30;2026-09-02;2026-09-04;2026-09-14;2026-09-17
109,0.441,58.5,313,2026-06-11;2026-06-23;2026-06-24;2026-06-29;2026-07-01;2026-07-09;2026-07-11;2026-07-21;2026-07-24;2026-08-08;2026-08-13;2026-08-20;2026-08-30;2026-09-02;2026-09-04;2026-09-14;2026-09-17
129,0.63,87.5,313,2026-06-11;2026-06-23;2026-06-24;2026-06-29;2026-07-01;2026-07-09;2026-07-11;2026-07-21;2026-07-24;2026-08-08;2026-08-13;2026-08-20;2026-08-30;2026-09-02;2026-09-04;2026-09-14;2026-09-17
85,0.468,65.5,310,2026-06-11;2026-06-23;2026-06-24;2026-06-29;2026-07-01;2026-07-09;2026-07-11;2026-07-21;2026-07-24;2026-08-08;2026-08-13;2026-08-20;2026-08-30;2026-09-02;2026-09-04;2026-09-14;2026-09-17
343,0.317,32.1,312,2026-06-11;2026-06-23;2026-06-24;2026-06-29;2026-07-01;2026-07-09;2026-07-11;2026-07-21;2026-07-24;2026-08-08;2026-08-13;2026-08-20;2026-08-30;2026-09-02;2026-09-04;2026-09-14;2026-09-17
67,0.635,89.8,314,2026-06-11;2026-06-23;2026-06-24;2026-06-29;2026-07-01;2026-07-09;2026-07-11;2026-07-21;2026-07-24;2026-08-08;2026-08-13;2026-08-20;2026-08-30;2026-09-02;2026-09-04;2026-09-14;2026-09-17
116,0.474,64.2,313,2026-06-11;2026-06-23;2026-06-24;2026-06-29;2026-07-01;2026-07-09;2026-07-11;2026-07-21;2026-07-24;2026-08-08;2026-08-13;2026-08-20;2026-08-30;2026-09-02;2026-09-04;2026-09-14;2026-09-17
723,0.607,80.3,315,2026-06-11;2026-06-23;2026-06-24;2026-06-29;2026-07-01;2026-07-09;2026-07-11;2026-07-21;2026-07-24;2026-08-08;2026-08-13;2026-08-20;2026-08-30;2026-09-02;2026-09-04;2026-09-14;2026-09-17
1285,0.661,91.6,311,2026-06-11;2026-06-23;2026-06-24;2026-06-29;2026-07-01;2026-07-09;2026-07-11;2026-07-21;2026-07-24;2026-08-08;2026-08-13;2026-08-20;2026-08-30;2026-09-02;2026-09-04;2026-09-14;2026-09-17
249,0.268,20.8,312,2026-06-11;2026-06-23;2026-06-24;2026-06-29;2026-07-01;2026-07-09;2026-07-11;2026-07-21;2026-07-24;2026-08-08;2026-08-13;2026-08-20;2026-08-30;2026-09-02;2026-09-04;2026-09-14;2026-09-17
186,0.384,48.3,315,2026-06-11;2026-06-23;2026-06-24;2026-06-29;2026-07-01;2026-07-09;2026-07-11;2026-07-21;2026-07-24;2026-08-08;2026-08-13;2026-08-20;2026-08-30;2026-09-02;2026-09-04;2026-09-14;2026-09-17
728,0.45,56.2,315,2026-06-11;2026-06-23;2026-06-24;2026-06-29;2026-07-01;2026-07-09;2026-07-11;2026-07-21;2026-07-24;2026-08-08;2026-08-13;2026-08-20;2026-08-30;2026-09-02;2026-09-04;2026-09-14;2026-09-17
851,0.53,72.0,314,2026-06-11;2026-06-23;2026-06-24;2026-06-29;2026-07-01;2026-07-09;2026-07-11;2026-07-21;2026-07-24;2026-08-08;2026-08-13;2026-08-20;2026-08-30;2026-09-02;2026-09-04;2026-09-14;2026-09-17
16,0.197,13.5,311,2026-06-11;2026-06-23;2026-06-24;2026-06-29;2026-07-01;2026-07-09;2026-07-11;2026-07-21;2026-07-24;2026-08-08;2026-08-13;2026-08-20;2026-08-30;2026-09-02;2026-09-04;2026-09-14;2026-09-17
1008,0.466,61.9,315,2026-06-11;2026-06-23;2026-06-24;2026-06-29;2026-07-01;2026-07-09;2026-07-11;2026-07-21;2026-07-24;2026-08-08;2026-08-13;2026-08-20;2026-08-30;2026-09-02;2026-09-04;2026-09-14;2026-09-17
332,0.557,79.4,315,2026-06-11;2026-06-23;2026-06-24;2026-06-29;2026-07-01;2026-07-09;2026-07-11;2026-07-21;2026-07-24;2026-08-08;2026-08-13;2026-08-20;2026-08-30;2026-09-02;2026-09-04;2026-09-14;2026-09-17
1542,0.556,79.2,313,2026-06-11;2026-06-23;2026-06-24;2026-06-29;2026-07-01;2026-07-09;2026-07-11;2026-07-21;2026-07-24;2026-08-08;2026-08-13;2026-08-20;2026-08-30;2026-09-02;2026-09-04;2026-09-14;2026-09-17
953,0.514,73.7,316,2026-06-11;2026-06-23;2026-06-24;2026-06-29;2026-07-01;2026-07-09;2026-07-11;2026-07-21;2026-07-24;2026-08-08;2026-08-13;2026-08-20;2026-08-30;2026-09-02;2026-09-04;2026-09-14;2026-09-17
515,0.643,89.5,315,2026-06-11;2026-06-23;2026-06-24;2026-06-29;2026-07-01;2026-07-09;2026-07-11;2026-07-21;2026-07-24;2026-08-08;2026-08-13;2026-08-20;2026-08-30;2026-09-02;2026-09-04;2026-09-14;2026-09-17
1614,0.131,4.1,316,2026-06-11;2026-06-23;2026-06-24;2026-06-29;2026-07-01;2026-07-09;2026-07-11;2026-07-21;2026-07-24;2026-08-08;2026-08-13;2026-08-20;2026-08-30;2026-09-02;2026-09-04;2026-09-14;2026-09-17
543,0.51,72.8,316,2026-06-11;2026-06-23;2026-06-24;2026-06-29;2026-07-01;2026-07-09;2026-07-11;2026-07-21;2026-07-24;2026-08-08;2026-08-13;2026-08-20;2026-08-30;2026-09-02;2026-09-04;2026-09-14;2026-09-17
715,0.504,73.7,316,2026-06-11;2026-06-23;2026-06-24;2026-06-29;2026-07-01;2026-07-09;2026-07-11;2026-07-21;2026-07-24;2026-08-08;2026-08-13;2026-08-20;2026-08-30;2026-09-02;2026-09-04;2026-09-14;2026-09-17
260,0.331,33.3,312,2026-06-11;2026-06-23;2026-06-24;2026-06-29;2026-07-01;2026-07-09;2026-07-11;2026-07-21;2026-07-24;2026-08-08;2026-08-13;2026-08-20;2026-08-30;2026-09-02;2026-09-04;2026-09-14;2026-09-17
790,0.209,9.3,312,2026-06-11;2026-06-23;2026-06-24;2026-06-29;2026-07-01;2026-07-09;2026-07-11;2026-07-21;2026-07-24;2026-08-08;2026-08-13;2026-08-20;2026-08-30;2026-09-02;2026-09-04;2026-09-14;2026-09-17
434,0.469,57.6,311,2026-06-11;2026-06-23;2026-06-24;2026-06-29;2026-07-01;2026-07-09;2026-07-11;2026-07-21;2026-07-24;2026-08-08;2026-08-13;2026-08-20;2026-08-30;2026-09-02;2026-09-04;2026-09-14;2026-09-17
311,0.64,92.9,311,2026-06-11;2026-06-23;2026-06-24;2026-06-29;2026-07-01;2026-07-09;2026-07-11;2026-07-21;2026-07-24;2026-08-08;2026-08-13;2026-08-20;2026-08-30;2026-09-02;2026-09-04;2026-09-14;2026-09-17
1478,0.455,61.5,314,2026-06-11;2026-06-23;2026-06-24;2026-06-29;2026-07-01;2026-07-09;2026-07-11;2026-07-21;2026-07-24;2026-08-08;2026-08-13;2026-08-20;2026-08-30;2026-09-02;2026-09-04;2026-09-14;2026-09-17
229,0.688,92.0,314,2026-06-11;2026-06-23;2026-06-24;2026-06-29;2026-07-01;2026-07-09;2026-07-11;2026-07-21;2026-07-24;2026-08-08;2026-08-13;2026-08-20;2026-08-30;2026-09-02;2026-09-04;2026-09-14;2026-09-17
762,0.303,31.3,313,2026-06-11;2026-06-23;2026-06-24;2026-06-29;2026-07-01;2026-07-09;2026-07-11;2026-07-21;2026-07-24;2026-08-08;2026-08-13;2026-08-20;2026-08-30;2026-09-02;2026-09-04;2026-09-14;2026-09-17
553,0.26,25.6,316,2026-06-11;2026-06-23;2026-06-24;2026-06-29;2026-07-01;2026-07-09;2026-07-11;2026-07-21;2026-07-24;2026-08-08;2026-08-13;2026-08-20;2026-08-30;2026-09-02;2026-09-04;2026-09-14;2026-09-17
1400,0.633,88.1,311,2026-06-11;2026-06-23;2026-06-24;2026-06-29;2026-07-01;2026-07-09;2026-07-11;2026-07-21;2026-07-24;2026-08-08;2026-08-13;2026-08-20;2026-08-30;2026-09-02;2026-09-04;2026-09-14;2026-09-17
1027,0.138,5.5,311,2026-06-11;2026-06-23;2026-06-24;2026-06-29;2026-07-01;2026-07-09;2026-07-11;2026-07-21;2026-07-24;2026-08-08;2026-08-13;2026-08-20;2026-08-30;2026-09-02;2026-09-04;2026-09-14;2026-09-17
820,0.592,78.2,317,2026-06-11;2026-06-23;2026-06-24;2026-06-29;2026-07-01;2026-07-09;2026-07-11;2026-07-21;2026-07-24;2026-08-08;2026-08-13;2026-08-20;2026-08-30;2026-09-02;2026-09-04;2026-09-14;2026-09-17
592,0.611,79.9,313,2026-06-11;2026-06-23;2026-06-24;2026-06-29;2026-07-01;2026-07-09;2026-07-11;2026-07-21;2026-07-24;2026-08-08;2026-08-13;2026-08-20;2026-08-30;2026-09-02;2026-09-04;2026-09-14;2026-09-17
1286,0.671,86.3,314,2026-06-11;2026-06-23;2026-06-24;2026-06-29;2026-07-01;2026-07-09;2026-07-11;2026-07-21;2026-07-24;2026-08-08;2026-08-13;2026-08-20;2026-08-30;2026-09-02;2026-09-04;2026-09-14;2026-09-17
532,0.285,31.4,315,2026-06-11;2026-06-23;2026-06-24;2026-06-29;2026-07-01;2026-07-09;2026-07-11;2026-07-21;2026-07-24;2026-08-08;2026-08-13;2026-08-20;2026-08-30;2026-09-02;2026-09-04;2026-09-14;2026-09-17
1388,0.488,59.7,315,2026-06-11;2026-06-23;2026-06-24;2026-06-29;2026-07-01;2026-07-09;2026-07-11;2026-07-21;2026-07-24;2026-08-08;2026-08-13;2026-08-20;2026-08-30;2026-09-02;2026-09-04;2026-09-14;2026-09-17
1500,0.627,88.6,315,2026-06-11;2026-06-23;2026-06-24;2026-06-29;2026-07-01;2026-07-09;2026-07-11;2026-07-21;2026-07-24;2026-08-08;2026-08-13;2026-08-20;2026-08-30;2026-09-02;2026-09-04;2026-09-14;2026-09-17
3,0.213,12.9,311,2026-06-11;2026-06-23;2026-06-24;2026-06-29;2026-07-01;2026-07-09;2026-07-11;2026-07-21;2026-07-24;2026-08-08;2026-08-13;2026-08-20;2026-08-30;2026-09-02;2026-09-04;2026-09-14;2026-09-17
788,0.222,15.4,312,2026-06-11;2026-06-23;2026-06-24;2026-06-29;2026-07-01;2026-07-09;2026-07-11;2026-07-21;2026-07-24;2026-08-08;2026-08-13;2026-08-20;2026-08-30;2026-09-02;2026-09-04;2026-09-14;2026-09-17
678,0.516,60.1,316,2026-06-11;2026-06-23;2026-06-24;2026-06-29;2026-07-01;2026-07-09;2026-07-11;2026-07-21;2026-07-24;2026-08-08;2026-08-13;2026-08-20;2026-08-30;2026-09-02;2026-09-04;2026-09-14;2026-09-17
189,0.37,37.4,313,2026-06-11;2026-06-23;2026-06-24;2026-06-29;2026-07-01;2026-07-09;2026-07-11;2026-07-21;2026-07-24;2026-08-08;2026-08-13;2026-08-20;2026-08-30;2026-09-02;2026-09-04;2026-09-14;2026-09-17
1050,0.598,82.4,312,2026-06-11;2026-06-23;2026-06-24;2026-06-29;2026-07-01;2026-07-09;2026-07-11;2026-07-21;2026-07-24;2026-08-08;2026-08-13;2026-08-20;2026-08-30;2026-09-02;2026-09-04;2026-09-14;2026-09-17
602,0.427,54.7,316,2026-06-11;2026-06-23;2026-06-24;2026-06-29;2026-07-01;2026-07-09;2026-07-11;2026-07-21;2026-07-24;2026-08-08;2026-08-13;2026-08-20;2026-08-30;2026-09-02;2026-09-04;2026-09-14;2026-09-17
1035,0.565,77.2,312,2026-06-11;2026-06-23;2026-06-24;2026-06-29;2026-07-01;2026-07-09;2026-07-11;2026-07-21;2026-07-24;2026-08-08;2026-08-13;2026-08-20;2026-08-30;2026-09-02;2026-09-04;2026-09-14;2026-09-17
810,0.245,33.0,309,2026-06-11;2026-06-23;2026-06-24;2026-06-29;2026-07-01;2026-07-09;2026-07-11;2026-07-21;2026-07-24;2026-08-08;2026-08-13;2026-08-20;2026-08-30;2026-09-02;2026-09-04;2026-09-14;2026-09-17
1053,0.524,71.4,315,2026-06-11;2026-06-23;2026-06-24;2026-06-29;2026-07-01;2026-07-09;2026-07-11;2026-07-21;2026-07-24;2026-08-08;2026-08-13;2026-08-20;2026-08-30;2026-09-02;2026-09-04;2026-09-14;2026-09-17
479,0.44,56.7,312,2026-06-11;2026-06-23;2026-06-24;2026-06-29;2026-07-01;2026-07-09;2026-07-11;2026-07-21;2026-07-24;2026-08-08;2026-08-13;2026-08-20;2026-08-30;2026-09-02;2026-09-04;2026-09-14;2026-09-17
403,0.506,67.7,310,2026-06-11;2026-06-23;2026-06-24;2026-06-29;2026-07-01;2026-07-09;2026-07-11;2026-07-21;2026-07-24;2026-08-08;2026-08-13;2026-08-20;2026-08-30;2026-09-02;2026-09-04;2026-09-14;2026-09-17
1236,0.525,77.1,315,2026-06-11;2026-06-23;2026-06-24;2026-06-29;2026-07-01;2026-07-09;2026-07-11;2026-07-21;2026-07-24;2026-08-08;2026-08-13;2026-08-20;2026-08-30;2026-09-02;2026-09-04;2026-09-14;2026-09-17
385,0.444,53.8,312,2026-06-11;2026-06-23;2026-06-24;2026-06-29;2026-07-01;2026-07-09;2026-07-11;2026-07-21;2026-07-24;2026-08-08;2026-08-13;2026-08-20;2026-08-30;2026-09-02;2026-09-04;2026-09-14;2026-09-17
816,0.287,27.9,312,2026-06-11;2026-06-23;2026-06-24;2026-06-29;2026-07-01;2026-07-09;2026-07-11;2026-07-21;2026-07-24;2026-08-08;2026-08-13;2026-08-20;2026-08-30;2026-09-02;2026-09-04;2026-09-14;2026-09-17
1012,0.425,52.2,316,2026-06-11;2026-06-23;2026-06-24;2026-06-29;2026-07-01;2026-07-09;2026-07-11;2026-07-21;2026-07-24;2026-08-08;2026-08-13;2026-08-20;2026-08-30;2026-09-02;2026-09-04;2026-09-14;2026-09-17
1047,0.599,79.1,316,2026-06-11;2026-06-23;2026-06-24;2026-06-29;2026-07-01;2026-07-09;2026-07-11;2026-07-21;2026-07-24;2026-08-08;2026-08-13;2026-08-20;2026-08-30;2026-09-02;2026-09-04;2026-09-14;2026-09-17
522,0.635,86.0,315,2026-06-11;2026-06-23;2026-06-24;2026-06-29;2026-07-01;2026-07-09;2026-07-11;2026-07-21;2026-07-24;2026-08-08;2026-08-13;2026-08-20;2026-08-30;2026-09-02;2026-09-04;2026-09-14;2026-09-17
818,0.565,72.1,315,2026-06-11;2026-06-23;2026-06-24;2026-06-29;2026-07-01;2026-07-09;2026-07-11;2026-07-21;2026-07-24;2026-08-08;2026-08-13;2026-08-20;2026-08-30;2026-09-02;2026-09-04;2026-09-14;2026-09-17
364,0.078,2.5,315,2026-06-11;2026-06-23;2026-06-24;2026-06-29;2026-07-01;2026-07-09;2026-07-11;2026-07-21;2026-07-24;2026-08-08;2026-08-13;2026-08-20;2026-08-30;2026-09-02;2026-09-04;2026-09-14;2026-09-17
301,0.521,69.5,311,2026-06-11;2026-06-23;2026-06-24;2026-06-29;2026-07-01;2026-07-09;2026-07-11;2026-07-21;2026-07-24;2026-08-08;2026-08-13;2026-08-20;2026-08-30;2026-09-02;2026-09-04;2026-09-14;2026-09-17
795,0.195,8.3,312,2026-06-11;2026-06-23;2026-06-24;2026-06-29;2026-07-01;2026-07-09;2026-07-11;2026-07-21;2026-07-24;2026-08-08;2026-08-13;2026-08-20;2026-08-30;2026-09-02;2026-09-04;2026-09-14;2026-09-17
1102,0.45,57.9,316,2026-06-11;2026-06-23;2026-06-24;2026-06-29;2026-07-01;2026-07-09;2026-07-11;2026-07-21;2026-07-24;2026-08-08;2026-08-13;2026-08-20;2026-08-30;2026-09-02;2026-09-04;2026-09-14;2026-09-17
225,0.461,60.0,315,2026-06-11;2026-06-23;2026-06-24;2026-06-29;2026-07-01;2026-07-09;2026-07-11;2026-07-21;2026-07-24;2026-08-08;2026-08-13;2026-08-20;2026-08-30;2026-09-02;2026-09-04;2026-09-14;2026-09-17
701,0.344,42.0,314,2026-06-11;2026-06-23;2026-06-24;2026-06-29;2026-07-01;2026-07-09;2026-07-11;2026-07-21;2026-07-24;2026-08-08;2026-08-13;2026-08-20;2026-08-30;2026-09-02;2026-09-04;2026-09-14;2026-09-17
1221,0.193,14.2,316,2026-06-11;2026-06-23;2026-06-24;2026-06-29;2026-07-01;2026-07-09;2026-07-11;2026-07-21;2026-07-24;2026-08-08;2026-08-13;2026-08-20;2026-08-30;2026-09-02;2026-09-04;2026-09-14;2026-09-17
368,0.49,63.9,310,2026-06-11;2026-06-23;2026-06-24;2026-06-29;2026-07-01;2026-07-09;2026-07-11;2026-07-21;2026-07-24;2026-08-08;2026-08-13;2026-08-20;2026-08-30;2026-09-02;2026-09-04;2026-09-14;2026-09-17
322,0.563,71.9,313,2026-06-11;2026-06-23;2026-06-24;2026-06-29;2026-07-01;2026-07-09;2026-07-11;2026-07-21;2026-07-24;2026-08-08;2026-08-13;2026-08-20;2026-08-30;2026-09-02;2026-09-04;2026-09-14;2026-09-17
1274,0.24,18.2,314,2026-06-11;2026-06-23;2026-06-24;2026-06-29;2026-07-01;2026-07-09;2026-07-11;2026-07-21;2026-07-24;2026-08-08;2026-08-13;2026-08-20;2026-08-30;2026-09-02;2026-09-04;2026-09-14;2026-09-17
418,0.53,75.2,315,2026-06-11;2026-06-23;2026-06-24;2026-06-29;2026-07-01;2026-07-09;2026-07-11;2026-07-21;2026-07-24;2026-08-08;2026-08-13;2026-08-20;2026-08-30;2026-09-02;2026-09-04;2026-09-14;2026-09-17
56,0.275,23.3,317,2026-06-11;2026-06-23;2026-06-24;2026-06-29;2026-07-01;2026-07-09;2026-07-11;2026-07-21;2026-07-24;2026-08-08;2026-08-13;2026-08-20;2026-08-30;2026-09-02;2026-09-04;2026-09-14;2026-09-17
380,0.566,81.4,311,2026-06-11;2026-06-23;2026-06-24;2026-06-29;2026-07-01;2026-07-09;2026-07-11;2026-07-21;2026-07-24;2026-08-08;2026-08-13;2026-08-20;2026-08-30;2026-09-02;2026-09-04;2026-09-14;2026-09-17
819,0.693,92.1,316,2026-06-11;2026-06-23;2026-06-24;2026-06-29;2026-07-01;2026-07-09;2026-07-11;2026-07-21;2026-07-24;2026-08-08;2026-08-13;2026-08-20;2026-08-30;2026-09-02;2026-09-04;2026-09-14;2026-09-17
915,0.552,70.8,312,2026-06-11;2026-06-23;2026-06-24;2026-06-29;2026-07-01;2026-07-09;2026-07-11;2026-07-21;2026-07-24;2026-08-08;2026-08-13;2026-08-20;2026-08-30;2026-09-02;2026-09-04;2026-09-14;2026-09-17
437,0.307,34.6,312,2026-06-11;2026-06-23;2026-06-24;2026-06-29;2026-07-01;2026-07-09;2026-07-11;2026-07-21;2026-07-24;2026-08-08;2026-08-13;2026-08-20;2026-08-30;2026-09-02;2026-09-04;2026-09-14;2026-09-17
669,0.197,13.3,316,2026-06-11;2026-06-23;2026-06-24;2026-06-29;2026-07-01;2026-07-09;2026-07-11;2026-07-21;2026-07-24;2026-08-08;2026-08-13;2026-08-20;2026-08-30;2026-09-02;2026-09-04;2026-09-14;2026-09-17
1223,0.305,35.1,316,2026-06-11;2026-06-23;2026-06-24;2026-06-29;2026-07-01;2026-07-09;2026-07-11;2026-07-21;2026-07-24;2026-08-08;2026-08-13;2026-08-20;2026-08-30;2026-09-02;2026-09-04;2026-09-14;2026-09-17
538,0.54,76.0,312,2026-06-11;2026-06-23;2026-06-24;2026-06-29;2026-07-01;2026-07-09;2026-07-11;2026-07-21;2026-07-24;2026-08-08;2026-08-13;2026-08-20;2026-08-30;2026-09-02;2026-09-04;2026-09-14;2026-09-17
1033,0.545,65.8,316,2026-06-11;2026-06-23;2026-06-24;2026-06-29;2026-07-01;2026-07-09;2026-07-11;2026-07-21;2026-07-24;2026-08-08;2026-08-13;2026-08-20;2026-08-30;2026-09-02;2026-09-04;2026-09-14;2026-09-17
481,0.535,76.2,315,2026-06-11;2026-06-23;2026-06-24;2026-06-29;2026-07-01;2026-07-09;2026-07-11;2026-07-21;2026-07-24;2026-08-08;2026-08-13;2026-08-20;2026-08-30;2026-09-02;2026-09-04;2026-09-14;2026-09-17
823,0.466,59.5,316,2026-06-11;2026-06-23;2026-06-24;2026-06-29;2026-07-01;2026-07-09;2026-07-11;2026-07-21;2026-07-24;2026-08-08;2026-08-13;2026-08-20;2026-08-30;2026-09-02;2026-09-04;2026-09-14;2026-09-17
1326,0.471,70.7,314,2026-06-11;2026-06-23;2026-06-24;2026-06-29;2026-07-01;2026-07-09;2026-07-11;2026-07-21;2026-07-24;2026-08-08;2026-08-13;2026-08-20;2026-08-30;2026-09-02;2026-09-04;2026-09-14;2026-09-17
978,0.556,76.3,316,2026-06-11;2026-06-23;2026-06-24;2026-06-29;2026-07-01;2026-07-09;2026-07-11;2026-07-21;2026-07-24;2026-08-08;2026-08-13;2026-08-20;2026-08-30;2026-09-02;2026-09-04;2026-09-14;2026-09-17
1280,0.626,84.9,311,2026-06-11;2026-06-23;2026-06-24;2026-06-29;2026-07-01;2026-07-09;2026-07-11;2026-07-21;2026-07-24;2026-08-08;2026-08-13;2026-08-20;2026-08-30;2026-09-02;2026-09-04;2026-09-14;2026-09-17
1380,0.366,43.5,313,2026-06-11;2026-06-23;2026-06-24;2026-06-29;2026-07-01;2026-07-09;2026-07-11;2026-07-21;2026-07-24;2026-08-08;2026-08-13;2026-08-20;2026-08-30;2026-09-02;2026-09-04;2026-09-14;2026-09-17
1165,0.3,31.3,316,2026-06-11;2026-06-23;2026-06-24;2026-06-29;2026-07-01;2026-07-09;2026-07-11;2026-07-21;2026-07-24;2026-08-08;2026-08-13;2026-08-20;2026-08-30;2026-09-02;2026-09-04;2026-09-14;2026-09-17
122,0.429,52.9,312,2026-06-11;2026-06-23;2026-06-24;2026-06-29;2026-07-01;2026-07-09;2026-07-11;2026-07-21;2026-07-24;2026-08-08;2026-08-13;2026-08-20;2026-08-30;2026-09-02;2026-09-04;2026-09-14;2026-09-17
829,0.516,66.0,312,2026-06-11;2026-06-23;2026-06-24;2026-06-29;2026-07-01;2026-07-09;2026-07-11;2026-07-21;2026-07-24;2026-08-08;2026-08-13;2026-08-20;2026-08-30;2026-09-02;2026-09-04;2026-09-14;2026-09-17
1185,0.577,83.2,315,2026-06-11;2026-06-23;2026-06-24;2026-06-29;2026-07-01;2026-07-09;2026-07-11;2026-07-21;2026-07-24;2026-08-08;2026-08-13;2026-08-20;2026-08-30;2026-09-02;2026-09-04;2026-09-14;2026-09-17
379,0.585,85.4,314,2026-06-11;2026-06-23;2026-06-24;2026-06-29;2026-07-01;2026-07-09;2026-07-11;2026-07-21;2026-07-24;2026-08-08;2026-08-13;2026-08-20;2026-08-30;2026-09-02;2026-09-04;2026-09-14;2026-09-17
935,0.628,94.6,313,2026-06-11;2026-06-23;2026-06-24;2026-06-29;2026-07-01;2026-07-09;2026-07-11;2026-07-21;2026-07-24;2026-08-08;2026-08-13;2026-08-20;2026-08-30;2026-09-02;2026-09-04;2026-09-14;2026-09-17
447,0.581,81.6,315,2026-06-11;2026-06-23;2026-06-24;2026-06-29;2026-07-01;2026-07-09;2026-07-11;2026-07-21;2026-07-24;2026-08-08;2026-08-13;2026-08-20;2026-08-30;2026-09-02;2026-09-04;2026-09-14;2026-09-17
1493,0.248,15.3,313,2026-06-11;2026-06-23;2026-06-24;2026-06-29;2026-07-01;2026-07-09;2026-07-11;2026-07-21;2026-07-24;2026-08-08;2026-08-13;2026-08-20;2026-08-30;2026-09-02;2026-09-04;2026-09-14;2026-09-17
143,0.194,15.5,316,2026-06-11;2026-06-23;2026-06-24;2026-06-29;2026-07-01;2026-07-09;2026-07-11;2026-07-21;2026-07-24;2026-08-08;2026-08-13;2026-08-20;2026-08-30;2026-09-02;2026-09-04;2026-09-14;2026-09-17
1239,0.519,72.5,316,2026-06-11;2026-06-23;2026-06-24;2026-06-29;2026-07-01;2026-07-09;2026-07-11;2026-07-21;2026-07-24;2026-08-08;2026-08-13;2026-08-20;2026-08-30;2026-09-02;2026-09-04;2026-09-14;2026-09-17
529,0.439,57.9,311,2026-06-11;2026-06-23;2026-06-24;2026-06-29;2026-07-01;2026-07-09;2026-07-11;2026-07-21;2026-07-24;2026-08-08;2026-08-13;2026-08-20;2026-08-30;2026-09-02;2026-09-04;2026-09-14;2026-09-17
1022,0.503,69.1,314,2026-06-11;2026-06-23;2026-06-24;2026-06-29;2026-07-01;2026-07-09;2026-07-11;2026-07-21;2026-07-24;2026-08-08;2026-08-13;2026-08-20;2026-08-30;2026-09-02;2026-09-04;2026-09-14;2026-09-17
754,0.53,67.2,311,2026-06-11;2026-06-23;2026-06-24;2026-06-29;2026-07-01;2026-07-09;2026-07-11;2026-07-21;2026-07-24;2026-08-08;2026-08-13;2026-08-20;2026-08-30;2026-09-02;2026-09-04;2026-09-14;2026-09-17
1170,0.493,67.7,316,2026-06-11;2026-06-23;2026-06-24;2026-06-29;2026-07-01;2026-07-09;2026-07-11;2026-07-21;2026-07-24;2026-08-08;2026-08-13;2026-08-20;2026-08-30;2026-09-02;2026-09-04;2026-09-14;2026-09-17
516,0.653,89.5,315,2026-06-11;2026-06-23;2026-06-24;2026-06-29;2026-07-01;2026-07-09;2026-07-11;2026-07-21;2026-07-24;2026-08-08;2026-08-13;2026-08-20;2026-08-30;2026-09-02;2026-09-04;2026-09-14;2026-09-17
1176,0.416,51.1,315,2026-06-11;2026-06-23;2026-06-24;2026-06-29;2026-07-01;2026-07-09;2026-07-11;2026-07-21;2026-07-24;2026-08-08;2026-08-13;2026-08-20;2026-08-30;2026-09-02;2026-09-04;2026-09-14;2026-09-17
490,0.664,85.9,313,2026-06-11;2026-06-23;2026-06-24;2026-06-29;2026-07-01;2026-07-09;2026-07-11;2026-07-21;2026-07-24;2026-08-08;2026-08-13;2026-08-20;2026-08-30;2026-09-02;2026-09-04;2026-09-14;2026-09-17
1125,0.559,67.9,312,2026-06-11;2026-06-23;2026-06-24;2026-06-29;2026-07-01;2026-07-09;2026-07-11;2026-07-21;2026-07-24;2026-08-08;2026-08-13;2026-08-20;2026-08-30;2026-09-02;2026-09-04;2026-09-14;2026-09-17
984,0.283,33.3,315,2026-06-11;2026-06-23;2026-06-24;2026-06-29;2026-07-01;2026-07-09;2026-07-11;2026-07-21;2026-07-24;2026-08-08;2026-08-13;2026-08-20;2026-08-30;2026-09-02;2026-09-04;2026-09-14;2026-09-17
459,0.54,77.6,313,2026-06-11;2026-06-23;2026-06-24;2026-06-29;2026-07-01;2026-07-09;2026-07-11;2026-07-21;2026-07-24;2026-08-08;2026-08-13;2026-08-20;2026-08-30;2026-09-02;2026-09-04;2026-09-14;2026-09-17
722,0.434,52.1,315,2026-06-11;2026-06-23;2026-06-24;2026-06-29;2026-07-01;2026-07-09;2026-07-11;2026-07-21;2026-07-24;2026-08-08;2026-08-13;2026-08-20;2026-08-30;2026-09-02;2026-09-04;2026-09-14;2026-09-17
168,0.426,52.5,316,2026-06-11;2026-06-23;2026-06-24;2026-06-29;2026-07-01;2026-07-09;2026-07-11;2026-07-21;2026-07-24;2026-08-08;2026-08-13;2026-08-20;2026-08-30;2026-09-02;2026-09-04;2026-09-14;2026-09-17
1019,0.369,48.2,311,2026-06-11;2026-06-23;2026-06-24;2026-06-29;2026-07-01;2026-07-09;2026-07-11;2026-07-21;2026-07-24;2026-08-08;2026-08-13;2026-08-20;2026-08-30;2026-09-02;2026-09-04;2026-09-14;2026-09-17
341,0.52,68.6,315,2026-06-11;2026-06-23;2026-06-24;2026-06-29;2026-07-01;2026-07-09;2026-07-11;2026-07-21;2026-07-24;2026-08-08;2026-08-13;2026-08-20;2026-08-30;2026-09-02;2026-09-04;2026-09-14;2026-09-17
571,0.56,86.3,315,2026-06-11;2026-06-23;2026-06-24;2026-06-29;2026-07-01;2026-07-09;2026-07-11;2026-07-21;2026-07-24;2026-08-08;2026-08-13;2026-08-20;2026-08-30;2026-09-02;2026-09-04;2026-09-14;2026-09-17
662,0.374,42.2,313,2026-06-11;2026-06-23;2026-06-24;2026-06-29;2026-07-01;2026-07-09;2026-07-11;2026-07-21;2026-07-24;2026-08-08;2026-08-13;2026-08-20;2026-08-30;2026-09-02;2026-09-04;2026-09-14;2026-09-17
1629,0.216,11.7,316,2026-06-11;2026-06-23;2026-06-24;2026-06-29;2026-07-01;2026-07-09;2026-07-11;2026-07-21;2026-07-24;2026-08-08;2026-08-13;2026-08-20;2026-08-30;2026-09-02;2026-09-04;2026-09-14;2026-09-17
175,0.129,1.0,310,2026-06-11;2026-06-23;2026-06-24;2026-06-29;2026-07-01;2026-07-09;2026-07-11;2026-07-21;2026-07-24;2026-08-08;2026-08-13;2026-08-20;2026-08-30;2026-09-02;2026-09-04;2026-09-14;2026-09-17
84,0.45,58.6,314,2026-06-11;2026-06-23;2026-06-24;2026-06-29;2026-07-01;2026-07-09;2026-07-11;2026-07-21;2026-07-24;2026-08-08;2026-08-13;2026-08-20;2026-08-30;2026-09-02;2026-09-04;2026-09-14;2026-09-17
326,0.436,58.2,316,2026-06-11;2026-06-23;2026-06-24;2026-06-29;2026-07-01;2026-07-09;2026-07-11;2026-07-21;2026-07-24;2026-08-08;2026-08-13;2026-08-20;2026-08-30;2026-09-02;2026-09-04;2026-09-14;2026-09-17
676,0.556,71.5,316,2026-06-11;2026-06-23;2026-06-24;2026-06-29;2026-07-01;2026-07-09;2026-07-11;2026-07-21;2026-07-24;2026-08-08;2026-08-13;2026-08-20;2026-08-30;2026-09-02;2026-09-04;2026-09-14;2026-09-17
204,0.246,23.6,313,2026-06-11;2026-06-23;2026-06-24;2026-06-29;2026-07-01;2026-07-09;2026-07-11;2026-07-21;2026-07-24;2026-08-08;2026-08-13;2026-08-20;2026-08-30;2026-09-02;2026-09-04;2026-09-14;2026-09-17
1118,0.436,56.8,310,2026-06-11;2026-06-23;2026-06-24;2026-06-29;2026-07-01;2026-07-09;2026-07-11;2026-07-21;2026-07-24;2026-08-08;2026-08-13;2026-08-20;2026-08-30;2026-09-02;2026-09-04;2026-09-14;2026-09-17
1146,0.376,44.3,314,2026-06-11;2026-06-23;2026-06-24;2026-06-29;2026-07-01;2026-07-09;2026-07-11;2026-07-21;2026-07-24;2026-08-08;2026-08-13;2026-08-20;2026-08-30;2026-09-02;2026-09-04;2026-09-14;2026-09-17
478,0.423,52.6,312,2026-06-11;2026-06-23;2026-06-24;2026-06-29;2026-07-01;2026-07-09;2026-07-11;2026-07-21;2026-07-24;2026-08-08;2026-08-13;2026-08-20;2026-08-30;2026-09-02;2026-09-04;2026-09-14;2026-09-17
760,0.433,53.5,310,2026-06-11;2026-06-23;2026-06-24;2026-06-29;2026-07-01;2026-07-09;2026-07-11;2026-07-21;2026-07-24;2026-08-08;2026-08-13;2026-08-20;2026-08-30;2026-09-02;2026-09-04;2026-09-14;2026-09-17
1402,0.319,29.4,316,2026-06-11;2026-06-23;2026-06-24;2026-06-29;2026-07-01;2026-07-09;2026-07-11;2026-07-21;2026-07-24;2026-08-08;2026-08-13;2026-08-20;2026-08-30;2026-09-02;2026-09-04;2026-09-14;2026-09-17
153,0.619,84.5,310,2026-06-11;2026-06-23;2026-06-24;2026-06-29;2026-07-01;2026-07-09;2026-07-11;2026-07-21;2026-07-24;2026-08-08;2026-08-13;2026-08-20;2026-08-30;2026-09-02;2026-09-04;2026-09-14;2026-09-17
198,0.318,32.7,315,2026-06-11;2026-06-23;2026-06-24;2026-06-29;2026-07-01;2026-07-09;2026-07-11;2026-07-21;2026-07-24;2026-08-08;2026-08-13;2026-08-20;2026-08-30;2026-09-02;2026-09-04;2026-09-14;2026-09-17
245,0.194,12.2,312,2026-06-11;2026-06-23;2026-06-24;2026-06-29;2026-07-01;2026-07-09;2026-07-11;2026-07-21;2026-07-24;2026-08-08;2026-08-13;2026-08-20;2026-08-30;2026-09-02;2026-09-04;2026-09-14;2026-09-17
1123,0.603,78.0,314,2026-06-11;2026-06-23;2026-06-24;2026-06-29;2026-07-01;2026-07-09;2026-07-11;2026-07-21;2026-07-24;2026-08-08;2026-08-13;2026-08-20;2026-08-30;2026-09-02;2026-09-04;2026-09-14;2026-09-17
1222,0.484,61.5,312,2026-06-11;2026-06-23;2026-06-24;2026-06-29;2026-07-01;2026-07-09;2026-07-11;2026-07-21;2026-07-24;2026-08-08;2026-08-13;2026-08-20;2026-08-30;2026-09-02;2026-09-04;2026-09-14;2026-09-17
1105,0.469,60.3,315,2026-06-11;2026-06-23;2026-06-24;2026-06-29;2026-07-01;2026-07-09;2026-07-11;2026-07-21;2026-07-24;2026-08-08;2026-08-13;2026-08-20;2026-08-30;2026-09-02;2026-09-04;2026-09-14;2026-09-17
115,0.395,43.6,314,2026-06-11;2026-06-23;2026-06-24;2026-06-29;2026-07-01;2026-07-09;2026-07-11;2026-07-21;2026-07-24;2026-08-08;2026-08-13;2026-08-20;2026-08-30;2026-09-02;2026-09-04;2026-09-14;2026-09-17
465,0.453,58.7,312,2026-06-11;2026-06-23;2026-06-24;2026-06-29;2026-07-01;2026-07-09;2026-07-11;2026-07-21;2026-07-24;2026-08-08;2026-08-13;2026-08-20;2026-08-30;2026-09-02;2026-09-04;2026-09-14;2026-09-17
312,0.603,90.2,315,2026-06-11;2026-06-23;2026-06-24;2026-06-29;2026-07-01;2026-07-09;2026-07-11;2026-07-21;2026-07-24;2026-08-08;2026-08-13;2026-08-20;2026-08-30;2026-09-02;2026-09-04;2026-09-14;2026-09-17
1428,0.604,90.5,317,2026-06-11;2026-06-23;2026-06-24;2026-06-29;2026-07-01;2026-07-09;2026-07-11;2026-07-21;2026-07-24;2026-08-08;2026-08-13;2026-08-20;2026-08-30;2026-09-02;2026-09-04;2026-09-14;2026-09-17
1617,0.553,72.8,313,2026-06-11;2026-06-23;2026-06-24;2026-06-29;2026-07-01;2026-07-09;2026-07-11;2026-07-21;2026-07-24;2026-08-08;2026-08-13;2026-08-20;2026-08-30;2026-09-02;2026-09-04;2026-09-14;2026-09-17
292,0.563,79.2,312,2026-06-11;2026-06-23;2026-06-24;2026-06-29;2026-07-01;2026-07-09;2026-07-11;2026-07-21;2026-07-24;2026-08-08;2026-08-13;2026-08-20;2026-08-30;2026-09-02;2026-09-04;2026-09-14;2026-09-17
484,0.479,69.2,312,2026-06-11;2026-06-23;2026-06-24;2026-06-29;2026-07-01;2026-07-09;2026-07-11;2026-07-21;2026-07-24;2026-08-08;2026-08-13;2026-08-20;2026-08-30;2026-09-02;2026-09-04;2026-09-14;2026-09-17
511,0.443,59.6,312,2026-06-11;2026-06-23;2026-06-24;2026-06-29;2026-07-01;2026-07-09;2026-07-11;2026-07-21;2026-07-24;2026-08-08;2026-08-13;2026-08-20;2026-08-30;2026-09-02;2026-09-04;2026-09-14;2026-09-17
25,0.295,33.5,310,2026-06-11;2026-06-23;2026-06-24;2026-06-29;2026-07-01;2026-07-09;2026-07-11;2026-07-21;2026-07-24;2026-08-08;2026-08-13;2026-08-20;2026-08-30;2026-09-02;2026-09-04;2026-09-14;2026-09-17
327,0.478,60.6,315,2026-06-11;2026-06-23;2026-06-24;2026-06-29;2026-07-01;2026-07-09;2026-07-11;2026-07-21;2026-07-24;2026-08-08;2026-08-13;2026-08-20;2026-08-30;2026-09-02;2026-09-04;2026-09-14;2026-09-17
158,0.246,24.0,313,2026-06-11;2026-06-23;2026-06-24;2026-06-29;2026-07-01;2026-07-09;2026-07-11;2026-07-21;2026-07-24;2026-08-08;2026-08-13;2026-08-20;2026-08-30;2026-09-02;2026-09-04;2026-09-14;2026-09-17
1069,0.562,82.9,316,2026-06-11;2026-06-23;2026-06-24;2026-06-29;2026-07-01;2026-07-09;2026-07-11;2026-07-21;2026-07-24;2026-08-08;2026-08-13;2026-08-20;2026-08-30;2026-09-02;2026-09-04;2026-09-14;2026-09-17
205,0.18,12.9,311,2026-06-11;2026-06-23;2026-06-24;2026-06-29;2026-07-01;2026-07-09;2026-07-11;2026-07-21;2026-07-24;2026-08-08;2026-08-13;2026-08-20;2026-08-30;2026-09-02;2026-09-04;2026-09-14;2026-09-17
679,0.396,45.5,310,2026-06-11;2026-06-23;2026-06-24;2026-06-29;2026-07-01;2026-07-09;2026-07-11;2026-07-21;2026-07-24;2026-08-08;2026-08-13;2026-08-20;2026-08-30;2026-09-02;2026-09-04;2026-09-14;2026-09-17
446,0.258,22.7,308,2026-06-11;2026-06-23;2026-06-24;2026-06-29;2026-07-01;2026-07-09;2026-07-11;2026-07-21;2026-07-24;2026-08-08;2026-08-13;2026-08-20;2026-08-30;2026-09-02;2026-09-04;2026-09-14;2026-09-17
1042,0.35,38.8,312,2026-06-11;2026-06-23;2026-06-24;2026-06-29;2026-07-01;2026-07-09;2026-07-11;2026-07-21;2026-07-24;2026-08-08;2026-08-13;2026-08-20;2026-08-30;2026-09-02;2026-09-04;2026-09-14;2026-09-17
912,0.354,43.7,311,2026-06-11;2026-06-23;2026-06-24;2026-06-29;2026-07-01;2026-07-09;2026-07-11;2026-07-21;2026-07-24;2026-08-08;2026-08-13;2026-08-20;2026-08-30;2026-09-02;2026-09-04;2026-09-14;2026-09-17
1624,0.199,15.2,315,2026-06-11;2026-06-23;2026-06-24;2026-06-29;2026-07-01;2026-07-09;2026-07-11;2026-07-21;2026-07-24;2026-08-08;2026-08-13;2026-08-20;2026-08-30;2026-09-02;2026-09-04;2026-09-14;2026-09-17
139,0.232,23.3,313,2026-06-11;2026-06-23;2026-06-24;2026-06-29;2026-07-01;2026-07-09;2026-07-11;2026-07-21;2026-07-24;2026-08-08;2026-08-13;2026-08-20;2026-08-30;2026-09-02;2026-09-04;2026-09-14;2026-09-17
1396,0.534,65.9,311,2026-06-11;2026-06-23;2026-06-24;2026-06-29;2026-07-01;2026-07-09;2026-07-11;2026-07-21;2026-07-24;2026-08-08;2026-08-13;2026-08-20;2026-08-30;2026-09-02;2026-09-04;2026-09-14;2026-09-17
830,0.588,76.0,313,2026-06-11;2026-06-23;2026-06-24;2026-06-29;2026-07-01;2026-07-09;2026-07-11;2026-07-21;2026-07-24;2026-08-08;2026-08-13;2026-08-20;2026-08-30;2026-09-02;2026-09-04;2026-09-14;2026-09-17
981,0.504,69.3,313,2026-06-11;2026-06-23;2026-06-24;2026-06-29;2026-07-01;2026-07-09;2026-07-11;2026-07-21;2026-07-24;2026-08-08;2026-08-13;2026-08-20;2026-08-30;2026-09-02;2026-09-04;2026-09-14;2026-09-17
972,0.465,63.1,312,2026-06-11;2026-06-23;2026-06-24;2026-06-29;2026-07-01;2026-07-09;2026-07-11;2026-07-21;2026-07-24;2026-08-08;2026-08-13;2026-08-20;2026-08-30;2026-09-02;2026-09-04;2026-09-14;2026-09-17
1287,0.567,74.4,313,2026-06-11;2026-06-23;2026-06-24;2026-06-29;2026-07-01;2026-07-09;2026-07-11;2026-07-21;2026-07-24;2026-08-08;2026-08-13;2026-08-20;2026-08-30;2026-09-02;2026-09-04;2026-09-14;2026-09-17
407,0.589,84.6,312,2026-06-11;2026-06-23;2026-06-24;2026-06-29;2026-07-01;2026-07-09;2026-07-11;2026-07-21;2026-07-24;2026-08-08;2026-08-13;2026-08-20;2026-08-30;2026-09-02;2026-09-04;2026-09-14;2026-09-17
546,0.258,21.3,314,2026-06-11;2026-06-23;2026-06-24;2026-06-29;2026-07-01;2026-07-09;2026-07-11;2026-07-21;2026-07-24;2026-08-08;2026-08-13;2026-08-20;2026-08-30;2026-09-02;2026-09-04;2026-09-14;2026-09-17
435,0.478,66.0,312,2026-06-11;2026-06-23;2026-06-24;2026-06-29;2026-07-01;2026-07-09;2026-07-11;2026-07-21;2026-07-24;2026-08-08;2026-08-13;2026-08-20;2026-08-30;2026-09-02;2026-09-04;2026-09-14;2026-09-17
1268,0.443,54.9,317,2026-06-11;2026-06-23;2026-06-24;2026-06-29;2026-07-01;2026-07-09;2026-07-11;2026-07-21;2026-07-24;2026-08-08;2026-08-13;2026-08-20;2026-08-30;2026-09-02;2026-09-04;2026-09-14;2026-09-17
1305,0.13,4.5,313,2026-06-11;2026-06-23;2026-06-24;2026-06-29;2026-07-01;2026-07-09;2026-07-11;2026-07-21;2026-07-24;2026-08-08;2026-08-13;2026-08-20;2026-08-30;2026-09-02;2026-09-04;2026-09-14;2026-09-17
1020,0.481,68.3,312,2026-06-11;2026-06-23;2026-06-24;2026-06-29;2026-07-01;2026-07-09;2026-07-11;2026-07-21;2026-07-24;2026-08-08;2026-08-13;2026-08-20;2026-08-30;2026-09-02;2026-09-04;2026-09-14;2026-09-17
163,0.418,54.3,313,2026-06-11;2026-06-23;2026-06-24;2026-06-29;2026-07-01;2026-07-09;2026-07-11;2026-07-21;2026-07-24;2026-08-08;2026-08-13;2026-08-20;2026-08-30;2026-09-02;2026-09-04;2026-09-14;2026-09-17
457,0.518,70.0,313,2026-06-11;2026-06-23;2026-06-24;2026-06-29;2026-07-01;2026-07-09;2026-07-11;2026-07-21;2026-07-24;2026-08-08;2026-08-13;2026-08-20;2026-08-30;2026-09-02;2026-09-04;2026-09-14;2026-09-17
1004,0.463,62.9,310,2026-06-11;2026-06-23;2026-06-24;2026-06-29;2026-07-01;2026-07-09;2026-07-11;2026-07-21;2026-07-24;2026-08-08;2026-08-13;2026-08-20;2026-08-30;2026-09-02;2026-09-04;2026-09-14;2026-09-17
1048,0.626,84.4,315,2026-06-11;2026-06-23;2026-06-24;2026-06-29;2026-07-01;2026-07-09;2026-07-11;2026-07-21;2026-07-24;2026-08-08;2026-08-13;2026-08-20;2026-08-30;2026-09-02;2026-09-04;2026-09-14;2026-09-17
1619,0.621,94.9,312,2026-06-11;2026-06-23;2026-06-24;2026-06-29;2026-07-01;2026-07-09;2026-07-11;2026-07-21;2026-07-24;2026-08-08;2026-08-13;2026-08-20;2026-08-30;2026-09-02;2026-09-04;2026-09-14;2026-09-17
1628,0.509,72.1,315,2026-06-11;2026-06-23;2026-06-24;2026-06-29;2026-07-01;2026-07-09;2026-07-11;2026-07-21;2026-07-24;2026-08-08;2026-08-13;2026-08-20;2026-08-30;2026-09-02;2026-09-04;2026-09-14;2026-09-17
18,0.332,38.6,316,2026-06-11;2026-06-23;2026-06-24;2026-06-29;2026-07-01;2026-07-09;2026-07-11;2026-07-21;2026-07-24;2026-08-08;2026-08-13;2026-08-20;2026-08-30;2026-09-02;2026-09-04;2026-09-14;2026-09-17
568,0.457,57.6,311,2026-06-11;2026-06-23;2026-06-24;2026-06-29;2026-07-01;2026-07-09;2026-07-11;2026-07-21;2026-07-24;2026-08-08;2026-08-13;2026-08-20;2026-08-30;2026-09-02;2026-09-04;2026-09-14;2026-09-17
23,0.531,63.1,312,2026-06-11;2026-06-23;2026-06-24;2026-06-29;2026-07-01;2026-07-09;2026-07-11;2026-07-21;2026-07-24;2026-08-08;2026-08-13;2026-08-20;2026-08-30;2026-09-02;2026-09-04;2026-09-14;2026-09-17
1186,0.638,86.3,314,2026-06-11;2026-06-23;2026-06-24;2026-06-29;2026-07-01;2026-07-09;2026-07-11;2026-07-21;2026-07-24;2026-08-08;2026-08-13;2026-08-20;2026-08-30;2026-09-02;2026-09-04;2026-09-14;2026-09-17
199,0.245,25.3,312,2026-06-11;2026-06-23;2026-06-24;2026-06-29;2026-07-01;2026-07-09;2026-07-11;2026-07-21;2026-07-24;2026-08-08;2026-08-13;2026-08-20;2026-08-30;2026-09-02;2026-09-04;2026-09-14;2026-09-17
1097,0.199,12.0,309,2026-06-11;2026-06-23;2026-06-24;2026-06-29;2026-07-01;2026-07-09;2026-07-11;2026-07-21;2026-07-24;2026-08-08;2026-08-13;2026-08-20;2026-08-30;2026-09-02;2026-09-04;2026-09-14;2026-09-17
1014,0.376,46.0,315,2026-06-11;2026-06-23;2026-06-24;2026-06-29;2026-07-01;2026-07-09;2026-07-11;2026-07-21;2026-07-24;2026-08-08;2026-08-13;2026-08-20;2026-08-30;2026-09-02;2026-09-04;2026-09-14;2026-09-17
995,0.474,65.1,312,2026-06-11;2026-06-23;2026-06-24;2026-06-29;2026-07-01;2026-07-09;2026-07-11;2026-07-21;2026-07-24;2026-08-08;2026-08-13;2026-08-20;2026-08-30;2026-09-02;2026-09-04;2026-09-14;2026-09-17
1180,0.227,15.0,313,2026-06-11;2026-06-23;2026-06-24;2026-06-29;2026-07-01;2026-07-09;2026-07-11;2026-07-21;2026-07-24;2026-08-08;2026-08-13;2026-08-20;2026-08-30;2026-09-02;2026-09-04;2026-09-14;2026-09-17
1593,0.489,62.4,311,2026-06-11;2026-06-23;2026-06-24;2026-06-29;2026-07-01;2026-07-09;2026-07-11;2026-07-21;2026-07-24;2026-08-08;2026-08-13;2026-08-20;2026-08-30;2026-09-02;2026-09-04;2026-09-14;2026-09-17
1468,0.368,41.3,315,2026-06-11;2026-06-23;2026-06-24;2026-06-29;2026-07-01;2026-07-09;2026-07-11;2026-07-21;2026-07-24;2026-08-08;2026-08-13;2026-08-20;2026-08-30;2026-09-02;2026-09-04;2026-09-14;2026-09-17
293,0.584,75.9,315,2026-06-11;2026-06-23;2026-06-24;2026-06-29;2026-07-01;2026-07-09;2026-07-11;2026-07-21;2026-07-24;2026-08-08;2026-08-13;2026-08-20;2026-08-30;2026-09-02;2026-09-04;2026-09-14;2026-09-17
750,0.453,66.6,317,2026-06-11;2026-06-23;2026-06-24;2026-06-29;2026-07-01;2026-07-09;2026-07-11;2026-07-21;2026-07-24;2026-08-08;2026-08-13;2026-08-20;2026-08-30;2026-09-02;2026-09-04;2026-09-14;2026-09-17
1481,0.605,78.2,312,2026-06-11;2026-06-23;2026-06-24;2026-06-29;2026-07-01;2026-07-09;2026-07-11;2026-07-21;2026-07-24;2026-08-08;2026-08-13;2026-08-20;2026-08-30;2026-09-02;2026-09-04;2026-09-14;2026-09-17
588,0.672,86.2,311,2026-06-11;2026-06-23;2026-06-24;2026-06-29;2026-07-01;2026-07-09;2026-07-11;2026-07-21;2026-07-24;2026-08-08;2026-08-13;2026-08-20;2026-08-30;2026-09-02;2026-09-04;2026-09-14;2026-09-17
1595,0.315,40.6,313,2026-06-11;2026-06-23;2026-06-24;2026-06-29;2026-07-01;2026-07-09;2026-07-11;2026-07-21;2026-07-24;2026-08-08;2026-08-13;2026-08-20;2026-08-30;2026-09-02;2026-09-04;2026-09-14;2026-09-17
1066,0.538,73.8,313,2026-06-11;2026-06-23;2026-06-24;2026-06-29;2026-07-01;2026-07-09;2026-07-11;2026-07-21;2026-07-24;2026-08-08;2026-08-13;2026-08-20;2026-08-30;2026-09-02;2026-09-04;2026-09-14;2026-09-17
700,0.2,14.7,312,2026-06-11;2026-06-23;2026-06-24;2026-06-29;2026-07-01;2026-07-09;2026-07-11;2026-07-21;2026-07-24;2026-08-08;2026-08-13;2026-08-20;2026-08-30;2026-09-02;2026-09-04;2026-09-14;2026-09-17
362,0.298,30.5,315,2026-06-11;2026-06-23;2026-06-24;2026-06-29;2026-07-01;2026-07-09;2026-07-11;2026-07-21;2026-07-24;2026-08-08;2026-08-13;2026-08-20;2026-08-30;2026-09-02;2026-09-04;2026-09-14;2026-09-17
1594,0.402,51.0,314,2026-06-11;2026-06-23;2026-06-24;2026-06-29;2026-07-01;2026-07-09;2026-07-11;2026-07-21;2026-07-24;2026-08-08;2026-08-13;2026-08-20;2026-08-30;2026-09-02;2026-09-04;2026-09-14;2026-09-17
539,0.614,83.0,312,2026-06-11;2026-06-23;2026-06-24;2026-06-29;2026-07-01;2026-07-09;2026-07-11;2026-07-21;2026-07-24;2026-08-08;2026-08-13;2026-08-20;2026-08-30;2026-09-02;2026-09-04;2026-09-14;2026-09-17
1117,0.33,32.7,315,2026-06-11;2026-06-23;2026-06-24;2026-06-29;2026-07-01;2026-07-09;2026-07-11;2026-07-21;2026-07-24;2026-08-08;2026-08-13;2026-08-20;2026-08-30;2026-09-02;2026-09-04;2026-09-14;2026-09-17
1503,0.567,85.1,316,2026-06-11;2026-06-23;2026-06-24;2026-06-29;2026-07-01;2026-07-09;2026-07-11;2026-07-21;2026-07-24;2026-08-08;2026-08-13;2026-08-20;2026-08-30;2026-09-02;2026-09-04;2026-09-14;2026-09-17
103,0.598,79.4,311,2026-06-11;2026-06-23;2026-06-24;2026-06-29;2026-07-01;2026-07-09;2026-07-11;2026-07-21;2026-07-24;2026-08-08;2026-08-13;2026-08-20;2026-08-30;2026-09-02;2026-09-04;2026-09-14;2026-09-17
1094,0.182,6.4,313,2026-06-11;2026-06-23;2026-06-24;2026-06-29;2026-07-01;2026-07-09;2026-07-11;2026-07-21;2026-07-24;2026-08-08;2026-08-13;2026-08-20;2026-08-30;2026-09-02;2026-09-04;2026-09-14;2026-09-17
512,0.413,50.8,313,2026-06-11;2026-06-23;2026-06-24;2026-06-29;2026-07-01;2026-07-09;2026-07-11;2026-07-21;2026-07-24;2026-08-08;2026-08-13;2026-08-20;2026-08-30;2026-09-02;2026-09-04;2026-09-14;2026-09-17
1320,0.169,9.5,315,2026-06-11;2026-06-23;2026-06-24;2026-06-29;2026-07-01;2026-07-09;2026-07-11;2026-07-21;2026-07-24;2026-08-08;2026-08-13;2026-08-20;2026-08-30;2026-09-02;2026-09-04;2026-09-14;2026-09-17
763,0.321,37.3,316,2026-06-11;2026-06-23;2026-06-24;2026-06-29;2026-07-01;2026-07-09;2026-07-11;2026-07-21;2026-07-24;2026-08-08;2026-08-13;2026-08-20;2026-08-30;2026-09-02;2026-09-04;2026-09-14;2026-09-17
637,0.268,29.8,315,2026-06-11;2026-06-23;2026-06-24;2026-06-29;2026-07-01;2026-07-09;2026-07-11;2026-07-21;2026-07-24;2026-08-08;2026-08-13;2026-08-20;2026-08-30;2026-09-02;2026-09-04;2026-09-14;2026-09-17
278,0.373,43.4,316,2026-06-11;2026-06-23;2026-06-24;2026-06-29;2026-07-01;2026-07-09;2026-07-11;2026-07-21;2026-07-24;2026-08-08;2026-08-13;2026-08-20;2026-08-30;2026-09-02;2026-09-04;2026-09-14;2026-09-17
297,0.552,74.0,315,2026-06-11;2026-06-23;2026-06-24;2026-06-29;2026-07-01;2026-07-09;2026-07-11;2026-07-21;2026-07-24;2026-08-08;2026-08-13;2026-08-20;2026-08-30;2026-09-02;2026-09-04;2026-09-14;2026-09-17
520,0.364,39.6,316,2026-06-11;2026-06-23;2026-06-24;2026-06-29;2026-07-01;2026-07-09;2026-07-11;2026-07-21;2026-07-24;2026-08-08;2026-08-13;2026-08-20;2026-08-30;2026-09-02;2026-09-04;2026-09-14;2026-09-17
464,0.329,34.6,312,2026-06-11;2026-06-23;2026-06-24;2026-06-29;2026-07-01;2026-07-09;2026-07-11;2026-07-21;2026-07-24;2026-08-08;2026-08-13;2026-08-20;2026-08-30;2026-09-02;2026-09-04;2026-09-14;2026-09-17
1093,0.469,63.7,311,2026-06-11;2026-06-23;2026-06-24;2026-06-29;2026-07-01;2026-07-09;2026-07-11;2026-07-21;2026-07-24;2026-08-08;2026-08-13;2026-08-20;2026-08-30;2026-09-02;2026-09-04;2026-09-14;2026-09-17
570,0.504,74.6,315,2026-06-11;2026-06-23;2026-06-24;2026-06-29;2026-07-01;2026-07-09;2026-07-11;2026-07-21;2026-07-24;2026-08-08;2026-08-13;2026-08-20;2026-08-30;2026-09-02;2026-09-04;2026-09-14;2026-09-17
1235,0.402,42.6,310,2026-06-11;2026-06-23;2026-06-24;2026-06-29;2026-07-01;2026-07-09;2026-07-11;2026-07-21;2026-07-24;2026-08-08;2026-08-13;2026-08-20;2026-08-30;2026-09-02;2026-09-04;2026-09-14;2026-09-17
554,0.405,52.2,312,2026-06-11;2026-06-23;2026-06-24;2026-06-29;2026-07-01;2026-07-09;2026-07-11;2026-07-21;2026-07-24;2026-08-08;2026-08-13;2026-08-20;2026-08-30;2026-09-02;2026-09-04;2026-09-14;2026-09-17
677,0.497,69.2,315,2026-06-11;2026-06-23;2026-06-24;2026-06-29;2026-07-01;2026-07-09;2026-07-11;2026-07-21;2026-07-24;2026-08-08;2026-08-13;2026-08-20;2026-08-30;2026-09-02;2026-09-04;2026-09-14;2026-09-17
710,0.523,71.1,311,2026-06-11;2026-06-23;2026-06-24;2026-06-29;2026-07-01;2026-07-09;2026-07-11;2026-07-21;2026-07-24;2026-08-08;2026-08-13;2026-08-20;2026-08-30;2026-09-02;2026-09-04;2026-09-14;2026-09-17
207,0.138,5.1,313,2026-06-11;2026-06-23;2026-06-24;2026-06-29;2026-07-01;2026-07-09;2026-07-11;2026-07-21;2026-07-24;2026-08-08;2026-08-13;2026-08-20;2026-08-30;2026-09-02;2026-09-04;2026-09-14;2026-09-17
501,0.617,87.2,313,2026-06-11;2026-06-23;2026-06-24;2026-06-29;2026-07-01;2026-07-09;2026-07-11;2026-07-21;2026-07-24;2026-08-08;2026-08-13;2026-08-20;2026-08-30;2026-09-02;2026-09-04;2026-09-14;2026-09-17
495,0.639,86.6,314,2026-06-11;2026-06-23;2026-06-24;2026-06-29;2026-07-01;2026-07-09;2026-07-11;2026-07-21;2026-07-24;2026-08-08;2026-08-13;2026-08-20;2026-08-30;2026-09-02;2026-09-04;2026-09-14;2026-09-17
361,0.478,62.9,313,2026-06-11;2026-06-23;2026-06-24;2026-06-29;2026-07-01;2026-07-09;2026-07-11;2026-07-21;2026-07-24;2026-08-08;2026-08-13;2026-08-20;2026-08-30;2026-09-02;2026-09-04;2026-09-14;2026-09-17
365,0.113,10.8,316,2026-06-11;2026-06-23;2026-06-24;2026-06-29;2026-07-01;2026-07-09;2026-07-11;2026-07-21;2026-07-24;2026-08-08;2026-08-13;2026-08-20;2026-08-30;2026-09-02;2026-09-04;2026-09-14;2026-09-17
1322,0.438,55.2,315,2026-06-11;2026-06-23;2026-06-24;2026-06-29;2026-07-01;2026-07-09;2026-07-11;2026-07-21;2026-07-24;2026-08-08;2026-08-13;2026-08-20;2026-08-30;2026-09-02;2026-09-04;2026-09-14;2026-09-17
448,0.525,74.9,315,2026-06-11;2026-06-23;2026-06-24;2026-06-29;2026-07-01;2026-07-09;2026-07-11;2026-07-21;2026-07-24;2026-08-08;2026-08-13;2026-08-20;2026-08-30;2026-09-02;2026-09-04;2026-09-14;2026-09-17
624,0.433,52.7,317,2026-06-11;2026-06-23;2026-06-24;2026-06-29;2026-07-01;2026-07-09;2026-07-11;2026-07-21;2026-07-24;2026-08-08;2026-08-13;2026-08-20;2026-08-30;2026-09-02;2026-09-04;2026-09-14;2026-09-17
1304,0.564,68.5,311,2026-06-11;2026-06-23;2026-06-24;2026-06-29;2026-07-01;2026-07-09;2026-07-11;2026-07-21;2026-07-24;2026-08-08;2026-08-13;2026-08-20;2026-08-30;2026-09-02;2026-09-04;2026-09-14;2026-09-17
505,0.553,77.4,310,2026-06-11;2026-06-23;2026-06-24;2026-06-29;2026-07-01;2026-07-09;2026-07-11;2026-07-21;2026-07-24;2026-08-08;2026-08-13;2026-08-20;2026-08-30;2026-09-02;2026-09-04;2026-09-14;2026-09-17
745,0.553,76.1,314,2026-06-11;2026-06-23;2026-06-24;2026-06-29;2026-07-01;2026-07-09;2026-07-11;2026-07-21;2026-07-24;2026-08-08;2026-08-13;2026-08-20;2026-08-30;2026-09-02;2026-09-04;2026-09-14;2026-09-17
370,0.321,30.9,317,2026-06-11;2026-06-23;2026-06-24;2026-06-29;2026-07-01;2026-07-09;2026-07-11;2026-07-21;2026-07-24;2026-08-08;2026-08-13;2026-08-20;2026-08-30;2026-09-02;2026-09-04;2026-09-14;2026-09-17
857,0.558,67.9,312,2026-06-11;2026-06-23;2026-06-24;2026-06-29;2026-07-01;2026-07-09;2026-07-11;2026-07-21;2026-07-24;2026-08-08;2026-08-13;2026-08-20;2026-08-30;2026-09-02;2026-09-04;2026-09-14;2026-09-17
1110,0.552,75.6,315,2026-06-11;2026-06-23;2026-06-24;2026-06-29;2026-07-01;2026-07-09;2026-07-11;2026-07-21;2026-07-24;2026-08-08;2026-08-13;2026-08-20;2026-08-30;2026-09-02;2026-09-04;2026-09-14;2026-09-17
986,0.373,43.3,314,2026-06-11;2026-06-23;2026-06-24;2026-06-29;2026-07-01;2026-07-09;2026-07-11;2026-07-21;2026-07-24;2026-08-08;2026-08-13;2026-08-20;2026-08-30;2026-09-02;2026-09-04;2026-09-14;2026-09-17
926,0.328,31.4,312,2026-06-11;2026-06-23;2026-06-24;2026-06-29;2026-07-01;2026-07-09;2026-07-11;2026-07-21;2026-07-24;2026-08-08;2026-08-13;2026-08-20;2026-08-30;2026-09-02;2026-09-04;2026-09-14;2026-09-17
699,0.284,30.4,316,2026-06-11;2026-06-23;2026-06-24;2026-06-29;2026-07-01;2026-07-09;2026-07-11;2026-07-21;2026-07-24;2026-08-08;2026-08-13;2026-08-20;2026-08-30;2026-09-02;2026-09-04;2026-09-14;2026-09-17
950,0.472,61.7,311,2026-06-11;2026-06-23;2026-06-24;2026-06-29;2026-07-01;2026-07-09;2026-07-11;2026-07-21;2026-07-24;2026-08-08;2026-08-13;2026-08-20;2026-08-30;2026-09-02;2026-09-04;2026-09-14;2026-09-17
720,0.49,64.0,308,2026-06-11;2026-06-23;2026-06-24;2026-06-29;2026-07-01;2026-07-09;2026-07-11;2026-07-21;2026-07-24;2026-08-08;2026-08-13;2026-08-20;2026-08-30;2026-09-02;2026-09-04;2026-09-14;2026-09-17
688,0.335,34.2,310,2026-06-11;2026-06-23;2026-06-24;2026-06-29;2026-07-01;2026-07-09;2026-07-11;2026-07-21;2026-07-24;2026-08-08;2026-08-13;2026-08-20;2026-08-30;2026-09-02;2026-09-04;2026-09-14;2026-09-17
601,0.509,67.9,315,2026-06-11;2026-06-23;2026-06-24;2026-06-29;2026-07-01;2026-07-09;2026-07-11;2026-07-21;2026-07-24;2026-08-08;2026-08-13;2026-08-20;2026-08-30;2026-09-02;2026-09-04;2026-09-14;2026-09-17
989,0.417,57.0,314,2026-06-11;2026-06-23;2026-06-24;2026-06-29;2026-07-01;2026-07-09;2026-07-11;2026-07-21;2026-07-24;2026-08-08;2026-08-13;2026-08-20;2026-08-30;2026-09-02;2026-09-04;2026-09-14;2026-09-17
1179,0.45,57.1,315,2026-06-11;2026-06-23;2026-06-24;2026-06-29;2026-07-01;2026-07-09;2026-07-11;2026-07-21;2026-07-24;2026-08-08;2026-08-13;2026-08-20;2026-08-30;2026-09-02;2026-09-04;2026-09-14;2026-09-17
806,0.365,45.5,312,2026-06-11;2026-06-23;2026-06-24;2026-06-29;2026-07-01;2026-07-09;2026-07-11;2026-07-21;2026-07-24;2026-08-08;2026-08-13;2026-08-20;2026-08-30;2026-09-02;2026-09-04;2026-09-14;2026-09-17
167,0.468,60.4,313,2026-06-11;2026-06-23;2026-06-24;2026-06-29;2026-07-01;2026-07-09;2026-07-11;2026-07-21;2026-07-24;2026-08-08;2026-08-13;2026-08-20;2026-08-30;2026-09-02;2026-09-04;2026-09-14;2026-09-17
422,0.472,60.4,316,2026-06-11;2026-06-23;2026-06-24;2026-06-29;2026-07-01;2026-07-09;2026-07-11;2026-07-21;2026-07-24;2026-08-08;2026-08-13;2026-08-20;2026-08-30;2026-09-02;2026-09-04;2026-09-14;2026-09-17
719,0.408,56.0,316,2026-06-11;2026-06-23;2026-06-24;2026-06-29;2026-07-01;2026-07-09;2026-07-11;2026-07-21;2026-07-24;2026-08-08;2026-08-13;2026-08-20;2026-08-30;2026-09-02;2026-09-04;2026-09-14;2026-09-17
294,0.453,60.0,315,2026-06-11;2026-06-23;2026-06-24;2026-06-29;2026-07-01;2026-07-09;2026-07-11;2026-07-21;2026-07-24;2026-08-08;2026-08-13;2026-08-20;2026-08-30;2026-09-02;2026-09-04;2026-09-14;2026-09-17
404,0.482,62.7,311,2026-06-11;2026-06-23;2026-06-24;2026-06-29;2026-07-01;2026-07-09;2026-07-11;2026-07-21;2026-07-24;2026-08-08;2026-08-13;2026-08-20;2026-08-30;2026-09-02;2026-09-04;2026-09-14;2026-09-17
8,0.295,31.2,311,2026-06-11;2026-06-23;2026-06-24;2026-06-29;2026-07-01;2026-07-09;2026-07-11;2026-07-21;2026-07-24;2026-08-08;2026-08-13;2026-08-20;2026-08-30;2026-09-02;2026-09-04;2026-09-14;2026-09-17
480,0.3,30.2,311,2026-06-11;2026-06-23;2026-06-24;2026-06-29;2026-07-01;2026-07-09;2026-07-11;2026-07-21;2026-07-24;2026-08-08;2026-08-13;2026-08-20;2026-08-30;2026-09-02;2026-09-04;2026-09-14;2026-09-17
878,0.653,86.7,315,2026-06-11;2026-06-23;2026-06-24;2026-06-29;2026-07-01;2026-07-09;2026-07-11;2026-07-21;2026-07-24;2026-08-08;2026-08-13;2026-08-20;2026-08-30;2026-09-02;2026-09-04;2026-09-14;2026-09-17
378,0.626,90.2,316,2026-06-11;2026-06-23;2026-06-24;2026-06-29;2026-07-01;2026-07-09;2026-07-11;2026-07-21;2026-07-24;2026-08-08;2026-08-13;2026-08-20;2026-08-30;2026-09-02;2026-09-04;2026-09-14;2026-09-17
357,0.61,79.8,312,2026-06-11;2026-06-23;2026-06-24;2026-06-29;2026-07-01;2026-07-09;2026-07-11;2026-07-21;2026-07-24;2026-08-08;2026-08-13;2026-08-20;2026-08-30;2026-09-02;2026-09-04;2026-09-14;2026-09-17
412,0.525,76.4,313,2026-06-11;2026-06-23;2026-06-24;2026-06-29;2026-07-01;2026-07-09;2026-07-11;2026-07-21;2026-07-24;2026-08-08;2026-08-13;2026-08-20;2026-08-30;2026-09-02;2026-09-04;2026-09-14;2026-09-17
250,0.437,50.6,316,2026-06-11;2026-06-23;2026-06-24;2026-06-29;2026-07-01;2026-07-09;2026-07-11;2026-07-21;2026-07-24;2026-08-08;2026-08-13;2026-08-20;2026-08-30;2026-09-02;2026-09-04;2026-09-14;2026-09-17
713,0.525,71.5,309,2026-06-11;2026-06-23;2026-06-24;2026-06-29;2026-07-01;2026-07-09;2026-07-11;2026-07-21;2026-07-24;2026-08-08;2026-08-13;2026-08-20;2026-08-30;2026-09-02;2026-09-04;2026-09-14;2026-09-17
162,0.327,34.8,316,2026-06-11;2026-06-23;2026-06-24;2026-06-29;2026-07-01;2026-07-09;2026-07-11;2026-07-21;2026-07-24;2026-08-08;2026-08-13;2026-08-20;2026-08-30;2026-09-02;2026-09-04;2026-09-14;2026-09-17
1154,0.349,38.9,311,2026-06-11;2026-06-23;2026-06-24;2026-06-29;2026-07-01;2026-07-09;2026-07-11;2026-07-21;2026-07-24;2026-08-08;2026-08-13;2026-08-20;2026-08-30;2026-09-02;2026-09-04;2026-09-14;2026-09-17
1252,0.408,47.9,315,2026-06-11;2026-06-23;2026-06-24;2026-06-29;2026-07-01;2026-07-09;2026-07-11;2026-07-21;2026-07-24;2026-08-08;2026-08-13;2026-08-20;2026-08-30;2026-09-02;2026-09-04;2026-09-14;2026-09-17
936,0.404,54.0,315,2026-06-11;2026-06-23;2026-06-24;2026-06-29;2026-07-01;2026-07-09;2026-07-11;2026-07-21;2026-07-24;2026-08-08;2026-08-13;2026-08-20;2026-08-30;2026-09-02;2026-09-04;2026-09-14;2026-09-17
564,0.347,42.4,311,2026-06-11;2026-06-23;2026-06-24;2026-06-29;2026-07-01;2026-07-09;2026-07-11;2026-07-21;2026-07-24;2026-08-08;2026-08-13;2026-08-20;2026-08-30;2026-09-02;2026-09-04;2026-09-14;2026-09-17
376,0.614,88.6,315,2026-06-11;2026-06-23;2026-06-24;2026-06-29;2026-07-01;2026-07-09;2026-07-11;2026-07-21;2026-07-24;2026-08-08;2026-08-13;2026-08-20;2026-08-30;2026-09-02;2026-09-04;2026-09-14;2026-09-17
177,0.482,64.9,316,2026-06-11;2026-06-23;2026-06-24;2026-06-29;2026-07-01;2026-07-09;2026-07-11;2026-07-21;2026-07-24;2026-08-08;2026-08-13;2026-08-20;2026-08-30;2026-09-02;2026-09-04;2026-09-14;2026-09-17
176,0.364,37.9,314,2026-06-11;2026-06-23;2026-06-24;2026-06-29;2026-07-01;2026-07-09;2026-07-11;2026-07-21;2026-07-24;2026-08-08;2026-08-13;2026-08-20;2026-08-30;2026-09-02;2026-09-04;2026-09-14;2026-09-17
148,0.352,42.1,316,2026-06-11;2026-06-23;2026-06-24;2026-06-29;2026-07-01;2026-07-09;2026-07-11;2026-07-21;2026-07-24;2026-08-08;2026-08-13;2026-08-20;2026-08-30;2026-09-02;2026-09-04;2026-09-14;2026-09-17
557,0.448,60.1,316,2026-06-11;2026-06-23;2026-06-24;2026-06-29;2026-07-01;2026-07-09;2026-07-11;2026-07-21;2026-07-24;2026-08-08;2026-08-13;2026-08-20;2026-08-30;2026-09-02;2026-09-04;2026-09-14;2026-09-17
774,0.601,77.2,312,2026-06-11;2026-06-23;2026-06-24;2026-06-29;2026-07-01;2026-07-09;2026-07-11;2026-07-21;2026-07-24;2026-08-08;2026-08-13;2026-08-20;2026-08-30;2026-09-02;2026-09-04;2026-09-14;2026-09-17
867,0.452,57.9,311,2026-06-11;2026-06-23;2026-06-24;2026-06-29;2026-07-01;2026-07-09;2026-07-11;2026-07-21;2026-07-24;2026-08-08;2026-08-13;2026-08-20;2026-08-30;2026-09-02;2026-09-04;2026-09-14;2026-09-17
35,0.423,53.7,315,2026-06-11;2026-06-23;2026-06-24;2026-06-29;2026-07-01;2026-07-09;2026-07-11;2026-07-21;2026-07-24;2026-08-08;2026-08-13;2026-08-20;2026-08-30;2026-09-02;2026-09-04;2026-09-14;2026-09-17
406,0.525,74.6,315,2026-06-11;2026-06-23;2026-06-24;2026-06-29;2026-07-01;2026-07-09;2026-07-11;2026-07-21;2026-07-24;2026-08-08;2026-08-13;2026-08-20;2026-08-30;2026-09-02;2026-09-04;2026-09-14;2026-09-17
813,0.447,57.1,315,2026-06-11;2026-06-23;2026-06-24;2026-06-29;2026-07-01;2026-07-09;2026-07-11;2026-07-21;2026-07-24;2026-08-08;2026-08-13;2026-08-20;2026-08-30;2026-09-02;2026-09-04;2026-09-14;2026-09-17
1302,0.429,50.3,312,2026-06-11;2026-06-23;2026-06-24;2026-06-29;2026-07-01;2026-07-09;2026-07-11;2026-07-21;2026-07-24;2026-08-08;2026-08-13;2026-08-20;2026-08-30;2026-09-02;2026-09-04;2026-09-14;2026-09-17
1288,0.694,92.9,310,2026-06-11;2026-06-23;2026-06-24;2026-06-29;2026-07-01;2026-07-09;2026-07-11;2026-07-21;2026-07-24;2026-08-08;2026-08-13;2026-08-20;2026-08-30;2026-09-02;2026-09-04;2026-09-14;2026-09-17
974,0.284,27.6,315,2026-06-11;2026-06-23;2026-06-24;2026-06-29;2026-07-01;2026-07-09;2026-07-11;2026-07-21;2026-07-24;2026-08-08;2026-08-13;2026-08-20;2026-08-30;2026-09-02;2026-09-04;2026-09-14;2026-09-17
1099,0.232,16.2,314,2026-06-11;2026-06-23;2026-06-24;2026-06-29;2026-07-01;2026-07-09;2026-07-11;2026-07-21;2026-07-24;2026-08-08;2026-08-13;2026-08-20;2026-08-30;2026-09-02;2026-09-04;2026-09-14;2026-09-17
333,0.599,83.4,313,2026-06-11;2026-06-23;2026-06-24;2026-06-29;2026-07-01;2026-07-09;2026-07-11;2026-07-21;2026-07-24;2026-08-08;2026-08-13;2026-08-20;2026-08-30;2026-09-02;2026-09-04;2026-09-14;2026-09-17
1065,0.52,76.0,312,2026-06-11;2026-06-23;2026-06-24;2026-06-29;2026-07-01;2026-07-09;2026-07-11;2026-07-21;2026-07-24;2026-08-08;2026-08-13;2026-08-20;2026-08-30;2026-09-02;2026-09-04;2026-09-14;2026-09-17
34,0.38,46.0,311,2026-06-11;2026-06-23;2026-06-24;2026-06-29;2026-07-01;2026-07-09;2026-07-11;2026-07-21;2026-07-24;2026-08-08;2026-08-13;2026-08-20;2026-08-30;2026-09-02;2026-09-04;2026-09-14;2026-09-17
1407,0.429,51.3,314,2026-06-11;2026-06-23;2026-06-24;2026-06-29;2026-07-01;2026-07-09;2026-07-11;2026-07-21;2026-07-24;2026-08-08;2026-08-13;2026-08-20;2026-08-30;2026-09-02;2026-09-04;2026-09-14;2026-09-17
581,0.579,85.9,311,2026-06-11;2026-06-23;2026-06-24;2026-06-29;2026-07-01;2026-07-09;2026-07-11;2026-07-21;2026-07-24;2026-08-08;2026-08-13;2026-08-20;2026-08-30;2026-09-02;2026-09-04;2026-09-14;2026-09-17
727,0.321,32.6,316,2026-06-11;2026-06-23;2026-06-24;2026-06-29;2026-07-01;2026-07-09;2026-07-11;2026-07-21;2026-07-24;2026-08-08;2026-08-13;2026-08-20;2026-08-30;2026-09-02;2026-09-04;2026-09-14;2026-09-17
