stop_id,stop_name,stop_lat,stop_lon,daily_trips,routes,shelter_status,tract_geoid,pct_no_vehicle,pct_65_plus
346,Westbound E University Avenue @ SE 21st Street,29.652022,-82.297479,14,7,none,12001000600,20.242214532871973,17.217034843999087
1116,Valwood Neighborhood,29.604319,-82.422747,26,75,none,12001002221,0.8246527777777778,16.533758639021798
1543,NW 2nd St @ NW 16th Ave Northbound,29.666315,-82.326527,14,3,none,12001000301,14.08811475409836,9.192399049881235
194,Eastbound SW 2nd Avenue @ SW 26th Street,29.650347,-82.361278,20,5,none,12001000901,49.789029535864984,0.0
1608,Shell Rock Villas,29.644497,-82.409208,26,75,none,12001002218,15.250836120401337,8.166317678731678
1290,Alachua County Courthouse,29.650198,-82.325153,43,1,none,12001000500,10.72961373390558,13.34805299076676
300,Fast Eddie's Restaurant,29.650775,-82.305763,28,"3,7",none,12001000700,12.619426751592359,21.483491632745363
381,Altrusa House of Gainesville,29.685711,-82.349514,16,8,none,12001001203,5.620753551575047,12.678288431061807
187,Community Foundation of North Central Florida,29.653333,-82.383899,34,"5,43",sheltered,12001001605,5.992043759323719,8.548422678138099
1557,The Ridge @ SW 38th TER northbound,29.631626,-82.380875,61,33,unknown,12001001522,15.617875056999544,3.28125
1506,The Trophy Shop,29.657597,-82.338892,62,13,none,12001000201,21.143847487001732,1.9492808478425434
157,Westgate Shopping Center,29.652293,-82.369628,14,43,unknown,12001001000,6.52607580507267,9.155578975102095
111,Southbound SE 15th Street @ SE 4th Avenue,29.648383,-82.305943,14,7,unknown,12001000700,12.619426751592359,21.483491632745363
436,Applebee's @ NW 13th Street,29.661331,-82.339275,37,"8,10",none,12001001000,6.52607580507267,9.155578975102095
518,Santa Fe College @ NW 83rd Street,29.675243,-82.430108,54,"10,23,76",none,12001001701,17.254556143445033,28.263455248290214
1169,Northwood Pines Neighborhood,29.704958,-82.359975,30,"6,8",none,12001001202,0.5906123717749456,16.054477919933966
1056,Linton Oaks Neighborhood,29.640571,-82.407144,27,75,none,12001002217,15.908324907313784,7.102560393461594
150,University Lutheran Church,29.652182,-82.347693,34,"5,43",unknown,12001001000,6.52607580507267,9.155578975102095
528,Northwest Baptist Church,29.674028,-82.401846,29,"10,76",none,12001001702,5.506141465480729,33.90179910044978
535,B'Nai Israel School & Day Care,29.670727,-82.381721,20,10,none,12001001702,5.506141465480729,33.90179910044978
461,University Club Apartments,29.625831,-82.356333,146,"9,12,37",none,12001110800,12.026726057906458,40.537989617744216
1475,President's Park,29.65054,-82.355435,20,5,none,12001000902,30.48780487804878,0.011463945890175398
773,Arbor Park Apartments,29.636143,-82.329123,24,17,unknown,12001000808,7.1806945261918775,3.871439006574142
1427,Holy Faith Catholic Church,29.658408,-82.389177,14,43,none,12001001605,5.992043759323719,8.548422678138099
1141,Wilmot Gardens,29.639388,-82.349715,41,"21,52",unknown,12001000902,30.48780487804878,0.011463945890175398
709,McCoy Court Apartments,29.672836,-82.319684,23,15,unknown,12001000400,18.240068346860316,13.6077655941039
46,Beaty Towers,29.644707,-82.34082,90,"8,13,43",none,12001000902,30.48780487804878,0.011463945890175398
932,UF Law School,29.650455,-82.359095,20,5,none,12001001000,6.52607580507267,9.155578975102095
252,Plaza Verde - NW 23rd Avenue,29.673883,-82.341767,17,8,sheltered,12001001100,7.312925170068027,27.624720774385704
1494,NE 15th St @ NE 20th Pl,29.67179,-82.305762,13,26,none,12001000400,18.240068346860316,13.6077655941039
206,AT&T Building,29.651934,-82.328047,40,"5,10",none,12001000500,10.72961373390558,13.34805299076676
979,Landmark Woods Neighborhood,29.663281,-82.388917,14,43,none,12001001702,5.506141465480729,33.90179910044978
369,CVS @ NW 13th Street,29.6664,-82.339045,16,8,none,12001000301,14.08811475409836,9.192399049881235
697,Masonic Temple,29.653697,-82.324896,23,15,unknown,12001000500,10.72961373390558,13.34805299076676
521,Santa Fe College,29.67778,-82.430533,54,"10,23,76",none,12001001701,17.254556143445033,28.263455248290214
1483,aloft Hotel @ Hull Rd Eastbound,29.637276,-82.377895,73,"33,52",unknown,12001001522,15.617875056999544,3.28125
1553,Health Department,29.649168,-82.293379,14,7,none,12001000600,20.242214532871973,17.217034843999087
537,Willowcroft Neighborhood,29.667381,-82.374398,20,10,unknown,12001001702,5.506141465480729,33.90179910044978
599,Morningside Nature Center,29.651983,-82.279959,17,11,unknown,12001000600,20.242214532871973,17.217034843999087
1397,Westbound SW 24th Ave @ SW 61st St,29.639833,-82.406425,21,"52,76",none,12001002219,16.47440519105984,14.393255043661549
1341,Enclave 4,29.622783,-82.366766,54,38,none,12001001515,9.413369713506139,5.387755102040816
1253,Graham Hall,29.64581,-82.350257,248,"9,12,33,38,118",sheltered,12001000902,30.48780487804878,0.011463945890175398
1623,SW 6th St nearside SW 5th Ave (southbound),29.6476299,-82.3313561,14,6,unknown,12001000202,25.107526881720432,1.4258389845244306
442,Southbound SW 13th Street @ Inner Road,29.647665,-82.339517,135,"1,8,13,43",none,12001000902,30.48780487804878,0.011463945890175398
794,Sai Quick Stop,29.636379,-82.338066,24,17,unknown,12001000808,7.1806945261918775,3.871439006574142
1486,Campus Circle Apartments,29.636794,-82.380966,73,"33,52",sheltered,12001001522,15.617875056999544,3.28125
1261,Gardenia Garden Apartments,29.659264,-82.302637,27,"3,26",none,12001000600,20.242214532871973,17.217034843999087
241,Grace Presbyterian Church,29.681354,-82.339209,14,6,none,12001001203,5.620753551575047,12.678288431061807
757,Pointe 23 Apartments,29.673966,-82.317613,23,15,unknown,12001000400,18.240068346860316,13.6077655941039
736,Wesley United Methodist Church,29.674021,-82.33484,37,"6,15",none,12001000302,11.592076302274394,26.838966202783297
226,Oak Gate Apartments,29.6787889,-82.3306919,9,55,none,12001000302,11.592076302274394,26.838966202783297
769,The Collier Companies,29.653764,-82.325126,23,15,unknown,12001000500,10.72961373390558,13.34805299076676
1547,Sam's Club,29.623178,-82.383566,94,"1,37",none,12001001522,15.617875056999544,3.28125
414,Barnhill Clinic,29.702597,-82.365593,17,8,unknown,12001001201,3.313696612665685,27.576301615798922
508,NW 23rd Ave NW 43rd St,29.673621,-82.387664,20,10,sheltered,12001001100,7.312925170068027,27.624720774385704
444,University Housing Office,29.643892,-82.339427,17,8,none,12001000902,30.48780487804878,0.011463945890175398
259,ALDI Food Market,29.687607,-82.338857,37,"6,15",none,12001000302,11.592076302274394,26.838966202783297
1498,NE 15th St @ NE 3rd Ave Farside,29.65342,-82.305914,14,3,none,12001000600,20.242214532871973,17.217034843999087
695,Oakbrook Walk Condominiums,29.6383072,-82.3392012,84,"13,17",none,12001000806,18.91348088531187,5.931198102016608
1114,Haile Plantation Neighborhood,29.609472,-82.422687,26,75,unknown,12001002221,0.8246527777777778,16.533758639021798
1139,Casablanca Apartments,29.619912,-82.361263,95,"12,37",none,12001001515,9.413369713506139,5.387755102040816
1352,Colonial Oaks,29.6330892,-82.3892534,29,21,unknown,12001001522,15.617875056999544,3.28125
590,Southbound SE 43rd Street @ E University Avenue,29.650918,-82.272493,17,11,unknown,12001000600,20.242214532871973,17.217034843999087
1064,Treebecka Park Apartments,29.638507,-82.411938,47,"52,75,76",none,12001002218,15.250836120401337,8.166317678731678
1323,College Manor Apartments,29.650334,-82.337801,42,1,unknown,12001000201,21.143847487001732,1.9492808478425434
1311,Depot Ave Farside SW 3rd St,29.6440734,-82.3284536,14,6,unknown,12001000202,25.107526881720432,1.4258389845244306
681,US 441 South,29.607556,-82.342145,122,13,unknown,12001110800,12.026726057906458,40.537989617744216
987,Millhopper Branch Library,29.682029,-82.388843,14,43,unknown,12001001100,7.312925170068027,27.624720774385704
216,Gainesville Police Department,29.659244,-82.330767,23,"6,55",unknown,12001000201,21.143847487001732,1.9492808478425434
39,The Bartram Apartments,29.633696,-82.358195,154,"1,37,38",sheltered,12001001514,8.333333333333332,2.7532467532467533
1501,NE 15th St @ NE 8th Ave,29.659135,-82.305768,14,3,unknown,12001000600,20.242214532871973,17.217034843999087
1471,Westgate Plaza,29.65216,-82.369357,14,43,unknown,12001001000,6.52607580507267,9.155578975102095
467,Cancer and Genetics Research,29.638769,-82.351411,194,"9,12,21,33,52",none,12001000902,30.48780487804878,0.011463945890175398
725,Southeast Car Agency,29.688578,-82.322195,23,15,none,12001001902,16.82586333578251,25.576208178438662
853,Northbound SE 11th Street @ SE 2nd Avenue,29.649885,-82.311313,13,26,unknown,12001000700,12.619426751592359,21.483491632745363
579,Southbound NE 25th Street @ NE 6th Avenue,29.656705,-82.292423,17,11,unknown,12001000600,20.242214532871973,17.217034843999087
363,SW 13th Street & W University Avenue,29.651483,-82.339199,76,"8,13",none,12001000201,21.143847487001732,1.9492808478425434
1034,Madison Cove Apartments,29.609477,-82.401452,27,75,sheltered,12001002219,16.47440519105984,14.393255043661549
789,Sun Bay Apartments,29.6366194,-82.3324711,24,17,unknown,12001000806,18.91348088531187,5.931198102016608
687,Bivens Cove Apartments,29.622049,-82.339557,60,13,unknown,12001000808,7.1806945261918775,3.871439006574142
1472,Mavis Tires,29.651788,-82.376171,14,43,unknown,12001001605,5.992043759323719,8.548422678138099
317,Northbound SE 35th Street @ SE 18th Ave,29.634715,-82.280703,14,7,unknown,12001000700,12.619426751592359,21.483491632745363
181,Millpond Apartments,29.657733,-82.395924,20,5,sheltered,12001001605,5.992043759323719,8.548422678138099
275,NW 6th St @ NW 22nd Ave,29.67277,-82.330886,23,"6,55",none,12001000301,14.08811475409836,9.192399049881235
796,Sun Bay Apartments,29.636394,-82.332541,24,17,unknown,12001000808,7.1806945261918775,3.871439006574142
195,University of Florida Law School,29.650334,-82.358847,20,5,sheltered,12001000901,49.789029535864984,0.0
561,Eastbound NE 8th Avenue @ NE 11th Street,29.659281,-82.311524,17,11,unknown,12001000500,10.72961373390558,13.34805299076676
997,Robin Lane Neighborhood,29.688894,-82.422122,23,"43,55",none,12001001811,12.61518906895456,20.87149187592319
1101,Tower Plaza,29.658162,-82.422504,26,75,none,12001002207,0.4123711340206186,18.689934243803744
988,Monterey Apartments,29.685112,-82.388816,14,43,none,12001001100,7.312925170068027,27.624720774385704
463,University Commons,29.63073,-82.361441,146,"9,12,37",sheltered,12001001514,8.333333333333332,2.7532467532467533
545,NW 16th Ave @ NW 17th St,29.666583,-82.344558,20,10,unknown,12001001000,6.52607580507267,9.155578975102095
477,Cancer & Genetics Research Center,29.638915,-82.351413,194,"9,12,21,33,52",none,12001000901,49.789029535864984,0.0
663,UF Health Pediatric ER,29.641034,-82.342661,100,"13,17,43",none,12001000902,30.48780487804878,0.011463945890175398
486,Gator Place Condominiums,29.619053,-82.355743,50,9,unknown,12001001516,8.51472471190781,5.001866368047779
1627,SW 32nd Road @ The Vibe (Eastbound),29.6230419,-82.3922737,27,75,unknown,12001002219,16.47440519105984,14.393255043661549
424,Girls Place of Alachua County,29.688408,-82.351597,26,"8,55",none,12001001202,0.5906123717749456,16.054477919933966
1003,The Arc,29.683896,-82.430216,23,"43,55",sheltered,12001001701,17.254556143445033,28.263455248290214
92,Lincoln Estates,29.644442,-82.299354,14,3,none,12001000700,12.619426751592359,21.483491632745363
1085,The Gardens Apartments,29.65307,-82.422247,27,75,none,12001002217,15.908324907313784,7.102560393461594
37,Brandywine Apartments,29.630368,-82.365366,100,"1,38",sheltered,12001001515,9.413369713506139,5.387755102040816
1611,NW 2nd Lane @ NW 140th Way,29.655991,-82.490203,12,52,unknown,12001002204,5.470500373412994,18.014849550605703
685,The Landings Apartments,29.618673,-82.340078,60,13,unknown,12001000808,7.1806945261918775,3.871439006574142
840,Hilton University of Florida Conference Center,29.637361,-82.372355,90,"20,21",none,12001001514,8.333333333333332,2.7532467532467533
430,Misty Oaks Apartments,29.681387,-82.351572,17,8,none,12001001202,0.5906123717749456,16.054477919933966
977,Millennium Center,29.65644,-82.38993,14,43,unknown,12001001605,5.992043759323719,8.548422678138099
391,Gethsemane Lutheran Church,29.691353,-82.372205,16,8,none,12001001202,0.5906123717749456,16.054477919933966
758,David's BBQ,29.672851,-82.319841,23,15,unknown,12001000400,18.240068346860316,13.6077655941039
517,Shenandoah Neighborhood,29.674211,-82.425049,29,"10,76",unknown,12001001701,17.254556143445033,28.263455248290214
367,Xerographic Copy Center,29.661041,-82.339065,36,"8,10",none,12001000301,14.08811475409836,9.192399049881235
748,Fearnside Family Services Center,29.686575,-82.30585,36,"15,26",sheltered,12001000400,18.240068346860316,13.6077655941039
630,Southbound NE 9th Street @ NE 3rd Avenue,29.65409,-82.314813,17,11,unknown,12001000500,10.72961373390558,13.34805299076676
413,Northwood Oaks Neighborhood,29.704084,-82.362233,31,"6,8",none,12001001803,5.032119914346895,22.788033099936346
1454,Northeast Park,29.666505,-82.319449,14,3,none,12001000500,10.72961373390558,13.34805299076676
192,UF Golf Course,29.650343,-82.367421,20,5,none,12001000901,49.789029535864984,0.0
1343,Northside Park and Senior Recreational Center,29.707923,-82.354454,17,8,sheltered,12001001202,0.5906123717749456,16.054477919933966
1430,NE 39th Ave @ Waldo Rd,29.685182,-82.289826,13,26,none,12001000400,18.240068346860316,13.6077655941039
865,Department of Children and Families,29.666487,-82.313521,14,3,none,12001000500,10.72961373390558,13.34805299076676
449,Hideaway Apartments,29.613497,-82.362054,50,9,unknown,12001001516,8.51472471190781,5.001866368047779
375,Brook Wood Terrace Neighborhood,29.676457,-82.347891,16,8,none,12001001203,5.620753551575047,12.678288431061807
1621,SW 8th Ave @ Nearside SW 67th Terr,29.6450466,-82.4148202,26,75,none,12001002218,15.250836120401337,8.166317678731678
562,Sunny Food Mart,29.659271,-82.310291,17,11,none,12001000500,10.72961373390558,13.34805299076676
1145,Fraternity Row II across Springs,29.6483148,-82.3575968,0,,sheltered,12001000901,49.789029535864984,0.0
282,D.R. Williams Fellowship Hall,29.656663,-82.330881,23,"6,55",unknown,12001000201,21.143847487001732,1.9492808478425434
453,Windsor Park Apartments,29.617383,-82.362563,50,9,unknown,12001001516,8.51472471190781,5.001866368047779
1568,The Lark Apartments,29.6400117,-82.3391741,84,"13,17",none,12001000806,18.91348088531187,5.931198102016608
1453,St. Patrick Catholic Church,29.666624,-82.319375,14,3,none,12001000400,18.240068346860316,13.6077655941039
856,UF Health Family Medicine Eastside Northbound,29.655015,-82.309276,13,26,unknown,12001000600,20.242214532871973,17.217034843999087
1108,Sunrise Subdivision (Southbound),29.635111,-82.4225495,9,76,none,12001002207,0.4123711340206186,18.689934243803744
22,Country Village,29.632046,-82.362534,42,1,none,12001001514,8.333333333333332,2.7532467532467533
684,UF Health Florida Recovery Center,29.615715,-82.340479,60,13,none,12001000808,7.1806945261918775,3.871439006574142
1489,Village Point 4,29.637488,-82.378817,73,"33,52",none,12001001522,15.617875056999544,3.28125
934,Campus Church of Christ,29.650428,-82.36276,20,5,none,12001001000,6.52607580507267,9.155578975102095
775,Sweetwater on 16th Apartments,29.630299,-82.324122,24,17,sheltered,12001000808,7.1806945261918775,3.871439006574142
531,Eastbound NW 23rd Avenue @ NW 46th Street,29.674028,-82.392449,20,10,none,12001001702,5.506141465480729,33.90179910044978
1440,Mt. Olive Primitive Baptist Church,29.656032,-82.305922,14,3,none,12001000600,20.242214532871973,17.217034843999087
1011,NW Grille Seafood,29.688528,-82.397711,23,"43,55",none,12001001701,17.254556143445033,28.263455248290214
955,Gainesville Place Apartments,29.627328,-82.370729,57,38,none,12001001515,9.413369713506139,5.387755102040816
1391,Metrocorp Center,29.688541,-82.386885,9,55,none,12001001100,7.312925170068027,27.624720774385704
595,Lake Forest Trails Neighborhood,29.646171,-82.272391,17,11,unknown,12001001400,3.571428571428571,15.002627430373094
1089,Harbor Cove Apartments,29.653187,-82.414991,27,75,none,12001002217,15.908324907313784,7.102560393461594
1057,Linton Oaks Neighborhood @ SW 61st Street,29.643187,-82.40819,27,75,unknown,12001002217,15.908324907313784,7.102560393461594
743,Pine Forest Homes,29.6883,-82.322752,23,15,unknown,12001000302,11.592076302274394,26.838966202783297
1600,Markets West,29.6381107,-82.4211188,9,76,unknown,12001002218,15.250836120401337,8.166317678731678
42,Shands Hospital @ Center Drive,29.640844,-82.346065,225,"1,8,21,37,38,43,52",sheltered,12001000902,30.48780487804878,0.011463945890175398
627,Southbound NE 9th Street @ NE 7th Avenue,29.658631,-82.314848,17,11,unknown,12001000500,10.72961373390558,13.34805299076676
1549,Hilton Garden Inn,29.623194,-82.38657,94,"1,37",none,12001001522,15.617875056999544,3.28125
98,SE Hawthorne Rd @ SE 18th St Eastbound,29.64879,-82.301287,14,3,none,12001000700,12.619426751592359,21.483491632745363
1306,Publix at Butler Plaza,29.625277,-82.3788,43,1,sheltered,12001001522,15.617875056999544,3.28125
1278,Northbound Fort Clarke Boulevard @ Eagle Point,29.66886,-82.436905,25,23,unknown,12001002204,5.470500373412994,18.014849550605703
514,Westbound NW 23rd Avenue @ NW 63rd Terrace,29.67424,-82.410596,29,"10,76",none,12001001701,17.254556143445033,28.263455248290214
706,Wash King,29.667191,-82.321744,23,15,unknown,12001000400,18.240068346860316,13.6077655941039
814,Pinetree Gardens,29.634505,-82.385202,73,"20,52",none,12001001522,15.617875056999544,3.28125
438,The Gate Food Store @ NW 13th Street,29.655937,-82.339305,99,"8,10,13",none,12001001000,6.52607580507267,9.155578975102095
124,Lincoln Estates Neighborhood,29.641882,-82.29942,14,3,none,12001000700,12.619426751592359,21.483491632745363
1620,SW 87th Dr @ Nearside SW 27th Ln,29.628545,-82.4360931,12,52,unknown,12001002221,0.8246527777777778,16.533758639021798
182,Gainesville Health & Fitness,29.657274,-82.394708,20,5,none,12001001605,5.992043759323719,8.548422678138099
1267,University Commons Apartments,29.631194,-82.363243,54,38,none,12001001515,9.413369713506139,5.387755102040816
218,Bailey Village Assisted Living,29.663864,-82.330763,23,"6,55",unknown,12001000301,14.08811475409836,9.192399049881235
1470,Gainesville Women's Club,29.652037,-82.364712,14,43,unknown,12001001000,6.52607580507267,9.155578975102095
307,Southeast Gator Liquor @ Hawthorne Road,29.644997,-82.293838,14,7,unknown,12001000700,12.619426751592359,21.483491632745363
1046,Tower Village Apartments,29.612398,-82.4225,27,75,none,12001002219,16.47440519105984,14.393255043661549
670,Dollar General,29.632126,-82.339524,62,13,unknown,12001000809,3.034134007585335,10.265613783201722
1317,GRACE Marketplace,29.683304,-82.286191,13,26,sheltered,12001001400,3.571428571428571,15.002627430373094
426,Ridgeview Baptist Church,29.685888,-82.347439,17,8,unknown,12001001202,0.5906123717749456,16.054477919933966
1119,CROM Equipment Rentals,29.601707,-82.415676,26,75,none,12001002220,6.800766283524904,16.68472372697725
980,NW 14th Place @ NW 43rd Street,29.665388,-82.388921,14,43,none,12001001702,5.506141465480729,33.90179910044978
237,Sandy's Boutique,29.691988,-82.339157,14,6,none,12001001203,5.620753551575047,12.678288431061807
101,SE 24th Street - Dollar General Store,29.646123,-82.293768,14,7,unknown,12001000600,20.242214532871973,17.217034843999087
1177,Fifield Hall,29.637721,-82.362319,102,"21,33,52",sheltered,12001000901,49.789029535864984,0.0
671,Lakeshore Towers Apartments,29.630324,-82.33952,62,13,none,12001000809,3.034134007585335,10.265613783201722
184,Alarion Bank,29.655819,-82.390733,20,5,none,12001001605,5.992043759323719,8.548422678138099
1351,Hailey Gardens,29.631395,-82.3892135,29,21,unknown,12001001522,15.617875056999544,3.28125
2,Hampton Inn Hotel,29.650346,-82.323804,42,1,none,12001000500,10.72961373390558,13.34805299076676
7,Infinity Hall,29.650314,-82.334603,42,1,unknown,12001000201,21.143847487001732,1.9492808478425434
589,Eastside Plaza,29.651755,-82.277637,17,11,unknown,12001000600,20.242214532871973,17.217034843999087
609,Mt Carmel Baptist Church,29.659145,-82.292292,17,11,unknown,12001000600,20.242214532871973,17.217034843999087
87,Lincoln Estate Neighborhood,29.640225,-82.302744,14,3,none,12001000700,12.619426751592359,21.483491632745363
811,Pinnacle Point Apartments,29.634114,-82.377685,90,"20,21",unknown,12001001522,15.617875056999544,3.28125
556,Northbound NE 9th Street @ E University Avenue,29.652402,-82.314658,17,11,unknown,12001000500,10.72961373390558,13.34805299076676
711,Chelsea Apartments Eastbound,29.67374,-82.315313,23,15,unknown,12001000400,18.240068346860316,13.6077655941039
1173,Cultural Plaza,29.637573,-82.368586,102,"21,33,52",sheltered,12001001514,8.333333333333332,2.7532467532467533
716,NE 28th Avenue @ NE 15th Street,29.67695,-82.305731,36,"15,26",unknown,12001000400,18.240068346860316,13.6077655941039
1082,Sparrow Apartments,29.645945,-82.422326,27,75,none,12001002217,15.908324907313784,7.102560393461594
1015,Southbound NW 43rd Street @ NW 33rd Court,29.684033,-82.389073,14,43,none,12001001701,17.254556143445033,28.263455248290214
1081,Sparrow Apartments,29.645235,-82.420787,27,75,none,12001002217,15.908324907313784,7.102560393461594
1479,Sorrento New Home Community,29.703359,-82.353141,14,6,none,12001001202,0.5906123717749456,16.054477919933966
419,NW 39th Avenue @ NW 34th Street,29.688514,-82.371275,26,"8,55",none,12001001202,0.5906123717749456,16.054477919933966
1319,Gainesville Regional Airport Outbound,29.678967,-82.276616,13,26,none,12001001902,16.82586333578251,25.576208178438662
201,West University Avenue & SW 12th St,29.651961,-82.337352,40,"5,10",unknown,12001000201,21.143847487001732,1.9492808478425434
203,University of Florida Human Resources,29.651962,-82.333751,40,"5,10",none,12001000201,21.143847487001732,1.9492808478425434
9,Campus USA Credit Union,29.648011,-82.3371672,0,,unknown,12001000202,25.107526881720432,1.4258389845244306
1153,Tolbert Residence Hall,29.6476543,-82.3498442,38,118,sheltered,12001000902,30.48780487804878,0.011463945890175398
1551,Social Security Administration,29.696799,-82.339162,14,6,none,12001001203,5.620753551575047,12.678288431061807
1054,Tower Oaks Glenn Apartments,29.634887,-82.414195,39,"52,75",none,12001002219,16.47440519105984,14.393255043661549
1389,Eastbound NW 39th AVE @ NW 37th ST,29.688525,-82.377699,9,55,none,12001001100,7.312925170068027,27.624720774385704
279,Little Warriors Day School,29.663883,-82.331009,23,"6,55",unknown,12001000301,14.08811475409836,9.192399049881235
1372,Newberry Rd @ NW 75th,29.659854,-82.421213,25,23,none,12001002204,5.470500373412994,18.014849550605703
947,Gainesville Place Apartments @ SW 35th Place,29.619683,-82.365079,96,"12,37",sheltered,12001001517,11.43627262225645,5.445716267776621
110,Veteran's Honor Center,29.649248,-82.304229,14,3,sheltered,12001000700,12.619426751592359,21.483491632745363
1206,Arlington Square Apartments,29.649517,-82.322302,122,"1,5,10,11,15",none,12001000500,10.72961373390558,13.34805299076676
1216,Arlington Square Apartments,29.649744,-82.32248,123,"1,5,10,11,15",sheltered,12001000500,10.72961373390558,13.34805299076676
533,NW 23rd Ave NW 43rd St,29.672947,-82.38673,20,10,sheltered,12001001702,5.506141465480729,33.90179910044978
993,Huntington Lakes Apartments,29.68883,-82.399846,23,"43,55",none,12001001811,12.61518906895456,20.87149187592319
1333,Enclave 1,29.62541,-82.367793,54,38,none,12001001515,9.413369713506139,5.387755102040816
759,Pine Grove Apartments,29.670098,-82.321381,23,15,unknown,12001000400,18.240068346860316,13.6077655941039
1349,Hilton Garden Inn,29.623016,-82.385719,97,"1,37",none,12001001522,15.617875056999544,3.28125
360,Norman Field,29.645428,-82.339205,90,"8,13,43",none,12001000202,25.107526881720432,1.4258389845244306
666,Health Science Center Administration,29.63739,-82.343034,24,17,none,12001000809,3.034134007585335,10.265613783201722
946,Victoria Station Apartments,29.620848,-82.368424,96,"12,37",unknown,12001001517,11.43627262225645,5.445716267776621
1120,Life Storage,29.603082,-82.413069,26,75,none,12001002220,6.800766283524904,16.68472372697725
1610,Jonesville Publix,29.655092,-82.492428,24,52,unknown,12001002204,5.470500373412994,18.014849550605703
1140,Southbound SW 27th Street @ SW 35th Place,29.619302,-82.36289,43,12,none,12001001517,11.43627262225645,5.445716267776621
97,Veteran's Honor Center,29.649098,-82.303346,14,3,none,12001000700,12.619426751592359,21.483491632745363
349,Westbound E University Avenue @ NE 16th Street,29.652024,-82.304293,14,7,unknown,12001000600,20.242214532871973,17.217034843999087
1183,Cultural Plaza,29.6367363,-82.3679535,76,118,unknown,12001001514,8.333333333333332,2.7532467532467533
784,Southbound Williston Road @ SE 1st Terrace,29.6342265,-82.3190123,24,17,unknown,12001000700,12.619426751592359,21.483491632745363
26,Whole Foods @ Butler Town Center,29.625604,-82.374394,42,1,none,12001001522,15.617875056999544,3.28125
1301,Stoneridge Apartments,29.618519,-82.372697,52,37,unknown,12001001519,12.811791383219957,0.7092198581560284
342,Alachua County Sheriffs Department,29.644039,-82.291375,14,7,unknown,12001000600,20.242214532871973,17.217034843999087
1058,Linton Oaks,29.644583,-82.409167,27,75,unknown,12001002217,15.908324907313784,7.102560393461594
1289,Pepboys Auto @ Newberry RD,29.659597,-82.424971,25,23,none,12001002207,0.4123711340206186,18.689934243803744
764,Gainesville Shopping Center South,29.661585,-82.324594,23,15,unknown,12001000301,14.08811475409836,9.192399049881235
228,Northbound NW 6th Street @ NW 33rd Avenue,29.6828388,-82.3306709,9,55,unknown,12001000302,11.592076302274394,26.838966202783297
507,Capital City Bank @ NW 16th Boulevard,29.672891,-82.386122,20,10,none,12001001100,7.312925170068027,27.624720774385704
255,Rural King,29.677464,-82.338961,60,"6,15",unknown,12001000302,11.592076302274394,26.838966202783297
1166,Ironwood Golf Course,29.688133,-82.296986,13,26,none,12001001902,16.82586333578251,25.576208178438662
804,Family Housing,29.641106,-82.369361,61,20,none,12001000901,49.789029535864984,0.0
1393,Northbound NW 55th ST @ NW 14th AVE,29.6652366,-82.401446,9,76,none,12001001702,5.506141465480729,33.90179910044978
1187,Microbiology/Cell Science Building,29.6403557,-82.3642279,38,118,unknown,12001000901,49.789029535864984,0.0
756,Westbound NE 23rd Avenue @ NE 9th Street,29.673932,-82.314619,23,15,unknown,12001000400,18.240068346860316,13.6077655941039
483,University Club Apartments,29.625366,-82.356342,145,"9,12,37",none,12001001515,9.413369713506139,5.387755102040816
396,Barnhill Clinic,29.702736,-82.364968,16,8,none,12001001202,0.5906123717749456,16.054477919933966
1036,Westgate Mobile Manor Park,29.607308,-82.405561,27,75,none,12001002219,16.47440519105984,14.393255043661549
996,Emerald Woods Neighborhood,29.6889093,-82.4159358,23,"43,55",unknown,12001001811,12.61518906895456,20.87149187592319
1096,Oaks Square Complex,29.659467,-82.416029,52,"23,75",sheltered,12001001605,5.992043759323719,8.548422678138099
1124,Dogwood Dog Park,29.609276,-82.40128,26,75,none,12001002220,6.800766283524904,16.68472372697725
525,Hickory Woods Neighborhood,29.674185,-82.415353,29,"10,76",unknown,12001001702,5.506141465480729,33.90179910044978
858,Lakeside Housing Complex,29.6412313,-82.3641003,38,118,unknown,12001000901,49.789029535864984,0.0
1112,Vet Mem PK,29.615539,-82.422622,26,75,unknown,12001002221,0.8246527777777778,16.533758639021798
844,Maguire Field,29.640968,-82.369248,61,20,sheltered,12001000901,49.789029535864984,0.0
409,North Walmart Supercenter,29.709163,-82.355985,33,8,sheltered,12001001803,5.032119914346895,22.788033099936346
970,Williston Plaza,29.605936,-82.371055,43,12,none,12001001517,11.43627262225645,5.445716267776621
1043,Asbury Park Apartments,29.603688,-82.422575,27,75,sheltered,12001002219,16.47440519105984,14.393255043661549
1159,Phi Kappa Tau,29.650185,-82.338672,43,1,sheltered,12001000201,21.143847487001732,1.9492808478425434
672,City College Gainesville,29.628248,-82.339531,62,13,unknown,12001000809,3.034134007585335,10.265613783201722
450,Lexington Crossing Apartments,29.615121,-82.36231,50,9,none,12001001516,8.51472471190781,5.001866368047779
673,Stayable Select Hotel,29.624406,-82.339555,62,13,none,12001000809,3.034134007585335,10.265613783201722
690,Comfort Suites Hotel,29.628293,-82.339192,60,13,unknown,12001000808,7.1806945261918775,3.871439006574142
140,Alachua County Office of the State Attorney,29.652057,-82.326408,40,"5,10",none,12001000500,10.72961373390558,13.34805299076676
1420,Southbound SW 13th ST @ SW 14th AVE,29.637981,-82.339427,79,"8,13",none,12001000809,3.034134007585335,10.265613783201722
325,Verdant Cove Apartments,29.641583,-82.272389,14,7,unknown,12001001400,3.571428571428571,15.002627430373094
347,SE 18th St @ E University Avenue,29.652025,-82.301525,14,7,unknown,12001000600,20.242214532871973,17.217034843999087
998,Springhill Professional Center,29.687955,-82.430373,23,"43,55",unknown,12001001701,17.254556143445033,28.263455248290214
632,Florida School of Traditional Midwifery,29.652046,-82.316547,17,11,unknown,12001000500,10.72961373390558,13.34805299076676
1337,Gainesville Place,29.621832,-82.36548,111,38,none,12001001515,9.413369713506139,5.387755102040816
306,Eastbound University Avenue @ SE 24th Street,29.651775,-82.293739,14,7,none,12001000600,20.242214532871973,17.217034843999087
14,Frazier Rogers Hall,29.64494,-82.344997,145,"1,12,33",sheltered,12001000902,30.48780487804878,0.011463945890175398
125,SE 12th Avenue @ SE 17th Drive,29.640324,-82.302536,14,3,none,12001000700,12.619426751592359,21.483491632745363
1098,North Florida Regional Medical Center,29.65975,-82.41201,51,"23,75",sheltered,12001001702,5.506141465480729,33.90179910044978
152,Hillel at the University of Florida,29.652178,-82.350208,14,43,unknown,12001001000,6.52607580507267,9.155578975102095
247,Gainesville High School,29.670502,-82.339251,17,8,sheltered,12001001100,7.312925170068027,27.624720774385704
1,Rosa Parks RTS Downtown Station,29.645567,-82.322697,403,"1,3,5,6,7,10,11,15,17,26",sheltered,12001000500,10.72961373390558,13.34805299076676
1550,Hotel Eleo @ SW 16th Ave Westbound,29.636454,-82.341105,17,8,unknown,12001000809,3.034134007585335,10.265613783201722
1303,O2B Kids @ SW 37th BLVD,29.617791,-82.377778,52,37,unknown,12001001519,12.811791383219957,0.7092198581560284
1104,The Gardens Apartments,29.651869,-82.422534,26,75,sheltered,12001002207,0.4123711340206186,18.689934243803744
838,34th St Plaza,29.634039,-82.375158,90,"20,21",none,12001001522,15.617875056999544,3.28125
373,Furniture Kingdom,29.674086,-82.340774,16,8,none,12001001203,5.620753551575047,12.678288431061807
389,Westbound NW 39th Avenue @ NW 31st Street,29.68873,-82.368603,25,"8,55",none,12001001202,0.5906123717749456,16.054477919933966
833,Addison Lane,29.634296,-82.38484,102,"20,21,52",none,12001001522,15.617875056999544,3.28125
144,Leonardo's 706,29.65215,-82.332359,40,"5,10",none,12001000201,21.143847487001732,1.9492808478425434
395,YMCA @ NW 34th Street,29.701907,-82.366863,16,8,unknown,12001001202,0.5906123717749456,16.054477919933966
236,Early Learning Coalition,29.694993,-82.339162,14,6,none,12001001203,5.620753551575047,12.678288431061807
1016,Millhopper Branch Library,29.681599,-82.389063,14,43,none,12001001701,17.254556143445033,28.263455248290214
1049,Tower Road Branch Library,29.626103,-82.422459,27,75,none,12001002219,16.47440519105984,14.393255043661549
256,Mount Pleasant Cemetary,29.679712,-82.33895,37,"6,15",none,12001000302,11.592076302274394,26.838966202783297
1613,Town of Tioga (Eastbound),29.656385,-82.48215,12,52,unknown,12001002202,1.6059537798668235,23.08284570372652
1055,Split Rock Conservation Area,29.639213,-82.410517,48,"52,75,76",none,12001002219,16.47440519105984,14.393255043661549
618,Duval Elementary School,29.659297,-82.29714,17,11,unknown,12001000600,20.242214532871973,17.217034843999087
1585,NW 6th St @ NW 3rd Ave,29.653714,-82.330751,14,6,unknown,12001000201,21.143847487001732,1.9492808478425434
899,NE 16th Avenue @ NE 15th Street,29.666584,-82.305688,27,"3,26",none,12001000400,18.240068346860316,13.6077655941039
802,Lakeside Apartments,29.642318,-82.366452,61,20,none,12001000901,49.789029535864984,0.0
388,Springtree Subdivision,29.688724,-82.36651,25,"8,55",none,12001001202,0.5906123717749456,16.054477919933966
1194,Commuter Lot/Garage 14,29.6422375,-82.350616,153,"9,12,33",sheltered,12001000901,49.789029535864984,0.0
53,Innovation Square East,29.650153,-82.332741,43,1,none,12001000201,21.143847487001732,1.9492808478425434
718,Northbound NE 15th Street @ NE 31st Avenue,29.681769,-82.305727,36,"15,26",none,12001000400,18.240068346860316,13.6077655941039
668,Ronald McDonald House of Gainesville,29.636273,-82.340471,24,17,unknown,12001000809,3.034134007585335,10.265613783201722
787,Treehouse Village Apartments,29.6327748,-82.3259281,24,17,unknown,12001000700,12.619426751592359,21.483491632745363
1270,Gainesville Place Apartments,29.627188,-82.370782,54,38,none,12001001515,9.413369713506139,5.387755102040816
1325,Division of Blind Services,29.686504,-82.389063,14,43,none,12001001701,17.254556143445033,28.263455248290214
1492,Butler Plaza,29.623861,-82.381311,42,1,sheltered,12001001522,15.617875056999544,3.28125
693,home2 Hotel,29.631991,-82.339169,60,13,unknown,12001000808,7.1806945261918775,3.871439006574142
262,Westgate Mobile Manor Park,29.695,-82.338885,14,6,unknown,12001000302,11.592076302274394,26.838966202783297
1609,Jonesville Arbor Greens,29.654706,-82.487319,12,52,unknown,12001002204,5.470500373412994,18.014849550605703
1100,West Newberry Rd Nearside NW 69th Ter,29.659768,-82.415987,51,"23,75",none,12001001702,5.506141465480729,33.90179910044978
52,Eastbound SW 2nd Avenue @ SW 10th Street,29.650154,-82.33541,43,1,none,12001000201,21.143847487001732,1.9492808478425434
261,Sunshine Inn,29.691449,-82.338884,14,6,unknown,12001000302,11.592076302274394,26.838966202783297
1554,Marshall's @ Plaza Blvd (Westbound),29.6279932,-82.3830788,61,33,none,12001001522,15.617875056999544,3.28125
1136,Wilmot Gardens,29.639607,-82.349435,41,"21,52",none,12001000902,30.48780487804878,0.011463945890175398
338,Durelle Heights Neighborhood,29.634861,-82.289182,14,7,unknown,12001000700,12.619426751592359,21.483491632745363
174,Terwilliger Elementary School,29.655878,-82.408766,122,"20,23,75,76",sheltered,12001001605,5.992043759323719,8.548422678138099
154,Westbound University Avenue @ NW 23rd Drive,29.652275,-82.358781,14,43,none,12001001000,6.52607580507267,9.155578975102095
145,Westbound W University Ave @ NW 10th St,29.652148,-82.334897,40,"5,10",none,12001000201,21.143847487001732,1.9492808478425434
1038,A Child's Place,29.605527,-82.408965,27,75,none,12001002219,16.47440519105984,14.393255043661549
1025,Landmark Woods Neighborhood,29.661398,-82.389176,14,43,none,12001001702,5.506141465480729,33.90179910044978
394,Family Dollar @ NW 34th Street,29.700757,-82.36939,16,8,none,12001001202,0.5906123717749456,16.054477919933966
63,Norwood Neighborhood,29.63612,-82.317214,38,"7,17",none,12001000700,12.619426751592359,21.483491632745363
541,Raintree Neighborhood,29.66665,-82.357935,20,10,unknown,12001001000,6.52607580507267,9.155578975102095
1051,Walgreens @ SW 24th Avenue,29.630459,-82.421341,39,"52,75",none,12001002219,16.47440519105984,14.393255043661549
766,Fire Stone @ N Main Street,29.65817,-82.325113,23,15,none,12001000500,10.72961373390558,13.34805299076676
440,North 13th Street @ NW 1st Avenue,29.652932,-82.339365,79,"8,13",unknown,12001001000,6.52607580507267,9.155578975102095
824,Hampton Oaks Apartments,29.651658,-82.408971,95,"20,23,76",unknown,12001001605,5.992043759323719,8.548422678138099
277,NW 6th Street @ NW 19th Lane,29.670009,-82.330932,23,"6,55",unknown,12001000301,14.08811475409836,9.192399049881235
1559,Butler Plaza North,29.627096,-82.385165,25,23,none,12001001522,15.617875056999544,3.28125
852,Triangle Club,29.648183,-82.31268,13,26,unknown,12001000700,12.619426751592359,21.483491632745363
428,Southbound NW 21st Street @ NW 36th Avenue,29.68524,-82.351557,17,8,none,12001001202,0.5906123717749456,16.054477919933966
1213,Lexington Crossing Apartments,29.613535,-82.362271,43,12,unknown,12001001517,11.43627262225645,5.445716267776621
1137,Cypress Villas,29.620249,-82.356695,95,"12,37",none,12001001515,9.413369713506139,5.387755102040816
454,Northbound SW 27th Street @ SW 35th Place,29.619626,-82.362759,50,9,unknown,12001001516,8.51472471190781,5.001866368047779
1264,Cottage Grove Apartments at Gainesville,29.609502,-82.341857,62,13,unknown,12001110800,12.026726057906458,40.537989617744216
859,Cabana Beach Apartments (Exit),29.638078,-82.397988,122,20,unknown,12001001605,5.992043759323719,8.548422678138099
441,Tigert Hall,29.64963,-82.339521,73,"1,8,43",sheltered,12001000902,30.48780487804878,0.011463945890175398
847,Corry Village,29.644774,-82.360875,99,"20,118",none,12001000901,49.789029535864984,0.0
393,Capri Neighborhood,29.695491,-82.372212,16,8,none,12001001202,0.5906123717749456,16.054477919933966
842,Southwest Recreation Center,29.638171,-82.369247,61,20,none,12001000901,49.789029535864984,0.0
1115,Stillwind Neighborhood,29.60622,-82.42273,26,75,none,12001002221,0.8246527777777778,16.533758639021798
848,Lake Alice Field,29.644875,-82.356718,99,"20,118",none,12001000901,49.789029535864984,0.0
798,Sigma Alpha Epsilon,29.644974,-82.355295,99,"20,118",none,12001000902,30.48780487804878,0.011463945890175398
1329,Alachua County Jail,29.680156,-82.280206,13,26,none,12001001400,3.571428571428571,15.002627430373094
179,Eastbound W Newberry Rd @ NW 53rd Terrace,29.659006,-82.39996,20,5,none,12001001605,5.992043759323719,8.548422678138099
330,Westbound Hawthorne Road @ SE 39th Street,29.636919,-82.275702,14,7,unknown,12001000600,20.242214532871973,17.217034843999087
1087,Pine Meadow Apartments,29.653263,-82.418623,27,75,sheltered,12001002217,15.908324907313784,7.102560393461594
1387,Sable Chase Neighborhood,29.688773,-82.374551,9,55,none,12001001201,3.313696612665685,27.576301615798922
82,McPherson Recreational Center,29.633752,-82.305794,14,7,none,12001000700,12.619426751592359,21.483491632745363
27,Chili's Grill and Bar @ Butler Plaza,29.623782,-82.376087,42,1,none,12001001522,15.617875056999544,3.28125
1482,Lake Alice Conservation Area,29.638474,-82.353602,194,"9,12,21,33,52",none,12001000901,49.789029535864984,0.0
99,SE Hawthorne Rd @ SE 21st St Eastbound,29.647,-82.297773,14,3,none,12001000700,12.619426751592359,21.483491632745363
460,Towne Parc Apartments,29.623937,-82.356027,146,"9,12,37",sheltered,12001110800,12.026726057906458,40.537989617744216
1444,Alight Apts,29.657978,-82.337149,122,13,none,12001000201,21.143847487001732,1.9492808478425434
785,Springhill Baptist Church,29.6332729,-82.3201121,24,17,unknown,12001000700,12.619426751592359,21.483491632745363
40,Shands Care Helicopter Pad,29.636402,-82.350912,154,"1,37,38",none,12001000809,3.034134007585335,10.265613783201722
526,Eastbound NW 23rd Avenue @ NW 63rd Terrace,29.674122,-82.410453,29,"10,76",none,12001001702,5.506141465480729,33.90179910044978
1013,Pine Woods Apartments,29.688548,-82.391263,23,"43,55",none,12001001701,17.254556143445033,28.263455248290214
96,Northbound SE 15th Street @ SE 3rd Avenue,29.64879,-82.305788,14,7,unknown,12001000700,12.619426751592359,21.483491632745363
498,NW 24th St @ NW 16th Avenue,29.666836,-82.358027,20,10,unknown,12001001100,7.312925170068027,27.624720774385704
462,University of Florida Energy Research,29.628062,-82.35935,146,"9,12,37",none,12001001514,8.333333333333332,2.7532467532467533
1386,Breckenridge Neighborhood,29.688792,-82.378614,9,55,none,12001001201,3.313696612665685,27.576301615798922
967,Hunters Run Apartments,29.61204,-82.359379,43,12,unknown,12001001517,11.43627262225645,5.445716267776621
398,Sorrento New Home Community,29.703231,-82.353051,14,6,none,12001001202,0.5906123717749456,16.054477919933966
983,Millhopper Pines Apartments,29.670619,-82.38885,14,43,none,12001001702,5.506141465480729,33.90179910044978
578,Southbound NE 25th Street @ NE 8th Avenue,29.658841,-82.292389,17,11,unknown,12001000600,20.242214532871973,17.217034843999087
839,Florida Department Of Agriculture,29.635446,-82.372376,90,"20,21",none,12001001514,8.333333333333332,2.7532467532467533
1234,NE Walmart Supercenter,29.662615,-82.302423,44,"3,11,26",sheltered,12001000600,20.242214532871973,17.217034843999087
1063,Linton Oaks @ SW 24th Ave,29.640082,-82.408267,47,"52,75,76",none,12001002218,15.250836120401337,8.166317678731678
800,Corry Village,29.644942,-82.360713,99,"20,118",none,12001000901,49.789029535864984,0.0
1002,Santa Fe College @ NW 83rd Street (Northbound),29.68061,-82.43027,23,"43,55",none,12001001701,17.254556143445033,28.263455248290214
963,Keys Residential Complex Midblock,29.6482094,-82.3530097,0,,none,12001000902,30.48780487804878,0.011463945890175398
634,Alachua County School Board Administration,29.652024,-82.31964,17,11,unknown,12001000500,10.72961373390558,13.34805299076676
596,Lake Forest Elementary School,29.648533,-82.272339,17,11,unknown,12001001400,3.571428571428571,15.002627430373094
135,Dignity Project,29.639714,-82.318874,38,"7,17",unknown,12001000700,12.619426751592359,21.483491632745363
732,Oak Gate Condominiums,29.679041,-82.33084,32,"15,55",unknown,12001000302,11.592076302274394,26.838966202783297
466,Forestry Field Lab/Plant Growth,29.638176,-82.356696,194,"9,12,21,33,52",none,12001001514,8.333333333333332,2.7532467532467533
345,Harper's Pointe,29.652024,-82.295187,14,7,unknown,12001000600,20.242214532871973,17.217034843999087
24,Take 5 Car Wash,29.629572,-82.367828,42,1,unknown,12001001514,8.333333333333332,2.7532467532467533
714,Boulware Charter School,29.673735,-82.308331,23,15,unknown,12001000400,18.240068346860316,13.6077655941039
304,Eastbound University Avenue @ SE 21st Street,29.651799,-82.297724,14,7,none,12001000600,20.242214532871973,17.217034843999087
254,Big Lot on NW 13th Street,29.675139,-82.33899,37,"6,15",none,12001000302,11.592076302274394,26.838966202783297
744,Wade Raulerson Honda Dealership,29.688307,-82.318521,23,15,unknown,12001000400,18.240068346860316,13.6077655941039
741,Gainesville Public Works,29.688362,-82.32783,23,15,none,12001000302,11.592076302274394,26.838966202783297
417,Capri Neighborhood,29.694582,-82.37237,17,8,none,12001001201,3.313696612665685,27.576301615798922
1059,Linton Oaks Neighborhood @ SW 64th Terrace,29.6450648,-82.4116768,26,75,unknown,12001002218,15.250836120401337,8.166317678731678
1625,SW 6th St & SW 3rd Ave (southbound),29.6492304,-82.3309826,14,6,unknown,12001000202,25.107526881720432,1.4258389845244306
807,University Village South Apartments,29.637748,-82.370373,163,"20,21,33,52",none,12001000901,49.789029535864984,0.0
425,Eastbound NW 39th Ave at NW 19th St Green Tree Pk,29.688417,-82.347868,26,"8,55",none,12001001202,0.5906123717749456,16.054477919933966
1496,Family Dollar Shopping Center,29.645966,-82.295144,14,3,none,12001000600,20.242214532871973,17.217034843999087
1259,Sunco @ E University Avenue,29.651961,-82.272934,17,11,unknown,12001000600,20.242214532871973,17.217034843999087
334,Southbound SE 35th Street @ SE 20th Avenue,29.63276,-82.28088,14,7,unknown,12001000700,12.619426751592359,21.483491632745363
1552,Circle K @ Newberry/Tower Road,29.659585,-82.422572,25,23,none,12001002207,0.4123711340206186,18.689934243803744
350,Fast Eddie's Restaurant,29.650506,-82.305928,28,"3,7",none,12001000700,12.619426751592359,21.483491632745363
1005,Springhill Professional Center,29.687951,-82.430174,23,"43,55",unknown,12001001701,17.254556143445033,28.263455248290214
15,Center Dr @ Museum Rd,29.644019,-82.347014,189,"1,21,37,38,52",none,12001000902,30.48780487804878,0.011463945890175398
1318,GRACE Marketplace,29.683571,-82.286172,13,26,none,12001001902,16.82586333578251,25.576208178438662
920,GRU Administration Building,29.648414,-82.321461,13,26,unknown,12001000500,10.72961373390558,13.34805299076676
1395,Southbound NW 55th ST @ NW 9th LN,29.6602377,-82.4015993,9,76,unknown,12001001702,5.506141465480729,33.90179910044978
846,Lakeside Residential Complex,29.642181,-82.364643,61,20,sheltered,12001000901,49.789029535864984,0.0
598,Eastside Plaza,29.651971,-82.276984,17,11,unknown,12001000600,20.242214532871973,17.217034843999087
1109,Tower 24 Shopping Center,29.628917,-82.422593,26,75,sheltered,12001002221,0.8246527777777778,16.533758639021798
791,Oakbrook Walk Condominiums @ SW 16th Avenue,29.6365343,-82.3382784,24,17,none,12001000806,18.91348088531187,5.931198102016608
971,US Post Office @ SW 34th Street,29.608991,-82.371314,43,12,none,12001001517,11.43627262225645,5.445716267776621
1269,Archer Court Apartments,29.62941,-82.3671,54,38,unknown,12001001515,9.413369713506139,5.387755102040816
1321,The Enclave Apartments,29.621161,-82.368827,52,37,unknown,12001001515,9.413369713506139,5.387755102040816
828,Rockwood Villas Apartments,29.644196,-82.398964,95,"20,23,76",none,12001001605,5.992043759323719,8.548422678138099
855,Walgreens @ NE 3rd Avenue,29.653405,-82.31039,13,26,unknown,12001000600,20.242214532871973,17.217034843999087
1010,Huntington Lakes Apartments,29.688594,-82.400465,23,"43,55",none,12001001701,17.254556143445033,28.263455248290214
835,Kensington Apartments South,29.633958,-82.381892,102,"20,21,52",none,12001001522,15.617875056999544,3.28125
969,UF Health Professional Park,29.606183,-82.367751,43,12,none,12001001517,11.43627262225645,5.445716267776621
472,Rawlings Hall,29.646296,-82.34336,199,"1,20,21,37,52",sheltered,12001000902,30.48780487804878,0.011463945890175398
801,UF Bat Houses,29.643222,-82.363619,99,"20,118",none,12001000901,49.789029535864984,0.0
242,McDonald's @ NW 13th Street,29.679423,-82.339222,14,6,unknown,12001001203,5.620753551575047,12.678288431061807
1484,Varsity House Apartments @ SW 38th Ter,29.636472,-82.380767,73,"33,52",unknown,12001001522,15.617875056999544,3.28125
1023,Suburban Heights Neighborhood,29.66488,-82.389144,14,43,none,12001001702,5.506141465480729,33.90179910044978
994,Faith Presbyterian Church,29.688905,-82.405853,23,"43,55",none,12001001811,12.61518906895456,20.87149187592319
329,Chevron Food Mart @ SE 43rd Street,29.636223,-82.272559,14,7,unknown,12001000600,20.242214532871973,17.217034843999087
136,SE 4th Street @ SE 10th Ave,29.641648,-82.319843,38,"7,17",none,12001000700,12.619426751592359,21.483491632745363
945,Ridgemar Commons,29.621566,-82.370416,96,"12,37",unknown,12001001517,11.43627262225645,5.445716267776621
1024,Landmark Woods Neighborhood,29.663224,-82.389178,14,43,none,12001001702,5.506141465480729,33.90179910044978
555,Eastbound E University Avenue @ SE 8th Street,29.651849,-82.316318,17,11,unknown,12001000500,10.72961373390558,13.34805299076676
128,Southbound SE 15th Street @ SE 14th Avenue,29.638459,-82.305946,14,7,none,12001000700,12.619426751592359,21.483491632745363
45,University Police Department,29.644758,-82.343068,90,"8,13,43",sheltered,12001000902,30.48780487804878,0.011463945890175398
968,Hideaway Apartments,29.6089,-82.364014,43,12,unknown,12001001517,11.43627262225645,5.445716267776621
386,Forest of the Unicorn Neighborhood,29.688636,-82.358168,25,"8,55",none,12001001202,0.5906123717749456,16.054477919933966
1068,CVS Pharmacy @ SW 75th Street,29.6311309,-82.422398,9,76,none,12001002218,15.250836120401337,8.166317678731678
131,Westbound SE 22nd Avenue @ SE 13th Street,29.631864,-82.30858,14,7,unknown,12001000700,12.619426751592359,21.483491632745363
740,Stephen Foster Elementary School @ 39th Ave,29.688428,-82.331785,32,"15,55",none,12001000302,11.592076302274394,26.838966202783297
1363,Shands Parking Garage,29.63951,-82.34701,41,"21,52",unknown,12001000902,30.48780487804878,0.011463945890175398
910,UF Health Family Medicine Eastside,29.655029,-82.309495,13,26,unknown,12001000500,10.72961373390558,13.34805299076676
1616,SW 24th Avenue & School House Road,29.630689,-82.445365,12,52,unknown,12001002208,2.901178603807797,19.58961205514588
295,Williams Elementary School,29.645722,-82.308078,14,3,unknown,12001000700,12.619426751592359,21.483491632745363
569,Duval Elementary School,29.65918,-82.298217,17,11,unknown,12001000600,20.242214532871973,17.217034843999087
456,Arbor Park Apartments,29.619966,-82.358818,146,"9,12,37",unknown,12001001516,8.51472471190781,5.001866368047779
390,NW 39th Avenue @ NW 34th Street,29.68876,-82.371579,25,"8,55",none,12001001202,0.5906123717749456,16.054477919933966
285,Santa Fe Blount Center,29.6526615,-82.3300376,18,55,unknown,12001000500,10.72961373390558,13.34805299076676
1502,Northbound Metcalfe Elementary School,29.668285,-82.305747,13,26,unknown,12001000400,18.240068346860316,13.6077655941039
1398,Westbound SW 24th AVE @ SW 75th ST,29.630617,-82.423787,21,"52,76",none,12001002207,0.4123711340206186,18.689934243803744
845,Lakeside,29.642199,-82.366099,61,20,sheltered,12001000901,49.789029535864984,0.0
822,Palm Garden of Gainesville,29.64998,-82.407117,95,"20,23,76",none,12001001605,5.992043759323719,8.548422678138099
90,Lincoln Estate Neighborhood,29.641749,-82.299326,14,3,none,12001000700,12.619426751592359,21.483491632745363
1276,Paddock Club Apartments,29.663497,-82.433508,25,23,none,12001002204,5.470500373412994,18.014849550605703
737,Wawa @ NW 13th St,29.674053,-82.338429,37,"6,15",unknown,12001000302,11.592076302274394,26.838966202783297
686,CDS Family and Behavioral Services,29.620378,-82.339799,60,13,none,12001000808,7.1806945261918775,3.871439006574142
190,The Wynwood Apartments,29.650453,-82.37451,20,5,unknown,12001001605,5.992043759323719,8.548422678138099
60,SE 4th Street @ SE 10th Avenue,29.641666,-82.319959,38,"7,17",none,12001000700,12.619426751592359,21.483491632745363
586,Pine Meadows Apartments,29.65175,-82.289431,17,11,unknown,12001000600,20.242214532871973,17.217034843999087
965,Gator Corner Dining,29.6485314,-82.3501142,0,,none,12001000902,30.48780487804878,0.011463945890175398
749,Village Green Apartments,29.683511,-82.305875,36,"15,26",unknown,12001000400,18.240068346860316,13.6077655941039
635,BLVD Gainesville,29.617592,-82.377741,54,37,unknown,12001001519,12.811791383219957,0.7092198581560284
358,The Cotton Club,29.64585,-82.315044,14,3,unknown,12001000700,12.619426751592359,21.483491632745363
331,Eastside Food Store,29.638623,-82.280846,14,7,unknown,12001000700,12.619426751592359,21.483491632745363
500,NW 27th Terrace @ NW 16th Avenue,29.666871,-82.362903,20,10,none,12001001100,7.312925170068027,27.624720774385704
1240,Northbound NE 25th Street @ NE 3rd Place,29.654117,-82.292269,17,11,unknown,12001000600,20.242214532871973,17.217034843999087
597,Sunrise Store @ SE 43rd Street,29.65097,-82.272361,17,11,unknown,12001001400,3.571428571428571,15.002627430373094
696,University Police Department,29.644323,-82.343607,100,"13,17,43",sheltered,12001000902,30.48780487804878,0.011463945890175398
689,Boardwalk Apartments,29.626535,-82.3392,60,13,none,12001000808,7.1806945261918775,3.871439006574142
1184,Weed Science Building,29.6387966,-82.3641028,38,118,unknown,12001000901,49.789029535864984,0.0
314,Faith Missionary Church,29.632585,-82.285681,14,7,unknown,12001000700,12.619426751592359,21.483491632745363
761,Sandwich Inn @ NE 16th Ave,29.666684,-82.323115,37,"3,15",none,12001000400,18.240068346860316,13.6077655941039
149,West Univ Avenue @ NW 17th Street,29.652158,-82.344574,34,"5,43",none,12001001000,6.52607580507267,9.155578975102095
832,Liv Apartments,29.635439,-82.388088,131,"20,21,52",sheltered,12001001522,15.617875056999544,3.28125
1632,Inner Road Eastbound,29.6472686,-82.3410273,43,1,unknown,12001000902,30.48780487804878,0.011463945890175398
451,Lexington Crossing Apartments,29.616214,-82.362444,50,9,unknown,12001001516,8.51472471190781,5.001866368047779
1039,Kanapaha Station Plaza,29.603437,-82.412954,27,75,none,12001002219,16.47440519105984,14.393255043661549
319,Northbound SE 35th Street @ SE 16th Avenue,29.636671,-82.28069,14,7,unknown,12001000700,12.619426751592359,21.483491632745363
172,Oaks Mall SW 62nd Blvd,29.654389,-82.408973,122,"20,23,75,76",sheltered,12001001605,5.992043759323719,8.548422678138099
372,Lux 13 Apartments,29.67111,-82.339044,16,8,none,12001000301,14.08811475409836,9.192399049881235
735,Rena's Ballroom,29.674014,-82.332201,37,"6,15",unknown,12001000302,11.592076302274394,26.838966202783297
488,Countryside at the University Apartments,29.615981,-82.355414,50,9,unknown,12001001516,8.51472471190781,5.001866368047779
642,University Terrace Condominiums,29.617006,-82.372153,42,12,unknown,12001001517,11.43627262225645,5.445716267776621
1300,Gainesville Jrs. Volleyball Club,29.620509,-82.37289,52,37,unknown,12001001519,12.811791383219957,0.7092198581560284
421,Walnut Creek Neighborhood,29.688441,-82.360217,26,"8,55",sheltered,12001001202,0.5906123717749456,16.054477919933966
524,Quail Ridge Neighborhood,29.67419,-82.418261,29,"10,76",none,12001001702,5.506141465480729,33.90179910044978
164,Millennium Center,29.655612,-82.389408,34,"5,43",sheltered,12001001605,5.992043759323719,8.548422678138099
1618,Queen of Peace Church,29.630694,-82.456769,12,52,unknown,12001002208,2.901178603807797,19.58961205514588
1122,Westgate Manor Park,29.607018,-82.405613,26,75,none,12001002220,6.800766283524904,16.68472372697725
1017,Radiant Credit Union,29.676449,-82.389093,14,43,sheltered,12001001701,17.254556143445033,28.263455248290214
1040,Town & Country Veterinarians,29.602107,-82.415476,27,75,none,12001002219,16.47440519105984,14.393255043661549
954,Enclave Apartments,29.625581,-82.366357,57,38,sheltered,12001001515,9.413369713506139,5.387755102040816
200,Anderson Hall,29.652,-82.34201,34,"5,43",none,12001000902,30.48780487804878,0.011463945890175398
43,Center Dr @ Museum Rd,29.644403,-82.346846,225,"1,8,21,37,38,43,52",sheltered,12001000902,30.48780487804878,0.011463945890175398
313,Lana's Place,29.632589,-82.288082,14,7,unknown,12001000700,12.619426751592359,21.483491632745363
869,Fair View Apartments,29.666434,-82.304088,27,"3,26",none,12001000500,10.72961373390558,13.34805299076676
1168,Northwood Oaks Neighborhood,29.704007,-82.362109,30,"6,8",none,12001001202,0.5906123717749456,16.054477919933966
1491,Lowe's @ Butler Plaza Eastbound,29.623953,-82.380799,43,1,sheltered,12001001522,15.617875056999544,3.28125
1135,Shands Visitor Parking,29.639637,-82.347288,41,"21,52",none,12001000902,30.48780487804878,0.011463945890175398
221,Family Acupuncture Center,29.669248,-82.330771,23,"6,55",none,12001000301,14.08811475409836,9.192399049881235
707,Pine Grove Apartments,29.670214,-82.321102,23,15,unknown,12001000400,18.240068346860316,13.6077655941039
1497,Alachua School Bus Parking Lot,29.648572,-82.300287,14,3,none,12001000600,20.242214532871973,17.217034843999087
1121,SunState,29.605087,-82.409246,26,75,none,12001002220,6.800766283524904,16.68472372697725
1091,Home Depot @ NW 4th Boulevard,29.656182,-82.418499,27,75,none,12001002217,15.908324907313784,7.102560393461594
315,Eastbound SE 21st Avenue @ SE 32nd Terrace,29.63259,-82.2837,14,7,unknown,12001000700,12.619426751592359,21.483491632745363
1324,Sorority Row,29.644821,-82.335705,0,,none,12001000202,25.107526881720432,1.4258389845244306
730,Southbound NW 6th Street @ NW 32nd Place,29.68268,-82.330833,32,"15,55",unknown,12001000302,11.592076302274394,26.838966202783297
1237,Museum Walk Apartments,29.637599,-82.374952,73,"33,52",unknown,12001001522,15.617875056999544,3.28125
1000,The Arc,29.683831,-82.43038,23,"43,55",none,12001001701,17.254556143445033,28.263455248290214
147,Target Copy @ W University Avenue,29.652196,-82.340837,34,"5,43",unknown,12001001000,6.52607580507267,9.155578975102095
1041,Bank of America @ Tower Square on Archer Road,29.600454,-82.418626,27,75,none,12001002219,16.47440519105984,14.393255043661549
423,Palmetto Woods Neighborhood,29.688383,-82.353988,26,"8,55",none,12001001202,0.5906123717749456,16.054477919933966
57,Hippodrome Theatre,29.650203,-82.324144,43,1,none,12001000500,10.72961373390558,13.34805299076676
803,UF Counseling and Wellness Center,29.642306,-82.368954,61,20,sheltered,12001000901,49.789029535864984,0.0
309,Alachua County Sheriff's Office,29.64283,-82.289449,14,7,unknown,12001000700,12.619426751592359,21.483491632745363
1181,UF Orthopaedics Institute,29.637827,-82.374012,73,"33,52",none,12001001522,15.617875056999544,3.28125
1279,Hidden Oak Elementary School,29.670888,-82.439,25,23,none,12001002204,5.470500373412994,18.014849550605703
927,Ben Hill Griffin Stadium North End Zone,29.6510481,-82.3497907,38,118,none,12001000902,30.48780487804878,0.011463945890175398
61,Dignity Project,29.639719,-82.318989,38,"7,17",unknown,12001000700,12.619426751592359,21.483491632745363
1405,Eastbound SW 24th AVE @ SW 84th ST,29.630494,-82.432433,21,"52,76",unknown,12001002221,0.8246527777777778,16.533758639021798
64,Sugarhill Neighborhood @ SE 4th Street,29.634003,-82.316071,14,7,unknown,12001000700,12.619426751592359,21.483491632745363
113,Southbound SE 15th Street @ SE 7th Avenue,29.645997,-82.305961,14,7,unknown,12001000700,12.619426751592359,21.483491632745363
10,Norman Hall,29.6467078,-82.3371755,0,,unknown,12001000202,25.107526881720432,1.4258389845244306
1044,Kanapaha Middle School,29.607026,-82.42254,27,75,none,12001002219,16.47440519105984,14.393255043661549
1330,Alachua County Jail (Westbound),29.680186,-82.27963,13,26,unknown,12001001902,16.82586333578251,25.576208178438662
1009,Faith Presbyterian Church,29.6886514,-82.4057613,23,"43,55",none,12001001701,17.254556143445033,28.263455248290214
808,Hilton University of Florida Conference Center,29.635893,-82.37268,90,"20,21",none,12001001522,15.617875056999544,3.28125
1394,Southbound NW 55th ST @ NW 14th AVE,29.6652863,-82.4016127,9,76,none,12001001702,5.506141465480729,33.90179910044978
197,Ben Hill Griffin Stadium,29.651975,-82.349049,34,"5,43",none,12001000902,30.48780487804878,0.011463945890175398
215,Williams Fellowship Hall,29.657373,-82.33077,23,"6,55",none,12001000201,21.143847487001732,1.9492808478425434
990,Magnolia Park Neighborhood,29.688786,-82.3929,23,"43,55",unknown,12001001811,12.61518906895456,20.87149187592319
496,Forest Ridge Neighborhood,29.666822,-82.352564,20,10,none,12001001100,7.312925170068027,27.624720774385704
1254,Gator Corner Dining Facility @ Gale Lemerand,29.648167,-82.349618,248,"9,12,33,38,118",none,12001000902,30.48780487804878,0.011463945890175398
308,Eastbound Hawthorne Road @ SE 26th Street,29.643847,-82.291551,14,7,unknown,12001000700,12.619426751592359,21.483491632745363
746,Eden Park Apartments,29.688249,-82.307784,23,15,none,12001000400,18.240068346860316,13.6077655941039
1018,CVS @ Millhopper,29.674912,-82.389099,14,43,none,12001001701,17.254556143445033,28.263455248290214
1144,Fraternity Row,29.6464468,-82.3579702,0,,unknown,12001000901,49.789029535864984,0.0
900,16th Avenue Detailing & Window Tinting,29.66662,-82.310122,14,3,none,12001000400,18.240068346860316,13.6077655941039
544,NW 16th Avenue @ NW 20th Way,29.666595,-82.347805,20,10,unknown,12001001000,6.52607580507267,9.155578975102095
1622,SW 6th St nearside SW 5th Ave,29.6470695,-82.3311777,14,6,unknown,12001000202,25.107526881720432,1.4258389845244306
1460,Enclave 3,29.623522,-82.365763,54,38,none,12001001515,9.413369713506139,5.387755102040816
1474,Renaissance Jewelers,29.650563,-82.373853,20,5,none,12001001605,5.992043759323719,8.548422678138099
667,Summit House Condominiums,29.635747,-82.342482,24,17,unknown,12001000809,3.034134007585335,10.265613783201722
12,Norman Field @ SW 8th Avenue,29.644956,-82.338095,0,,none,12001000202,25.107526881720432,1.4258389845244306
608,Northbound NE 25th Street @ NE 6th Avenue,29.657133,-82.292273,17,11,unknown,12001000600,20.242214532871973,17.217034843999087
949,Lexington Crossing Apartments,29.616983,-82.362634,43,12,none,12001001517,11.43627262225645,5.445716267776621
877,Quick Mart @ NE 15th Street,29.688155,-82.305679,13,26,none,12001000400,18.240068346860316,13.6077655941039
1111,Kenwood Neighborhood,29.620922,-82.422609,26,75,none,12001002221,0.8246527777777778,16.533758639021798
366,University House Apartments,29.658724,-82.339069,36,"8,10",unknown,12001000201,21.143847487001732,1.9492808478425434
617,Westbound NE 8th Avenue @ NE 23nd Street,29.659288,-82.294666,17,11,unknown,12001000600,20.242214532871973,17.217034843999087
999,Northridge Neighborhood,29.686069,-82.430369,23,"43,55",none,12001001701,17.254556143445033,28.263455248290214
156,West University Ave @ NW 28th St,29.652095,-82.364396,14,43,unknown,12001001000,6.52607580507267,9.155578975102095
815,Daily Mart,29.635731,-82.38821,73,"20,52",none,12001001522,15.617875056999544,3.28125
191,Westgate Plaza,29.650312,-82.370788,20,5,unknown,12001000901,49.789029535864984,0.0
1248,Parkside II Apartments,29.642813,-82.33558,0,,none,12001000202,25.107526881720432,1.4258389845244306
1275,Westbound Newberry Road @ Fort Clarke Boulevard,29.660459,-82.43263,25,23,none,12001002204,5.470500373412994,18.014849550605703
1083,Cricket Club Apartments,29.647935,-82.422297,27,75,none,12001002217,15.908324907313784,7.102560393461594
239,Publix @ NW 39th Avenue,29.687499,-82.339152,14,6,unknown,12001001203,5.620753551575047,12.678288431061807
420,Vida Springs Church,29.688495,-82.366151,26,"8,55",none,12001001202,0.5906123717749456,16.054477919933966
902,Department of Children and Families,29.666603,-82.313759,14,3,unknown,12001000400,18.240068346860316,13.6077655941039
258,M&E Auto Specialists,29.682885,-82.338931,37,"6,15",unknown,12001000302,11.592076302274394,26.838966202783297
752,NE 15th Street @ NE 26th Avenue,29.676648,-82.305877,36,"15,26",unknown,12001000400,18.240068346860316,13.6077655941039
917,Westbound SE 4th Avenue @ SE 8th Street,29.64828,-82.31636,13,26,unknown,12001000500,10.72961373390558,13.34805299076676
339,Northbound SE 27th Street @ SE 15th Avenue,29.637057,-82.28913,14,7,unknown,12001000700,12.619426751592359,21.483491632745363
636,Greenwich Green Apartments,29.617569,-82.374634,54,37,sheltered,12001001519,12.811791383219957,0.7092198581560284
1379,Westbound NW 39th AVE @ NW 10th ST,29.688624,-82.335082,9,55,none,12001000302,11.592076302274394,26.838966202783297
324,Eastside High School,29.639837,-82.272389,14,7,unknown,12001001400,3.571428571428571,15.002627430373094
38,University Commons,29.63196,-82.361997,100,"1,38",sheltered,12001001515,9.413369713506139,5.387755102040816
336,Faith Missionary Church,29.632658,-82.28569,14,7,unknown,12001000700,12.619426751592359,21.483491632745363
1364,Southbound SE 19th TER @ SE 12th AVE,29.640368,-82.29943,14,3,none,12001000700,12.619426751592359,21.483491632745363
898,Rose Food Store,29.666562,-82.303197,27,"3,26",none,12001000400,18.240068346860316,13.6077655941039
89,Lincoln Estate Neighborhood,29.640199,-82.299548,14,3,none,12001000700,12.619426751592359,21.483491632745363
680,Bridge House,29.611419,-82.341485,62,13,none,12001110800,12.026726057906458,40.537989617744216
429,Glen Springs Apartments,29.682891,-82.351573,17,8,none,12001001202,0.5906123717749456,16.054477919933966
1238,Sorority Row,29.644071,-82.335689,0,,none,12001000202,25.107526881720432,1.4258389845244306
726,Bella Vista Village,29.688589,-82.325418,23,15,none,12001001902,16.82586333578251,25.576208178438662
20,Mt Vernon Apartments,29.633883,-82.358637,42,1,unknown,12001001514,8.333333333333332,2.7532467532467533
100,GTEC,29.646204,-82.29622,14,3,none,12001000700,12.619426751592359,21.483491632745363
560,Northbound NE 9th Street @ NE 8th Avenue,29.658987,-82.314705,17,11,unknown,12001000500,10.72961373390558,13.34805299076676
523,Shenandoah Neighborhood,29.674075,-82.425183,29,"10,76",none,12001001702,5.506141465480729,33.90179910044978
692,Village Square,29.630285,-82.339178,60,13,none,12001000808,7.1806945261918775,3.871439006574142
1006,Robin Lane Neighborhood,29.6886393,-82.4219068,23,"43,55",none,12001001701,17.254556143445033,28.263455248290214
643,Ridgemar Apartments,29.620493,-82.372521,96,"12,37",unknown,12001001517,11.43627262225645,5.445716267776621
399,The Home Depot @ NW 53rd Avenue,29.703167,-82.346494,14,6,unknown,12001001203,5.620753551575047,12.678288431061807
1469,Eastbound University Avenue @ SW 23rd DR,29.652168,-82.358601,14,43,none,12001001000,6.52607580507267,9.155578975102095
1026,Holy Faith Catholic Church,29.658381,-82.389439,14,43,none,12001001605,5.992043759323719,8.548422678138099
132,Westbound SE 22nd Avenue @ SE 12th Street,29.631855,-82.310984,14,7,none,12001000700,12.619426751592359,21.483491632745363
1084,Reflections Apartments,29.650711,-82.422267,27,75,none,12001002217,15.908324907313784,7.102560393461594
1192,Turlington Hall,29.648395,-82.343558,210,"9,12,33,38",unknown,12001000902,30.48780487804878,0.011463945890175398
55,Second Avenue Center Apartments,29.650175,-82.3299,43,1,none,12001000202,25.107526881720432,1.4258389845244306
850,GRU Administration Building,29.648317,-82.321369,13,26,unknown,12001000500,10.72961373390558,13.34805299076676
402,ABC Liquor Store @ NW 34th Street,29.709592,-82.354348,14,6,none,12001001803,5.032119914346895,22.788033099936346
992,Tire Plus @ NW 39th Avenue,29.688786,-82.397096,14,43,none,12001001811,12.61518906895456,20.87149187592319
4,The Continuum,29.650325,-82.329674,42,1,unknown,12001000500,10.72961373390558,13.34805299076676
320,Kangaroo @ SE 35th Street,29.638559,-82.280695,14,7,unknown,12001000700,12.619426751592359,21.483491632745363
1504,PPG Paints Store,29.652948,-82.330865,14,6,unknown,12001000201,21.143847487001732,1.9492808478425434
1079,Westbound SW 8th Avenue @ SW 70th Terrace,29.645191,-82.416867,27,75,none,12001002217,15.908324907313784,7.102560393461594
185,SIMED Health,29.6549,-82.388182,34,"5,43",sheltered,12001001605,5.992043759323719,8.548422678138099
721,NE 39th Ave WB Farside NE 15th St,29.688498,-82.306536,23,15,none,12001001902,16.82586333578251,25.576208178438662
738,Green Oak Villa,29.688419,-82.33675,32,"15,55",none,12001000302,11.592076302274394,26.838966202783297
1138,Arbor Apartments,29.620101,-82.358529,95,"12,37",unknown,12001001515,9.413369713506139,5.387755102040816
1459,Kensington South @ 38th Terrace,29.633451,-82.3809735,90,"21,33",none,12001001522,15.617875056999544,3.28125
585,Eastbound SE 25th Terrace @ E University Avenue,29.651786,-82.291256,17,11,unknown,12001000600,20.242214532871973,17.217034843999087
427,Altrusa House of Gainesville,29.685773,-82.349537,17,8,none,12001001203,5.620753551575047,12.678288431061807
1312,Depot Ave nearside SW 3rd St,29.6439161,-82.3283348,14,6,unknown,12001000202,25.107526881720432,1.4258389845244306
1283,Ft Clarke Middle School,29.674172,-82.439133,25,23,none,12001002204,5.470500373412994,18.014849550605703
966,Weimer Hall,29.64857,-82.347334,248,"9,12,33,38,118",none,12001000902,30.48780487804878,0.011463945890175398
755,Highland Court Manor Neighborhood @ NE 23rd Avenue,29.673917,-82.311155,23,15,unknown,12001000400,18.240068346860316,13.6077655941039
729,Southbound SW 6th Street @ NW 36th Avenue,29.685223,-82.330834,32,"15,55",unknown,12001000302,11.592076302274394,26.838966202783297
1630,SW 32nd Rd @ The Vibe (Westbound),29.623197,-82.3920138,26,75,unknown,12001002219,16.47440519105984,14.393255043661549
166,Gainesville Health & Fitness,29.657328,-82.394103,20,5,unknown,12001001605,5.992043759323719,8.548422678138099
303,Alachua County School Board Administration Annex,29.651786,-82.301129,14,7,none,12001000600,20.242214532871973,17.217034843999087
335,Westbound SE 21st Avenue @ SE 32nd Terrace,29.632664,-82.283656,14,7,unknown,12001000700,12.619426751592359,21.483491632745363
1377,CVS - NW 39th Ave @ NW 13th St,29.688621,-82.339716,9,55,unknown,12001001203,5.620753551575047,12.678288431061807
159,Fire Station @ W University Ave,29.651982,-82.376318,14,43,unknown,12001001605,5.992043759323719,8.548422678138099
1612,Town of Tioga,29.65653,-82.482504,12,52,unknown,12001002204,5.470500373412994,18.014849550605703
1001,Santa Fe College @ NW 83rd Street,29.680709,-82.430392,23,"43,55",none,12001001701,17.254556143445033,28.263455248290214
482,University of Florida Energy Research,29.627895,-82.359309,145,"9,12,37",none,12001001515,9.413369713506139,5.387755102040816
1447,Gardenia Gardens,29.659135,-82.302674,27,"3,26",none,12001000600,20.242214532871973,17.217034843999087
133,Gainesville Housing Authority,29.633971,-82.315961,14,7,unknown,12001000700,12.619426751592359,21.483491632745363
1072,Sparrow Apartments,29.645065,-82.421338,26,75,none,12001002218,15.250836120401337,8.166317678731678
1560,Eastwood Meadows,29.64243,-82.271588,34,11,unknown,12001001400,3.571428571428571,15.002627430373094
1392,Northbound NW 55th St @ NW 9th Ln,29.6603661,-82.4014717,9,76,unknown,12001001702,5.506141465480729,33.90179910044978
108,SE 24th Street at Hawthorne Road,29.646148,-82.293949,14,7,unknown,12001000600,20.242214532871973,17.217034843999087
502,Zion Evangelical Lutheran Church,29.667092,-82.373357,20,10,unknown,12001001100,7.312925170068027,27.624720774385704
1113,Tower Village,29.612393,-82.422636,26,75,none,12001002221,0.8246527777777778,16.533758639021798
1193,Rawlings Hall,29.646608,-82.343572,252,"1,9,12,33,38",unknown,12001000902,30.48780487804878,0.011463945890175398
776,Spring Hill Church,29.632621,-82.320267,24,17,unknown,12001000700,12.619426751592359,21.483491632745363
223,NW 6th St NW 21st Ln,29.672169,-82.330727,23,"6,55",unknown,12001000301,14.08811475409836,9.192399049881235
724,Westbound NE 39th Ave at Main St - Gsville Nissan,29.688531,-82.319097,23,15,none,12001001902,16.82586333578251,25.576208178438662
623,Westbound NE 13th Street @ NE 8th Avenue,29.659376,-82.308036,17,11,none,12001000500,10.72961373390558,13.34805299076676
510,Suburban Apartments,29.674235,-82.391874,20,10,unknown,12001001701,17.254556143445033,28.263455248290214
1381,Publix - NW 39th AVE @ NW 13th ST,29.688431,-82.340422,9,55,unknown,12001001203,5.620753551575047,12.678288431061807
1626,SW 43rd St @ Cracker Barrel,29.6171772,-82.3891192,26,75,unknown,12001002219,16.47440519105984,14.393255043661549
1209,Oxford Terrace Apartments,29.6432257,-82.3337333,0,,none,12001000202,25.107526881720432,1.4258389845244306
408,Northbound NW 23rd Terrace @ US Hwy 441,29.715036,-82.358708,16,8,sheltered,12001001803,5.032119914346895,22.788033099936346
913,Southbound SE 11th Street @ SE 2nd Avenue,29.65031,-82.311613,13,26,unknown,12001000700,12.619426751592359,21.483491632745363
768,Friends of the Library Alachua County,29.656048,-82.325088,23,15,unknown,12001000500,10.72961373390558,13.34805299076676
382,Ridgeview Baptist Church,29.685662,-82.347437,16,8,none,12001001203,5.620753551575047,12.678288431061807
783,Chevron Gas Station @ Williston Road,29.635095,-82.317764,24,17,unknown,12001000700,12.619426751592359,21.483491632745363
1601,Markets West (Eastbound),29.6379503,-82.4208262,9,76,unknown,12001002218,15.250836120401337,8.166317678731678
1631,Inner Road Westbound,29.6474024,-82.3408354,42,1,unknown,12001000902,30.48780487804878,0.011463945890175398
909,Episcopal Children's Services,29.656544,-82.308494,13,26,unknown,12001000500,10.72961373390558,13.34805299076676
248,Gainesville High School,29.667953,-82.339253,17,8,none,12001001100,7.312925170068027,27.624720774385704
238,CVS @ NW 13th Street,29.690166,-82.339194,14,6,none,12001001203,5.620753551575047,12.678288431061807
1103,Tower Hill,29.653548,-82.422532,26,75,none,12001002207,0.4123711340206186,18.689934243803744
868,Gainesville Christian Center,29.66645,-82.305939,14,3,unknown,12001000500,10.72961373390558,13.34805299076676
1592,Pizza Hut Archer Rd Eastbound,29.624111,-82.375328,43,1,none,12001001519,12.811791383219957,0.7092198581560284
1359,Gainesville Healthcare Center,29.637382,-82.342875,17,8,none,12001000809,3.034134007585335,10.265613783201722
1284,Ft Clarke Middle School,29.673509,-82.439334,25,23,unknown,12001002204,5.470500373412994,18.014849550605703
1384,Metrocorp Center,29.688822,-82.386074,9,55,none,12001001201,3.313696612665685,27.576301615798922
13,Beaty Towers,29.644929,-82.340175,124,"13,17,43",sheltered,12001000902,30.48780487804878,0.011463945890175398
1174,Lacrosse Field,29.637587,-82.365174,140,"21,33,52,118",none,12001001514,8.333333333333332,2.7532467532467533
739,Eastbound NW 39th Avenue @ NW 10th Street,29.688421,-82.334462,32,"15,55",none,12001000302,11.592076302274394,26.838966202783297
134,Norwood Neighborhood (North),29.636261,-82.317134,38,"7,17",none,12001000700,12.619426751592359,21.483491632745363
1007,Unicorn Hill Farm,29.688679,-82.416157,23,"43,55",none,12001001701,17.254556143445033,28.263455248290214
733,Bel Air Apartments,29.676726,-82.330878,32,"15,55",unknown,12001000302,11.592076302274394,26.838966202783297
280,American Auto Insurance,29.661249,-82.331002,23,"6,55",unknown,12001000301,14.08811475409836,9.192399049881235
563,MLK Center and Citizens Field,29.659261,-82.308213,17,11,unknown,12001000500,10.72961373390558,13.34805299076676
489,Southbound SW 23rd Street @ Williston Road,29.613806,-82.355183,50,9,none,12001001516,8.51472471190781,5.001866368047779
682,Budget Inn,29.611868,-82.341109,60,13,none,12001002101,0.5649717514124294,30.800405268490376
1555,Marshall's @ Plaza Blvd,29.627726,-82.383254,61,33,unknown,12001001522,15.617875056999544,3.28125
469,Commuter Lot Parking Garage @ Gale Lemerand,29.642341,-82.350346,153,"9,12,33",sheltered,12001000902,30.48780487804878,0.011463945890175398
1495,Passage Family Church,29.671629,-82.305909,13,26,unknown,12001000400,18.240068346860316,13.6077655941039
1499,NE 15th St @ NE 3rd Ave Nearside,29.653654,-82.305737,14,3,none,12001000600,20.242214532871973,17.217034843999087
1126,Haystacks Housing Complex,29.613121,-82.393946,26,75,none,12001002220,6.800766283524904,16.68472372697725
452,Gainesville Place Apartments @ SW 35th Place,29.619799,-82.364741,52,37,sheltered,12001001515,9.413369713506139,5.387755102040816
797,Hume Hall,29.644951,-82.352202,99,"20,118",sheltered,12001000902,30.48780487804878,0.011463945890175398
323,Chevron Food Mart @ SE 43rd Street,29.636216,-82.272412,14,7,unknown,12001001400,3.571428571428571,15.002627430373094
473,Reitz Union,29.64514,-82.346983,521,"9,20,21,37,38,52",sheltered,12001000902,30.48780487804878,0.011463945890175398
28,Bonefish Grill Seafood Restaurant @ Butler Plaza,29.624804,-82.377613,42,1,none,12001001522,15.617875056999544,3.28125
196,Pressly Stadium,29.650446,-82.355431,20,5,none,12001000902,30.48780487804878,0.011463945890175398
683,Meridian Behavioral Healthcare (Northbound),29.613107,-82.340904,60,13,none,12001002101,0.5649717514124294,30.800405268490376
1505,Planned Furnishings,29.65192,-82.330772,14,6,unknown,12001000500,10.72961373390558,13.34805299076676
66,Eastbound SE 22nd Avenue @ SE 12th Street,29.631789,-82.3106,14,7,unknown,12001000700,12.619426751592359,21.483491632745363
849,Hume Hall (Eastbound),29.644837,-82.351988,99,"20,118",unknown,12001000901,49.789029535864984,0.0
1067,Carriage House Lane,29.630587,-82.420423,38,"52,75",none,12001002218,15.250836120401337,8.166317678731678
664,UF Health Shands North Tower,29.639817,-82.342006,38,"17,43",unknown,12001000902,30.48780487804878,0.011463945890175398
165,Orthopedic Institute,29.656458,-82.39186,20,5,unknown,12001001605,5.992043759323719,8.548422678138099
171,Oaks Mall @ NW 62nd Blvd,29.656792,-82.408988,183,"20,23,75,76",none,12001001605,5.992043759323719,8.548422678138099
619,Bartley Temple United Methodist Church,29.659676,-82.299812,44,"3,11,26",unknown,12001000600,20.242214532871973,17.217034843999087
661,Seacoast Bank @ SW 37th Boulevard,29.619314,-82.379226,54,37,unknown,12001001519,12.811791383219957,0.7092198581560284
742,Bella Vista Village Eastbound,29.688335,-82.325246,23,15,none,12001000302,11.592076302274394,26.838966202783297
985,Thorn Brook Shops,29.675062,-82.388855,14,43,none,12001001100,7.312925170068027,27.624720774385704
1455,North Walmart Supercenter,29.709916,-82.355824,28,6,unknown,12001001803,5.032119914346895,22.788033099936346
786,Sweetwater on 16th Apartments (Northbound),29.6304711,-82.3241038,24,17,sheltered,12001000700,12.619426751592359,21.483491632745363
1378,Westbound NW 39th AVE @ NW 12th ST,29.688623,-82.337154,9,55,none,12001000302,11.592076302274394,26.838966202783297
1374,Westbound NW 39th AVE @ NW 19th TER,29.688635,-82.347967,25,"8,55",none,12001001203,5.620753551575047,12.678288431061807
1078,Gordon Manor Neighborhood,29.645216,-82.415379,27,75,unknown,12001002217,15.908324907313784,7.102560393461594
703,US Post Office @ Main St,29.6640224,-82.3244543,23,15,none,12001000301,14.08811475409836,9.192399049881235
1273,SW 38th Terr nearside SW 20th Ave,29.633806,-82.380826,61,33,unknown,12001001522,15.617875056999544,3.28125
827,Lakewood Villas Apartments,29.646326,-82.400655,95,"20,23,76",unknown,12001001605,5.992043759323719,8.548422678138099
316,SE 35th St @ SE 21st Avenue,29.632543,-82.280937,14,7,unknown,12001000700,12.619426751592359,21.483491632745363
384,Girls Place of Alachua County,29.68863,-82.351327,25,"8,55",none,12001001203,5.620753551575047,12.678288431061807
44,Frazier Rogers Hall (Eastbound),29.644771,-82.345681,229,"1,8,20,21,37,43,52",none,12001000902,30.48780487804878,0.011463945890175398
1473,Fire Station,29.651128,-82.377021,20,5,none,12001001605,5.992043759323719,8.548422678138099
837,The Park Apartments,29.633951,-82.377716,90,"20,21",sheltered,12001001522,15.617875056999544,3.28125
753,Smokey Bear Park,29.674433,-82.305919,36,"15,26",unknown,12001000400,18.240068346860316,13.6077655941039
956,Old Archer Road @ SW 34th Street,29.626106,-82.372174,57,38,none,12001001515,9.413369713506139,5.387755102040816
387,Walnut Creek Neighborhood,29.688675,-82.360317,25,"8,55",none,12001001202,0.5906123717749456,16.054477919933966
433,Brookwood Terrace,29.676485,-82.348049,17,8,unknown,12001001100,7.312925170068027,27.624720774385704
1373,CVS @ SW 13th St,29.6358722,-82.3391716,60,13,unknown,12001000808,7.1806945261918775,3.871439006574142
485,Southwood Apartments,29.620786,-82.355937,145,"9,12,37",sheltered,12001001515,9.413369713506139,5.387755102040816
243,Verizon Shop,29.677474,-82.339253,14,6,unknown,12001001203,5.620753551575047,12.678288431061807
1548,Sam's Club,29.622999,-82.383453,97,"1,37",none,12001001522,15.617875056999544,3.28125
1581,Brain Institute Northbound,29.64189,-82.3436638,60,13,sheltered,12001000902,30.48780487804878,0.011463945890175398
208,Bo Diddley Community Plaza,29.651871,-82.322744,63,"5,10,15",none,12001000500,10.72961373390558,13.34805299076676
405,Pine Ridge Apartments,29.709679,-82.35963,16,8,unknown,12001001803,5.032119914346895,22.788033099936346
591,Compassionate Outreach,29.648327,-82.272498,17,11,unknown,12001000600,20.242214532871973,17.217034843999087
1439,Cohens Temple,29.655976,-82.305789,14,3,none,12001000600,20.242214532871973,17.217034843999087
432,Cobblestone Apartments,29.678118,-82.349246,17,8,sheltered,12001001100,7.312925170068027,27.624720774385704
1556,The Ridge @ SW 38th TER southbound,29.6315487,-82.3809919,90,"21,33",unknown,12001001522,15.617875056999544,3.28125
1062,Linton Oaks Neighborhood @ SW 61st Street,29.643025,-82.408221,26,75,unknown,12001002218,15.250836120401337,8.166317678731678
455,Casablanca East Apartments,29.619771,-82.361514,146,"9,12,37",unknown,12001001516,8.51472471190781,5.001866368047779
374,UF Health Homecare,29.674074,-82.342774,16,8,sheltered,12001001203,5.620753551575047,12.678288431061807
962,Keys Residential Complex,29.6482508,-82.3547462,0,,none,12001000902,30.48780487804878,0.011463945890175398
439,NW 13th St @ Nearside NW 3rd Pl Southbound,29.654477,-82.339359,99,"8,10,13",none,12001001000,6.52607580507267,9.155578975102095
1277,Legacy @ Fort Clarke Apartments,29.667466,-82.435114,25,23,none,12001002204,5.470500373412994,18.014849550605703
217,Big Ron's Yoga,29.660995,-82.330803,23,"6,55",unknown,12001000301,14.08811475409836,9.192399049881235
107,Health Department,29.649086,-82.294941,28,7,unknown,12001000600,20.242214532871973,17.217034843999087
825,The Earl Apartments,29.650056,-82.407791,95,"20,23,76",none,12001001605,5.992043759323719,8.548422678138099
416,Pizza Hut @ NW 34th Street,29.700335,-82.37026,17,8,none,12001001201,3.313696612665685,27.576301615798922
337,Lana's Place,29.632697,-82.289072,14,7,unknown,12001000700,12.619426751592359,21.483491632745363
704,Kangaroo @ N Main St,29.666398,-82.324394,23,15,none,12001000301,14.08811475409836,9.192399049881235
36,Capstone Quarters Apartments,29.629747,-82.366625,100,"1,38",sheltered,12001001515,9.413369713506139,5.387755102040816
161,Plaza Royale,29.652709,-82.381423,34,"5,43",unknown,12001001605,5.992043759323719,8.548422678138099
1061,Linton Oaks Neighborhood @ SW 63rd Terrace,29.645167,-82.410758,27,75,unknown,12001002217,15.908324907313784,7.102560393461594
146,Holiday Inn @ W University Avenue,29.652186,-82.338973,40,"5,10",sheltered,12001000201,21.143847487001732,1.9492808478425434
188,Regal Royal Park Stadium 16,29.652001,-82.380226,34,"5,43",none,12001001605,5.992043759323719,8.548422678138099
468,Parking & Transportation Services,29.639791,-82.350387,153,"9,12,33",none,12001000902,30.48780487804878,0.011463945890175398
6,720 SW 2nd Ave,29.650335,-82.33279,42,1,none,12001000201,21.143847487001732,1.9492808478425434
127,Lincoln Estates Neighborhood,29.640328,-82.305742,14,3,none,12001000700,12.619426751592359,21.483491632745363
925,The HUB,29.64853,-82.34496,389,"9,12,33,38,118",sheltered,12001000902,30.48780487804878,0.011463945890175398
142,Seagle Building,29.652076,-82.328427,40,"5,10",unknown,12001000500,10.72961373390558,13.34805299076676
220,Medical Marijuana Treatment Center,29.666341,-82.330768,23,"6,55",unknown,12001000301,14.08811475409836,9.192399049881235
587,Fred Cone Park,29.651768,-82.28767,17,11,unknown,12001000600,20.242214532871973,17.217034843999087
109,Phase III Supply,29.647011,-82.297228,14,3,none,12001000600,20.242214532871973,17.217034843999087
129,McPherson Recreational Center,29.633733,-82.305909,14,7,none,12001000700,12.619426751592359,21.483491632745363
85,Lincoln Estate Neighborhood,29.640245,-82.305449,14,3,none,12001000700,12.619426751592359,21.483491632745363
343,Dollar General,29.645231,-82.293693,14,7,unknown,12001000600,20.242214532871973,17.217034843999087
67,Eastbound SE 22nd Avenue @ SE 13th Street,29.631796,-82.308693,14,7,unknown,12001000700,12.619426751592359,21.483491632745363
116,Waldo Rd @ SE 7th Avenue,29.645842,-82.311006,14,3,unknown,12001000700,12.619426751592359,21.483491632745363
723,Highland Court,29.688502,-82.310905,23,15,none,12001001902,16.82586333578251,25.576208178438662
1285,Southbound Fort Clarke Boulevard @ Eagle Point,29.668913,-82.43714,25,23,unknown,12001002204,5.470500373412994,18.014849550605703
249,NW 16th Ave NW 13th St,29.666801,-82.340521,20,10,none,12001001100,7.312925170068027,27.624720774385704
186,Life South Blood Center,29.654297,-82.386555,34,"5,43",none,12001001605,5.992043759323719,8.548422678138099
728,Stephen Foster Elementary School,29.687605,-82.330845,32,"15,55",unknown,12001000302,11.592076302274394,26.838966202783297
851,Eastbound SE 4th Avenue @ SE 8th Street,29.648137,-82.316559,13,26,none,12001000500,10.72961373390558,13.34805299076676
16,Shands Hospital @ Center Drive,29.640205,-82.34626,189,"1,21,37,38,52",sheltered,12001000902,30.48780487804878,0.011463945890175398
1008,Greystone Community,29.6886506,-82.4110918,23,"43,55",unknown,12001001701,17.254556143445033,28.263455248290214
332,Southbound SE 35th Street @ SE 16th Avenue,29.636636,-82.280843,14,7,unknown,12001000700,12.619426751592359,21.483491632745363
1542,The Polos Southwest Entrance,29.613578,-82.359939,43,12,unknown,12001001517,11.43627262225645,5.445716267776621
953,Gainesville Place Apartments,29.623475,-82.365501,57,38,sheltered,12001001515,9.413369713506139,5.387755102040816
515,Hickory Woods Neighborhood,29.67429,-82.41516,29,"10,76",unknown,12001001701,17.254556143445033,28.263455248290214
1614,Celebration Pointe SW 45th St & SW 31st Pl,29.624398,-82.394318,27,75,unknown,12001002219,16.47440519105984,14.393255043661549
543,Forest Ridge Neighborhood,29.666632,-82.353084,20,10,none,12001001000,6.52607580507267,9.155578975102095
715,Smokey Bear Park,29.674499,-82.305763,36,"15,26",none,12001000400,18.240068346860316,13.6077655941039
260,Auto Zone @ NW 13th Street,29.689456,-82.338859,14,6,unknown,12001000302,11.592076302274394,26.838966202783297
790,Parklands Care Center,29.6366883,-82.335734,24,17,sheltered,12001000806,18.91348088531187,5.931198102016608
434,Direct Auto Insurance,29.664539,-82.339265,37,"8,10",none,12001001000,6.52607580507267,9.155578975102095
311,Southbound SE 27th Street @ SE 15th Avenue,29.637071,-82.28927,14,7,unknown,12001000700,12.619426751592359,21.483491632745363
1478,Tractor Supply Co @ NW 53rd Avenue,29.703324,-82.346442,14,6,unknown,12001001202,0.5906123717749456,16.054477919933966
229,Northbound NW 6th Street @ NW 36th Avenue,29.6854008,-82.3306584,9,55,unknown,12001000302,11.592076302274394,26.838966202783297
762,Brakes 4 Less,29.665515,-82.324591,37,"3,15",none,12001000301,14.08811475409836,9.192399049881235
553,Downtown Library,29.651766,-82.322318,17,11,unknown,12001000500,10.72961373390558,13.34805299076676
1400,Westbound SW 24th AVE @ SW 84th ST,29.630614,-82.431857,21,"52,76",unknown,12001002207,0.4123711340206186,18.689934243803744
1027,Best Buy @ Butler Plaza,29.621328,-82.380919,54,37,none,12001001522,15.617875056999544,3.28125
820,Spyglass Apartments,29.646795,-82.400843,95,"20,23,76",none,12001001605,5.992043759323719,8.548422678138099
592,Lake Forest Trails Neighborhood,29.646066,-82.27251,17,11,unknown,12001000600,20.242214532871973,17.217034843999087
1286,Legacy @ Fort Clarke Apartments,29.667198,-82.435087,25,23,unknown,12001002204,5.470500373412994,18.014849550605703
532,NW 23rd Ave @ NW 43rd St,29.673993,-82.390196,20,10,none,12001001702,5.506141465480729,33.90179910044978
1388,Sable Chase Neighborhood,29.688538,-82.374539,9,55,none,12001001100,7.312925170068027,27.624720774385704
1500,NE 15th St @ NE 7th Ave,29.657879,-82.305915,14,3,unknown,12001000600,20.242214532871973,17.217034843999087
3,Westbound SW 2nd Avenue @ SW 2nd Street,29.650397,-82.326459,42,1,none,12001000500,10.72961373390558,13.34805299076676
788,Aldi @ SW 16th Avenue,29.6363278,-82.328566,24,17,sheltered,12001000806,18.91348088531187,5.931198102016608
678,Residence Inn,29.615843,-82.340786,62,13,none,12001110800,12.026726057906458,40.537989617744216
189,Center for Independent Living,29.651061,-82.377396,20,5,unknown,12001001605,5.992043759323719,8.548422678138099
1050,Bellamy Grand,29.628397,-82.422371,27,75,none,12001002219,16.47440519105984,14.393255043661549
602,Pine Meadows Apartments,29.651991,-82.289878,17,11,unknown,12001000600,20.242214532871973,17.217034843999087
1035,Kanapaha Botanical Gardens,29.608681,-82.402953,27,75,none,12001002219,16.47440519105984,14.393255043661549
810,Campus USA,29.634223,-82.374907,90,"20,21",sheltered,12001001522,15.617875056999544,3.28125
1053,Galen College of Nursing,29.630901,-82.418044,39,"52,75",none,12001002219,16.47440519105984,14.393255043661549
479,Campus Edge Condominiums,29.63705,-82.358917,92,"9,12",unknown,12001001514,8.333333333333332,2.7532467532467533
403,Kangaroo Gas @ NW 34th Street,29.706605,-82.356652,31,"6,8",none,12001001803,5.032119914346895,22.788033099936346
1236,Cabana Beach Apartments (SW 52nd St),29.635913,-82.397884,25,23,unknown,12001001605,5.992043759323719,8.548422678138099
385,Sonic Drive In,29.688627,-82.354962,25,"8,55",none,12001001202,0.5906123717749456,16.054477919933966
816,Canopy Apartments,29.636959,-82.390186,73,"20,52",unknown,12001001522,15.617875056999544,3.28125
1012,Autumn Woods Neighborhood,29.688574,-82.394883,23,"43,55",none,12001001701,17.254556143445033,28.263455248290214
1047,Vet Mem PK,29.61491,-82.422495,27,75,sheltered,12001002219,16.47440519105984,14.393255043661549
522,The Pentecostals of Gainesville,29.674223,-82.428413,29,"10,76",none,12001001702,5.506141465480729,33.90179910044978
818,Redpoint Apartments,29.641168,-82.39814,95,"20,23,76",unknown,12001001605,5.992043759323719,8.548422678138099
364,Publix @ NW 13th St and W Univ Ave,29.653749,-82.339079,96,"8,10,13",unknown,12001000201,21.143847487001732,1.9492808478425434
301,Eastbound University Avenue @ SE 15th Street,29.651804,-82.304736,14,7,unknown,12001000600,20.242214532871973,17.217034843999087
795,The Retreat Apartments,29.636485,-82.33557,24,17,unknown,12001000808,7.1806945261918775,3.871439006574142
1102,Advance Auto Parts,29.655418,-82.422514,26,75,sheltered,12001002207,0.4123711340206186,18.689934243803744
225,Northbound NW 6th Street @ NW 26th Avenue,29.6764714,-82.3306776,9,55,none,12001000302,11.592076302274394,26.838966202783297
701,CVS Pharmacy @ N Main Street,29.660498,-82.324449,23,15,unknown,12001000301,14.08811475409836,9.192399049881235
1221,Eastbound NW 23rd Avenue @ NW 13th Street,29.673891,-82.33804,14,6,none,12001000301,14.08811475409836,9.192399049881235
368,LifeSouth Community Blood Center @ NW 13th Street,29.664005,-82.339053,36,"8,10",unknown,12001000301,14.08811475409836,9.192399049881235
322,E Hawthorne Road @ SE 39th Terrace,29.636666,-82.275829,14,7,unknown,12001000700,12.619426751592359,21.483491632745363
1274,Krystal @ Newberry Road,29.659836,-82.424709,25,23,none,12001002204,5.470500373412994,18.014849550605703
418,Southbound NW 34th Street @ NW 41st Avenue,29.6909,-82.372383,17,8,none,12001001201,3.313696612665685,27.576301615798922
56,Eastbound SW 2nd Ave @ SW 2nd St,29.650203,-82.326684,43,1,none,12001000202,25.107526881720432,1.4258389845244306
380,Kiwanis Park,29.685625,-82.351484,16,8,unknown,12001001203,5.620753551575047,12.678288431061807
819,Rockwood Villas Apartments,29.644826,-82.399248,95,"20,23,76",none,12001001605,5.992043759323719,8.548422678138099
915,Triangle Club,29.648287,-82.3126,13,26,unknown,12001000700,12.619426751592359,21.483491632745363
437,All Star Automotive,29.657774,-82.33929,37,"8,10",unknown,12001001000,6.52607580507267,9.155578975102095
669,Liv+ Apartments 13th St,29.634414,-82.339508,62,13,unknown,12001000809,3.034134007585335,10.265613783201722
1223,Forest Meadows Funeral Home,29.673845,-82.331648,14,6,unknown,12001000301,14.08811475409836,9.192399049881235
538,Covenant Church,29.666661,-82.36891,20,10,none,12001001000,6.52607580507267,9.155578975102095
1033,Westbound Archer Road @ SW 50th Street,29.612137,-82.396352,27,75,none,12001002219,16.47440519105984,14.393255043661549
481,University Commons,29.630268,-82.361586,145,"9,12,37",sheltered,12001001515,9.413369713506139,5.387755102040816
823,Hampton Oaks Apartments,29.652416,-82.408796,95,"20,23,76",none,12001001605,5.992043759323719,8.548422678138099
1326,UF Counseling and Wellness Center,29.642148,-82.368834,61,20,sheltered,12001000901,49.789029535864984,0.0
978,Lenox Place Apartments,29.660922,-82.388936,14,43,none,12001001702,5.506141465480729,33.90179910044978
1280,Hidden Oak Elementary School,29.670811,-82.439103,25,23,none,12001002204,5.470500373412994,18.014849550605703
1380,Westbound NW 39th AVE @ NW 7th ST,29.688639,-82.332443,9,55,none,12001000302,11.592076302274394,26.838966202783297
1165,Hills Mini Storage,29.685727,-82.290364,13,26,none,12001001902,16.82586333578251,25.576208178438662
122,Lincoln Estates,29.644228,-82.299412,14,3,none,12001000700,12.619426751592359,21.483491632745363
829,Forest View Apartments,29.641553,-82.398379,95,"20,23,76",unknown,12001001605,5.992043759323719,8.548422678138099
1185,Microbiology/Cell Science Building,29.6402616,-82.3641002,38,118,unknown,12001000901,49.789029535864984,0.0
379,Northbound NW 21st Avenue @ NW 33rd Avenue,29.683322,-82.351488,16,8,none,12001001203,5.620753551575047,12.678288431061807
935,Westbound SW 2nd Avenue @ SW 30th Street,29.650481,-82.367269,20,5,none,12001001000,6.52607580507267,9.155578975102095
447,Hunters Run,29.612789,-82.359331,100,9,unknown,12001001516,8.51472471190781,5.001866368047779
1493,Butler Plaza Transfer Station,29.625154,-82.38789,416,"1,23,33,37,75",sheltered,12001001522,15.617875056999544,3.28125
143,Santa Fe College Charles L. Blount Center,29.652077,-82.330034,40,"5,10",unknown,12001000500,10.72961373390558,13.34805299076676
1239,Caroline Manor Affordable Housing,29.652003,-82.291919,17,11,unknown,12001000600,20.242214532871973,17.217034843999087
529,First Church of the Nazarene,29.673993,-82.396932,20,10,none,12001001702,5.506141465480729,33.90179910044978
1022,Southbound NW 43rd Street @ NW 15th Place,29.666789,-82.389113,14,43,none,12001001702,5.506141465480729,33.90179910044978
754,NE 23rd Ave Farside NE 14th St Westbound,29.673894,-82.308067,23,15,unknown,12001000400,18.240068346860316,13.6077655941039
1170,Pine Ridge Apartments,29.706292,-82.356987,14,6,none,12001001202,0.5906123717749456,16.054477919933966
516,Quail Ridge Neighborhood,29.674303,-82.417978,29,"10,76",none,12001001701,17.254556143445033,28.263455248290214
1176,Fifield Hall,29.637577,-82.362182,102,"21,33,52",sheltered,12001001514,8.333333333333332,2.7532467532467533
490,The Polos Apartments,29.613174,-82.356828,50,9,none,12001001516,8.51472471190781,5.001866368047779
1125,Hailey Forest Condominiums,29.611973,-82.396169,26,75,none,12001002220,6.800766283524904,16.68472372697725
984,Millhopper Plaza,29.67246,-82.388864,14,43,unknown,12001001702,5.506141465480729,33.90179910044978
459,SW 23rd Terrace @ SW 35th Place,29.621813,-82.355831,146,"9,12,37",none,12001110800,12.026726057906458,40.537989617744216
722,Eden Park at Ironwood,29.688509,-82.308827,23,15,unknown,12001001902,16.82586333578251,25.576208178438662
168,Capital City Bank @ Newberry Road,29.659086,-82.399163,20,5,none,12001001605,5.992043759323719,8.548422678138099
1019,Millhopper Plaza,29.672248,-82.389123,14,43,sheltered,12001001702,5.506141465480729,33.90179910044978
341,Alachua County Sheriffs Department,29.641906,-82.289168,14,7,unknown,12001000700,12.619426751592359,21.483491632745363
571,Northbound NE 24th Street @ NE 8th Avenue,29.659161,-82.293795,17,11,unknown,12001000600,20.242214532871973,17.217034843999087
662,McKnight Brain Institute,29.642057,-82.343813,100,"13,17,43",sheltered,12001000902,30.48780487804878,0.011463945890175398
1629,SW 43rd St @ Texas Roadhouse,29.6174457,-82.3893686,27,75,unknown,12001002219,16.47440519105984,14.393255043661549
175,Oaks Mall SW 62nd Blvd,29.658046,-82.408785,127,"5,23,75,76",sheltered,12001001605,5.992043759323719,8.548422678138099
84,Northbound SE 15th Street @ SE 13th Place,29.639045,-82.305796,14,7,none,12001000700,12.619426751592359,21.483491632745363
326,Eastwood Meadows,29.642434,-82.271473,28,7,unknown,12001001400,3.571428571428571,15.002627430373094
676,Chop Stix Cafe,29.620913,-82.340023,62,13,unknown,12001110800,12.026726057906458,40.537989617744216
204,Innovation Square North,29.651968,-82.331959,40,"5,10",none,12001000201,21.143847487001732,1.9492808478425434
1118,Arredondo Farms,29.600282,-82.418395,26,75,none,12001002220,6.800766283524904,16.68472372697725
1146,Beta Theta Pi across Springs,29.6485434,-82.3564382,0,,none,12001000901,49.789029535864984,0.0
478,IFAS Lab,29.63828,-82.35697,194,"9,12,21,33,52",unknown,12001000901,49.789029535864984,0.0
760,Wash King (Southbound),29.66734,-82.321898,23,15,unknown,12001000400,18.240068346860316,13.6077655941039
1402,Westbound SW 87th Dr @ SW 91st St,29.62839,-82.436398,30,"52,76",unknown,12001002221,0.8246527777777778,16.533758639021798
153,Westbound University Avenue @ NW 22nd Street,29.65213,-82.35529,14,43,none,12001001000,6.52607580507267,9.155578975102095
198,St. Augustine Catholic Church,29.651977,-82.346434,34,"5,43",none,12001000902,30.48780487804878,0.011463945890175398
245,Plaza Verde @ NW 13th St Southbound,29.67272,-82.339249,17,8,sheltered,12001001100,7.312925170068027,27.624720774385704
1123,Broken Arrow Bluff Community,29.608152,-82.403389,26,75,none,12001002220,6.800766283524904,16.68472372697725
1222,Hearing Aid Gainesville,29.673867,-82.335108,14,6,unknown,12001000301,14.08811475409836,9.192399049881235
1105,Cricket Club Apartments,29.648113,-82.422538,26,75,none,12001002207,0.4123711340206186,18.689934243803744
115,Williams Elementary School,29.64584,-82.309492,14,3,unknown,12001000700,12.619426751592359,21.483491632745363
465,Campus Edge Condominiums,29.637101,-82.358801,92,"9,12",none,12001001514,8.333333333333332,2.7532467532467533
312,Durelle Heights Neighborhood,29.634589,-82.289253,14,7,unknown,12001000700,12.619426751592359,21.483491632745363
1428,FDOT Operations Center,29.673438,-82.263966,9,26,none,12001001400,3.571428571428571,15.002627430373094
1617,SW 24th Avenue & School House Road (Eastbound),29.630503,-82.445867,12,52,unknown,12001002222,1.9463087248322148,22.49930342713848
292,The Cotton Club,29.645754,-82.315215,14,3,unknown,12001000700,12.619426751592359,21.483491632745363
484,Towne Parc Apartments,29.623684,-82.356161,145,"9,12,37",unknown,12001001515,9.413369713506139,5.387755102040816
511,First Church of the Nazarene,29.674215,-82.396915,20,10,none,12001001701,17.254556143445033,28.263455248290214
25,Westbound Archer Road @ SW 34th Street,29.627758,-82.371538,42,1,unknown,12001001514,8.333333333333332,2.7532467532467533
327,The Verdant Cove,29.642223,-82.2726,14,7,unknown,12001000600,20.242214532871973,17.217034843999087
158,Westgate Plaza,29.652165,-82.372949,14,43,unknown,12001001605,5.992043759323719,8.548422678138099
1069,Sunrise Subdivision,29.6354866,-82.422394,9,76,none,12001002218,15.250836120401337,8.166317678731678
205,The Continuum,29.651925,-82.329437,40,"5,10",unknown,12001000500,10.72961373390558,13.34805299076676
679,Meridian Behavioral Healthcare,29.613399,-82.341148,62,13,unknown,12001110800,12.026726057906458,40.537989617744216
446,UF Health Archer Road,29.63905,-82.344089,61,"8,43",none,12001000902,30.48780487804878,0.011463945890175398
1042,Publix @ Tower Square on SW 75th Street,29.600168,-82.420515,27,75,sheltered,12001002219,16.47440519105984,14.393255043661549
912,Waldo Road @ NE 1st Avenue,29.652721,-82.311092,13,26,unknown,12001000500,10.72961373390558,13.34805299076676
1624,SW 6th St & SW 3rd Ave,29.6488947,-82.3308489,14,6,unknown,12001000202,25.107526881720432,1.4258389845244306
139,City Hall,29.652054,-82.323598,63,"5,10,15",none,12001000500,10.72961373390558,13.34805299076676
1396,Eastbound SW 24th Ave @ Majestic Oaks,29.64007,-82.405336,21,"52,76",none,12001002217,15.908324907313784,7.102560393461594
830,Cabana Beach Apartments (SW 20th Ave),29.639517,-82.39527,73,"20,52",sheltered,12001001605,5.992043759323719,8.548422678138099
981,Northbound NW 43rd Street @ NW 16th Place,29.666959,-82.388857,14,43,none,12001001702,5.506141465480729,33.90179910044978
972,Laurels Apartments,29.611504,-82.371563,43,12,none,12001001517,11.43627262225645,5.445716267776621
1287,Paddock Club Apartments,29.663386,-82.43366,25,23,none,12001002204,5.470500373412994,18.014849550605703
407,Hampton Court Apartments,29.714336,-82.360139,16,8,none,12001001803,5.032119914346895,22.788033099936346
546,NW 16th Ave @ NW 13th St,29.6665645,-82.3402284,20,10,unknown,12001001000,6.52607580507267,9.155578975102095
435,State Farm Insurance @ NW 13th Street,29.663014,-82.339266,37,"8,10",none,12001001000,6.52607580507267,9.155578975102095
1268,Brandywine Apartments,29.630199,-82.365372,54,38,none,12001001515,9.413369713506139,5.387755102040816
1305,Best Buy @ Butler Plaza,29.621519,-82.380752,52,37,none,12001001522,15.617875056999544,3.28125
1020,Southbound NW 43rd Street @ NW 19th Avenue,29.670059,-82.389128,14,43,none,12001001702,5.506141465480729,33.90179910044978
163,Allstate Insurance @ Newberry Road,29.654595,-82.386667,34,"5,43",none,12001001605,5.992043759323719,8.548422678138099
457,Hickory Place Apartments,29.620128,-82.356812,146,"9,12,37",sheltered,12001001516,8.51472471190781,5.001866368047779
1004,Windsor Assisted Living,29.685793,-82.430225,23,"43,55",none,12001001701,17.254556143445033,28.263455248290214
1048,Kanapaha Park,29.619526,-82.422449,27,75,unknown,12001002219,16.47440519105984,14.393255043661549
1619,Queen of Peace Church (Eastbound),29.630593,-82.460325,12,52,unknown,12001002222,1.9463087248322148,22.49930342713848
1628,SW 52nd St @ Cabana Beach,29.635854,-82.3981222,25,23,unknown,12001001605,5.992043759323719,8.548422678138099
18,Shands Hospital @ Davis Cancer Pavilion,29.637023,-82.349885,148,"1,37,38",none,12001000902,30.48780487804878,0.011463945890175398
568,Mount Zion Church of God,29.65964,-82.299921,44,"3,11,26",sheltered,12001000600,20.242214532871973,17.217034843999087
23,UF Surge Area Drive,29.63054,-82.365763,42,1,none,12001001514,8.333333333333332,2.7532467532467533
1186,Lakeside Residential Building,29.6412528,-82.3642235,38,118,none,12001000901,49.789029535864984,0.0
199,Keene Flint Hall,29.651982,-82.344247,34,"5,43",none,12001000902,30.48780487804878,0.011463945890175398
1097,Oaks Mall,29.659514,-82.413875,52,"23,75",none,12001001605,5.992043759323719,8.548422678138099
1014,Allstate Insurance,29.687731,-82.389071,14,43,none,12001001701,17.254556143445033,28.263455248290214
995,Summer Creek Neighborhood,29.688902,-82.410768,23,"43,55",none,12001001811,12.61518906895456,20.87149187592319
1180,Southwest Recreation Center,29.637786,-82.368346,102,"21,33,52",unknown,12001000901,49.789029535864984,0.0
1593,Social Security NB NW 13th St,29.696835,-82.338851,14,6,unknown,12001000302,11.592076302274394,26.838966202783297
1468,N Main Post Office,29.664846,-82.325668,28,3,none,12001000301,14.08811475409836,9.192399049881235
293,Mt Moriah Baptist Church,29.645758,-82.312416,14,3,unknown,12001000700,12.619426751592359,21.483491632745363
750,Southbound NE 15th Street @ NE 31 Avenue,29.681613,-82.305868,36,"15,26",none,12001000400,18.240068346860316,13.6077655941039
1481,Cancer/Genetics Research Complex,29.638354,-82.353572,194,"9,12,21,33,52",none,12001000902,30.48780487804878,0.011463945890175398
588,Morningside Nature Center,29.651773,-82.28012,17,11,unknown,12001000600,20.242214532871973,17.217034843999087
1595,UF Heart Health,29.639961,-82.339442,79,"8,13",unknown,12001000809,3.034134007585335,10.265613783201722
1066,KISS 105.3 FM Station,29.631028,-82.418071,38,"52,75",none,12001002218,15.250836120401337,8.166317678731678
700,Fire Stone @ N Main Street,29.658463,-82.324913,23,15,unknown,12001000500,10.72961373390558,13.34805299076676
362,Social 28 Apartments,29.649163,-82.339215,119,"1,8,13",sheltered,12001000201,21.143847487001732,1.9492808478425434
1594,AT&T Store @ NW 4th Place,29.656272,-82.408713,20,5,none,12001001605,5.992043759323719,8.548422678138099
539,Brywood Neighborhood,29.666647,-82.362483,20,10,none,12001001000,6.52607580507267,9.155578975102095
1117,Tower Square @ SW 75th Street,29.60064,-82.421481,26,75,none,12001002221,0.8246527777777778,16.533758639021798
1503,Southbound Metcalfe Elementary School,29.668457,-82.305884,13,26,unknown,12001000400,18.240068346860316,13.6077655941039
103,Northbound SE 24th Street @ E University Avenue,29.651128,-82.293201,14,7,none,12001000600,20.242214532871973,17.217034843999087
1094,Clarion Inn,29.659342,-82.422241,27,75,none,12001002217,15.908324907313784,7.102560393461594
512,Northwest Baptist Church,29.6742,-82.402283,29,"10,76",none,12001001701,17.254556143445033,28.263455248290214
1320,Airport,29.686084,-82.27632,26,26,sheltered,12001001902,16.82586333578251,25.576208178438662
763,Publix @ N Main Street,29.663764,-82.324586,23,15,none,12001000301,14.08811475409836,9.192399049881235
637,Aspen Ridge Apartments,29.618393,-82.372338,96,"12,37",unknown,12001001517,11.43627262225645,5.445716267776621
278,NW 6th Street & NW 16th Avenue,29.666947,-82.330972,23,"6,55",unknown,12001000301,14.08811475409836,9.192399049881235
297,Eastbound SE 7th Avenue @ SE 15th Street,29.645724,-82.306015,14,3,unknown,12001000700,12.619426751592359,21.483491632745363
520,Santa Fe,29.679628,-82.431876,154,"10,23,43,55,76",sheltered,12001001701,17.254556143445033,28.263455248290214
464,Mt Vernon Apartments @ SW 23rd Drive,29.635773,-82.358792,92,"9,12",none,12001001514,8.333333333333332,2.7532467532467533
1093,Park Place Car Wash,29.656295,-82.421376,27,75,none,12001002217,15.908324907313784,7.102560393461594
570,Eastbound NE 8th Avenue @ NE 22nd Street,29.659182,-82.296023,17,11,unknown,12001000600,20.242214532871973,17.217034843999087
1235,NE Walmart Supercenter,29.662839,-82.302207,44,"3,11,26",sheltered,12001000600,20.242214532871973,17.217034843999087
554,Salvation Army,29.651848,-82.318251,17,11,unknown,12001000500,10.72961373390558,13.34805299076676
677,The Landings Apartments,29.618568,-82.340371,62,13,none,12001110800,12.026726057906458,40.537989617744216
710,Pointe 23 Apartments,29.673785,-82.317586,23,15,unknown,12001000400,18.240068346860316,13.6077655941039
207,Alachua County Office of the State Attorney,29.651862,-82.326017,40,"5,10",none,12001000500,10.72961373390558,13.34805299076676
501,NW 30th Terrace @ NW 16th Avenue,29.666862,-82.367675,20,10,none,12001001100,7.312925170068027,27.624720774385704
495,Westbound NW 16th Avenue @ NW 20th Way,29.666841,-82.349253,20,10,unknown,12001001100,7.312925170068027,27.624720774385704
361,Norman Hall,29.647158,-82.339203,90,"8,13,43",none,12001000202,25.107526881720432,1.4258389845244306
365,Theory Apartments,29.6562569,-82.3390819,96,"8,10,13",unknown,12001000201,21.143847487001732,1.9492808478425434
1322,Rocky Point Apartments,29.621652,-82.370304,52,37,unknown,12001001515,9.413369713506139,5.387755102040816
448,Westbound SW 40th Place @ NW 26th Terrace,29.613651,-82.360105,50,9,unknown,12001001516,8.51472471190781,5.001866368047779
624,East End Eatery,29.659389,-82.309766,17,11,unknown,12001000500,10.72961373390558,13.34805299076676
1304,Seacoast Bank @ Archer Road,29.619763,-82.379447,52,37,unknown,12001001519,12.811791383219957,0.7092198581560284
505,B'Nai Israel School & Day Care,29.670967,-82.381747,20,10,none,12001001100,7.312925170068027,27.624720774385704
745,Highland Court Manor,29.688255,-82.310561,23,15,none,12001000400,18.240068346860316,13.6077655941039
370,Gainesville High School,29.668482,-82.339024,16,8,unknown,12001000301,14.08811475409836,9.192399049881235
857,Episcopal Children's Services Northbound,29.656539,-82.308253,13,26,unknown,12001000600,20.242214532871973,17.217034843999087
1110,Tower Road Library,29.626092,-82.422571,26,75,none,12001002221,0.8246527777777778,16.533758639021798
986,Bank of America @ NW 43rd Street,29.677745,-82.388858,14,43,none,12001001100,7.312925170068027,27.624720774385704
926,Leigh Hall,29.6506378,-82.3446731,38,118,none,12001000902,30.48780487804878,0.011463945890175398
699,Alachua County Property Appraiser,29.65634,-82.324921,23,15,unknown,12001000500,10.72961373390558,13.34805299076676
950,Lexington Crossing Apartments,29.615368,-82.362445,43,12,none,12001001517,11.43627262225645,5.445716267776621
720,Fearnside Family Services Center Northbound,29.686176,-82.305717,36,"15,26",unknown,12001000400,18.240068346860316,13.6077655941039
688,Tanglewood Apartments,29.623303,-82.339345,60,13,unknown,12001000808,7.1806945261918775,3.871439006574142
601,Fred Cone Park,29.651992,-82.287071,17,11,unknown,12001000600,20.242214532871973,17.217034843999087
989,Pinewood Apartments,29.688786,-82.390347,23,"43,55",unknown,12001001811,12.61518906895456,20.87149187592319
1179,Pressly Softball Stadium,29.637694,-82.365243,140,"21,33,52,118",none,12001000901,49.789029535864984,0.0
806,Southwest Recreation Center,29.638113,-82.369364,61,20,none,12001000901,49.789029535864984,0.0
167,SunTrust Bank @ Newberry Road,29.658334,-82.396898,20,5,unknown,12001001605,5.992043759323719,8.548422678138099
422,Uptown Village Apartments,29.688411,-82.35714,26,"8,55",sheltered,12001001202,0.5906123717749456,16.054477919933966
719,Village Green Apartments,29.683444,-82.30573,36,"15,26",none,12001000400,18.240068346860316,13.6077655941039
294,Tools for Schools,29.645728,-82.310869,14,3,unknown,12001000700,12.619426751592359,21.483491632745363
404,Pine Ridge Apartments,29.707734,-82.357905,16,8,unknown,12001001803,5.032119914346895,22.788033099936346
8,Courtyard Apartments,29.6495614,-82.3371876,0,,unknown,12001000201,21.143847487001732,1.9492808478425434
480,Mt Vernon Apartments,29.635714,-82.358907,92,"9,12",unknown,12001001514,8.333333333333332,2.7532467532467533
878,Ironwood Golf Course,29.687791,-82.29661,13,26,none,12001000400,18.240068346860316,13.6077655941039
378,Misty Oaks Apartments,29.68161,-82.351504,16,8,none,12001001203,5.620753551575047,12.678288431061807
357,SE 7th Avenue @ SE 10th Terrace,29.645856,-82.312451,14,3,unknown,12001000700,12.619426751592359,21.483491632745363
412,Northwood Pines Neighborhood,29.705193,-82.359716,31,"6,8",none,12001001803,5.032119914346895,22.788033099936346
250,Gainesville High School Tennis Courts,29.666822,-82.343063,20,10,none,12001001100,7.312925170068027,27.624720774385704
713,NE 23rd Avenue @ NE 11th Terrace,29.673758,-82.311133,23,15,unknown,12001000400,18.240068346860316,13.6077655941039
162,Tire Kingdom @ Newberry Road,29.653808,-82.384512,34,"5,43",unknown,12001001605,5.992043759323719,8.548422678138099
1154,Graham Hall,29.6460169,-82.3504445,38,118,none,12001000902,30.48780487804878,0.011463945890175398
1252,Plaza Health and Rehab,29.613287,-82.394175,27,75,sheltered,12001002219,16.47440519105984,14.393255043661549
936,Westgate Plaza,29.650484,-82.370704,20,5,none,12001001000,6.52607580507267,9.155578975102095
564,MLK Center,29.660445,-82.305716,17,11,unknown,12001000600,20.242214532871973,17.217034843999087
376,Cobblestone Apartments,29.678397,-82.349288,16,8,none,12001001203,5.620753551575047,12.678288431061807
177,Durant Estate,29.659434,-82.403171,20,5,none,12001001605,5.992043759323719,8.548422678138099
176,Panera Bread @ Newberry Road,29.659464,-82.407681,29,"5,76",unknown,12001001605,5.992043759323719,8.548422678138099
148,Smathers Library,29.652194,-82.343083,34,"5,43",none,12001001000,6.52607580507267,9.155578975102095
557,Northbound NE 9th Street @ NE 3rd Avenue,29.654205,-82.314684,17,11,unknown,12001000500,10.72961373390558,13.34805299076676
774,Treehouse Village Apartments,29.632727,-82.326077,24,17,unknown,12001000808,7.1806945261918775,3.871439006574142
867,16th Avenue Detailing & Window Tinting (Eastbound),29.666458,-82.310607,14,3,unknown,12001000500,10.72961373390558,13.34805299076676
35,Silver Creek Apartments,29.629078,-82.36817,100,"1,38",sheltered,12001001515,9.413369713506139,5.387755102040816
406,Northbound NW 23rd Terrace @ NW 62nd Avenue,29.711336,-82.360175,16,8,unknown,12001001803,5.032119914346895,22.788033099936346
813,Kensington Apartments North,29.634123,-82.382798,73,"20,52",none,12001001522,15.617875056999544,3.28125
1302,Greenwich Green Apartments,29.617702,-82.374701,52,37,unknown,12001001519,12.811791383219957,0.7092198581560284
1288,Eastbound Newberry Road @ Fort Clarke Boulevard,29.660235,-82.432204,25,23,none,12001002207,0.4123711340206186,18.689934243803744
974,Dollar General,29.614818,-82.371923,85,12,sheltered,12001001517,11.43627262225645,5.445716267776621
1099,SUBWAY@ Newberry RD,29.659774,-82.41348,51,"23,75",none,12001001702,5.506141465480729,33.90179910044978
333,Southbound Se 35th Street @ SE 18th Avenue,29.634792,-82.280864,14,7,unknown,12001000700,12.619426751592359,21.483491632745363
1065,Tower Oaks Glenn Apartments,29.63481,-82.414381,38,"52,75",none,12001002218,15.250836120401337,8.166317678731678
34,Direct Insurance @ Archer Road,29.627581,-82.371198,100,"1,38",none,12001001515,9.413369713506139,5.387755102040816
1407,Eastbound SW 24th AVE @ SW 76th ST,29.630418,-82.423629,21,"52,76",none,12001002221,0.8246527777777778,16.533758639021798
581,Southbound NE 25th Street @ NE 3rd Place,29.654395,-82.292408,17,11,unknown,12001000600,20.242214532871973,17.217034843999087
727,Oasis Carwash,29.688606,-82.327849,23,15,none,12001000302,11.592076302274394,26.838966202783297
