{
"type": "FeatureCollection",
"name": "stops",
"crs": { "type": "name", "properties": { "name": "urn:ogc:def:crs:OGC:1.3:CRS84" } },
"features": [
{ "type": "Feature", "properties": { "stop_id": "346", "stop_name": "Westbound E University Avenue @ SE 21st Street", "stop_lat": 29.652022, "stop_lon": -82.297479 }, "geometry": { "type": "Point", "coordinates": [ -82.297479, 29.652022 ] } },
{ "type": "Feature", "properties": { "stop_id": "1116", "stop_name": "Valwood Neighborhood", "stop_lat": 29.604319, "stop_lon": -82.422747 }, "geometry": { "type": "Point", "coordinates": [ -82.422747, 29.604319 ] } },
{ "type": "Feature", "properties": { "stop_id": "1543", "stop_name": "NW 2nd St @ NW 16th Ave Northbound", "stop_lat": 29.666315, "stop_lon": -82.326527 }, "geometry": { "type": "Point", "coordinates": [ -82.326527, 29.666315 ] } },
{ "type": "Feature", "properties": { "stop_id": "194", "stop_name": "Eastbound SW 2nd Avenue @ SW 26th Street", "stop_lat": 29.650347, "stop_lon": -82.361278 }, "geometry": { "type": "Point", "coordinates": [ -82.361278, 29.650347 ] } },
{ "type": "Feature", "properties": { "stop_id": "1608", "stop_name": "Shell Rock Villas", "stop_lat": 29.644497, "stop_lon": -82.409208 }, "geometry": { "type": "Point", "coordinates": [ -82.409208, 29.644497 ] } },
{ "type": "Feature", "properties": { "stop_id": "1290", "stop_name": "Alachua County Courthouse", "stop_lat": 29.650198, "stop_lon": -82.325153 }, "geometry": { "type": "Point", "coordinates": [ -82.325153, 29.650198 ] } },
{ "type": "Feature", "properties": { "stop_id": "300", "stop_name": "Fast Eddie's Restaurant", "stop_lat": 29.650775, "stop_lon": -82.305763 }, "geometry": { "type": "Point", "coordinates": [ -82.305763, 29.650775 ] } },
{ "type": "Feature", "properties": { "stop_id": "381", "stop_name": "Altrusa House of Gainesville", "stop_lat": 29.685711, "stop_lon": -82.349514 }, "geometry": { "type": "Point", "coordinates": [ -82.349514, 29.685711 ] } },
{ "type": "Feature", "properties": { "stop_id": "187", "stop_name": "Community Foundation of North Central Florida", "stop_lat": 29.653333, "stop_lon": -82.383899 }, "geometry": { "type": "Point", "coordinates": [ -82.383899, 29.653333 ] } },
{ "type": "Feature", "properties": { "stop_id": "1557", "stop_name": "The Ridge @ SW 38th TER northbound", "stop_lat": 29.631626, "stop_lon": -82.380875 }, "geometry": { "type": "Point", "coordinates": [ -82.380875, 29.631626 ] } },
{ "type": "Feature", "properties": { "stop_id": "1506", "stop_name": "The Trophy Shop", "stop_lat": 29.657597, "stop_lon": -82.338892 }, "geometry": { "type": "Point", "coordinates": [ -82.338892, 29.657597 ] } },
{ "type": "Feature", "properties": { "stop_id": "157", "stop_name": "Westgate Shopping Center", "stop_lat": 29.652293, "stop_lon": -82.369628 }, "geometry": { "type": "Point", "coordinates": [ -82.369628, 29.652293 ] } },
{ "type": "Feature", "properties": { "stop_id": "111", "stop_name": "Southbound SE 15th Street @ SE 4th Avenue", "stop_lat": 29.648383, "stop_lon": -82.305943 }, "geometry": { "type": "Point", "coordinates": [ -82.305943, 29.648383 ] } },
{ "type": "Feature", "properties": { "stop_id": "436", "stop_name": "Applebee's @ NW 13th Street", "stop_lat": 29.661331, "stop_lon": -82.339275 }, "geometry": { "type": "Point", "coordinates": [ -82.339275, 29.661331 ] } },
{ "type": "Feature", "properties": { "stop_id": "518", "stop_name": "Santa Fe College @ NW 83rd Street", "stop_lat": 29.675243, "stop_lon": -82.430108 }, "geometry": { "type": "Point", "coordinates": [ -82.430108, 29.675243 ] } },
{ "type": "Feature", "properties": { "stop_id": "1169", "stop_name": "Northwood Pines Neighborhood", "stop_lat": 29.704958, "stop_lon": -82.359975 }, "geometry": { "type": "Point", "coordinates": [ -82.359975, 29.704958 ] } },
{ "type": "Feature", "properties": { "stop_id": "1056", "stop_name": "Linton Oaks Neighborhood", "stop_lat": 29.640571, "stop_lon": -82.407144 }, "geometry": { "type": "Point", "coordinates": [ -82.407144, 29.640571 ] } },
{ "type": "Feature", "properties": { "stop_id": "150", "stop_name": "University Lutheran Church", "stop_lat": 29.652182, "stop_lon": -82.347693 }, "geometry": { "type": "Point", "coordinates": [ -82.347693, 29.652182 ] } },
{ "type": "Feature", "properties": { "stop_id": "528", "stop_name": "Northwest Baptist Church", "stop_lat": 29.674028, "stop_lon": -82.401846 }, "geometry": { "type": "Point", "coordinates": [ -82.401846, 29.674028 ] } },
{ "type": "Feature", "properties": { "stop_id": "535", "stop_name": "B'Nai Israel School & Day Care", "stop_lat": 29.670727, "stop_lon": -82.381721 }, "geometry": { "type": "Point", "coordinates": [ -82.381721, 29.670727 ] } },
{ "type": "Feature", "properties": { "stop_id": "461", "stop_name": "University Club Apartments", "stop_lat": 29.625831, "stop_lon": -82.356333 }, "geometry": { "type": "Point", "coordinates": [ -82.356333, 29.625831 ] } },
{ "type": "Feature", "properties": { "stop_id": "1475", "stop_name": "President's Park", "stop_lat": 29.65054, "stop_lon": -82.355435 }, "geometry": { "type": "Point", "coordinates": [ -82.355435, 29.65054 ] } },
{ "type": "Feature", "properties": { "stop_id": "773", "stop_name": "Arbor Park Apartments", "stop_lat": 29.636143, "stop_lon": -82.329123 }, "geometry": { "type": "Point", "coordinates": [ -82.329123, 29.636143 ] } },
{ "type": "Feature", "properties": { "stop_id": "1427", "stop_name": "Holy Faith Catholic Church", "stop_lat": 29.658408, "stop_lon": -82.389177 }, "geometry": { "type": "Point", "coordinates": [ -82.389177, 29.658408 ] } },
{ "type": "Feature", "properties": { "stop_id": "1141", "stop_name": "Wilmot Gardens", "stop_lat": 29.639388, "stop_lon": -82.349715 }, "geometry": { "type": "Point", "coordinates": [ -82.349715, 29.639388 ] } },
{ "type": "Feature", "properties": { "stop_id": "709", "stop_name": "McCoy Court Apartments", "stop_lat": 29.672836, "stop_lon": -82.319684 }, "geometry": { "type": "Point", "coordinates": [ -82.319684, 29.672836 ] } },
{ "type": "Feature", "properties": { "stop_id": "46", "stop_name": "Beaty Towers", "stop_lat": 29.644707, "stop_lon": -82.34082 }, "geometry": { "type": "Point", "coordinates": [ -82.34082, 29.644707 ] } },
{ "type": "Feature", "properties": { "stop_id": "932", "stop_name": "UF Law School", "stop_lat": 29.650455, "stop_lon": -82.359095 }, "geometry": { "type": "Point", "coordinates": [ -82.359095, 29.650455 ] } },
{ "type": "Feature", "properties": { "stop_id": "252", "stop_name": "Plaza Verde - NW 23rd Avenue", "stop_lat": 29.673883, "stop_lon": -82.341767 }, "geometry": { "type": "Point", "coordinates": [ -82.341767, 29.673883 ] } },
{ "type": "Feature", "properties": { "stop_id": "1494", "stop_name": "NE 15th St @ NE 20th Pl", "stop_lat": 29.67179, "stop_lon": -82.305762 }, "geometry": { "type": "Point", "coordinates": [ -82.305762, 29.67179 ] } },
{ "type": "Feature", "properties": { "stop_id": "206", "stop_name": "AT&T Building", "stop_lat": 29.651934, "stop_lon": -82.328047 }, "geometry": { "type": "Point", "coordinates": [ -82.328047, 29.651934 ] } },
{ "type": "Feature", "properties": { "stop_id": "979", "stop_name": "Landmark Woods Neighborhood", "stop_lat": 29.663281, "stop_lon": -82.388917 }, "geometry": { "type": "Point", "coordinates": [ -82.388917, 29.663281 ] } },
{ "type": "Feature", "properties": { "stop_id": "369", "stop_name": "CVS @ NW 13th Street", "stop_lat": 29.6664, "stop_lon": -82.339045 }, "geometry": { "type": "Point", "coordinates": [ -82.339045, 29.6664 ] } },
{ "type": "Feature", "properties": { "stop_id": "697", "stop_name": "Masonic Temple", "stop_lat": 29.653697, "stop_lon": -82.324896 }, "geometry": { "type": "Point", "coordinates": [ -82.324896, 29.653697 ] } },
{ "type": "Feature", "properties": { "stop_id": "521", "stop_name": "Santa Fe College", "stop_lat": 29.67778, "stop_lon": -82.430533 }, "geometry": { "type": "Point", "coordinates": [ -82.430533, 29.67778 ] } },
{ "type": "Feature", "properties": { "stop_id": "1483", "stop_name": "aloft Hotel @ Hull Rd Eastbound", "stop_lat": 29.637276, "stop_lon": -82.377895 }, "geometry": { "type": "Point", "coordinates": [ -82.377895, 29.637276 ] } },
{ "type": "Feature", "properties": { "stop_id": "1553", "stop_name": "Health Department", "stop_lat": 29.649168, "stop_lon": -82.293379 }, "geometry": { "type": "Point", "coordinates": [ -82.293379, 29.649168 ] } },
{ "type": "Feature", "properties": { "stop_id": "537", "stop_name": "Willowcroft Neighborhood", "stop_lat": 29.667381, "stop_lon": -82.374398 }, "geometry": { "type": "Point", "coordinates": [ -82.374398, 29.667381 ] } },
{ "type": "Feature", "properties": { "stop_id": "599", "stop_name": "Morningside Nature Center", "stop_lat": 29.651983, "stop_lon": -82.279959 }, "geometry": { "type": "Point", "coordinates": [ -82.279959, 29.651983 ] } },
{ "type": "Feature", "properties": { "stop_id": "1397", "stop_name": "Westbound SW 24th Ave @ SW 61st St", "stop_lat": 29.639833, "stop_lon": -82.406425 }, "geometry": { "type": "Point", "coordinates": [ -82.406425, 29.639833 ] } },
{ "type": "Feature", "properties": { "stop_id": "1341", "stop_name": "Enclave 4", "stop_lat": 29.622783, "stop_lon": -82.366766 }, "geometry": { "type": "Point", "coordinates": [ -82.366766, 29.622783 ] } },
{ "type": "Feature", "properties": { "stop_id": "1253", "stop_name": "Graham Hall", "stop_lat": 29.64581, "stop_lon": -82.350257 }, "geometry": { "type": "Point", "coordinates": [ -82.350257, 29.64581 ] } },
{ "type": "Feature", "properties": { "stop_id": "1623", "stop_name": "SW 6th St nearside SW 5th Ave (southbound)", "stop_lat": 29.6476299, "stop_lon": -82.3313561 }, "geometry": { "type": "Point", "coordinates": [ -82.3313561, 29.6476299 ] } },
{ "type": "Feature", "properties": { "stop_id": "442", "stop_name": "Southbound SW 13th Street @ Inner Road", "stop_lat": 29.647665, "stop_lon": -82.339517 }, "geometry": { "type": "Point", "coordinates": [ -82.339517, 29.647665 ] } },
{ "type": "Feature", "properties": { "stop_id": "794", "stop_name": "Sai Quick Stop", "stop_lat": 29.636379, "stop_lon": -82.338066 }, "geometry": { "type": "Point", "coordinates": [ -82.338066, 29.636379 ] } },
{ "type": "Feature", "properties": { "stop_id": "1486", "stop_name": "Campus Circle Apartments", "stop_lat": 29.636794, "stop_lon": -82.380966 }, "geometry": { "type": "Point", "coordinates": [ -82.380966, 29.636794 ] } },
{ "type": "Feature", "properties": { "stop_id": "1261", "stop_name": "Gardenia Garden Apartments", "stop_lat": 29.659264, "stop_lon": -82.302637 }, "geometry": { "type": "Point", "coordinates": [ -82.302637, 29.659264 ] } },
{ "type": "Feature", "properties": { "stop_id": "241", "stop_name": "Grace Presbyterian Church", "stop_lat": 29.681354, "stop_lon": -82.339209 }, "geometry": { "type": "Point", "coordinates": [ -82.339209, 29.681354 ] } },
{ "type": "Feature", "properties": { "stop_id": "757", "stop_name": "Pointe 23 Apartments", "stop_lat": 29.673966, "stop_lon": -82.317613 }, "geometry": { "type": "Point", "coordinates": [ -82.317613, 29.673966 ] } },
{ "type": "Feature", "properties": { "stop_id": "736", "stop_name": "Wesley United Methodist Church", "stop_lat": 29.674021, "stop_lon": -82.33484 }, "geometry": { "type": "Point", "coordinates": [ -82.33484, 29.674021 ] } },
{ "type": "Feature", "properties": { "stop_id": "226", "stop_name": "Oak Gate Apartments", "stop_lat": 29.6787889, "stop_lon": -82.3306919 }, "geometry": { "type": "Point", "coordinates": [ -82.3306919, 29.6787889 ] } },
{ "type": "Feature", "properties": { "stop_id": "769", "stop_name": "The Collier Companies", "stop_lat": 29.653764, "stop_lon": -82.325126 }, "geometry": { "type": "Point", "coordinates": [ -82.325126, 29.653764 ] } },
{ "type": "Feature", "properties": { "stop_id": "1547", "stop_name": "Sam's Club", "stop_lat": 29.623178, "stop_lon": -82.383566 }, "geometry": { "type": "Point", "coordinates": [ -82.383566, 29.623178 ] } },
{ "type": "Feature", "properties": { "stop_id": "414", "stop_name": "Barnhill Clinic", "stop_lat": 29.702597, "stop_lon": -82.365593 }, "geometry": { "type": "Point", "coordinates": [ -82.365593, 29.702597 ] } },
{ "type": "Feature", "properties": { "stop_id": "508", "stop_name": "NW 23rd Ave NW 43rd St", "stop_lat": 29.673621, "stop_lon": -82.387664 }, "geometry": { "type": "Point", "coordinates": [ -82.387664, 29.673621 ] } },
{ "type": "Feature", "properties": { "stop_id": "444", "stop_name": "University Housing Office", "stop_lat": 29.643892, "stop_lon": -82.339427 }, "geometry": { "type": "Point", "coordinates": [ -82.339427, 29.643892 ] } },
{ "type": "Feature", "properties": { "stop_id": "259", "stop_name": "ALDI Food Market", "stop_lat": 29.687607, "stop_lon": -82.338857 }, "geometry": { "type": "Point", "coordinates": [ -82.338857, 29.687607 ] } },
{ "type": "Feature", "properties": { "stop_id": "1498", "stop_name": "NE 15th St @ NE 3rd Ave Farside", "stop_lat": 29.65342, "stop_lon": -82.305914 }, "geometry": { "type": "Point", "coordinates": [ -82.305914, 29.65342 ] } },
{ "type": "Feature", "properties": { "stop_id": "695", "stop_name": "Oakbrook Walk Condominiums", "stop_lat": 29.6383072, "stop_lon": -82.3392012 }, "geometry": { "type": "Point", "coordinates": [ -82.3392012, 29.6383072 ] } },
{ "type": "Feature", "properties": { "stop_id": "1114", "stop_name": "Haile Plantation Neighborhood", "stop_lat": 29.609472, "stop_lon": -82.422687 }, "geometry": { "type": "Point", "coordinates": [ -82.422687, 29.609472 ] } },
{ "type": "Feature", "properties": { "stop_id": "1139", "stop_name": "Casablanca Apartments", "stop_lat": 29.619912, "stop_lon": -82.361263 }, "geometry": { "type": "Point", "coordinates": [ -82.361263, 29.619912 ] } },
{ "type": "Feature", "properties": { "stop_id": "1352", "stop_name": "Colonial Oaks", "stop_lat": 29.6330892, "stop_lon": -82.3892534 }, "geometry": { "type": "Point", "coordinates": [ -82.3892534, 29.6330892 ] } },
{ "type": "Feature", "properties": { "stop_id": "590", "stop_name": "Southbound SE 43rd Street @ E University Avenue", "stop_lat": 29.650918, "stop_lon": -82.272493 }, "geometry": { "type": "Point", "coordinates": [ -82.272493, 29.650918 ] } },
{ "type": "Feature", "properties": { "stop_id": "1064", "stop_name": "Treebecka Park Apartments", "stop_lat": 29.638507, "stop_lon": -82.411938 }, "geometry": { "type": "Point", "coordinates": [ -82.411938, 29.638507 ] } },
{ "type": "Feature", "properties": { "stop_id": "1323", "stop_name": "College Manor Apartments", "stop_lat": 29.650334, "stop_lon": -82.337801 }, "geometry": { "type": "Point", "coordinates": [ -82.337801, 29.650334 ] } },
{ "type": "Feature", "properties": { "stop_id": "1311", "stop_name": "Depot Ave Farside SW 3rd St", "stop_lat": 29.6440734, "stop_lon": -82.3284536 }, "geometry": { "type": "Point", "coordinates": [ -82.3284536, 29.6440734 ] } },
{ "type": "Feature", "properties": { "stop_id": "681", "stop_name": "US 441 South", "stop_lat": 29.607556, "stop_lon": -82.342145 }, "geometry": { "type": "Point", "coordinates": [ -82.342145, 29.607556 ] } },
{ "type": "Feature", "properties": { "stop_id": "987", "stop_name": "Millhopper Branch Library", "stop_lat": 29.682029, "stop_lon": -82.388843 }, "geometry": { "type": "Point", "coordinates": [ -82.388843, 29.682029 ] } },
{ "type": "Feature", "properties": { "stop_id": "216", "stop_name": "Gainesville Police Department", "stop_lat": 29.659244, "stop_lon": -82.330767 }, "geometry": { "type": "Point", "coordinates": [ -82.330767, 29.659244 ] } },
{ "type": "Feature", "properties": { "stop_id": "39", "stop_name": "The Bartram Apartments", "stop_lat": 29.633696, "stop_lon": -82.358195 }, "geometry": { "type": "Point", "coordinates": [ -82.358195, 29.633696 ] } },
{ "type": "Feature", "properties": { "stop_id": "1501", "stop_name": "NE 15th St @ NE 8th Ave", "stop_lat": 29.659135, "stop_lon": -82.305768 }, "geometry": { "type": "Point", "coordinates": [ -82.305768, 29.659135 ] } },
{ "type": "Feature", "properties": { "stop_id": "1471", "stop_name": "Westgate Plaza", "stop_lat": 29.65216, "stop_lon": -82.369357 }, "geometry": { "type": "Point", "coordinates": [ -82.369357, 29.65216 ] } },
{ "type": "Feature", "properties": { "stop_id": "467", "stop_name": "Cancer and Genetics Research", "stop_lat": 29.638769, "stop_lon": -82.351411 }, "geometry": { "type": "Point", "coordinates": [ -82.351411, 29.638769 ] } },
{ "type": "Feature", "properties": { "stop_id": "725", "stop_name": "Southeast Car Agency", "stop_lat": 29.688578, "stop_lon": -82.322195 }, "geometry": { "type": "Point", "coordinates": [ -82.322195, 29.688578 ] } },
{ "type": "Feature", "properties": { "stop_id": "853", "stop_name": "Northbound SE 11th Street @ SE 2nd Avenue", "stop_lat": 29.649885, "stop_lon": -82.311313 }, "geometry": { "type": "Point", "coordinates": [ -82.311313, 29.649885 ] } },
{ "type": "Feature", "properties": { "stop_id": "579", "stop_name": "Southbound NE 25th Street @ NE 6th Avenue", "stop_lat": 29.656705, "stop_lon": -82.292423 }, "geometry": { "type": "Point", "coordinates": [ -82.292423, 29.656705 ] } },
{ "type": "Feature", "properties": { "stop_id": "363", "stop_name": "SW 13th Street & W University Avenue", "stop_lat": 29.651483, "stop_lon": -82.339199 }, "geometry": { "type": "Point", "coordinates": [ -82.339199, 29.651483 ] } },
{ "type": "Feature", "properties": { "stop_id": "1034", "stop_name": "Madison Cove Apartments", "stop_lat": 29.609477, "stop_lon": -82.401452 }, "geometry": { "type": "Point", "coordinates": [ -82.401452, 29.609477 ] } },
{ "type": "Feature", "properties": { "stop_id": "789", "stop_name": "Sun Bay Apartments", "stop_lat": 29.6366194, "stop_lon": -82.3324711 }, "geometry": { "type": "Point", "coordinates": [ -82.3324711, 29.6366194 ] } },
{ "type": "Feature", "properties": { "stop_id": "687", "stop_name": "Bivens Cove Apartments", "stop_lat": 29.622049, "stop_lon": -82.339557 }, "geometry": { "type": "Point", "coordinates": [ -82.339557, 29.622049 ] } },
{ "type": "Feature", "properties": { "stop_id": "1472", "stop_name": "Mavis Tires", "stop_lat": 29.651788, "stop_lon": -82.376171 }, "geometry": { "type": "Point", "coordinates": [ -82.376171, 29.651788 ] } },
{ "type": "Feature", "properties": { "stop_id": "317", "stop_name": "Northbound SE 35th Street @ SE 18th Ave", "stop_lat": 29.634715, "stop_lon": -82.280703 }, "geometry": { "type": "Point", "coordinates": [ -82.280703, 29.634715 ] } },
{ "type": "Feature", "properties": { "stop_id": "181", "stop_name": "Millpond Apartments", "stop_lat": 29.657733, "stop_lon": -82.395924 }, "geometry": { "type": "Point", "coordinates": [ -82.395924, 29.657733 ] } },
{ "type": "Feature", "properties": { "stop_id": "275", "stop_name": "NW 6th St @ NW 22nd Ave", "stop_lat": 29.67277, "stop_lon": -82.330886 }, "geometry": { "type": "Point", "coordinates": [ -82.330886, 29.67277 ] } },
{ "type": "Feature", "properties": { "stop_id": "796", "stop_name": "Sun Bay Apartments", "stop_lat": 29.636394, "stop_lon": -82.332541 }, "geometry": { "type": "Point", "coordinates": [ -82.332541, 29.636394 ] } },
{ "type": "Feature", "properties": { "stop_id": "195", "stop_name": "University of Florida Law School", "stop_lat": 29.650334, "stop_lon": -82.358847 }, "geometry": { "type": "Point", "coordinates": [ -82.358847, 29.650334 ] } },
{ "type": "Feature", "properties": { "stop_id": "561", "stop_name": "Eastbound NE 8th Avenue @ NE 11th Street", "stop_lat": 29.659281, "stop_lon": -82.311524 }, "geometry": { "type": "Point", "coordinates": [ -82.311524, 29.659281 ] } },
{ "type": "Feature", "properties": { "stop_id": "997", "stop_name": "Robin Lane Neighborhood", "stop_lat": 29.688894, "stop_lon": -82.422122 }, "geometry": { "type": "Point", "coordinates": [ -82.422122, 29.688894 ] } },
{ "type": "Feature", "properties": { "stop_id": "1101", "stop_name": "Tower Plaza", "stop_lat": 29.658162, "stop_lon": -82.422504 }, "geometry": { "type": "Point", "coordinates": [ -82.422504, 29.658162 ] } },
{ "type": "Feature", "properties": { "stop_id": "988", "stop_name": "Monterey Apartments", "stop_lat": 29.685112, "stop_lon": -82.388816 }, "geometry": { "type": "Point", "coordinates": [ -82.388816, 29.685112 ] } },
{ "type": "Feature", "properties": { "stop_id": "463", "stop_name": "University Commons", "stop_lat": 29.63073, "stop_lon": -82.361441 }, "geometry": { "type": "Point", "coordinates": [ -82.361441, 29.63073 ] } },
{ "type": "Feature", "properties": { "stop_id": "545", "stop_name": "NW 16th Ave @ NW 17th St", "stop_lat": 29.666583, "stop_lon": -82.344558 }, "geometry": { "type": "Point", "coordinates": [ -82.344558, 29.666583 ] } },
{ "type": "Feature", "properties": { "stop_id": "477", "stop_name": "Cancer & Genetics Research Center", "stop_lat": 29.638915, "stop_lon": -82.351413 }, "geometry": { "type": "Point", "coordinates": [ -82.351413, 29.638915 ] } },
{ "type": "Feature", "properties": { "stop_id": "663", "stop_name": "UF Health Pediatric ER", "stop_lat": 29.641034, "stop_lon": -82.342661 }, "geometry": { "type": "Point", "coordinates": [ -82.342661, 29.641034 ] } },
{ "type": "Feature", "properties": { "stop_id": "486", "stop_name": "Gator Place Condominiums", "stop_lat": 29.619053, "stop_lon": -82.355743 }, "geometry": { "type": "Point", "coordinates": [ -82.355743, 29.619053 ] } },
{ "type": "Feature", "properties": { "stop_id": "1627", "stop_name": "SW 32nd Road @ The Vibe (Eastbound)", "stop_lat": 29.6230419, "stop_lon": -82.3922737 }, "geometry": { "type": "Point", "coordinates": [ -82.3922737, 29.6230419 ] } },
{ "type": "Feature", "properties": { "stop_id": "424", "stop_name": "Girls Place of Alachua County", "stop_lat": 29.688408, "stop_lon": -82.351597 }, "geometry": { "type": "Point", "coordinates": [ -82.351597, 29.688408 ] } },
{ "type": "Feature", "properties": { "stop_id": "1003", "stop_name": "The Arc", "stop_lat": 29.683896, "stop_lon": -82.430216 }, "geometry": { "type": "Point", "coordinates": [ -82.430216, 29.683896 ] } },
{ "type": "Feature", "properties": { "stop_id": "92", "stop_name": "Lincoln Estates", "stop_lat": 29.644442, "stop_lon": -82.299354 }, "geometry": { "type": "Point", "coordinates": [ -82.299354, 29.644442 ] } },
{ "type": "Feature", "properties": { "stop_id": "1085", "stop_name": "The Gardens Apartments", "stop_lat": 29.65307, "stop_lon": -82.422247 }, "geometry": { "type": "Point", "coordinates": [ -82.422247, 29.65307 ] } },
{ "type": "Feature", "properties": { "stop_id": "37", "stop_name": "Brandywine Apartments", "stop_lat": 29.630368, "stop_lon": -82.365366 }, "geometry": { "type": "Point", "coordinates": [ -82.365366, 29.630368 ] } },
{ "type": "Feature", "properties": { "stop_id": "1611", "stop_name": "NW 2nd Lane @ NW 140th Way", "stop_lat": 29.655991, "stop_lon": -82.490203 }, "geometry": { "type": "Point", "coordinates": [ -82.490203, 29.655991 ] } },
{ "type": "Feature", "properties": { "stop_id": "685", "stop_name": "The Landings Apartments", "stop_lat": 29.618673, "stop_lon": -82.340078 }, "geometry": { "type": "Point", "coordinates": [ -82.340078, 29.618673 ] } },
{ "type": "Feature", "properties": { "stop_id": "840", "stop_name": "Hilton University of Florida Conference Center", "stop_lat": 29.637361, "stop_lon": -82.372355 }, "geometry": { "type": "Point", "coordinates": [ -82.372355, 29.637361 ] } },
{ "type": "Feature", "properties": { "stop_id": "430", "stop_name": "Misty Oaks Apartments", "stop_lat": 29.681387, "stop_lon": -82.351572 }, "geometry": { "type": "Point", "coordinates": [ -82.351572, 29.681387 ] } },
{ "type": "Feature", "properties": { "stop_id": "977", "stop_name": "Millennium Center", "stop_lat": 29.65644, "stop_lon": -82.38993 }, "geometry": { "type": "Point", "coordinates": [ -82.38993, 29.65644 ] } },
{ "type": "Feature", "properties": { "stop_id": "391", "stop_name": "Gethsemane Lutheran Church", "stop_lat": 29.691353, "stop_lon": -82.372205 }, "geometry": { "type": "Point", "coordinates": [ -82.372205, 29.691353 ] } },
{ "type": "Feature", "properties": { "stop_id": "758", "stop_name": "David's BBQ", "stop_lat": 29.672851, "stop_lon": -82.319841 }, "geometry": { "type": "Point", "coordinates": [ -82.319841, 29.672851 ] } },
{ "type": "Feature", "properties": { "stop_id": "517", "stop_name": "Shenandoah Neighborhood", "stop_lat": 29.674211, "stop_lon": -82.425049 }, "geometry": { "type": "Point", "coordinates": [ -82.425049, 29.674211 ] } },
{ "type": "Feature", "properties": { "stop_id": "367", "stop_name": "Xerographic Copy Center", "stop_lat": 29.661041, "stop_lon": -82.339065 }, "geometry": { "type": "Point", "coordinates": [ -82.339065, 29.661041 ] } },
{ "type": "Feature", "properties": { "stop_id": "748", "stop_name": "Fearnside Family Services Center", "stop_lat": 29.686575, "stop_lon": -82.30585 }, "geometry": { "type": "Point", "coordinates": [ -82.30585, 29.686575 ] } },
{ "type": "Feature", "properties": { "stop_id": "630", "stop_name": "Southbound NE 9th Street @ NE 3rd Avenue", "stop_lat": 29.65409, "stop_lon": -82.314813 }, "geometry": { "type": "Point", "coordinates": [ -82.314813, 29.65409 ] } },
{ "type": "Feature", "properties": { "stop_id": "413", "stop_name": "Northwood Oaks Neighborhood", "stop_lat": 29.704084, "stop_lon": -82.362233 }, "geometry": { "type": "Point", "coordinates": [ -82.362233, 29.704084 ] } },
{ "type": "Feature", "properties": { "stop_id": "1454", "stop_name": "Northeast Park", "stop_lat": 29.666505, "stop_lon": -82.319449 }, "geometry": { "type": "Point", "coordinates": [ -82.319449, 29.666505 ] } },
{ "type": "Feature", "properties": { "stop_id": "192", "stop_name": "UF Golf Course", "stop_lat": 29.650343, "stop_lon": -82.367421 }, "geometry": { "type": "Point", "coordinates": [ -82.367421, 29.650343 ] } },
{ "type": "Feature", "properties": { "stop_id": "1343", "stop_name": "Northside Park and Senior Recreational Center", "stop_lat": 29.707923, "stop_lon": -82.354454 }, "geometry": { "type": "Point", "coordinates": [ -82.354454, 29.707923 ] } },
{ "type": "Feature", "properties": { "stop_id": "1430", "stop_name": "NE 39th Ave @ Waldo Rd", "stop_lat": 29.685182, "stop_lon": -82.289826 }, "geometry": { "type": "Point", "coordinates": [ -82.289826, 29.685182 ] } },
{ "type": "Feature", "properties": { "stop_id": "865", "stop_name": "Department of Children and Families", "stop_lat": 29.666487, "stop_lon": -82.313521 }, "geometry": { "type": "Point", "coordinates": [ -82.313521, 29.666487 ] } },
{ "type": "Feature", "properties": { "stop_id": "449", "stop_name": "Hideaway Apartments", "stop_lat": 29.613497, "stop_lon": -82.362054 }, "geometry": { "type": "Point", "coordinates": [ -82.362054, 29.613497 ] } },
{ "type": "Feature", "properties": { "stop_id": "375", "stop_name": "Brook Wood Terrace Neighborhood", "stop_lat": 29.676457, "stop_lon": -82.347891 }, "geometry": { "type": "Point", "coordinates": [ -82.347891, 29.676457 ] } },
{ "type": "Feature", "properties": { "stop_id": "1621", "stop_name": "SW 8th Ave @ Nearside SW 67th Terr", "stop_lat": 29.6450466, "stop_lon": -82.4148202 }, "geometry": { "type": "Point", "coordinates": [ -82.4148202, 29.6450466 ] } },
{ "type": "Feature", "properties": { "stop_id": "562", "stop_name": "Sunny Food Mart", "stop_lat": 29.659271, "stop_lon": -82.310291 }, "geometry": { "type": "Point", "coordinates": [ -82.310291, 29.659271 ] } },
{ "type": "Feature", "properties": { "stop_id": "1145", "stop_name": "Fraternity Row II across Springs", "stop_lat": 29.6483148, "stop_lon": -82.3575968 }, "geometry": { "type": "Point", "coordinates": [ -82.3575968, 29.6483148 ] } },
{ "type": "Feature", "properties": { "stop_id": "282", "stop_name": "D.R. Williams Fellowship Hall", "stop_lat": 29.656663, "stop_lon": -82.330881 }, "geometry": { "type": "Point", "coordinates": [ -82.330881, 29.656663 ] } },
{ "type": "Feature", "properties": { "stop_id": "453", "stop_name": "Windsor Park Apartments", "stop_lat": 29.617383, "stop_lon": -82.362563 }, "geometry": { "type": "Point", "coordinates": [ -82.362563, 29.617383 ] } },
{ "type": "Feature", "properties": { "stop_id": "1568", "stop_name": "The Lark Apartments", "stop_lat": 29.6400117, "stop_lon": -82.3391741 }, "geometry": { "type": "Point", "coordinates": [ -82.3391741, 29.6400117 ] } },
{ "type": "Feature", "properties": { "stop_id": "1453", "stop_name": "St. Patrick Catholic Church", "stop_lat": 29.666624, "stop_lon": -82.319375 }, "geometry": { "type": "Point", "coordinates": [ -82.319375, 29.666624 ] } },
{ "type": "Feature", "properties": { "stop_id": "856", "stop_name": "UF Health Family Medicine Eastside Northbound", "stop_lat": 29.655015, "stop_lon": -82.309276 }, "geometry": { "type": "Point", "coordinates": [ -82.309276, 29.655015 ] } },
{ "type": "Feature", "properties": { "stop_id": "1108", "stop_name": "Sunrise Subdivision (Southbound)", "stop_lat": 29.635111, "stop_lon": -82.4225495 }, "geometry": { "type": "Point", "coordinates": [ -82.4225495, 29.635111 ] } },
{ "type": "Feature", "properties": { "stop_id": "22", "stop_name": "Country Village", "stop_lat": 29.632046, "stop_lon": -82.362534 }, "geometry": { "type": "Point", "coordinates": [ -82.362534, 29.632046 ] } },
{ "type": "Feature", "properties": { "stop_id": "684", "stop_name": "UF Health Florida Recovery Center", "stop_lat": 29.615715, "stop_lon": -82.340479 }, "geometry": { "type": "Point", "coordinates": [ -82.340479, 29.615715 ] } },
{ "type": "Feature", "properties": { "stop_id": "1489", "stop_name": "Village Point 4", "stop_lat": 29.637488, "stop_lon": -82.378817 }, "geometry": { "type": "Point", "coordinates": [ -82.378817, 29.637488 ] } },
{ "type": "Feature", "properties": { "stop_id": "934", "stop_name": "Campus Church of Christ", "stop_lat": 29.650428, "stop_lon": -82.36276 }, "geometry": { "type": "Point", "coordinates": [ -82.36276, 29.650428 ] } },
{ "type": "Feature", "properties": { "stop_id": "775", "stop_name": "Sweetwater on 16th Apartments", "stop_lat": 29.630299, "stop_lon": -82.324122 }, "geometry": { "type": "Point", "coordinates": [ -82.324122, 29.630299 ] } },
{ "type": "Feature", "properties": { "stop_id": "531", "stop_name": "Eastbound NW 23rd Avenue @ NW 46th Street", "stop_lat": 29.674028, "stop_lon": -82.392449 }, "geometry": { "type": "Point", "coordinates": [ -82.392449, 29.674028 ] } },
{ "type": "Feature", "properties": { "stop_id": "1440", "stop_name": "Mt. Olive Primitive Baptist Church", "stop_lat": 29.656032, "stop_lon": -82.305922 }, "geometry": { "type": "Point", "coordinates": [ -82.305922, 29.656032 ] } },
{ "type": "Feature", "properties": { "stop_id": "1011", "stop_name": "NW Grille Seafood", "stop_lat": 29.688528, "stop_lon": -82.397711 }, "geometry": { "type": "Point", "coordinates": [ -82.397711, 29.688528 ] } },
{ "type": "Feature", "properties": { "stop_id": "955", "stop_name": "Gainesville Place Apartments", "stop_lat": 29.627328, "stop_lon": -82.370729 }, "geometry": { "type": "Point", "coordinates": [ -82.370729, 29.627328 ] } },
{ "type": "Feature", "properties": { "stop_id": "1391", "stop_name": "Metrocorp Center", "stop_lat": 29.688541, "stop_lon": -82.386885 }, "geometry": { "type": "Point", "coordinates": [ -82.386885, 29.688541 ] } },
{ "type": "Feature", "properties": { "stop_id": "595", "stop_name": "Lake Forest Trails Neighborhood", "stop_lat": 29.646171, "stop_lon": -82.272391 }, "geometry": { "type": "Point", "coordinates": [ -82.272391, 29.646171 ] } },
{ "type": "Feature", "properties": { "stop_id": "1089", "stop_name": "Harbor Cove Apartments", "stop_lat": 29.653187, "stop_lon": -82.414991 }, "geometry": { "type": "Point", "coordinates": [ -82.414991, 29.653187 ] } },
{ "type": "Feature", "properties": { "stop_id": "1057", "stop_name": "Linton Oaks Neighborhood @ SW 61st Street", "stop_lat": 29.643187, "stop_lon": -82.40819 }, "geometry": { "type": "Point", "coordinates": [ -82.40819, 29.643187 ] } },
{ "type": "Feature", "properties": { "stop_id": "743", "stop_name": "Pine Forest Homes", "stop_lat": 29.6883, "stop_lon": -82.322752 }, "geometry": { "type": "Point", "coordinates": [ -82.322752, 29.6883 ] } },
{ "type": "Feature", "properties": { "stop_id": "1600", "stop_name": "Markets West", "stop_lat": 29.6381107, "stop_lon": -82.4211188 }, "geometry": { "type": "Point", "coordinates": [ -82.4211188, 29.6381107 ] } },
{ "type": "Feature", "properties": { "stop_id": "42", "stop_name": "Shands Hospital @ Center Drive", "stop_lat": 29.640844, "stop_lon": -82.346065 }, "geometry": { "type": "Point", "coordinates": [ -82.346065, 29.640844 ] } },
{ "type": "Feature", "properties": { "stop_id": "627", "stop_name": "Southbound NE 9th Street @ NE 7th Avenue", "stop_lat": 29.658631, "stop_lon": -82.314848 }, "geometry": { "type": "Point", "coordinates": [ -82.314848, 29.658631 ] } },
{ "type": "Feature", "properties": { "stop_id": "1549", "stop_name": "Hilton Garden Inn", "stop_lat": 29.623194, "stop_lon": -82.38657 }, "geometry": { "type": "Point", "coordinates": [ -82.38657, 29.623194 ] } },
{ "type": "Feature", "properties": { "stop_id": "98", "stop_name": "SE Hawthorne Rd @ SE 18th St Eastbound", "stop_lat": 29.64879, "stop_lon": -82.301287 }, "geometry": { "type": "Point", "coordinates": [ -82.301287, 29.64879 ] } },
{ "type": "Feature", "properties": { "stop_id": "1306", "stop_name": "Publix at Butler Plaza", "stop_lat": 29.625277, "stop_lon": -82.3788 }, "geometry": { "type": "Point", "coordinates": [ -82.3788, 29.625277 ] } },
{ "type": "Feature", "properties": { "stop_id": "1278", "stop_name": "Northbound Fort Clarke Boulevard @ Eagle Point", "stop_lat": 29.66886, "stop_lon": -82.436905 }, "geometry": { "type": "Point", "coordinates": [ -82.436905, 29.66886 ] } },
{ "type": "Feature", "properties": { "stop_id": "514", "stop_name": "Westbound NW 23rd Avenue @ NW 63rd Terrace", "stop_lat": 29.67424, "stop_lon": -82.410596 }, "geometry": { "type": "Point", "coordinates": [ -82.410596, 29.67424 ] } },
{ "type": "Feature", "properties": { "stop_id": "706", "stop_name": "Wash King", "stop_lat": 29.667191, "stop_lon": -82.321744 }, "geometry": { "type": "Point", "coordinates": [ -82.321744, 29.667191 ] } },
{ "type": "Feature", "properties": { "stop_id": "814", "stop_name": "Pinetree Gardens", "stop_lat": 29.634505, "stop_lon": -82.385202 }, "geometry": { "type": "Point", "coordinates": [ -82.385202, 29.634505 ] } },
{ "type": "Feature", "properties": { "stop_id": "438", "stop_name": "The Gate Food Store @ NW 13th Street", "stop_lat": 29.655937, "stop_lon": -82.339305 }, "geometry": { "type": "Point", "coordinates": [ -82.339305, 29.655937 ] } },
{ "type": "Feature", "properties": { "stop_id": "124", "stop_name": "Lincoln Estates Neighborhood", "stop_lat": 29.641882, "stop_lon": -82.29942 }, "geometry": { "type": "Point", "coordinates": [ -82.29942, 29.641882 ] } },
{ "type": "Feature", "properties": { "stop_id": "1620", "stop_name": "SW 87th Dr @ Nearside SW 27th Ln", "stop_lat": 29.628545, "stop_lon": -82.4360931 }, "geometry": { "type": "Point", "coordinates": [ -82.4360931, 29.628545 ] } },
{ "type": "Feature", "properties": { "stop_id": "182", "stop_name": "Gainesville Health & Fitness", "stop_lat": 29.657274, "stop_lon": -82.394708 }, "geometry": { "type": "Point", "coordinates": [ -82.394708, 29.657274 ] } },
{ "type": "Feature", "properties": { "stop_id": "1267", "stop_name": "University Commons Apartments", "stop_lat": 29.631194, "stop_lon": -82.363243 }, "geometry": { "type": "Point", "coordinates": [ -82.363243, 29.631194 ] } },
{ "type": "Feature", "properties": { "stop_id": "218", "stop_name": "Bailey Village Assisted Living", "stop_lat": 29.663864, "stop_lon": -82.330763 }, "geometry": { "type": "Point", "coordinates": [ -82.330763, 29.663864 ] } },
{ "type": "Feature", "properties": { "stop_id": "1470", "stop_name": "Gainesville Women's Club", "stop_lat": 29.652037, "stop_lon": -82.364712 }, "geometry": { "type": "Point", "coordinates": [ -82.364712, 29.652037 ] } },
{ "type": "Feature", "properties": { "stop_id": "307", "stop_name": "Southeast Gator Liquor @ Hawthorne Road", "stop_lat": 29.644997, "stop_lon": -82.293838 }, "geometry": { "type": "Point", "coordinates": [ -82.293838, 29.644997 ] } },
{ "type": "Feature", "properties": { "stop_id": "1046", "stop_name": "Tower Village Apartments", "stop_lat": 29.612398, "stop_lon": -82.4225 }, "geometry": { "type": "Point", "coordinates": [ -82.4225, 29.612398 ] } },
{ "type": "Feature", "properties": { "stop_id": "670", "stop_name": "Dollar General", "stop_lat": 29.632126, "stop_lon": -82.339524 }, "geometry": { "type": "Point", "coordinates": [ -82.339524, 29.632126 ] } },
{ "type": "Feature", "properties": { "stop_id": "1317", "stop_name": "GRACE Marketplace", "stop_lat": 29.683304, "stop_lon": -82.286191 }, "geometry": { "type": "Point", "coordinates": [ -82.286191, 29.683304 ] } },
{ "type": "Feature", "properties": { "stop_id": "426", "stop_name": "Ridgeview Baptist Church", "stop_lat": 29.685888, "stop_lon": -82.347439 }, "geometry": { "type": "Point", "coordinates": [ -82.347439, 29.685888 ] } },
{ "type": "Feature", "properties": { "stop_id": "1119", "stop_name": "CROM Equipment Rentals", "stop_lat": 29.601707, "stop_lon": -82.415676 }, "geometry": { "type": "Point", "coordinates": [ -82.415676, 29.601707 ] } },
{ "type": "Feature", "properties": { "stop_id": "980", "stop_name": "NW 14th Place @ NW 43rd Street", "stop_lat": 29.665388, "stop_lon": -82.388921 }, "geometry": { "type": "Point", "coordinates": [ -82.388921, 29.665388 ] } },
{ "type": "Feature", "properties": { "stop_id": "237", "stop_name": "Sandy's Boutique", "stop_lat": 29.691988, "stop_lon": -82.339157 }, "geometry": { "type": "Point", "coordinates": [ -82.339157, 29.691988 ] } },
{ "type": "Feature", "properties": { "stop_id": "101", "stop_name": "SE 24th Street - Dollar General Store", "stop_lat": 29.646123, "stop_lon": -82.293768 }, "geometry": { "type": "Point", "coordinates": [ -82.293768, 29.646123 ] } },
{ "type": "Feature", "properties": { "stop_id": "1177", "stop_name": "Fifield Hall", "stop_lat": 29.637721, "stop_lon": -82.362319 }, "geometry": { "type": "Point", "coordinates": [ -82.362319, 29.637721 ] } },
{ "type": "Feature", "properties": { "stop_id": "671", "stop_name": "Lakeshore Towers Apartments", "stop_lat": 29.630324, "stop_lon": -82.33952 }, "geometry": { "type": "Point", "coordinates": [ -82.33952, 29.630324 ] } },
{ "type": "Feature", "properties": { "stop_id": "184", "stop_name": "Alarion Bank", "stop_lat": 29.655819, "stop_lon": -82.390733 }, "geometry": { "type": "Point", "coordinates": [ -82.390733, 29.655819 ] } },
{ "type": "Feature", "properties": { "stop_id": "1351", "stop_name": "Hailey Gardens", "stop_lat": 29.631395, "stop_lon": -82.3892135 }, "geometry": { "type": "Point", "coordinates": [ -82.3892135, 29.631395 ] } },
{ "type": "Feature", "properties": { "stop_id": "2", "stop_name": "Hampton Inn Hotel", "stop_lat": 29.650346, "stop_lon": -82.323804 }, "geometry": { "type": "Point", "coordinates": [ -82.323804, 29.650346 ] } },
{ "type": "Feature", "properties": { "stop_id": "7", "stop_name": "Infinity Hall", "stop_lat": 29.650314, "stop_lon": -82.334603 }, "geometry": { "type": "Point", "coordinates": [ -82.334603, 29.650314 ] } },
{ "type": "Feature", "properties": { "stop_id": "589", "stop_name": "Eastside Plaza", "stop_lat": 29.651755, "stop_lon": -82.277637 }, "geometry": { "type": "Point", "coordinates": [ -82.277637, 29.651755 ] } },
{ "type": "Feature", "properties": { "stop_id": "609", "stop_name": "Mt Carmel Baptist Church", "stop_lat": 29.659145, "stop_lon": -82.292292 }, "geometry": { "type": "Point", "coordinates": [ -82.292292, 29.659145 ] } },
{ "type": "Feature", "properties": { "stop_id": "87", "stop_name": "Lincoln Estate Neighborhood", "stop_lat": 29.640225, "stop_lon": -82.302744 }, "geometry": { "type": "Point", "coordinates": [ -82.302744, 29.640225 ] } },
{ "type": "Feature", "properties": { "stop_id": "811", "stop_name": "Pinnacle Point Apartments", "stop_lat": 29.634114, "stop_lon": -82.377685 }, "geometry": { "type": "Point", "coordinates": [ -82.377685, 29.634114 ] } },
{ "type": "Feature", "properties": { "stop_id": "556", "stop_name": "Northbound NE 9th Street @ E University Avenue", "stop_lat": 29.652402, "stop_lon": -82.314658 }, "geometry": { "type": "Point", "coordinates": [ -82.314658, 29.652402 ] } },
{ "type": "Feature", "properties": { "stop_id": "711", "stop_name": "Chelsea Apartments Eastbound", "stop_lat": 29.67374, "stop_lon": -82.315313 }, "geometry": { "type": "Point", "coordinates": [ -82.315313, 29.67374 ] } },
{ "type": "Feature", "properties": { "stop_id": "1173", "stop_name": "Cultural Plaza", "stop_lat": 29.637573, "stop_lon": -82.368586 }, "geometry": { "type": "Point", "coordinates": [ -82.368586, 29.637573 ] } },
{ "type": "Feature", "properties": { "stop_id": "716", "stop_name": "NE 28th Avenue @ NE 15th Street", "stop_lat": 29.67695, "stop_lon": -82.305731 }, "geometry": { "type": "Point", "coordinates": [ -82.305731, 29.67695 ] } },
{ "type": "Feature", "properties": { "stop_id": "1082", "stop_name": "Sparrow Apartments", "stop_lat": 29.645945, "stop_lon": -82.422326 }, "geometry": { "type": "Point", "coordinates": [ -82.422326, 29.645945 ] } },
{ "type": "Feature", "properties": { "stop_id": "1015", "stop_name": "Southbound NW 43rd Street @ NW 33rd Court", "stop_lat": 29.684033, "stop_lon": -82.389073 }, "geometry": { "type": "Point", "coordinates": [ -82.389073, 29.684033 ] } },
{ "type": "Feature", "properties": { "stop_id": "1081", "stop_name": "Sparrow Apartments", "stop_lat": 29.645235, "stop_lon": -82.420787 }, "geometry": { "type": "Point", "coordinates": [ -82.420787, 29.645235 ] } },
{ "type": "Feature", "properties": { "stop_id": "1479", "stop_name": "Sorrento New Home Community", "stop_lat": 29.703359, "stop_lon": -82.353141 }, "geometry": { "type": "Point", "coordinates": [ -82.353141, 29.703359 ] } },
{ "type": "Feature", "properties": { "stop_id": "419", "stop_name": "NW 39th Avenue @ NW 34th Street", "stop_lat": 29.688514, "stop_lon": -82.371275 }, "geometry": { "type": "Point", "coordinates": [ -82.371275, 29.688514 ] } },
{ "type": "Feature", "properties": { "stop_id": "1319", "stop_name": "Gainesville Regional Airport Outbound", "stop_lat": 29.678967, "stop_lon": -82.276616 }, "geometry": { "type": "Point", "coordinates": [ -82.276616, 29.678967 ] } },
{ "type": "Feature", "properties": { "stop_id": "201", "stop_name": "West University Avenue & SW 12th St", "stop_lat": 29.651961, "stop_lon": -82.337352 }, "geometry": { "type": "Point", "coordinates": [ -82.337352, 29.651961 ] } },
{ "type": "Feature", "properties": { "stop_id": "203", "stop_name": "University of Florida Human Resources", "stop_lat": 29.651962, "stop_lon": -82.333751 }, "geometry": { "type": "Point", "coordinates": [ -82.333751, 29.651962 ] } },
{ "type": "Feature", "properties": { "stop_id": "9", "stop_name": "Campus USA Credit Union", "stop_lat": 29.648011, "stop_lon": -82.3371672 }, "geometry": { "type": "Point", "coordinates": [ -82.3371672, 29.648011 ] } },
{ "type": "Feature", "properties": { "stop_id": "1153", "stop_name": "Tolbert Residence Hall", "stop_lat": 29.6476543, "stop_lon": -82.3498442 }, "geometry": { "type": "Point", "coordinates": [ -82.3498442, 29.6476543 ] } },
{ "type": "Feature", "properties": { "stop_id": "1551", "stop_name": "Social Security Administration", "stop_lat": 29.696799, "stop_lon": -82.339162 }, "geometry": { "type": "Point", "coordinates": [ -82.339162, 29.696799 ] } },
{ "type": "Feature", "properties": { "stop_id": "1054", "stop_name": "Tower Oaks Glenn Apartments", "stop_lat": 29.634887, "stop_lon": -82.414195 }, "geometry": { "type": "Point", "coordinates": [ -82.414195, 29.634887 ] } },
{ "type": "Feature", "properties": { "stop_id": "1389", "stop_name": "Eastbound NW 39th AVE @ NW 37th ST", "stop_lat": 29.688525, "stop_lon": -82.377699 }, "geometry": { "type": "Point", "coordinates": [ -82.377699, 29.688525 ] } },
{ "type": "Feature", "properties": { "stop_id": "279", "stop_name": "Little Warriors Day School", "stop_lat": 29.663883, "stop_lon": -82.331009 }, "geometry": { "type": "Point", "coordinates": [ -82.331009, 29.663883 ] } },
{ "type": "Feature", "properties": { "stop_id": "1372", "stop_name": "Newberry Rd @ NW 75th", "stop_lat": 29.659854, "stop_lon": -82.421213 }, "geometry": { "type": "Point", "coordinates": [ -82.421213, 29.659854 ] } },
{ "type": "Feature", "properties": { "stop_id": "947", "stop_name": "Gainesville Place Apartments @ SW 35th Place", "stop_lat": 29.619683, "stop_lon": -82.365079 }, "geometry": { "type": "Point", "coordinates": [ -82.365079, 29.619683 ] } },
{ "type": "Feature", "properties": { "stop_id": "110", "stop_name": "Veteran's Honor Center", "stop_lat": 29.649248, "stop_lon": -82.304229 }, "geometry": { "type": "Point", "coordinates": [ -82.304229, 29.649248 ] } },
{ "type": "Feature", "properties": { "stop_id": "1206", "stop_name": "Arlington Square Apartments", "stop_lat": 29.649517, "stop_lon": -82.322302 }, "geometry": { "type": "Point", "coordinates": [ -82.322302, 29.649517 ] } },
{ "type": "Feature", "properties": { "stop_id": "1216", "stop_name": "Arlington Square Apartments", "stop_lat": 29.649744, "stop_lon": -82.32248 }, "geometry": { "type": "Point", "coordinates": [ -82.32248, 29.649744 ] } },
{ "type": "Feature", "properties": { "stop_id": "533", "stop_name": "NW 23rd Ave NW 43rd St", "stop_lat": 29.672947, "stop_lon": -82.38673 }, "geometry": { "type": "Point", "coordinates": [ -82.38673, 29.672947 ] } },
{ "type": "Feature", "properties": { "stop_id": "993", "stop_name": "Huntington Lakes Apartments", "stop_lat": 29.68883, "stop_lon": -82.399846 }, "geometry": { "type": "Point", "coordinates": [ -82.399846, 29.68883 ] } },
{ "type": "Feature", "properties": { "stop_id": "1333", "stop_name": "Enclave 1", "stop_lat": 29.62541, "stop_lon": -82.367793 }, "geometry": { "type": "Point", "coordinates": [ -82.367793, 29.62541 ] } },
{ "type": "Feature", "properties": { "stop_id": "759", "stop_name": "Pine Grove Apartments", "stop_lat": 29.670098, "stop_lon": -82.321381 }, "geometry": { "type": "Point", "coordinates": [ -82.321381, 29.670098 ] } },
{ "type": "Feature", "properties": { "stop_id": "1349", "stop_name": "Hilton Garden Inn", "stop_lat": 29.623016, "stop_lon": -82.385719 }, "geometry": { "type": "Point", "coordinates": [ -82.385719, 29.623016 ] } },
{ "type": "Feature", "properties": { "stop_id": "360", "stop_name": "Norman Field", "stop_lat": 29.645428, "stop_lon": -82.339205 }, "geometry": { "type": "Point", "coordinates": [ -82.339205, 29.645428 ] } },
{ "type": "Feature", "properties": { "stop_id": "666", "stop_name": "Health Science Center Administration", "stop_lat": 29.63739, "stop_lon": -82.343034 }, "geometry": { "type": "Point", "coordinates": [ -82.343034, 29.63739 ] } },
{ "type": "Feature", "properties": { "stop_id": "946", "stop_name": "Victoria Station Apartments", "stop_lat": 29.620848, "stop_lon": -82.368424 }, "geometry": { "type": "Point", "coordinates": [ -82.368424, 29.620848 ] } },
{ "type": "Feature", "properties": { "stop_id": "1120", "stop_name": "Life Storage", "stop_lat": 29.603082, "stop_lon": -82.413069 }, "geometry": { "type": "Point", "coordinates": [ -82.413069, 29.603082 ] } },
{ "type": "Feature", "properties": { "stop_id": "1610", "stop_name": "Jonesville Publix", "stop_lat": 29.655092, "stop_lon": -82.492428 }, "geometry": { "type": "Point", "coordinates": [ -82.492428, 29.655092 ] } },
{ "type": "Feature", "properties": { "stop_id": "1140", "stop_name": "Southbound SW 27th Street @ SW 35th Place", "stop_lat": 29.619302, "stop_lon": -82.36289 }, "geometry": { "type": "Point", "coordinates": [ -82.36289, 29.619302 ] } },
{ "type": "Feature", "properties": { "stop_id": "97", "stop_name": "Veteran's Honor Center", "stop_lat": 29.649098, "stop_lon": -82.303346 }, "geometry": { "type": "Point", "coordinates": [ -82.303346, 29.649098 ] } },
{ "type": "Feature", "properties": { "stop_id": "349", "stop_name": "Westbound E University Avenue @ NE 16th Street", "stop_lat": 29.652024, "stop_lon": -82.304293 }, "geometry": { "type": "Point", "coordinates": [ -82.304293, 29.652024 ] } },
{ "type": "Feature", "properties": { "stop_id": "1183", "stop_name": "Cultural Plaza", "stop_lat": 29.6367363, "stop_lon": -82.3679535 }, "geometry": { "type": "Point", "coordinates": [ -82.3679535, 29.6367363 ] } },
{ "type": "Feature", "properties": { "stop_id": "784", "stop_name": "Southbound Williston Road @ SE 1st Terrace", "stop_lat": 29.6342265, "stop_lon": -82.3190123 }, "geometry": { "type": "Point", "coordinates": [ -82.3190123, 29.6342265 ] } },
{ "type": "Feature", "properties": { "stop_id": "26", "stop_name": "Whole Foods @ Butler Town Center", "stop_lat": 29.625604, "stop_lon": -82.374394 }, "geometry": { "type": "Point", "coordinates": [ -82.374394, 29.625604 ] } },
{ "type": "Feature", "properties": { "stop_id": "1301", "stop_name": "Stoneridge Apartments", "stop_lat": 29.618519, "stop_lon": -82.372697 }, "geometry": { "type": "Point", "coordinates": [ -82.372697, 29.618519 ] } },
{ "type": "Feature", "properties": { "stop_id": "342", "stop_name": "Alachua County Sheriffs Department", "stop_lat": 29.644039, "stop_lon": -82.291375 }, "geometry": { "type": "Point", "coordinates": [ -82.291375, 29.644039 ] } },
{ "type": "Feature", "properties": { "stop_id": "1058", "stop_name": "Linton Oaks", "stop_lat": 29.644583, "stop_lon": -82.409167 }, "geometry": { "type": "Point", "coordinates": [ -82.409167, 29.644583 ] } },
{ "type": "Feature", "properties": { "stop_id": "1289", "stop_name": "Pepboys Auto @ Newberry RD", "stop_lat": 29.659597, "stop_lon": -82.424971 }, "geometry": { "type": "Point", "coordinates": [ -82.424971, 29.659597 ] } },
{ "type": "Feature", "properties": { "stop_id": "764", "stop_name": "Gainesville Shopping Center South", "stop_lat": 29.661585, "stop_lon": -82.324594 }, "geometry": { "type": "Point", "coordinates": [ -82.324594, 29.661585 ] } },
{ "type": "Feature", "properties": { "stop_id": "228", "stop_name": "Northbound NW 6th Street @ NW 33rd Avenue", "stop_lat": 29.6828388, "stop_lon": -82.3306709 }, "geometry": { "type": "Point", "coordinates": [ -82.3306709, 29.6828388 ] } },
{ "type": "Feature", "properties": { "stop_id": "507", "stop_name": "Capital City Bank @ NW 16th Boulevard", "stop_lat": 29.672891, "stop_lon": -82.386122 }, "geometry": { "type": "Point", "coordinates": [ -82.386122, 29.672891 ] } },
{ "type": "Feature", "properties": { "stop_id": "255", "stop_name": "Rural King", "stop_lat": 29.677464, "stop_lon": -82.338961 }, "geometry": { "type": "Point", "coordinates": [ -82.338961, 29.677464 ] } },
{ "type": "Feature", "properties": { "stop_id": "1166", "stop_name": "Ironwood Golf Course", "stop_lat": 29.688133, "stop_lon": -82.296986 }, "geometry": { "type": "Point", "coordinates": [ -82.296986, 29.688133 ] } },
{ "type": "Feature", "properties": { "stop_id": "804", "stop_name": "Family Housing", "stop_lat": 29.641106, "stop_lon": -82.369361 }, "geometry": { "type": "Point", "coordinates": [ -82.369361, 29.641106 ] } },
{ "type": "Feature", "properties": { "stop_id": "1393", "stop_name": "Northbound NW 55th ST @ NW 14th AVE", "stop_lat": 29.6652366, "stop_lon": -82.401446 }, "geometry": { "type": "Point", "coordinates": [ -82.401446, 29.6652366 ] } },
{ "type": "Feature", "properties": { "stop_id": "1187", "stop_name": "Microbiology/Cell Science Building", "stop_lat": 29.6403557, "stop_lon": -82.3642279 }, "geometry": { "type": "Point", "coordinates": [ -82.3642279, 29.6403557 ] } },
{ "type": "Feature", "properties": { "stop_id": "756", "stop_name": "Westbound NE 23rd Avenue @ NE 9th Street", "stop_lat": 29.673932, "stop_lon": -82.314619 }, "geometry": { "type": "Point", "coordinates": [ -82.314619, 29.673932 ] } },
{ "type": "Feature", "properties": { "stop_id": "483", "stop_name": "University Club Apartments", "stop_lat": 29.625366, "stop_lon": -82.356342 }, "geometry": { "type": "Point", "coordinates": [ -82.356342, 29.625366 ] } },
{ "type": "Feature", "properties": { "stop_id": "396", "stop_name": "Barnhill Clinic", "stop_lat": 29.702736, "stop_lon": -82.364968 }, "geometry": { "type": "Point", "coordinates": [ -82.364968, 29.702736 ] } },
{ "type": "Feature", "properties": { "stop_id": "1036", "stop_name": "Westgate Mobile Manor Park", "stop_lat": 29.607308, "stop_lon": -82.405561 }, "geometry": { "type": "Point", "coordinates": [ -82.405561, 29.607308 ] } },
{ "type": "Feature", "properties": { "stop_id": "996", "stop_name": "Emerald Woods Neighborhood", "stop_lat": 29.6889093, "stop_lon": -82.4159358 }, "geometry": { "type": "Point", "coordinates": [ -82.4159358, 29.6889093 ] } },
{ "type": "Feature", "properties": { "stop_id": "1096", "stop_name": "Oaks Square Complex", "stop_lat": 29.659467, "stop_lon": -82.416029 }, "geometry": { "type": "Point", "coordinates": [ -82.416029, 29.659467 ] } },
{ "type": "Feature", "properties": { "stop_id": "1124", "stop_name": "Dogwood Dog Park", "stop_lat": 29.609276, "stop_lon": -82.40128 }, "geometry": { "type": "Point", "coordinates": [ -82.40128, 29.609276 ] } },
{ "type": "Feature", "properties": { "stop_id": "525", "stop_name": "Hickory Woods Neighborhood", "stop_lat": 29.674185, "stop_lon": -82.415353 }, "geometry": { "type": "Point", "coordinates": [ -82.415353, 29.674185 ] } },
{ "type": "Feature", "properties": { "stop_id": "858", "stop_name": "Lakeside Housing Complex", "stop_lat": 29.6412313, "stop_lon": -82.3641003 }, "geometry": { "type": "Point", "coordinates": [ -82.3641003, 29.6412313 ] } },
{ "type": "Feature", "properties": { "stop_id": "1112", "stop_name": "Vet Mem PK", "stop_lat": 29.615539, "stop_lon": -82.422622 }, "geometry": { "type": "Point", "coordinates": [ -82.422622, 29.615539 ] } },
{ "type": "Feature", "properties": { "stop_id": "844", "stop_name": "Maguire Field", "stop_lat": 29.640968, "stop_lon": -82.369248 }, "geometry": { "type": "Point", "coordinates": [ -82.369248, 29.640968 ] } },
{ "type": "Feature", "properties": { "stop_id": "409", "stop_name": "North Walmart Supercenter", "stop_lat": 29.709163, "stop_lon": -82.355985 }, "geometry": { "type": "Point", "coordinates": [ -82.355985, 29.709163 ] } },
{ "type": "Feature", "properties": { "stop_id": "970", "stop_name": "Williston Plaza", "stop_lat": 29.605936, "stop_lon": -82.371055 }, "geometry": { "type": "Point", "coordinates": [ -82.371055, 29.605936 ] } },
{ "type": "Feature", "properties": { "stop_id": "1043", "stop_name": "Asbury Park Apartments", "stop_lat": 29.603688, "stop_lon": -82.422575 }, "geometry": { "type": "Point", "coordinates": [ -82.422575, 29.603688 ] } },
{ "type": "Feature", "properties": { "stop_id": "1159", "stop_name": "Phi Kappa Tau", "stop_lat": 29.650185, "stop_lon": -82.338672 }, "geometry": { "type": "Point", "coordinates": [ -82.338672, 29.650185 ] } },
{ "type": "Feature", "properties": { "stop_id": "672", "stop_name": "City College Gainesville", "stop_lat": 29.628248, "stop_lon": -82.339531 }, "geometry": { "type": "Point", "coordinates": [ -82.339531, 29.628248 ] } },
{ "type": "Feature", "properties": { "stop_id": "450", "stop_name": "Lexington Crossing Apartments", "stop_lat": 29.615121, "stop_lon": -82.36231 }, "geometry": { "type": "Point", "coordinates": [ -82.36231, 29.615121 ] } },
{ "type": "Feature", "properties": { "stop_id": "673", "stop_name": "Stayable Select Hotel", "stop_lat": 29.624406, "stop_lon": -82.339555 }, "geometry": { "type": "Point", "coordinates": [ -82.339555, 29.624406 ] } },
{ "type": "Feature", "properties": { "stop_id": "690", "stop_name": "Comfort Suites Hotel", "stop_lat": 29.628293, "stop_lon": -82.339192 }, "geometry": { "type": "Point", "coordinates": [ -82.339192, 29.628293 ] } },
{ "type": "Feature", "properties": { "stop_id": "140", "stop_name": "Alachua County Office of the State Attorney", "stop_lat": 29.652057, "stop_lon": -82.326408 }, "geometry": { "type": "Point", "coordinates": [ -82.326408, 29.652057 ] } },
{ "type": "Feature", "properties": { "stop_id": "1420", "stop_name": "Southbound SW 13th ST @ SW 14th AVE", "stop_lat": 29.637981, "stop_lon": -82.339427 }, "geometry": { "type": "Point", "coordinates": [ -82.339427, 29.637981 ] } },
{ "type": "Feature", "properties": { "stop_id": "325", "stop_name": "Verdant Cove Apartments", "stop_lat": 29.641583, "stop_lon": -82.272389 }, "geometry": { "type": "Point", "coordinates": [ -82.272389, 29.641583 ] } },
{ "type": "Feature", "properties": { "stop_id": "347", "stop_name": "SE 18th St @ E University Avenue", "stop_lat": 29.652025, "stop_lon": -82.301525 }, "geometry": { "type": "Point", "coordinates": [ -82.301525, 29.652025 ] } },
{ "type": "Feature", "properties": { "stop_id": "998", "stop_name": "Springhill Professional Center", "stop_lat": 29.687955, "stop_lon": -82.430373 }, "geometry": { "type": "Point", "coordinates": [ -82.430373, 29.687955 ] } },
{ "type": "Feature", "properties": { "stop_id": "632", "stop_name": "Florida School of Traditional Midwifery", "stop_lat": 29.652046, "stop_lon": -82.316547 }, "geometry": { "type": "Point", "coordinates": [ -82.316547, 29.652046 ] } },
{ "type": "Feature", "properties": { "stop_id": "1337", "stop_name": "Gainesville Place", "stop_lat": 29.621832, "stop_lon": -82.36548 }, "geometry": { "type": "Point", "coordinates": [ -82.36548, 29.621832 ] } },
{ "type": "Feature", "properties": { "stop_id": "306", "stop_name": "Eastbound University Avenue @ SE 24th Street", "stop_lat": 29.651775, "stop_lon": -82.293739 }, "geometry": { "type": "Point", "coordinates": [ -82.293739, 29.651775 ] } },
{ "type": "Feature", "properties": { "stop_id": "14", "stop_name": "Frazier Rogers Hall", "stop_lat": 29.64494, "stop_lon": -82.344997 }, "geometry": { "type": "Point", "coordinates": [ -82.344997, 29.64494 ] } },
{ "type": "Feature", "properties": { "stop_id": "125", "stop_name": "SE 12th Avenue @ SE 17th Drive", "stop_lat": 29.640324, "stop_lon": -82.302536 }, "geometry": { "type": "Point", "coordinates": [ -82.302536, 29.640324 ] } },
{ "type": "Feature", "properties": { "stop_id": "1098", "stop_name": "North Florida Regional Medical Center", "stop_lat": 29.65975, "stop_lon": -82.41201 }, "geometry": { "type": "Point", "coordinates": [ -82.41201, 29.65975 ] } },
{ "type": "Feature", "properties": { "stop_id": "152", "stop_name": "Hillel at the University of Florida", "stop_lat": 29.652178, "stop_lon": -82.350208 }, "geometry": { "type": "Point", "coordinates": [ -82.350208, 29.652178 ] } },
{ "type": "Feature", "properties": { "stop_id": "247", "stop_name": "Gainesville High School", "stop_lat": 29.670502, "stop_lon": -82.339251 }, "geometry": { "type": "Point", "coordinates": [ -82.339251, 29.670502 ] } },
{ "type": "Feature", "properties": { "stop_id": "1", "stop_name": "Rosa Parks RTS Downtown Station", "stop_lat": 29.645567, "stop_lon": -82.322697 }, "geometry": { "type": "Point", "coordinates": [ -82.322697, 29.645567 ] } },
{ "type": "Feature", "properties": { "stop_id": "1550", "stop_name": "Hotel Eleo @ SW 16th Ave Westbound", "stop_lat": 29.636454, "stop_lon": -82.341105 }, "geometry": { "type": "Point", "coordinates": [ -82.341105, 29.636454 ] } },
{ "type": "Feature", "properties": { "stop_id": "1303", "stop_name": "O2B Kids @ SW 37th BLVD", "stop_lat": 29.617791, "stop_lon": -82.377778 }, "geometry": { "type": "Point", "coordinates": [ -82.377778, 29.617791 ] } },
{ "type": "Feature", "properties": { "stop_id": "1104", "stop_name": "The Gardens Apartments", "stop_lat": 29.651869, "stop_lon": -82.422534 }, "geometry": { "type": "Point", "coordinates": [ -82.422534, 29.651869 ] } },
{ "type": "Feature", "properties": { "stop_id": "838", "stop_name": "34th St Plaza", "stop_lat": 29.634039, "stop_lon": -82.375158 }, "geometry": { "type": "Point", "coordinates": [ -82.375158, 29.634039 ] } },
{ "type": "Feature", "properties": { "stop_id": "373", "stop_name": "Furniture Kingdom", "stop_lat": 29.674086, "stop_lon": -82.340774 }, "geometry": { "type": "Point", "coordinates": [ -82.340774, 29.674086 ] } },
{ "type": "Feature", "properties": { "stop_id": "389", "stop_name": "Westbound NW 39th Avenue @ NW 31st Street", "stop_lat": 29.68873, "stop_lon": -82.368603 }, "geometry": { "type": "Point", "coordinates": [ -82.368603, 29.68873 ] } },
{ "type": "Feature", "properties": { "stop_id": "833", "stop_name": "Addison Lane", "stop_lat": 29.634296, "stop_lon": -82.38484 }, "geometry": { "type": "Point", "coordinates": [ -82.38484, 29.634296 ] } },
{ "type": "Feature", "properties": { "stop_id": "144", "stop_name": "Leonardo's 706", "stop_lat": 29.65215, "stop_lon": -82.332359 }, "geometry": { "type": "Point", "coordinates": [ -82.332359, 29.65215 ] } },
{ "type": "Feature", "properties": { "stop_id": "395", "stop_name": "YMCA @ NW 34th Street", "stop_lat": 29.701907, "stop_lon": -82.366863 }, "geometry": { "type": "Point", "coordinates": [ -82.366863, 29.701907 ] } },
{ "type": "Feature", "properties": { "stop_id": "236", "stop_name": "Early Learning Coalition", "stop_lat": 29.694993, "stop_lon": -82.339162 }, "geometry": { "type": "Point", "coordinates": [ -82.339162, 29.694993 ] } },
{ "type": "Feature", "properties": { "stop_id": "1016", "stop_name": "Millhopper Branch Library", "stop_lat": 29.681599, "stop_lon": -82.389063 }, "geometry": { "type": "Point", "coordinates": [ -82.389063, 29.681599 ] } },
{ "type": "Feature", "properties": { "stop_id": "1049", "stop_name": "Tower Road Branch Library", "stop_lat": 29.626103, "stop_lon": -82.422459 }, "geometry": { "type": "Point", "coordinates": [ -82.422459, 29.626103 ] } },
{ "type": "Feature", "properties": { "stop_id": "256", "stop_name": "Mount Pleasant Cemetary", "stop_lat": 29.679712, "stop_lon": -82.33895 }, "geometry": { "type": "Point", "coordinates": [ -82.33895, 29.679712 ] } },
{ "type": "Feature", "properties": { "stop_id": "1613", "stop_name": "Town of Tioga (Eastbound)", "stop_lat": 29.656385, "stop_lon": -82.48215 }, "geometry": { "type": "Point", "coordinates": [ -82.48215, 29.656385 ] } },
{ "type": "Feature", "properties": { "stop_id": "1055", "stop_name": "Split Rock Conservation Area", "stop_lat": 29.639213, "stop_lon": -82.410517 }, "geometry": { "type": "Point", "coordinates": [ -82.410517, 29.639213 ] } },
{ "type": "Feature", "properties": { "stop_id": "618", "stop_name": "Duval Elementary School", "stop_lat": 29.659297, "stop_lon": -82.29714 }, "geometry": { "type": "Point", "coordinates": [ -82.29714, 29.659297 ] } },
{ "type": "Feature", "properties": { "stop_id": "1585", "stop_name": "NW 6th St @ NW 3rd Ave", "stop_lat": 29.653714, "stop_lon": -82.330751 }, "geometry": { "type": "Point", "coordinates": [ -82.330751, 29.653714 ] } },
{ "type": "Feature", "properties": { "stop_id": "899", "stop_name": "NE 16th Avenue @ NE 15th Street", "stop_lat": 29.666584, "stop_lon": -82.305688 }, "geometry": { "type": "Point", "coordinates": [ -82.305688, 29.666584 ] } },
{ "type": "Feature", "properties": { "stop_id": "802", "stop_name": "Lakeside Apartments", "stop_lat": 29.642318, "stop_lon": -82.366452 }, "geometry": { "type": "Point", "coordinates": [ -82.366452, 29.642318 ] } },
{ "type": "Feature", "properties": { "stop_id": "388", "stop_name": "Springtree Subdivision", "stop_lat": 29.688724, "stop_lon": -82.36651 }, "geometry": { "type": "Point", "coordinates": [ -82.36651, 29.688724 ] } },
{ "type": "Feature", "properties": { "stop_id": "1194", "stop_name": "Commuter Lot/Garage 14", "stop_lat": 29.6422375, "stop_lon": -82.350616 }, "geometry": { "type": "Point", "coordinates": [ -82.350616, 29.6422375 ] } },
{ "type": "Feature", "properties": { "stop_id": "53", "stop_name": "Innovation Square East", "stop_lat": 29.650153, "stop_lon": -82.332741 }, "geometry": { "type": "Point", "coordinates": [ -82.332741, 29.650153 ] } },
{ "type": "Feature", "properties": { "stop_id": "718", "stop_name": "Northbound NE 15th Street @ NE 31st Avenue", "stop_lat": 29.681769, "stop_lon": -82.305727 }, "geometry": { "type": "Point", "coordinates": [ -82.305727, 29.681769 ] } },
{ "type": "Feature", "properties": { "stop_id": "668", "stop_name": "Ronald McDonald House of Gainesville", "stop_lat": 29.636273, "stop_lon": -82.340471 }, "geometry": { "type": "Point", "coordinates": [ -82.340471, 29.636273 ] } },
{ "type": "Feature", "properties": { "stop_id": "787", "stop_name": "Treehouse Village Apartments", "stop_lat": 29.6327748, "stop_lon": -82.3259281 }, "geometry": { "type": "Point", "coordinates": [ -82.3259281, 29.6327748 ] } },
{ "type": "Feature", "properties": { "stop_id": "1270", "stop_name": "Gainesville Place Apartments", "stop_lat": 29.627188, "stop_lon": -82.370782 }, "geometry": { "type": "Point", "coordinates": [ -82.370782, 29.627188 ] } },
{ "type": "Feature", "properties": { "stop_id": "1325", "stop_name": "Division of Blind Services", "stop_lat": 29.686504, "stop_lon": -82.389063 }, "geometry": { "type": "Point", "coordinates": [ -82.389063, 29.686504 ] } },
{ "type": "Feature", "properties": { "stop_id": "1492", "stop_name": "Butler Plaza", "stop_lat": 29.623861, "stop_lon": -82.381311 }, "geometry": { "type": "Point", "coordinates": [ -82.381311, 29.623861 ] } },
{ "type": "Feature", "properties": { "stop_id": "693", "stop_name": "home2 Hotel", "stop_lat": 29.631991, "stop_lon": -82.339169 }, "geometry": { "type": "Point", "coordinates": [ -82.339169, 29.631991 ] } },
{ "type": "Feature", "properties": { "stop_id": "262", "stop_name": "Westgate Mobile Manor Park", "stop_lat": 29.695, "stop_lon": -82.338885 }, "geometry": { "type": "Point", "coordinates": [ -82.338885, 29.695 ] } },
{ "type": "Feature", "properties": { "stop_id": "1609", "stop_name": "Jonesville Arbor Greens", "stop_lat": 29.654706, "stop_lon": -82.487319 }, "geometry": { "type": "Point", "coordinates": [ -82.487319, 29.654706 ] } },
{ "type": "Feature", "properties": { "stop_id": "1100", "stop_name": "West Newberry Rd Nearside NW 69th Ter", "stop_lat": 29.659768, "stop_lon": -82.415987 }, "geometry": { "type": "Point", "coordinates": [ -82.415987, 29.659768 ] } },
{ "type": "Feature", "properties": { "stop_id": "52", "stop_name": "Eastbound SW 2nd Avenue @ SW 10th Street", "stop_lat": 29.650154, "stop_lon": -82.33541 }, "geometry": { "type": "Point", "coordinates": [ -82.33541, 29.650154 ] } },
{ "type": "Feature", "properties": { "stop_id": "261", "stop_name": "Sunshine Inn", "stop_lat": 29.691449, "stop_lon": -82.338884 }, "geometry": { "type": "Point", "coordinates": [ -82.338884, 29.691449 ] } },
{ "type": "Feature", "properties": { "stop_id": "1554", "stop_name": "Marshall's @ Plaza Blvd (Westbound)", "stop_lat": 29.6279932, "stop_lon": -82.3830788 }, "geometry": { "type": "Point", "coordinates": [ -82.3830788, 29.6279932 ] } },
{ "type": "Feature", "properties": { "stop_id": "1136", "stop_name": "Wilmot Gardens", "stop_lat": 29.639607, "stop_lon": -82.349435 }, "geometry": { "type": "Point", "coordinates": [ -82.349435, 29.639607 ] } },
{ "type": "Feature", "properties": { "stop_id": "338", "stop_name": "Durelle Heights Neighborhood", "stop_lat": 29.634861, "stop_lon": -82.289182 }, "geometry": { "type": "Point", "coordinates": [ -82.289182, 29.634861 ] } },
{ "type": "Feature", "properties": { "stop_id": "174", "stop_name": "Terwilliger Elementary School", "stop_lat": 29.655878, "stop_lon": -82.408766 }, "geometry": { "type": "Point", "coordinates": [ -82.408766, 29.655878 ] } },
{ "type": "Feature", "properties": { "stop_id": "154", "stop_name": "Westbound University Avenue @ NW 23rd Drive", "stop_lat": 29.652275, "stop_lon": -82.358781 }, "geometry": { "type": "Point", "coordinates": [ -82.358781, 29.652275 ] } },
{ "type": "Feature", "properties": { "stop_id": "145", "stop_name": "Westbound W University Ave @ NW 10th St", "stop_lat": 29.652148, "stop_lon": -82.334897 }, "geometry": { "type": "Point", "coordinates": [ -82.334897, 29.652148 ] } },
{ "type": "Feature", "properties": { "stop_id": "1038", "stop_name": "A Child's Place", "stop_lat": 29.605527, "stop_lon": -82.408965 }, "geometry": { "type": "Point", "coordinates": [ -82.408965, 29.605527 ] } },
{ "type": "Feature", "properties": { "stop_id": "1025", "stop_name": "Landmark Woods Neighborhood", "stop_lat": 29.661398, "stop_lon": -82.389176 }, "geometry": { "type": "Point", "coordinates": [ -82.389176, 29.661398 ] } },
{ "type": "Feature", "properties": { "stop_id": "394", "stop_name": "Family Dollar @ NW 34th Street", "stop_lat": 29.700757, "stop_lon": -82.36939 }, "geometry": { "type": "Point", "coordinates": [ -82.36939, 29.700757 ] } },
{ "type": "Feature", "properties": { "stop_id": "63", "stop_name": "Norwood Neighborhood", "stop_lat": 29.63612, "stop_lon": -82.317214 }, "geometry": { "type": "Point", "coordinates": [ -82.317214, 29.63612 ] } },
{ "type": "Feature", "properties": { "stop_id": "541", "stop_name": "Raintree Neighborhood", "stop_lat": 29.66665, "stop_lon": -82.357935 }, "geometry": { "type": "Point", "coordinates": [ -82.357935, 29.66665 ] } },
{ "type": "Feature", "properties": { "stop_id": "1051", "stop_name": "Walgreens @ SW 24th Avenue", "stop_lat": 29.630459, "stop_lon": -82.421341 }, "geometry": { "type": "Point", "coordinates": [ -82.421341, 29.630459 ] } },
{ "type": "Feature", "properties": { "stop_id": "766", "stop_name": "Fire Stone @ N Main Street", "stop_lat": 29.65817, "stop_lon": -82.325113 }, "geometry": { "type": "Point", "coordinates": [ -82.325113, 29.65817 ] } },
{ "type": "Feature", "properties": { "stop_id": "440", "stop_name": "North 13th Street @ NW 1st Avenue", "stop_lat": 29.652932, "stop_lon": -82.339365 }, "geometry": { "type": "Point", "coordinates": [ -82.339365, 29.652932 ] } },
{ "type": "Feature", "properties": { "stop_id": "824", "stop_name": "Hampton Oaks Apartments", "stop_lat": 29.651658, "stop_lon": -82.408971 }, "geometry": { "type": "Point", "coordinates": [ -82.408971, 29.651658 ] } },
{ "type": "Feature", "properties": { "stop_id": "277", "stop_name": "NW 6th Street @ NW 19th Lane", "stop_lat": 29.670009, "stop_lon": -82.330932 }, "geometry": { "type": "Point", "coordinates": [ -82.330932, 29.670009 ] } },
{ "type": "Feature", "properties": { "stop_id": "1559", "stop_name": "Butler Plaza North", "stop_lat": 29.627096, "stop_lon": -82.385165 }, "geometry": { "type": "Point", "coordinates": [ -82.385165, 29.627096 ] } },
{ "type": "Feature", "properties": { "stop_id": "852", "stop_name": "Triangle Club", "stop_lat": 29.648183, "stop_lon": -82.31268 }, "geometry": { "type": "Point", "coordinates": [ -82.31268, 29.648183 ] } },
{ "type": "Feature", "properties": { "stop_id": "428", "stop_name": "Southbound NW 21st Street @ NW 36th Avenue", "stop_lat": 29.68524, "stop_lon": -82.351557 }, "geometry": { "type": "Point", "coordinates": [ -82.351557, 29.68524 ] } },
{ "type": "Feature", "properties": { "stop_id": "1213", "stop_name": "Lexington Crossing Apartments", "stop_lat": 29.613535, "stop_lon": -82.362271 }, "geometry": { "type": "Point", "coordinates": [ -82.362271, 29.613535 ] } },
{ "type": "Feature", "properties": { "stop_id": "1137", "stop_name": "Cypress Villas", "stop_lat": 29.620249, "stop_lon": -82.356695 }, "geometry": { "type": "Point", "coordinates": [ -82.356695, 29.620249 ] } },
{ "type": "Feature", "properties": { "stop_id": "454", "stop_name": "Northbound SW 27th Street @ SW 35th Place", "stop_lat": 29.619626, "stop_lon": -82.362759 }, "geometry": { "type": "Point", "coordinates": [ -82.362759, 29.619626 ] } },
{ "type": "Feature", "properties": { "stop_id": "1264", "stop_name": "Cottage Grove Apartments at Gainesville", "stop_lat": 29.609502, "stop_lon": -82.341857 }, "geometry": { "type": "Point", "coordinates": [ -82.341857, 29.609502 ] } },
{ "type": "Feature", "properties": { "stop_id": "859", "stop_name": "Cabana Beach Apartments (Exit)", "stop_lat": 29.638078, "stop_lon": -82.397988 }, "geometry": { "type": "Point", "coordinates": [ -82.397988, 29.638078 ] } },
{ "type": "Feature", "properties": { "stop_id": "441", "stop_name": "Tigert Hall", "stop_lat": 29.64963, "stop_lon": -82.339521 }, "geometry": { "type": "Point", "coordinates": [ -82.339521, 29.64963 ] } },
{ "type": "Feature", "properties": { "stop_id": "847", "stop_name": "Corry Village", "stop_lat": 29.644774, "stop_lon": -82.360875 }, "geometry": { "type": "Point", "coordinates": [ -82.360875, 29.644774 ] } },
{ "type": "Feature", "properties": { "stop_id": "393", "stop_name": "Capri Neighborhood", "stop_lat": 29.695491, "stop_lon": -82.372212 }, "geometry": { "type": "Point", "coordinates": [ -82.372212, 29.695491 ] } },
{ "type": "Feature", "properties": { "stop_id": "842", "stop_name": "Southwest Recreation Center", "stop_lat": 29.638171, "stop_lon": -82.369247 }, "geometry": { "type": "Point", "coordinates": [ -82.369247, 29.638171 ] } },
{ "type": "Feature", "properties": { "stop_id": "1115", "stop_name": "Stillwind Neighborhood", "stop_lat": 29.60622, "stop_lon": -82.42273 }, "geometry": { "type": "Point", "coordinates": [ -82.42273, 29.60622 ] } },
{ "type": "Feature", "properties": { "stop_id": "848", "stop_name": "Lake Alice Field", "stop_lat": 29.644875, "stop_lon": -82.356718 }, "geometry": { "type": "Point", "coordinates": [ -82.356718, 29.644875 ] } },
{ "type": "Feature", "properties": { "stop_id": "798", "stop_name": "Sigma Alpha Epsilon", "stop_lat": 29.644974, "stop_lon": -82.355295 }, "geometry": { "type": "Point", "coordinates": [ -82.355295, 29.644974 ] } },
{ "type": "Feature", "properties": { "stop_id": "1329", "stop_name": "Alachua County Jail", "stop_lat": 29.680156, "stop_lon": -82.280206 }, "geometry": { "type": "Point", "coordinates": [ -82.280206, 29.680156 ] } },
{ "type": "Feature", "properties": { "stop_id": "179", "stop_name": "Eastbound W Newberry Rd @ NW 53rd Terrace", "stop_lat": 29.659006, "stop_lon": -82.39996 }, "geometry": { "type": "Point", "coordinates": [ -82.39996, 29.659006 ] } },
{ "type": "Feature", "properties": { "stop_id": "330", "stop_name": "Westbound Hawthorne Road @ SE 39th Street", "stop_lat": 29.636919, "stop_lon": -82.275702 }, "geometry": { "type": "Point", "coordinates": [ -82.275702, 29.636919 ] } },
{ "type": "Feature", "properties": { "stop_id": "1087", "stop_name": "Pine Meadow Apartments", "stop_lat": 29.653263, "stop_lon": -82.418623 }, "geometry": { "type": "Point", "coordinates": [ -82.418623, 29.653263 ] } },
{ "type": "Feature", "properties": { "stop_id": "1387", "stop_name": "Sable Chase Neighborhood", "stop_lat": 29.688773, "stop_lon": -82.374551 }, "geometry": { "type": "Point", "coordinates": [ -82.374551, 29.688773 ] } },
{ "type": "Feature", "properties": { "stop_id": "82", "stop_name": "McPherson Recreational Center", "stop_lat": 29.633752, "stop_lon": -82.305794 }, "geometry": { "type": "Point", "coordinates": [ -82.305794, 29.633752 ] } },
{ "type": "Feature", "properties": { "stop_id": "27", "stop_name": "Chili's Grill and Bar @ Butler Plaza", "stop_lat": 29.623782, "stop_lon": -82.376087 }, "geometry": { "type": "Point", "coordinates": [ -82.376087, 29.623782 ] } },
{ "type": "Feature", "properties": { "stop_id": "1482", "stop_name": "Lake Alice Conservation Area", "stop_lat": 29.638474, "stop_lon": -82.353602 }, "geometry": { "type": "Point", "coordinates": [ -82.353602, 29.638474 ] } },
{ "type": "Feature", "properties": { "stop_id": "99", "stop_name": "SE Hawthorne Rd @ SE 21st St Eastbound", "stop_lat": 29.647, "stop_lon": -82.297773 }, "geometry": { "type": "Point", "coordinates": [ -82.297773, 29.647 ] } },
{ "type": "Feature", "properties": { "stop_id": "460", "stop_name": "Towne Parc Apartments", "stop_lat": 29.623937, "stop_lon": -82.356027 }, "geometry": { "type": "Point", "coordinates": [ -82.356027, 29.623937 ] } },
{ "type": "Feature", "properties": { "stop_id": "1444", "stop_name": "Alight Apts", "stop_lat": 29.657978, "stop_lon": -82.337149 }, "geometry": { "type": "Point", "coordinates": [ -82.337149, 29.657978 ] } },
{ "type": "Feature", "properties": { "stop_id": "785", "stop_name": "Springhill Baptist Church", "stop_lat": 29.6332729, "stop_lon": -82.3201121 }, "geometry": { "type": "Point", "coordinates": [ -82.3201121, 29.6332729 ] } },
{ "type": "Feature", "properties": { "stop_id": "40", "stop_name": "Shands Care Helicopter Pad", "stop_lat": 29.636402, "stop_lon": -82.350912 }, "geometry": { "type": "Point", "coordinates": [ -82.350912, 29.636402 ] } },
{ "type": "Feature", "properties": { "stop_id": "526", "stop_name": "Eastbound NW 23rd Avenue @ NW 63rd Terrace", "stop_lat": 29.674122, "stop_lon": -82.410453 }, "geometry": { "type": "Point", "coordinates": [ -82.410453, 29.674122 ] } },
{ "type": "Feature", "properties": { "stop_id": "1013", "stop_name": "Pine Woods Apartments", "stop_lat": 29.688548, "stop_lon": -82.391263 }, "geometry": { "type": "Point", "coordinates": [ -82.391263, 29.688548 ] } },
{ "type": "Feature", "properties": { "stop_id": "96", "stop_name": "Northbound SE 15th Street @ SE 3rd Avenue", "stop_lat": 29.64879, "stop_lon": -82.305788 }, "geometry": { "type": "Point", "coordinates": [ -82.305788, 29.64879 ] } },
{ "type": "Feature", "properties": { "stop_id": "498", "stop_name": "NW 24th St @ NW 16th Avenue", "stop_lat": 29.666836, "stop_lon": -82.358027 }, "geometry": { "type": "Point", "coordinates": [ -82.358027, 29.666836 ] } },
{ "type": "Feature", "properties": { "stop_id": "462", "stop_name": "University of Florida Energy Research", "stop_lat": 29.628062, "stop_lon": -82.35935 }, "geometry": { "type": "Point", "coordinates": [ -82.35935, 29.628062 ] } },
{ "type": "Feature", "properties": { "stop_id": "1386", "stop_name": "Breckenridge Neighborhood", "stop_lat": 29.688792, "stop_lon": -82.378614 }, "geometry": { "type": "Point", "coordinates": [ -82.378614, 29.688792 ] } },
{ "type": "Feature", "properties": { "stop_id": "967", "stop_name": "Hunters Run Apartments", "stop_lat": 29.61204, "stop_lon": -82.359379 }, "geometry": { "type": "Point", "coordinates": [ -82.359379, 29.61204 ] } },
{ "type": "Feature", "properties": { "stop_id": "398", "stop_name": "Sorrento New Home Community", "stop_lat": 29.703231, "stop_lon": -82.353051 }, "geometry": { "type": "Point", "coordinates": [ -82.353051, 29.703231 ] } },
{ "type": "Feature", "properties": { "stop_id": "983", "stop_name": "Millhopper Pines Apartments", "stop_lat": 29.670619, "stop_lon": -82.38885 }, "geometry": { "type": "Point", "coordinates": [ -82.38885, 29.670619 ] } },
{ "type": "Feature", "properties": { "stop_id": "578", "stop_name": "Southbound NE 25th Street @ NE 8th Avenue", "stop_lat": 29.658841, "stop_lon": -82.292389 }, "geometry": { "type": "Point", "coordinates": [ -82.292389, 29.658841 ] } },
{ "type": "Feature", "properties": { "stop_id": "839", "stop_name": "Florida Department Of Agriculture", "stop_lat": 29.635446, "stop_lon": -82.372376 }, "geometry": { "type": "Point", "coordinates": [ -82.372376, 29.635446 ] } },
{ "type": "Feature", "properties": { "stop_id": "1234", "stop_name": "NE Walmart Supercenter", "stop_lat": 29.662615, "stop_lon": -82.302423 }, "geometry": { "type": "Point", "coordinates": [ -82.302423, 29.662615 ] } },
{ "type": "Feature", "properties": { "stop_id": "1063", "stop_name": "Linton Oaks @ SW 24th Ave", "stop_lat": 29.640082, "stop_lon": -82.408267 }, "geometry": { "type": "Point", "coordinates": [ -82.408267, 29.640082 ] } },
{ "type": "Feature", "properties": { "stop_id": "800", "stop_name": "Corry Village", "stop_lat": 29.644942, "stop_lon": -82.360713 }, "geometry": { "type": "Point", "coordinates": [ -82.360713, 29.644942 ] } },
{ "type": "Feature", "properties": { "stop_id": "1002", "stop_name": "Santa Fe College @ NW 83rd Street (Northbound)", "stop_lat": 29.68061, "stop_lon": -82.43027 }, "geometry": { "type": "Point", "coordinates": [ -82.43027, 29.68061 ] } },
{ "type": "Feature", "properties": { "stop_id": "963", "stop_name": "Keys Residential Complex Midblock", "stop_lat": 29.6482094, "stop_lon": -82.3530097 }, "geometry": { "type": "Point", "coordinates": [ -82.3530097, 29.6482094 ] } },
{ "type": "Feature", "properties": { "stop_id": "634", "stop_name": "Alachua County School Board Administration", "stop_lat": 29.652024, "stop_lon": -82.31964 }, "geometry": { "type": "Point", "coordinates": [ -82.31964, 29.652024 ] } },
{ "type": "Feature", "properties": { "stop_id": "596", "stop_name": "Lake Forest Elementary School", "stop_lat": 29.648533, "stop_lon": -82.272339 }, "geometry": { "type": "Point", "coordinates": [ -82.272339, 29.648533 ] } },
{ "type": "Feature", "properties": { "stop_id": "135", "stop_name": "Dignity Project", "stop_lat": 29.639714, "stop_lon": -82.318874 }, "geometry": { "type": "Point", "coordinates": [ -82.318874, 29.639714 ] } },
{ "type": "Feature", "properties": { "stop_id": "732", "stop_name": "Oak Gate Condominiums", "stop_lat": 29.679041, "stop_lon": -82.33084 }, "geometry": { "type": "Point", "coordinates": [ -82.33084, 29.679041 ] } },
{ "type": "Feature", "properties": { "stop_id": "466", "stop_name": "Forestry Field Lab/Plant Growth", "stop_lat": 29.638176, "stop_lon": -82.356696 }, "geometry": { "type": "Point", "coordinates": [ -82.356696, 29.638176 ] } },
{ "type": "Feature", "properties": { "stop_id": "345", "stop_name": "Harper's Pointe", "stop_lat": 29.652024, "stop_lon": -82.295187 }, "geometry": { "type": "Point", "coordinates": [ -82.295187, 29.652024 ] } },
{ "type": "Feature", "properties": { "stop_id": "24", "stop_name": "Take 5 Car Wash", "stop_lat": 29.629572, "stop_lon": -82.367828 }, "geometry": { "type": "Point", "coordinates": [ -82.367828, 29.629572 ] } },
{ "type": "Feature", "properties": { "stop_id": "714", "stop_name": "Boulware Charter School", "stop_lat": 29.673735, "stop_lon": -82.308331 }, "geometry": { "type": "Point", "coordinates": [ -82.308331, 29.673735 ] } },
{ "type": "Feature", "properties": { "stop_id": "304", "stop_name": "Eastbound University Avenue @ SE 21st Street", "stop_lat": 29.651799, "stop_lon": -82.297724 }, "geometry": { "type": "Point", "coordinates": [ -82.297724, 29.651799 ] } },
{ "type": "Feature", "properties": { "stop_id": "254", "stop_name": "Big Lot on NW 13th Street", "stop_lat": 29.675139, "stop_lon": -82.33899 }, "geometry": { "type": "Point", "coordinates": [ -82.33899, 29.675139 ] } },
{ "type": "Feature", "properties": { "stop_id": "744", "stop_name": "Wade Raulerson Honda Dealership", "stop_lat": 29.688307, "stop_lon": -82.318521 }, "geometry": { "type": "Point", "coordinates": [ -82.318521, 29.688307 ] } },
{ "type": "Feature", "properties": { "stop_id": "741", "stop_name": "Gainesville Public Works", "stop_lat": 29.688362, "stop_lon": -82.32783 }, "geometry": { "type": "Point", "coordinates": [ -82.32783, 29.688362 ] } },
{ "type": "Feature", "properties": { "stop_id": "417", "stop_name": "Capri Neighborhood", "stop_lat": 29.694582, "stop_lon": -82.37237 }, "geometry": { "type": "Point", "coordinates": [ -82.37237, 29.694582 ] } },
{ "type": "Feature", "properties": { "stop_id": "1059", "stop_name": "Linton Oaks Neighborhood @ SW 64th Terrace", "stop_lat": 29.6450648, "stop_lon": -82.4116768 }, "geometry": { "type": "Point", "coordinates": [ -82.4116768, 29.6450648 ] } },
{ "type": "Feature", "properties": { "stop_id": "1625", "stop_name": "SW 6th St & SW 3rd Ave (southbound)", "stop_lat": 29.6492304, "stop_lon": -82.3309826 }, "geometry": { "type": "Point", "coordinates": [ -82.3309826, 29.6492304 ] } },
{ "type": "Feature", "properties": { "stop_id": "807", "stop_name": "University Village South Apartments", "stop_lat": 29.637748, "stop_lon": -82.370373 }, "geometry": { "type": "Point", "coordinates": [ -82.370373, 29.637748 ] } },
{ "type": "Feature", "properties": { "stop_id": "425", "stop_name": "Eastbound NW 39th Ave at NW 19th St Green Tree Pk", "stop_lat": 29.688417, "stop_lon": -82.347868 }, "geometry": { "type": "Point", "coordinates": [ -82.347868, 29.688417 ] } },
{ "type": "Feature", "properties": { "stop_id": "1496", "stop_name": "Family Dollar Shopping Center", "stop_lat": 29.645966, "stop_lon": -82.295144 }, "geometry": { "type": "Point", "coordinates": [ -82.295144, 29.645966 ] } },
{ "type": "Feature", "properties": { "stop_id": "1259", "stop_name": "Sunco @ E University Avenue", "stop_lat": 29.651961, "stop_lon": -82.272934 }, "geometry": { "type": "Point", "coordinates": [ -82.272934, 29.651961 ] } },
{ "type": "Feature", "properties": { "stop_id": "334", "stop_name": "Southbound SE 35th Street @ SE 20th Avenue", "stop_lat": 29.63276, "stop_lon": -82.28088 }, "geometry": { "type": "Point", "coordinates": [ -82.28088, 29.63276 ] } },
{ "type": "Feature", "properties": { "stop_id": "1552", "stop_name": "Circle K @ Newberry/Tower Road", "stop_lat": 29.659585, "stop_lon": -82.422572 }, "geometry": { "type": "Point", "coordinates": [ -82.422572, 29.659585 ] } },
{ "type": "Feature", "properties": { "stop_id": "350", "stop_name": "Fast Eddie's Restaurant", "stop_lat": 29.650506, "stop_lon": -82.305928 }, "geometry": { "type": "Point", "coordinates": [ -82.305928, 29.650506 ] } },
{ "type": "Feature", "properties": { "stop_id": "1005", "stop_name": "Springhill Professional Center", "stop_lat": 29.687951, "stop_lon": -82.430174 }, "geometry": { "type": "Point", "coordinates": [ -82.430174, 29.687951 ] } },
{ "type": "Feature", "properties": { "stop_id": "15", "stop_name": "Center Dr @ Museum Rd", "stop_lat": 29.644019, "stop_lon": -82.347014 }, "geometry": { "type": "Point", "coordinates": [ -82.347014, 29.644019 ] } },
{ "type": "Feature", "properties": { "stop_id": "1318", "stop_name": "GRACE Marketplace", "stop_lat": 29.683571, "stop_lon": -82.286172 }, "geometry": { "type": "Point", "coordinates": [ -82.286172, 29.683571 ] } },
{ "type": "Feature", "properties": { "stop_id": "920", "stop_name": "GRU Administration Building", "stop_lat": 29.648414, "stop_lon": -82.321461 }, "geometry": { "type": "Point", "coordinates": [ -82.321461, 29.648414 ] } },
{ "type": "Feature", "properties": { "stop_id": "1395", "stop_name": "Southbound NW 55th ST @ NW 9th LN", "stop_lat": 29.6602377, "stop_lon": -82.4015993 }, "geometry": { "type": "Point", "coordinates": [ -82.4015993, 29.6602377 ] } },
{ "type": "Feature", "properties": { "stop_id": "846", "stop_name": "Lakeside Residential Complex", "stop_lat": 29.642181, "stop_lon": -82.364643 }, "geometry": { "type": "Point", "coordinates": [ -82.364643, 29.642181 ] } },
{ "type": "Feature", "properties": { "stop_id": "598", "stop_name": "Eastside Plaza", "stop_lat": 29.651971, "stop_lon": -82.276984 }, "geometry": { "type": "Point", "coordinates": [ -82.276984, 29.651971 ] } },
{ "type": "Feature", "properties": { "stop_id": "1109", "stop_name": "Tower 24 Shopping Center", "stop_lat": 29.628917, "stop_lon": -82.422593 }, "geometry": { "type": "Point", "coordinates": [ -82.422593, 29.628917 ] } },
{ "type": "Feature", "properties": { "stop_id": "791", "stop_name": "Oakbrook Walk Condominiums @ SW 16th Avenue", "stop_lat": 29.6365343, "stop_lon": -82.3382784 }, "geometry": { "type": "Point", "coordinates": [ -82.3382784, 29.6365343 ] } },
{ "type": "Feature", "properties": { "stop_id": "971", "stop_name": "US Post Office @ SW 34th Street", "stop_lat": 29.608991, "stop_lon": -82.371314 }, "geometry": { "type": "Point", "coordinates": [ -82.371314, 29.608991 ] } },
{ "type": "Feature", "properties": { "stop_id": "1269", "stop_name": "Archer Court Apartments", "stop_lat": 29.62941, "stop_lon": -82.3671 }, "geometry": { "type": "Point", "coordinates": [ -82.3671, 29.62941 ] } },
{ "type": "Feature", "properties": { "stop_id": "1321", "stop_name": "The Enclave Apartments", "stop_lat": 29.621161, "stop_lon": -82.368827 }, "geometry": { "type": "Point", "coordinates": [ -82.368827, 29.621161 ] } },
{ "type": "Feature", "properties": { "stop_id": "828", "stop_name": "Rockwood Villas Apartments", "stop_lat": 29.644196, "stop_lon": -82.398964 }, "geometry": { "type": "Point", "coordinates": [ -82.398964, 29.644196 ] } },
{ "type": "Feature", "properties": { "stop_id": "855", "stop_name": "Walgreens @ NE 3rd Avenue", "stop_lat": 29.653405, "stop_lon": -82.31039 }, "geometry": { "type": "Point", "coordinates": [ -82.31039, 29.653405 ] } },
{ "type": "Feature", "properties": { "stop_id": "1010", "stop_name": "Huntington Lakes Apartments", "stop_lat": 29.688594, "stop_lon": -82.400465 }, "geometry": { "type": "Point", "coordinates": [ -82.400465, 29.688594 ] } },
{ "type": "Feature", "properties": { "stop_id": "835", "stop_name": "Kensington Apartments South", "stop_lat": 29.633958, "stop_lon": -82.381892 }, "geometry": { "type": "Point", "coordinates": [ -82.381892, 29.633958 ] } },
{ "type": "Feature", "properties": { "stop_id": "969", "stop_name": "UF Health Professional Park", "stop_lat": 29.606183, "stop_lon": -82.367751 }, "geometry": { "type": "Point", "coordinates": [ -82.367751, 29.606183 ] } },
{ "type": "Feature", "properties": { "stop_id": "472", "stop_name": "Rawlings Hall", "stop_lat": 29.646296, "stop_lon": -82.34336 }, "geometry": { "type": "Point", "coordinates": [ -82.34336, 29.646296 ] } },
{ "type": "Feature", "properties": { "stop_id": "801", "stop_name": "UF Bat Houses", "stop_lat": 29.643222, "stop_lon": -82.363619 }, "geometry": { "type": "Point", "coordinates": [ -82.363619, 29.643222 ] } },
{ "type": "Feature", "properties": { "stop_id": "242", "stop_name": "McDonald's @ NW 13th Street", "stop_lat": 29.679423, "stop_lon": -82.339222 }, "geometry": { "type": "Point", "coordinates": [ -82.339222, 29.679423 ] } },
{ "type": "Feature", "properties": { "stop_id": "1484", "stop_name": "Varsity House Apartments @ SW 38th Ter", "stop_lat": 29.636472, "stop_lon": -82.380767 }, "geometry": { "type": "Point", "coordinates": [ -82.380767, 29.636472 ] } },
{ "type": "Feature", "properties": { "stop_id": "1023", "stop_name": "Suburban Heights Neighborhood", "stop_lat": 29.66488, "stop_lon": -82.389144 }, "geometry": { "type": "Point", "coordinates": [ -82.389144, 29.66488 ] } },
{ "type": "Feature", "properties": { "stop_id": "994", "stop_name": "Faith Presbyterian Church", "stop_lat": 29.688905, "stop_lon": -82.405853 }, "geometry": { "type": "Point", "coordinates": [ -82.405853, 29.688905 ] } },
{ "type": "Feature", "properties": { "stop_id": "329", "stop_name": "Chevron Food Mart @ SE 43rd Street", "stop_lat": 29.636223, "stop_lon": -82.272559 }, "geometry": { "type": "Point", "coordinates": [ -82.272559, 29.636223 ] } },
{ "type": "Feature", "properties": { "stop_id": "136", "stop_name": "SE 4th Street @ SE 10th Ave", "stop_lat": 29.641648, "stop_lon": -82.319843 }, "geometry": { "type": "Point", "coordinates": [ -82.319843, 29.641648 ] } },
{ "type": "Feature", "properties": { "stop_id": "945", "stop_name": "Ridgemar Commons", "stop_lat": 29.621566, "stop_lon": -82.370416 }, "geometry": { "type": "Point", "coordinates": [ -82.370416, 29.621566 ] } },
{ "type": "Feature", "properties": { "stop_id": "1024", "stop_name": "Landmark Woods Neighborhood", "stop_lat": 29.663224, "stop_lon": -82.389178 }, "geometry": { "type": "Point", "coordinates": [ -82.389178, 29.663224 ] } },
{ "type": "Feature", "properties": { "stop_id": "555", "stop_name": "Eastbound E University Avenue @ SE 8th Street", "stop_lat": 29.651849, "stop_lon": -82.316318 }, "geometry": { "type": "Point", "coordinates": [ -82.316318, 29.651849 ] } },
{ "type": "Feature", "properties": { "stop_id": "128", "stop_name": "Southbound SE 15th Street @ SE 14th Avenue", "stop_lat": 29.638459, "stop_lon": -82.305946 }, "geometry": { "type": "Point", "coordinates": [ -82.305946, 29.638459 ] } },
{ "type": "Feature", "properties": { "stop_id": "45", "stop_name": "University Police Department", "stop_lat": 29.644758, "stop_lon": -82.343068 }, "geometry": { "type": "Point", "coordinates": [ -82.343068, 29.644758 ] } },
{ "type": "Feature", "properties": { "stop_id": "968", "stop_name": "Hideaway Apartments", "stop_lat": 29.6089, "stop_lon": -82.364014 }, "geometry": { "type": "Point", "coordinates": [ -82.364014, 29.6089 ] } },
{ "type": "Feature", "properties": { "stop_id": "386", "stop_name": "Forest of the Unicorn Neighborhood", "stop_lat": 29.688636, "stop_lon": -82.358168 }, "geometry": { "type": "Point", "coordinates": [ -82.358168, 29.688636 ] } },
{ "type": "Feature", "properties": { "stop_id": "1068", "stop_name": "CVS Pharmacy @ SW 75th Street", "stop_lat": 29.6311309, "stop_lon": -82.422398 }, "geometry": { "type": "Point", "coordinates": [ -82.422398, 29.6311309 ] } },
{ "type": "Feature", "properties": { "stop_id": "131", "stop_name": "Westbound SE 22nd Avenue @ SE 13th Street", "stop_lat": 29.631864, "stop_lon": -82.30858 }, "geometry": { "type": "Point", "coordinates": [ -82.30858, 29.631864 ] } },
{ "type": "Feature", "properties": { "stop_id": "740", "stop_name": "Stephen Foster Elementary School @ 39th Ave", "stop_lat": 29.688428, "stop_lon": -82.331785 }, "geometry": { "type": "Point", "coordinates": [ -82.331785, 29.688428 ] } },
{ "type": "Feature", "properties": { "stop_id": "1363", "stop_name": "Shands Parking Garage", "stop_lat": 29.63951, "stop_lon": -82.34701 }, "geometry": { "type": "Point", "coordinates": [ -82.34701, 29.63951 ] } },
{ "type": "Feature", "properties": { "stop_id": "910", "stop_name": "UF Health Family Medicine Eastside", "stop_lat": 29.655029, "stop_lon": -82.309495 }, "geometry": { "type": "Point", "coordinates": [ -82.309495, 29.655029 ] } },
{ "type": "Feature", "properties": { "stop_id": "1616", "stop_name": "SW 24th Avenue & School House Road", "stop_lat": 29.630689, "stop_lon": -82.445365 }, "geometry": { "type": "Point", "coordinates": [ -82.445365, 29.630689 ] } },
{ "type": "Feature", "properties": { "stop_id": "295", "stop_name": "Williams Elementary School", "stop_lat": 29.645722, "stop_lon": -82.308078 }, "geometry": { "type": "Point", "coordinates": [ -82.308078, 29.645722 ] } },
{ "type": "Feature", "properties": { "stop_id": "569", "stop_name": "Duval Elementary School", "stop_lat": 29.65918, "stop_lon": -82.298217 }, "geometry": { "type": "Point", "coordinates": [ -82.298217, 29.65918 ] } },
{ "type": "Feature", "properties": { "stop_id": "456", "stop_name": "Arbor Park Apartments", "stop_lat": 29.619966, "stop_lon": -82.358818 }, "geometry": { "type": "Point", "coordinates": [ -82.358818, 29.619966 ] } },
{ "type": "Feature", "properties": { "stop_id": "390", "stop_name": "NW 39th Avenue @ NW 34th Street", "stop_lat": 29.68876, "stop_lon": -82.371579 }, "geometry": { "type": "Point", "coordinates": [ -82.371579, 29.68876 ] } },
{ "type": "Feature", "properties": { "stop_id": "285", "stop_name": "Santa Fe Blount Center", "stop_lat": 29.6526615, "stop_lon": -82.3300376 }, "geometry": { "type": "Point", "coordinates": [ -82.3300376, 29.6526615 ] } },
{ "type": "Feature", "properties": { "stop_id": "1502", "stop_name": "Northbound Metcalfe Elementary School", "stop_lat": 29.668285, "stop_lon": -82.305747 }, "geometry": { "type": "Point", "coordinates": [ -82.305747, 29.668285 ] } },
{ "type": "Feature", "properties": { "stop_id": "1398", "stop_name": "Westbound SW 24th AVE @ SW 75th ST", "stop_lat": 29.630617, "stop_lon": -82.423787 }, "geometry": { "type": "Point", "coordinates": [ -82.423787, 29.630617 ] } },
{ "type": "Feature", "properties": { "stop_id": "845", "stop_name": "Lakeside", "stop_lat": 29.642199, "stop_lon": -82.366099 }, "geometry": { "type": "Point", "coordinates": [ -82.366099, 29.642199 ] } },
{ "type": "Feature", "properties": { "stop_id": "822", "stop_name": "Palm Garden of Gainesville", "stop_lat": 29.64998, "stop_lon": -82.407117 }, "geometry": { "type": "Point", "coordinates": [ -82.407117, 29.64998 ] } },
{ "type": "Feature", "properties": { "stop_id": "90", "stop_name": "Lincoln Estate Neighborhood", "stop_lat": 29.641749, "stop_lon": -82.299326 }, "geometry": { "type": "Point", "coordinates": [ -82.299326, 29.641749 ] } },
{ "type": "Feature", "properties": { "stop_id": "1276", "stop_name": "Paddock Club Apartments", "stop_lat": 29.663497, "stop_lon": -82.433508 }, "geometry": { "type": "Point", "coordinates": [ -82.433508, 29.663497 ] } },
{ "type": "Feature", "properties": { "stop_id": "737", "stop_name": "Wawa @ NW 13th St", "stop_lat": 29.674053, "stop_lon": -82.338429 }, "geometry": { "type": "Point", "coordinates": [ -82.338429, 29.674053 ] } },
{ "type": "Feature", "properties": { "stop_id": "686", "stop_name": "CDS Family and Behavioral Services", "stop_lat": 29.620378, "stop_lon": -82.339799 }, "geometry": { "type": "Point", "coordinates": [ -82.339799, 29.620378 ] } },
{ "type": "Feature", "properties": { "stop_id": "190", "stop_name": "The Wynwood Apartments", "stop_lat": 29.650453, "stop_lon": -82.37451 }, "geometry": { "type": "Point", "coordinates": [ -82.37451, 29.650453 ] } },
{ "type": "Feature", "properties": { "stop_id": "60", "stop_name": "SE 4th Street @ SE 10th Avenue", "stop_lat": 29.641666, "stop_lon": -82.319959 }, "geometry": { "type": "Point", "coordinates": [ -82.319959, 29.641666 ] } },
{ "type": "Feature", "properties": { "stop_id": "586", "stop_name": "Pine Meadows Apartments", "stop_lat": 29.65175, "stop_lon": -82.289431 }, "geometry": { "type": "Point", "coordinates": [ -82.289431, 29.65175 ] } },
{ "type": "Feature", "properties": { "stop_id": "965", "stop_name": "Gator Corner Dining", "stop_lat": 29.6485314, "stop_lon": -82.3501142 }, "geometry": { "type": "Point", "coordinates": [ -82.3501142, 29.6485314 ] } },
{ "type": "Feature", "properties": { "stop_id": "749", "stop_name": "Village Green Apartments", "stop_lat": 29.683511, "stop_lon": -82.305875 }, "geometry": { "type": "Point", "coordinates": [ -82.305875, 29.683511 ] } },
{ "type": "Feature", "properties": { "stop_id": "635", "stop_name": "BLVD Gainesville", "stop_lat": 29.617592, "stop_lon": -82.377741 }, "geometry": { "type": "Point", "coordinates": [ -82.377741, 29.617592 ] } },
{ "type": "Feature", "properties": { "stop_id": "358", "stop_name": "The Cotton Club", "stop_lat": 29.64585, "stop_lon": -82.315044 }, "geometry": { "type": "Point", "coordinates": [ -82.315044, 29.64585 ] } },
{ "type": "Feature", "properties": { "stop_id": "331", "stop_name": "Eastside Food Store", "stop_lat": 29.638623, "stop_lon": -82.280846 }, "geometry": { "type": "Point", "coordinates": [ -82.280846, 29.638623 ] } },
{ "type": "Feature", "properties": { "stop_id": "500", "stop_name": "NW 27th Terrace @ NW 16th Avenue", "stop_lat": 29.666871, "stop_lon": -82.362903 }, "geometry": { "type": "Point", "coordinates": [ -82.362903, 29.666871 ] } },
{ "type": "Feature", "properties": { "stop_id": "1240", "stop_name": "Northbound NE 25th Street @ NE 3rd Place", "stop_lat": 29.654117, "stop_lon": -82.292269 }, "geometry": { "type": "Point", "coordinates": [ -82.292269, 29.654117 ] } },
{ "type": "Feature", "properties": { "stop_id": "597", "stop_name": "Sunrise Store @ SE 43rd Street", "stop_lat": 29.65097, "stop_lon": -82.272361 }, "geometry": { "type": "Point", "coordinates": [ -82.272361, 29.65097 ] } },
{ "type": "Feature", "properties": { "stop_id": "696", "stop_name": "University Police Department", "stop_lat": 29.644323, "stop_lon": -82.343607 }, "geometry": { "type": "Point", "coordinates": [ -82.343607, 29.644323 ] } },
{ "type": "Feature", "properties": { "stop_id": "689", "stop_name": "Boardwalk Apartments", "stop_lat": 29.626535, "stop_lon": -82.3392 }, "geometry": { "type": "Point", "coordinates": [ -82.3392, 29.626535 ] } },
{ "type": "Feature", "properties": { "stop_id": "1184", "stop_name": "Weed Science Building", "stop_lat": 29.6387966, "stop_lon": -82.3641028 }, "geometry": { "type": "Point", "coordinates": [ -82.3641028, 29.6387966 ] } },
{ "type": "Feature", "properties": { "stop_id": "314", "stop_name": "Faith Missionary Church", "stop_lat": 29.632585, "stop_lon": -82.285681 }, "geometry": { "type": "Point", "coordinates": [ -82.285681, 29.632585 ] } },
{ "type": "Feature", "properties": { "stop_id": "761", "stop_name": "Sandwich Inn @ NE 16th Ave", "stop_lat": 29.666684, "stop_lon": -82.323115 }, "geometry": { "type": "Point", "coordinates": [ -82.323115, 29.666684 ] } },
{ "type": "Feature", "properties": { "stop_id": "149", "stop_name": "West Univ Avenue @ NW 17th Street", "stop_lat": 29.652158, "stop_lon": -82.344574 }, "geometry": { "type": "Point", "coordinates": [ -82.344574, 29.652158 ] } },
{ "type": "Feature", "properties": { "stop_id": "832", "stop_name": "Liv Apartments", "stop_lat": 29.635439, "stop_lon": -82.388088 }, "geometry": { "type": "Point", "coordinates": [ -82.388088, 29.635439 ] } },
{ "type": "Feature", "properties": { "stop_id": "1632", "stop_name": "Inner Road Eastbound", "stop_lat": 29.6472686, "stop_lon": -82.3410273 }, "geometry": { "type": "Point", "coordinates": [ -82.3410273, 29.6472686 ] } },
{ "type": "Feature", "properties": { "stop_id": "451", "stop_name": "Lexington Crossing Apartments", "stop_lat": 29.616214, "stop_lon": -82.362444 }, "geometry": { "type": "Point", "coordinates": [ -82.362444, 29.616214 ] } },
{ "type": "Feature", "properties": { "stop_id": "1039", "stop_name": "Kanapaha Station Plaza", "stop_lat": 29.603437, "stop_lon": -82.412954 }, "geometry": { "type": "Point", "coordinates": [ -82.412954, 29.603437 ] } },
{ "type": "Feature", "properties": { "stop_id": "319", "stop_name": "Northbound SE 35th Street @ SE 16th Avenue", "stop_lat": 29.636671, "stop_lon": -82.28069 }, "geometry": { "type": "Point", "coordinates": [ -82.28069, 29.636671 ] } },
{ "type": "Feature", "properties": { "stop_id": "172", "stop_name": "Oaks Mall SW 62nd Blvd", "stop_lat": 29.654389, "stop_lon": -82.408973 }, "geometry": { "type": "Point", "coordinates": [ -82.408973, 29.654389 ] } },
{ "type": "Feature", "properties": { "stop_id": "372", "stop_name": "Lux 13 Apartments", "stop_lat": 29.67111, "stop_lon": -82.339044 }, "geometry": { "type": "Point", "coordinates": [ -82.339044, 29.67111 ] } },
{ "type": "Feature", "properties": { "stop_id": "735", "stop_name": "Rena's Ballroom", "stop_lat": 29.674014, "stop_lon": -82.332201 }, "geometry": { "type": "Point", "coordinates": [ -82.332201, 29.674014 ] } },
{ "type": "Feature", "properties": { "stop_id": "488", "stop_name": "Countryside at the University Apartments", "stop_lat": 29.615981, "stop_lon": -82.355414 }, "geometry": { "type": "Point", "coordinates": [ -82.355414, 29.615981 ] } },
{ "type": "Feature", "properties": { "stop_id": "642", "stop_name": "University Terrace Condominiums", "stop_lat": 29.617006, "stop_lon": -82.372153 }, "geometry": { "type": "Point", "coordinates": [ -82.372153, 29.617006 ] } },
{ "type": "Feature", "properties": { "stop_id": "1300", "stop_name": "Gainesville Jrs. Volleyball Club", "stop_lat": 29.620509, "stop_lon": -82.37289 }, "geometry": { "type": "Point", "coordinates": [ -82.37289, 29.620509 ] } },
{ "type": "Feature", "properties": { "stop_id": "421", "stop_name": "Walnut Creek Neighborhood", "stop_lat": 29.688441, "stop_lon": -82.360217 }, "geometry": { "type": "Point", "coordinates": [ -82.360217, 29.688441 ] } },
{ "type": "Feature", "properties": { "stop_id": "524", "stop_name": "Quail Ridge Neighborhood", "stop_lat": 29.67419, "stop_lon": -82.418261 }, "geometry": { "type": "Point", "coordinates": [ -82.418261, 29.67419 ] } },
{ "type": "Feature", "properties": { "stop_id": "164", "stop_name": "Millennium Center", "stop_lat": 29.655612, "stop_lon": -82.389408 }, "geometry": { "type": "Point", "coordinates": [ -82.389408, 29.655612 ] } },
{ "type": "Feature", "properties": { "stop_id": "1618", "stop_name": "Queen of Peace Church", "stop_lat": 29.630694, "stop_lon": -82.456769 }, "geometry": { "type": "Point", "coordinates": [ -82.456769, 29.630694 ] } },
{ "type": "Feature", "properties": { "stop_id": "1122", "stop_name": "Westgate Manor Park", "stop_lat": 29.607018, "stop_lon": -82.405613 }, "geometry": { "type": "Point", "coordinates": [ -82.405613, 29.607018 ] } },
{ "type": "Feature", "properties": { "stop_id": "1017", "stop_name": "Radiant Credit Union", "stop_lat": 29.676449, "stop_lon": -82.389093 }, "geometry": { "type": "Point", "coordinates": [ -82.389093, 29.676449 ] } },
{ "type": "Feature", "properties": { "stop_id": "1040", "stop_name": "Town & Country Veterinarians", "stop_lat": 29.602107, "stop_lon": -82.415476 }, "geometry": { "type": "Point", "coordinates": [ -82.415476, 29.602107 ] } },
{ "type": "Feature", "properties": { "stop_id": "954", "stop_name": "Enclave Apartments", "stop_lat": 29.625581, "stop_lon": -82.366357 }, "geometry": { "type": "Point", "coordinates": [ -82.366357, 29.625581 ] } },
{ "type": "Feature", "properties": { "stop_id": "200", "stop_name": "Anderson Hall", "stop_lat": 29.652, "stop_lon": -82.34201 }, "geometry": { "type": "Point", "coordinates": [ -82.34201, 29.652 ] } },
{ "type": "Feature", "properties": { "stop_id": "43", "stop_name": "Center Dr @ Museum Rd", "stop_lat": 29.644403, "stop_lon": -82.346846 }, "geometry": { "type": "Point", "coordinates": [ -82.346846, 29.644403 ] } },
{ "type": "Feature", "properties": { "stop_id": "313", "stop_name": "Lana's Place", "stop_lat": 29.632589, "stop_lon": -82.288082 }, "geometry": { "type": "Point", "coordinates": [ -82.288082, 29.632589 ] } },
{ "type": "Feature", "properties": { "stop_id": "869", "stop_name": "Fair View Apartments", "stop_lat": 29.666434, "stop_lon": -82.304088 }, "geometry": { "type": "Point", "coordinates": [ -82.304088, 29.666434 ] } },
{ "type": "Feature", "properties": { "stop_id": "1168", "stop_name": "Northwood Oaks Neighborhood", "stop_lat": 29.704007, "stop_lon": -82.362109 }, "geometry": { "type": "Point", "coordinates": [ -82.362109, 29.704007 ] } },
{ "type": "Feature", "properties": { "stop_id": "1491", "stop_name": "Lowe's @ Butler Plaza Eastbound", "stop_lat": 29.623953, "stop_lon": -82.380799 }, "geometry": { "type": "Point", "coordinates": [ -82.380799, 29.623953 ] } },
{ "type": "Feature", "properties": { "stop_id": "1135", "stop_name": "Shands Visitor Parking", "stop_lat": 29.639637, "stop_lon": -82.347288 }, "geometry": { "type": "Point", "coordinates": [ -82.347288, 29.639637 ] } },
{ "type": "Feature", "properties": { "stop_id": "221", "stop_name": "Family Acupuncture Center", "stop_lat": 29.669248, "stop_lon": -82.330771 }, "geometry": { "type": "Point", "coordinates": [ -82.330771, 29.669248 ] } },
{ "type": "Feature", "properties": { "stop_id": "707", "stop_name": "Pine Grove Apartments", "stop_lat": 29.670214, "stop_lon": -82.321102 }, "geometry": { "type": "Point", "coordinates": [ -82.321102, 29.670214 ] } },
{ "type": "Feature", "properties": { "stop_id": "1497", "stop_name": "Alachua School Bus Parking Lot", "stop_lat": 29.648572, "stop_lon": -82.300287 }, "geometry": { "type": "Point", "coordinates": [ -82.300287, 29.648572 ] } },
{ "type": "Feature", "properties": { "stop_id": "1121", "stop_name": "SunState", "stop_lat": 29.605087, "stop_lon": -82.409246 }, "geometry": { "type": "Point", "coordinates": [ -82.409246, 29.605087 ] } },
{ "type": "Feature", "properties": { "stop_id": "1091", "stop_name": "Home Depot @ NW 4th Boulevard", "stop_lat": 29.656182, "stop_lon": -82.418499 }, "geometry": { "type": "Point", "coordinates": [ -82.418499, 29.656182 ] } },
{ "type": "Feature", "properties": { "stop_id": "315", "stop_name": "Eastbound SE 21st Avenue @ SE 32nd Terrace", "stop_lat": 29.63259, "stop_lon": -82.2837 }, "geometry": { "type": "Point", "coordinates": [ -82.2837, 29.63259 ] } },
{ "type": "Feature", "properties": { "stop_id": "1324", "stop_name": "Sorority Row", "stop_lat": 29.644821, "stop_lon": -82.335705 }, "geometry": { "type": "Point", "coordinates": [ -82.335705, 29.644821 ] } },
{ "type": "Feature", "properties": { "stop_id": "730", "stop_name": "Southbound NW 6th Street @ NW 32nd Place", "stop_lat": 29.68268, "stop_lon": -82.330833 }, "geometry": { "type": "Point", "coordinates": [ -82.330833, 29.68268 ] } },
{ "type": "Feature", "properties": { "stop_id": "1237", "stop_name": "Museum Walk Apartments", "stop_lat": 29.637599, "stop_lon": -82.374952 }, "geometry": { "type": "Point", "coordinates": [ -82.374952, 29.637599 ] } },
{ "type": "Feature", "properties": { "stop_id": "1000", "stop_name": "The Arc", "stop_lat": 29.683831, "stop_lon": -82.43038 }, "geometry": { "type": "Point", "coordinates": [ -82.43038, 29.683831 ] } },
{ "type": "Feature", "properties": { "stop_id": "147", "stop_name": "Target Copy @ W University Avenue", "stop_lat": 29.652196, "stop_lon": -82.340837 }, "geometry": { "type": "Point", "coordinates": [ -82.340837, 29.652196 ] } },
{ "type": "Feature", "properties": { "stop_id": "1041", "stop_name": "Bank of America @ Tower Square on Archer Road", "stop_lat": 29.600454, "stop_lon": -82.418626 }, "geometry": { "type": "Point", "coordinates": [ -82.418626, 29.600454 ] } },
{ "type": "Feature", "properties": { "stop_id": "423", "stop_name": "Palmetto Woods Neighborhood", "stop_lat": 29.688383, "stop_lon": -82.353988 }, "geometry": { "type": "Point", "coordinates": [ -82.353988, 29.688383 ] } },
{ "type": "Feature", "properties": { "stop_id": "57", "stop_name": "Hippodrome Theatre", "stop_lat": 29.650203, "stop_lon": -82.324144 }, "geometry": { "type": "Point", "coordinates": [ -82.324144, 29.650203 ] } },
{ "type": "Feature", "properties": { "stop_id": "803", "stop_name": "UF Counseling and Wellness Center", "stop_lat": 29.642306, "stop_lon": -82.368954 }, "geometry": { "type": "Point", "coordinates": [ -82.368954, 29.642306 ] } },
{ "type": "Feature", "properties": { "stop_id": "309", "stop_name": "Alachua County Sheriff's Office", "stop_lat": 29.64283, "stop_lon": -82.289449 }, "geometry": { "type": "Point", "coordinates": [ -82.289449, 29.64283 ] } },
{ "type": "Feature", "properties": { "stop_id": "1181", "stop_name": "UF Orthopaedics Institute", "stop_lat": 29.637827, "stop_lon": -82.374012 }, "geometry": { "type": "Point", "coordinates": [ -82.374012, 29.637827 ] } },
{ "type": "Feature", "properties": { "stop_id": "1279", "stop_name": "Hidden Oak Elementary School", "stop_lat": 29.670888, "stop_lon": -82.439 }, "geometry": { "type": "Point", "coordinates": [ -82.439, 29.670888 ] } },
{ "type": "Feature", "properties": { "stop_id": "927", "stop_name": "Ben Hill Griffin Stadium North End Zone", "stop_lat": 29.6510481, "stop_lon": -82.3497907 }, "geometry": { "type": "Point", "coordinates": [ -82.3497907, 29.6510481 ] } },
{ "type": "Feature", "properties": { "stop_id": "61", "stop_name": "Dignity Project", "stop_lat": 29.639719, "stop_lon": -82.318989 }, "geometry": { "type": "Point", "coordinates": [ -82.318989, 29.639719 ] } },
{ "type": "Feature", "properties": { "stop_id": "1405", "stop_name": "Eastbound SW 24th AVE @ SW 84th ST", "stop_lat": 29.630494, "stop_lon": -82.432433 }, "geometry": { "type": "Point", "coordinates": [ -82.432433, 29.630494 ] } },
{ "type": "Feature", "properties": { "stop_id": "64", "stop_name": "Sugarhill Neighborhood @ SE 4th Street", "stop_lat": 29.634003, "stop_lon": -82.316071 }, "geometry": { "type": "Point", "coordinates": [ -82.316071, 29.634003 ] } },
{ "type": "Feature", "properties": { "stop_id": "113", "stop_name": "Southbound SE 15th Street @ SE 7th Avenue", "stop_lat": 29.645997, "stop_lon": -82.305961 }, "geometry": { "type": "Point", "coordinates": [ -82.305961, 29.645997 ] } },
{ "type": "Feature", "properties": { "stop_id": "10", "stop_name": "Norman Hall", "stop_lat": 29.6467078, "stop_lon": -82.3371755 }, "geometry": { "type": "Point", "coordinates": [ -82.3371755, 29.6467078 ] } },
{ "type": "Feature", "properties": { "stop_id": "1044", "stop_name": "Kanapaha Middle School", "stop_lat": 29.607026, "stop_lon": -82.42254 }, "geometry": { "type": "Point", "coordinates": [ -82.42254, 29.607026 ] } },
{ "type": "Feature", "properties": { "stop_id": "1330", "stop_name": "Alachua County Jail (Westbound)", "stop_lat": 29.680186, "stop_lon": -82.27963 }, "geometry": { "type": "Point", "coordinates": [ -82.27963, 29.680186 ] } },
{ "type": "Feature", "properties": { "stop_id": "1009", "stop_name": "Faith Presbyterian Church", "stop_lat": 29.6886514, "stop_lon": -82.4057613 }, "geometry": { "type": "Point", "coordinates": [ -82.4057613, 29.6886514 ] } },
{ "type": "Feature", "properties": { "stop_id": "808", "stop_name": "Hilton University of Florida Conference Center", "stop_lat": 29.635893, "stop_lon": -82.37268 }, "geometry": { "type": "Point", "coordinates": [ -82.37268, 29.635893 ] } },
{ "type": "Feature", "properties": { "stop_id": "1394", "stop_name": "Southbound NW 55th ST @ NW 14th AVE", "stop_lat": 29.6652863, "stop_lon": -82.4016127 }, "geometry": { "type": "Point", "coordinates": [ -82.4016127, 29.6652863 ] } },
{ "type": "Feature", "properties": { "stop_id": "197", "stop_name": "Ben Hill Griffin Stadium", "stop_lat": 29.651975, "stop_lon": -82.349049 }, "geometry": { "type": "Point", "coordinates": [ -82.349049, 29.651975 ] } },
{ "type": "Feature", "properties": { "stop_id": "215", "stop_name": "Williams Fellowship Hall", "stop_lat": 29.657373, "stop_lon": -82.33077 }, "geometry": { "type": "Point", "coordinates": [ -82.33077, 29.657373 ] } },
{ "type": "Feature", "properties": { "stop_id": "990", "stop_name": "Magnolia Park Neighborhood", "stop_lat": 29.688786, "stop_lon": -82.3929 }, "geometry": { "type": "Point", "coordinates": [ -82.3929, 29.688786 ] } },
{ "type": "Feature", "properties": { "stop_id": "496", "stop_name": "Forest Ridge Neighborhood", "stop_lat": 29.666822, "stop_lon": -82.352564 }, "geometry": { "type": "Point", "coordinates": [ -82.352564, 29.666822 ] } },
{ "type": "Feature", "properties": { "stop_id": "1254", "stop_name": "Gator Corner Dining Facility @ Gale Lemerand", "stop_lat": 29.648167, "stop_lon": -82.349618 }, "geometry": { "type": "Point", "coordinates": [ -82.349618, 29.648167 ] } },
{ "type": "Feature", "properties": { "stop_id": "308", "stop_name": "Eastbound Hawthorne Road @ SE 26th Street", "stop_lat": 29.643847, "stop_lon": -82.291551 }, "geometry": { "type": "Point", "coordinates": [ -82.291551, 29.643847 ] } },
{ "type": "Feature", "properties": { "stop_id": "746", "stop_name": "Eden Park Apartments", "stop_lat": 29.688249, "stop_lon": -82.307784 }, "geometry": { "type": "Point", "coordinates": [ -82.307784, 29.688249 ] } },
{ "type": "Feature", "properties": { "stop_id": "1018", "stop_name": "CVS @ Millhopper", "stop_lat": 29.674912, "stop_lon": -82.389099 }, "geometry": { "type": "Point", "coordinates": [ -82.389099, 29.674912 ] } },
{ "type": "Feature", "properties": { "stop_id": "1144", "stop_name": "Fraternity Row", "stop_lat": 29.6464468, "stop_lon": -82.3579702 }, "geometry": { "type": "Point", "coordinates": [ -82.3579702, 29.6464468 ] } },
{ "type": "Feature", "properties": { "stop_id": "900", "stop_name": "16th Avenue Detailing & Window Tinting", "stop_lat": 29.66662, "stop_lon": -82.310122 }, "geometry": { "type": "Point", "coordinates": [ -82.310122, 29.66662 ] } },
{ "type": "Feature", "properties": { "stop_id": "544", "stop_name": "NW 16th Avenue @ NW 20th Way", "stop_lat": 29.666595, "stop_lon": -82.347805 }, "geometry": { "type": "Point", "coordinates": [ -82.347805, 29.666595 ] } },
{ "type": "Feature", "properties": { "stop_id": "1622", "stop_name": "SW 6th St nearside SW 5th Ave", "stop_lat": 29.6470695, "stop_lon": -82.3311777 }, "geometry": { "type": "Point", "coordinates": [ -82.3311777, 29.6470695 ] } },
{ "type": "Feature", "properties": { "stop_id": "1460", "stop_name": "Enclave 3", "stop_lat": 29.623522, "stop_lon": -82.365763 }, "geometry": { "type": "Point", "coordinates": [ -82.365763, 29.623522 ] } },
{ "type": "Feature", "properties": { "stop_id": "1474", "stop_name": "Renaissance Jewelers", "stop_lat": 29.650563, "stop_lon": -82.373853 }, "geometry": { "type": "Point", "coordinates": [ -82.373853, 29.650563 ] } },
{ "type": "Feature", "properties": { "stop_id": "667", "stop_name": "Summit House Condominiums", "stop_lat": 29.635747, "stop_lon": -82.342482 }, "geometry": { "type": "Point", "coordinates": [ -82.342482, 29.635747 ] } },
{ "type": "Feature", "properties": { "stop_id": "12", "stop_name": "Norman Field @ SW 8th Avenue", "stop_lat": 29.644956, "stop_lon": -82.338095 }, "geometry": { "type": "Point", "coordinates": [ -82.338095, 29.644956 ] } },
{ "type": "Feature", "properties": { "stop_id": "608", "stop_name": "Northbound NE 25th Street @ NE 6th Avenue", "stop_lat": 29.657133, "stop_lon": -82.292273 }, "geometry": { "type": "Point", "coordinates": [ -82.292273, 29.657133 ] } },
{ "type": "Feature", "properties": { "stop_id": "949", "stop_name": "Lexington Crossing Apartments", "stop_lat": 29.616983, "stop_lon": -82.362634 }, "geometry": { "type": "Point", "coordinates": [ -82.362634, 29.616983 ] } },
{ "type": "Feature", "properties": { "stop_id": "877", "stop_name": "Quick Mart @ NE 15th Street", "stop_lat": 29.688155, "stop_lon": -82.305679 }, "geometry": { "type": "Point", "coordinates": [ -82.305679, 29.688155 ] } },
{ "type": "Feature", "properties": { "stop_id": "1111", "stop_name": "Kenwood Neighborhood", "stop_lat": 29.620922, "stop_lon": -82.422609 }, "geometry": { "type": "Point", "coordinates": [ -82.422609, 29.620922 ] } },
{ "type": "Feature", "properties": { "stop_id": "366", "stop_name": "University House Apartments", "stop_lat": 29.658724, "stop_lon": -82.339069 }, "geometry": { "type": "Point", "coordinates": [ -82.339069, 29.658724 ] } },
{ "type": "Feature", "properties": { "stop_id": "617", "stop_name": "Westbound NE 8th Avenue @ NE 23nd Street", "stop_lat": 29.659288, "stop_lon": -82.294666 }, "geometry": { "type": "Point", "coordinates": [ -82.294666, 29.659288 ] } },
{ "type": "Feature", "properties": { "stop_id": "999", "stop_name": "Northridge Neighborhood", "stop_lat": 29.686069, "stop_lon": -82.430369 }, "geometry": { "type": "Point", "coordinates": [ -82.430369, 29.686069 ] } },
{ "type": "Feature", "properties": { "stop_id": "156", "stop_name": "West University Ave @ NW 28th St", "stop_lat": 29.652095, "stop_lon": -82.364396 }, "geometry": { "type": "Point", "coordinates": [ -82.364396, 29.652095 ] } },
{ "type": "Feature", "properties": { "stop_id": "815", "stop_name": "Daily Mart", "stop_lat": 29.635731, "stop_lon": -82.38821 }, "geometry": { "type": "Point", "coordinates": [ -82.38821, 29.635731 ] } },
{ "type": "Feature", "properties": { "stop_id": "191", "stop_name": "Westgate Plaza", "stop_lat": 29.650312, "stop_lon": -82.370788 }, "geometry": { "type": "Point", "coordinates": [ -82.370788, 29.650312 ] } },
{ "type": "Feature", "properties": { "stop_id": "1248", "stop_name": "Parkside II Apartments", "stop_lat": 29.642813, "stop_lon": -82.33558 }, "geometry": { "type": "Point", "coordinates": [ -82.33558, 29.642813 ] } },
{ "type": "Feature", "properties": { "stop_id": "1275", "stop_name": "Westbound Newberry Road @ Fort Clarke Boulevard", "stop_lat": 29.660459, "stop_lon": -82.43263 }, "geometry": { "type": "Point", "coordinates": [ -82.43263, 29.660459 ] } },
{ "type": "Feature", "properties": { "stop_id": "1083", "stop_name": "Cricket Club Apartments", "stop_lat": 29.647935, "stop_lon": -82.422297 }, "geometry": { "type": "Point", "coordinates": [ -82.422297, 29.647935 ] } },
{ "type": "Feature", "properties": { "stop_id": "239", "stop_name": "Publix @ NW 39th Avenue", "stop_lat": 29.687499, "stop_lon": -82.339152 }, "geometry": { "type": "Point", "coordinates": [ -82.339152, 29.687499 ] } },
{ "type": "Feature", "properties": { "stop_id": "420", "stop_name": "Vida Springs Church", "stop_lat": 29.688495, "stop_lon": -82.366151 }, "geometry": { "type": "Point", "coordinates": [ -82.366151, 29.688495 ] } },
{ "type": "Feature", "properties": { "stop_id": "902", "stop_name": "Department of Children and Families", "stop_lat": 29.666603, "stop_lon": -82.313759 }, "geometry": { "type": "Point", "coordinates": [ -82.313759, 29.666603 ] } },
{ "type": "Feature", "properties": { "stop_id": "258", "stop_name": "M&E Auto Specialists", "stop_lat": 29.682885, "stop_lon": -82.338931 }, "geometry": { "type": "Point", "coordinates": [ -82.338931, 29.682885 ] } },
{ "type": "Feature", "properties": { "stop_id": "752", "stop_name": "NE 15th Street @ NE 26th Avenue", "stop_lat": 29.676648, "stop_lon": -82.305877 }, "geometry": { "type": "Point", "coordinates": [ -82.305877, 29.676648 ] } },
{ "type": "Feature", "properties": { "stop_id": "917", "stop_name": "Westbound SE 4th Avenue @ SE 8th Street", "stop_lat": 29.64828, "stop_lon": -82.31636 }, "geometry": { "type": "Point", "coordinates": [ -82.31636, 29.64828 ] } },
{ "type": "Feature", "properties": { "stop_id": "339", "stop_name": "Northbound SE 27th Street @ SE 15th Avenue", "stop_lat": 29.637057, "stop_lon": -82.28913 }, "geometry": { "type": "Point", "coordinates": [ -82.28913, 29.637057 ] } },
{ "type": "Feature", "properties": { "stop_id": "636", "stop_name": "Greenwich Green Apartments", "stop_lat": 29.617569, "stop_lon": -82.374634 }, "geometry": { "type": "Point", "coordinates": [ -82.374634, 29.617569 ] } },
{ "type": "Feature", "properties": { "stop_id": "1379", "stop_name": "Westbound NW 39th AVE @ NW 10th ST", "stop_lat": 29.688624, "stop_lon": -82.335082 }, "geometry": { "type": "Point", "coordinates": [ -82.335082, 29.688624 ] } },
{ "type": "Feature", "properties": { "stop_id": "324", "stop_name": "Eastside High School", "stop_lat": 29.639837, "stop_lon": -82.272389 }, "geometry": { "type": "Point", "coordinates": [ -82.272389, 29.639837 ] } },
{ "type": "Feature", "properties": { "stop_id": "38", "stop_name": "University Commons", "stop_lat": 29.63196, "stop_lon": -82.361997 }, "geometry": { "type": "Point", "coordinates": [ -82.361997, 29.63196 ] } },
{ "type": "Feature", "properties": { "stop_id": "336", "stop_name": "Faith Missionary Church", "stop_lat": 29.632658, "stop_lon": -82.28569 }, "geometry": { "type": "Point", "coordinates": [ -82.28569, 29.632658 ] } },
{ "type": "Feature", "properties": { "stop_id": "1364", "stop_name": "Southbound SE 19th TER @ SE 12th AVE", "stop_lat": 29.640368, "stop_lon": -82.29943 }, "geometry": { "type": "Point", "coordinates": [ -82.29943, 29.640368 ] } },
{ "type": "Feature", "properties": { "stop_id": "898", "stop_name": "Rose Food Store", "stop_lat": 29.666562, "stop_lon": -82.303197 }, "geometry": { "type": "Point", "coordinates": [ -82.303197, 29.666562 ] } },
{ "type": "Feature", "properties": { "stop_id": "89", "stop_name": "Lincoln Estate Neighborhood", "stop_lat": 29.640199, "stop_lon": -82.299548 }, "geometry": { "type": "Point", "coordinates": [ -82.299548, 29.640199 ] } },
{ "type": "Feature", "properties": { "stop_id": "680", "stop_name": "Bridge House", "stop_lat": 29.611419, "stop_lon": -82.341485 }, "geometry": { "type": "Point", "coordinates": [ -82.341485, 29.611419 ] } },
{ "type": "Feature", "properties": { "stop_id": "429", "stop_name": "Glen Springs Apartments", "stop_lat": 29.682891, "stop_lon": -82.351573 }, "geometry": { "type": "Point", "coordinates": [ -82.351573, 29.682891 ] } },
{ "type": "Feature", "properties": { "stop_id": "1238", "stop_name": "Sorority Row", "stop_lat": 29.644071, "stop_lon": -82.335689 }, "geometry": { "type": "Point", "coordinates": [ -82.335689, 29.644071 ] } },
{ "type": "Feature", "properties": { "stop_id": "726", "stop_name": "Bella Vista Village", "stop_lat": 29.688589, "stop_lon": -82.325418 }, "geometry": { "type": "Point", "coordinates": [ -82.325418, 29.688589 ] } },
{ "type": "Feature", "properties": { "stop_id": "20", "stop_name": "Mt Vernon Apartments", "stop_lat": 29.633883, "stop_lon": -82.358637 }, "geometry": { "type": "Point", "coordinates": [ -82.358637, 29.633883 ] } },
{ "type": "Feature", "properties": { "stop_id": "100", "stop_name": "GTEC", "stop_lat": 29.646204, "stop_lon": -82.29622 }, "geometry": { "type": "Point", "coordinates": [ -82.29622, 29.646204 ] } },
{ "type": "Feature", "properties": { "stop_id": "560", "stop_name": "Northbound NE 9th Street @ NE 8th Avenue", "stop_lat": 29.658987, "stop_lon": -82.314705 }, "geometry": { "type": "Point", "coordinates": [ -82.314705, 29.658987 ] } },
{ "type": "Feature", "properties": { "stop_id": "523", "stop_name": "Shenandoah Neighborhood", "stop_lat": 29.674075, "stop_lon": -82.425183 }, "geometry": { "type": "Point", "coordinates": [ -82.425183, 29.674075 ] } },
{ "type": "Feature", "properties": { "stop_id": "692", "stop_name": "Village Square", "stop_lat": 29.630285, "stop_lon": -82.339178 }, "geometry": { "type": "Point", "coordinates": [ -82.339178, 29.630285 ] } },
{ "type": "Feature", "properties": { "stop_id": "1006", "stop_name": "Robin Lane Neighborhood", "stop_lat": 29.6886393, "stop_lon": -82.4219068 }, "geometry": { "type": "Point", "coordinates": [ -82.4219068, 29.6886393 ] } },
{ "type": "Feature", "properties": { "stop_id": "643", "stop_name": "Ridgemar Apartments", "stop_lat": 29.620493, "stop_lon": -82.372521 }, "geometry": { "type": "Point", "coordinates": [ -82.372521, 29.620493 ] } },
{ "type": "Feature", "properties": { "stop_id": "399", "stop_name": "The Home Depot @ NW 53rd Avenue", "stop_lat": 29.703167, "stop_lon": -82.346494 }, "geometry": { "type": "Point", "coordinates": [ -82.346494, 29.703167 ] } },
{ "type": "Feature", "properties": { "stop_id": "1469", "stop_name": "Eastbound University Avenue @ SW 23rd DR", "stop_lat": 29.652168, "stop_lon": -82.358601 }, "geometry": { "type": "Point", "coordinates": [ -82.358601, 29.652168 ] } },
{ "type": "Feature", "properties": { "stop_id": "1026", "stop_name": "Holy Faith Catholic Church", "stop_lat": 29.658381, "stop_lon": -82.389439 }, "geometry": { "type": "Point", "coordinates": [ -82.389439, 29.658381 ] } },
{ "type": "Feature", "properties": { "stop_id": "132", "stop_name": "Westbound SE 22nd Avenue @ SE 12th Street", "stop_lat": 29.631855, "stop_lon": -82.310984 }, "geometry": { "type": "Point", "coordinates": [ -82.310984, 29.631855 ] } },
{ "type": "Feature", "properties": { "stop_id": "1084", "stop_name": "Reflections Apartments", "stop_lat": 29.650711, "stop_lon": -82.422267 }, "geometry": { "type": "Point", "coordinates": [ -82.422267, 29.650711 ] } },
{ "type": "Feature", "properties": { "stop_id": "1192", "stop_name": "Turlington Hall", "stop_lat": 29.648395, "stop_lon": -82.343558 }, "geometry": { "type": "Point", "coordinates": [ -82.343558, 29.648395 ] } },
{ "type": "Feature", "properties": { "stop_id": "55", "stop_name": "Second Avenue Center Apartments", "stop_lat": 29.650175, "stop_lon": -82.3299 }, "geometry": { "type": "Point", "coordinates": [ -82.3299, 29.650175 ] } },
{ "type": "Feature", "properties": { "stop_id": "850", "stop_name": "GRU Administration Building", "stop_lat": 29.648317, "stop_lon": -82.321369 }, "geometry": { "type": "Point", "coordinates": [ -82.321369, 29.648317 ] } },
{ "type": "Feature", "properties": { "stop_id": "402", "stop_name": "ABC Liquor Store @ NW 34th Street", "stop_lat": 29.709592, "stop_lon": -82.354348 }, "geometry": { "type": "Point", "coordinates": [ -82.354348, 29.709592 ] } },
{ "type": "Feature", "properties": { "stop_id": "992", "stop_name": "Tire Plus @ NW 39th Avenue", "stop_lat": 29.688786, "stop_lon": -82.397096 }, "geometry": { "type": "Point", "coordinates": [ -82.397096, 29.688786 ] } },
{ "type": "Feature", "properties": { "stop_id": "4", "stop_name": "The Continuum", "stop_lat": 29.650325, "stop_lon": -82.329674 }, "geometry": { "type": "Point", "coordinates": [ -82.329674, 29.650325 ] } },
{ "type": "Feature", "properties": { "stop_id": "320", "stop_name": "Kangaroo @ SE 35th Street", "stop_lat": 29.638559, "stop_lon": -82.280695 }, "geometry": { "type": "Point", "coordinates": [ -82.280695, 29.638559 ] } },
{ "type": "Feature", "properties": { "stop_id": "1504", "stop_name": "PPG Paints Store", "stop_lat": 29.652948, "stop_lon": -82.330865 }, "geometry": { "type": "Point", "coordinates": [ -82.330865, 29.652948 ] } },
{ "type": "Feature", "properties": { "stop_id": "1079", "stop_name": "Westbound SW 8th Avenue @ SW 70th Terrace", "stop_lat": 29.645191, "stop_lon": -82.416867 }, "geometry": { "type": "Point", "coordinates": [ -82.416867, 29.645191 ] } },
{ "type": "Feature", "properties": { "stop_id": "185", "stop_name": "SIMED Health", "stop_lat": 29.6549, "stop_lon": -82.388182 }, "geometry": { "type": "Point", "coordinates": [ -82.388182, 29.6549 ] } },
{ "type": "Feature", "properties": { "stop_id": "721", "stop_name": "NE 39th Ave WB Farside NE 15th St", "stop_lat": 29.688498, "stop_lon": -82.306536 }, "geometry": { "type": "Point", "coordinates": [ -82.306536, 29.688498 ] } },
{ "type": "Feature", "properties": { "stop_id": "738", "stop_name": "Green Oak Villa", "stop_lat": 29.688419, "stop_lon": -82.33675 }, "geometry": { "type": "Point", "coordinates": [ -82.33675, 29.688419 ] } },
{ "type": "Feature", "properties": { "stop_id": "1138", "stop_name": "Arbor Apartments", "stop_lat": 29.620101, "stop_lon": -82.358529 }, "geometry": { "type": "Point", "coordinates": [ -82.358529, 29.620101 ] } },
{ "type": "Feature", "properties": { "stop_id": "1459", "stop_name": "Kensington South @ 38th Terrace", "stop_lat": 29.633451, "stop_lon": -82.3809735 }, "geometry": { "type": "Point", "coordinates": [ -82.3809735, 29.633451 ] } },
{ "type": "Feature", "properties": { "stop_id": "585", "stop_name": "Eastbound SE 25th Terrace @ E University Avenue", "stop_lat": 29.651786, "stop_lon": -82.291256 }, "geometry": { "type": "Point", "coordinates": [ -82.291256, 29.651786 ] } },
{ "type": "Feature", "properties": { "stop_id": "427", "stop_name": "Altrusa House of Gainesville", "stop_lat": 29.685773, "stop_lon": -82.349537 }, "geometry": { "type": "Point", "coordinates": [ -82.349537, 29.685773 ] } },
{ "type": "Feature", "properties": { "stop_id": "1312", "stop_name": "Depot Ave nearside SW 3rd St", "stop_lat": 29.6439161, "stop_lon": -82.3283348 }, "geometry": { "type": "Point", "coordinates": [ -82.3283348, 29.6439161 ] } },
{ "type": "Feature", "properties": { "stop_id": "1283", "stop_name": "Ft Clarke Middle School", "stop_lat": 29.674172, "stop_lon": -82.439133 }, "geometry": { "type": "Point", "coordinates": [ -82.439133, 29.674172 ] } },
{ "type": "Feature", "properties": { "stop_id": "966", "stop_name": "Weimer Hall", "stop_lat": 29.64857, "stop_lon": -82.347334 }, "geometry": { "type": "Point", "coordinates": [ -82.347334, 29.64857 ] } },
{ "type": "Feature", "properties": { "stop_id": "755", "stop_name": "Highland Court Manor Neighborhood @ NE 23rd Avenue", "stop_lat": 29.673917, "stop_lon": -82.311155 }, "geometry": { "type": "Point", "coordinates": [ -82.311155, 29.673917 ] } },
{ "type": "Feature", "properties": { "stop_id": "729", "stop_name": "Southbound SW 6th Street @ NW 36th Avenue", "stop_lat": 29.685223, "stop_lon": -82.330834 }, "geometry": { "type": "Point", "coordinates": [ -82.330834, 29.685223 ] } },
{ "type": "Feature", "properties": { "stop_id": "1630", "stop_name": "SW 32nd Rd @ The Vibe (Westbound)", "stop_lat": 29.623197, "stop_lon": -82.3920138 }, "geometry": { "type": "Point", "coordinates": [ -82.3920138, 29.623197 ] } },
{ "type": "Feature", "properties": { "stop_id": "166", "stop_name": "Gainesville Health & Fitness", "stop_lat": 29.657328, "stop_lon": -82.394103 }, "geometry": { "type": "Point", "coordinates": [ -82.394103, 29.657328 ] } },
{ "type": "Feature", "properties": { "stop_id": "303", "stop_name": "Alachua County School Board Administration Annex", "stop_lat": 29.651786, "stop_lon": -82.301129 }, "geometry": { "type": "Point", "coordinates": [ -82.301129, 29.651786 ] } },
{ "type": "Feature", "properties": { "stop_id": "335", "stop_name": "Westbound SE 21st Avenue @ SE 32nd Terrace", "stop_lat": 29.632664, "stop_lon": -82.283656 }, "geometry": { "type": "Point", "coordinates": [ -82.283656, 29.632664 ] } },
{ "type": "Feature", "properties": { "stop_id": "1377", "stop_name": "CVS - NW 39th Ave @ NW 13th St", "stop_lat": 29.688621, "stop_lon": -82.339716 }, "geometry": { "type": "Point", "coordinates": [ -82.339716, 29.688621 ] } },
{ "type": "Feature", "properties": { "stop_id": "159", "stop_name": "Fire Station @ W University Ave", "stop_lat": 29.651982, "stop_lon": -82.376318 }, "geometry": { "type": "Point", "coordinates": [ -82.376318, 29.651982 ] } },
{ "type": "Feature", "properties": { "stop_id": "1612", "stop_name": "Town of Tioga", "stop_lat": 29.65653, "stop_lon": -82.482504 }, "geometry": { "type": "Point", "coordinates": [ -82.482504, 29.65653 ] } },
{ "type": "Feature", "properties": { "stop_id": "1001", "stop_name": "Santa Fe College @ NW 83rd Street", "stop_lat": 29.680709, "stop_lon": -82.430392 }, "geometry": { "type": "Point", "coordinates": [ -82.430392, 29.680709 ] } },
{ "type": "Feature", "properties": { "stop_id": "482", "stop_name": "University of Florida Energy Research", "stop_lat": 29.627895, "stop_lon": -82.359309 }, "geometry": { "type": "Point", "coordinates": [ -82.359309, 29.627895 ] } },
{ "type": "Feature", "properties": { "stop_id": "1447", "stop_name": "Gardenia Gardens", "stop_lat": 29.659135, "stop_lon": -82.302674 }, "geometry": { "type": "Point", "coordinates": [ -82.302674, 29.659135 ] } },
{ "type": "Feature", "properties": { "stop_id": "133", "stop_name": "Gainesville Housing Authority", "stop_lat": 29.633971, "stop_lon": -82.315961 }, "geometry": { "type": "Point", "coordinates": [ -82.315961, 29.633971 ] } },
{ "type": "Feature", "properties": { "stop_id": "1072", "stop_name": "Sparrow Apartments", "stop_lat": 29.645065, "stop_lon": -82.421338 }, "geometry": { "type": "Point", "coordinates": [ -82.421338, 29.645065 ] } },
{ "type": "Feature", "properties": { "stop_id": "1560", "stop_name": "Eastwood Meadows", "stop_lat": 29.64243, "stop_lon": -82.271588 }, "geometry": { "type": "Point", "coordinates": [ -82.271588, 29.64243 ] } },
{ "type": "Feature", "properties": { "stop_id": "1392", "stop_name": "Northbound NW 55th St @ NW 9th Ln", "stop_lat": 29.6603661, "stop_lon": -82.4014717 }, "geometry": { "type": "Point", "coordinates": [ -82.4014717, 29.6603661 ] } },
{ "type": "Feature", "properties": { "stop_id": "108", "stop_name": "SE 24th Street at Hawthorne Road", "stop_lat": 29.646148, "stop_lon": -82.293949 }, "geometry": { "type": "Point", "coordinates": [ -82.293949, 29.646148 ] } },
{ "type": "Feature", "properties": { "stop_id": "502", "stop_name": "Zion Evangelical Lutheran Church", "stop_lat": 29.667092, "stop_lon": -82.373357 }, "geometry": { "type": "Point", "coordinates": [ -82.373357, 29.667092 ] } },
{ "type": "Feature", "properties": { "stop_id": "1113", "stop_name": "Tower Village", "stop_lat": 29.612393, "stop_lon": -82.422636 }, "geometry": { "type": "Point", "coordinates": [ -82.422636, 29.612393 ] } },
{ "type": "Feature", "properties": { "stop_id": "1193", "stop_name": "Rawlings Hall", "stop_lat": 29.646608, "stop_lon": -82.343572 }, "geometry": { "type": "Point", "coordinates": [ -82.343572, 29.646608 ] } },
{ "type": "Feature", "properties": { "stop_id": "776", "stop_name": "Spring Hill Church", "stop_lat": 29.632621, "stop_lon": -82.320267 }, "geometry": { "type": "Point", "coordinates": [ -82.320267, 29.632621 ] } },
{ "type": "Feature", "properties": { "stop_id": "223", "stop_name": "NW 6th St NW 21st Ln", "stop_lat": 29.672169, "stop_lon": -82.330727 }, "geometry": { "type": "Point", "coordinates": [ -82.330727, 29.672169 ] } },
{ "type": "Feature", "properties": { "stop_id": "724", "stop_name": "Westbound NE 39th Ave at Main St - Gsville Nissan", "stop_lat": 29.688531, "stop_lon": -82.319097 }, "geometry": { "type": "Point", "coordinates": [ -82.319097, 29.688531 ] } },
{ "type": "Feature", "properties": { "stop_id": "623", "stop_name": "Westbound NE 13th Street @ NE 8th Avenue", "stop_lat": 29.659376, "stop_lon": -82.308036 }, "geometry": { "type": "Point", "coordinates": [ -82.308036, 29.659376 ] } },
{ "type": "Feature", "properties": { "stop_id": "510", "stop_name": "Suburban Apartments", "stop_lat": 29.674235, "stop_lon": -82.391874 }, "geometry": { "type": "Point", "coordinates": [ -82.391874, 29.674235 ] } },
{ "type": "Feature", "properties": { "stop_id": "1381", "stop_name": "Publix - NW 39th AVE @ NW 13th ST", "stop_lat": 29.688431, "stop_lon": -82.340422 }, "geometry": { "type": "Point", "coordinates": [ -82.340422, 29.688431 ] } },
{ "type": "Feature", "properties": { "stop_id": "1626", "stop_name": "SW 43rd St @ Cracker Barrel", "stop_lat": 29.6171772, "stop_lon": -82.3891192 }, "geometry": { "type": "Point", "coordinates": [ -82.3891192, 29.6171772 ] } },
{ "type": "Feature", "properties": { "stop_id": "1209", "stop_name": "Oxford Terrace Apartments", "stop_lat": 29.6432257, "stop_lon": -82.3337333 }, "geometry": { "type": "Point", "coordinates": [ -82.3337333, 29.6432257 ] } },
{ "type": "Feature", "properties": { "stop_id": "408", "stop_name": "Northbound NW 23rd Terrace @ US Hwy 441", "stop_lat": 29.715036, "stop_lon": -82.358708 }, "geometry": { "type": "Point", "coordinates": [ -82.358708, 29.715036 ] } },
{ "type": "Feature", "properties": { "stop_id": "913", "stop_name": "Southbound SE 11th Street @ SE 2nd Avenue", "stop_lat": 29.65031, "stop_lon": -82.311613 }, "geometry": { "type": "Point", "coordinates": [ -82.311613, 29.65031 ] } },
{ "type": "Feature", "properties": { "stop_id": "768", "stop_name": "Friends of the Library Alachua County", "stop_lat": 29.656048, "stop_lon": -82.325088 }, "geometry": { "type": "Point", "coordinates": [ -82.325088, 29.656048 ] } },
{ "type": "Feature", "properties": { "stop_id": "382", "stop_name": "Ridgeview Baptist Church", "stop_lat": 29.685662, "stop_lon": -82.347437 }, "geometry": { "type": "Point", "coordinates": [ -82.347437, 29.685662 ] } },
{ "type": "Feature", "properties": { "stop_id": "783", "stop_name": "Chevron Gas Station @ Williston Road", "stop_lat": 29.635095, "stop_lon": -82.317764 }, "geometry": { "type": "Point", "coordinates": [ -82.317764, 29.635095 ] } },
{ "type": "Feature", "properties": { "stop_id": "1601", "stop_name": "Markets West (Eastbound)", "stop_lat": 29.6379503, "stop_lon": -82.4208262 }, "geometry": { "type": "Point", "coordinates": [ -82.4208262, 29.6379503 ] } },
{ "type": "Feature", "properties": { "stop_id": "1631", "stop_name": "Inner Road Westbound", "stop_lat": 29.6474024, "stop_lon": -82.3408354 }, "geometry": { "type": "Point", "coordinates": [ -82.3408354, 29.6474024 ] } },
{ "type": "Feature", "properties": { "stop_id": "909", "stop_name": "Episcopal Children's Services", "stop_lat": 29.656544, "stop_lon": -82.308494 }, "geometry": { "type": "Point", "coordinates": [ -82.308494, 29.656544 ] } },
{ "type": "Feature", "properties": { "stop_id": "248", "stop_name": "Gainesville High School", "stop_lat": 29.667953, "stop_lon": -82.339253 }, "geometry": { "type": "Point", "coordinates": [ -82.339253, 29.667953 ] } },
{ "type": "Feature", "properties": { "stop_id": "238", "stop_name": "CVS @ NW 13th Street", "stop_lat": 29.690166, "stop_lon": -82.339194 }, "geometry": { "type": "Point", "coordinates": [ -82.339194, 29.690166 ] } },
{ "type": "Feature", "properties": { "stop_id": "1103", "stop_name": "Tower Hill", "stop_lat": 29.653548, "stop_lon": -82.422532 }, "geometry": { "type": "Point", "coordinates": [ -82.422532, 29.653548 ] } },
{ "type": "Feature", "properties": { "stop_id": "868", "stop_name": "Gainesville Christian Center", "stop_lat": 29.66645, "stop_lon": -82.305939 }, "geometry": { "type": "Point", "coordinates": [ -82.305939, 29.66645 ] } },
{ "type": "Feature", "properties": { "stop_id": "1592", "stop_name": "Pizza Hut Archer Rd Eastbound", "stop_lat": 29.624111, "stop_lon": -82.375328 }, "geometry": { "type": "Point", "coordinates": [ -82.375328, 29.624111 ] } },
{ "type": "Feature", "properties": { "stop_id": "1359", "stop_name": "Gainesville Healthcare Center", "stop_lat": 29.637382, "stop_lon": -82.342875 }, "geometry": { "type": "Point", "coordinates": [ -82.342875, 29.637382 ] } },
{ "type": "Feature", "properties": { "stop_id": "1284", "stop_name": "Ft Clarke Middle School", "stop_lat": 29.673509, "stop_lon": -82.439334 }, "geometry": { "type": "Point", "coordinates": [ -82.439334, 29.673509 ] } },
{ "type": "Feature", "properties": { "stop_id": "1384", "stop_name": "Metrocorp Center", "stop_lat": 29.688822, "stop_lon": -82.386074 }, "geometry": { "type": "Point", "coordinates": [ -82.386074, 29.688822 ] } },
{ "type": "Feature", "properties": { "stop_id": "13", "stop_name": "Beaty Towers", "stop_lat": 29.644929, "stop_lon": -82.340175 }, "geometry": { "type": "Point", "coordinates": [ -82.340175, 29.644929 ] } },
{ "type": "Feature", "properties": { "stop_id": "1174", "stop_name": "Lacrosse Field", "stop_lat": 29.637587, "stop_lon": -82.365174 }, "geometry": { "type": "Point", "coordinates": [ -82.365174, 29.637587 ] } },
{ "type": "Feature", "properties": { "stop_id": "739", "stop_name": "Eastbound NW 39th Avenue @ NW 10th Street", "stop_lat": 29.688421, "stop_lon": -82.334462 }, "geometry": { "type": "Point", "coordinates": [ -82.334462, 29.688421 ] } },
{ "type": "Feature", "properties": { "stop_id": "134", "stop_name": "Norwood Neighborhood (North)", "stop_lat": 29.636261, "stop_lon": -82.317134 }, "geometry": { "type": "Point", "coordinates": [ -82.317134, 29.636261 ] } },
{ "type": "Feature", "properties": { "stop_id": "1007", "stop_name": "Unicorn Hill Farm", "stop_lat": 29.688679, "stop_lon": -82.416157 }, "geometry": { "type": "Point", "coordinates": [ -82.416157, 29.688679 ] } },
{ "type": "Feature", "properties": { "stop_id": "733", "stop_name": "Bel Air Apartments", "stop_lat": 29.676726, "stop_lon": -82.330878 }, "geometry": { "type": "Point", "coordinates": [ -82.330878, 29.676726 ] } },
{ "type": "Feature", "properties": { "stop_id": "280", "stop_name": "American Auto Insurance", "stop_lat": 29.661249, "stop_lon": -82.331002 }, "geometry": { "type": "Point", "coordinates": [ -82.331002, 29.661249 ] } },
{ "type": "Feature", "properties": { "stop_id": "563", "stop_name": "MLK Center and Citizens Field", "stop_lat": 29.659261, "stop_lon": -82.308213 }, "geometry": { "type": "Point", "coordinates": [ -82.308213, 29.659261 ] } },
{ "type": "Feature", "properties": { "stop_id": "489", "stop_name": "Southbound SW 23rd Street @ Williston Road", "stop_lat": 29.613806, "stop_lon": -82.355183 }, "geometry": { "type": "Point", "coordinates": [ -82.355183, 29.613806 ] } },
{ "type": "Feature", "properties": { "stop_id": "682", "stop_name": "Budget Inn", "stop_lat": 29.611868, "stop_lon": -82.341109 }, "geometry": { "type": "Point", "coordinates": [ -82.341109, 29.611868 ] } },
{ "type": "Feature", "properties": { "stop_id": "1555", "stop_name": "Marshall's @ Plaza Blvd", "stop_lat": 29.627726, "stop_lon": -82.383254 }, "geometry": { "type": "Point", "coordinates": [ -82.383254, 29.627726 ] } },
{ "type": "Feature", "properties": { "stop_id": "469", "stop_name": "Commuter Lot Parking Garage @ Gale Lemerand", "stop_lat": 29.642341, "stop_lon": -82.350346 }, "geometry": { "type": "Point", "coordinates": [ -82.350346, 29.642341 ] } },
{ "type": "Feature", "properties": { "stop_id": "1495", "stop_name": "Passage Family Church", "stop_lat": 29.671629, "stop_lon": -82.305909 }, "geometry": { "type": "Point", "coordinates": [ -82.305909, 29.671629 ] } },
{ "type": "Feature", "properties": { "stop_id": "1499", "stop_name": "NE 15th St @ NE 3rd Ave Nearside", "stop_lat": 29.653654, "stop_lon": -82.305737 }, "geometry": { "type": "Point", "coordinates": [ -82.305737, 29.653654 ] } },
{ "type": "Feature", "properties": { "stop_id": "1126", "stop_name": "Haystacks Housing Complex", "stop_lat": 29.613121, "stop_lon": -82.393946 }, "geometry": { "type": "Point", "coordinates": [ -82.393946, 29.613121 ] } },
{ "type": "Feature", "properties": { "stop_id": "452", "stop_name": "Gainesville Place Apartments @ SW 35th Place", "stop_lat": 29.619799, "stop_lon": -82.364741 }, "geometry": { "type": "Point", "coordinates": [ -82.364741, 29.619799 ] } },
{ "type": "Feature", "properties": { "stop_id": "797", "stop_name": "Hume Hall", "stop_lat": 29.644951, "stop_lon": -82.352202 }, "geometry": { "type": "Point", "coordinates": [ -82.352202, 29.644951 ] } },
{ "type": "Feature", "properties": { "stop_id": "323", "stop_name": "Chevron Food Mart @ SE 43rd Street", "stop_lat": 29.636216, "stop_lon": -82.272412 }, "geometry": { "type": "Point", "coordinates": [ -82.272412, 29.636216 ] } },
{ "type": "Feature", "properties": { "stop_id": "473", "stop_name": "Reitz Union", "stop_lat": 29.64514, "stop_lon": -82.346983 }, "geometry": { "type": "Point", "coordinates": [ -82.346983, 29.64514 ] } },
{ "type": "Feature", "properties": { "stop_id": "28", "stop_name": "Bonefish Grill Seafood Restaurant @ Butler Plaza", "stop_lat": 29.624804, "stop_lon": -82.377613 }, "geometry": { "type": "Point", "coordinates": [ -82.377613, 29.624804 ] } },
{ "type": "Feature", "properties": { "stop_id": "196", "stop_name": "Pressly Stadium", "stop_lat": 29.650446, "stop_lon": -82.355431 }, "geometry": { "type": "Point", "coordinates": [ -82.355431, 29.650446 ] } },
{ "type": "Feature", "properties": { "stop_id": "683", "stop_name": "Meridian Behavioral Healthcare (Northbound)", "stop_lat": 29.613107, "stop_lon": -82.340904 }, "geometry": { "type": "Point", "coordinates": [ -82.340904, 29.613107 ] } },
{ "type": "Feature", "properties": { "stop_id": "1505", "stop_name": "Planned Furnishings", "stop_lat": 29.65192, "stop_lon": -82.330772 }, "geometry": { "type": "Point", "coordinates": [ -82.330772, 29.65192 ] } },
{ "type": "Feature", "properties": { "stop_id": "66", "stop_name": "Eastbound SE 22nd Avenue @ SE 12th Street", "stop_lat": 29.631789, "stop_lon": -82.3106 }, "geometry": { "type": "Point", "coordinates": [ -82.3106, 29.631789 ] } },
{ "type": "Feature", "properties": { "stop_id": "849", "stop_name": "Hume Hall (Eastbound)", "stop_lat": 29.644837, "stop_lon": -82.351988 }, "geometry": { "type": "Point", "coordinates": [ -82.351988, 29.644837 ] } },
{ "type": "Feature", "properties": { "stop_id": "1067", "stop_name": "Carriage House Lane", "stop_lat": 29.630587, "stop_lon": -82.420423 }, "geometry": { "type": "Point", "coordinates": [ -82.420423, 29.630587 ] } },
{ "type": "Feature", "properties": { "stop_id": "664", "stop_name": "UF Health Shands North Tower", "stop_lat": 29.639817, "stop_lon": -82.342006 }, "geometry": { "type": "Point", "coordinates": [ -82.342006, 29.639817 ] } },
{ "type": "Feature", "properties": { "stop_id": "165", "stop_name": "Orthopedic Institute", "stop_lat": 29.656458, "stop_lon": -82.39186 }, "geometry": { "type": "Point", "coordinates": [ -82.39186, 29.656458 ] } },
{ "type": "Feature", "properties": { "stop_id": "171", "stop_name": "Oaks Mall @ NW 62nd Blvd", "stop_lat": 29.656792, "stop_lon": -82.408988 }, "geometry": { "type": "Point", "coordinates": [ -82.408988, 29.656792 ] } },
{ "type": "Feature", "properties": { "stop_id": "619", "stop_name": "Bartley Temple United Methodist Church", "stop_lat": 29.659676, "stop_lon": -82.299812 }, "geometry": { "type": "Point", "coordinates": [ -82.299812, 29.659676 ] } },
{ "type": "Feature", "properties": { "stop_id": "661", "stop_name": "Seacoast Bank @ SW 37th Boulevard", "stop_lat": 29.619314, "stop_lon": -82.379226 }, "geometry": { "type": "Point", "coordinates": [ -82.379226, 29.619314 ] } },
{ "type": "Feature", "properties": { "stop_id": "742", "stop_name": "Bella Vista Village Eastbound", "stop_lat": 29.688335, "stop_lon": -82.325246 }, "geometry": { "type": "Point", "coordinates": [ -82.325246, 29.688335 ] } },
{ "type": "Feature", "properties": { "stop_id": "985", "stop_name": "Thorn Brook Shops", "stop_lat": 29.675062, "stop_lon": -82.388855 }, "geometry": { "type": "Point", "coordinates": [ -82.388855, 29.675062 ] } },
{ "type": "Feature", "properties": { "stop_id": "1455", "stop_name": "North Walmart Supercenter", "stop_lat": 29.709916, "stop_lon": -82.355824 }, "geometry": { "type": "Point", "coordinates": [ -82.355824, 29.709916 ] } },
{ "type": "Feature", "properties": { "stop_id": "786", "stop_name": "Sweetwater on 16th Apartments (Northbound)", "stop_lat": 29.6304711, "stop_lon": -82.3241038 }, "geometry": { "type": "Point", "coordinates": [ -82.3241038, 29.6304711 ] } },
{ "type": "Feature", "properties": { "stop_id": "1378", "stop_name": "Westbound NW 39th AVE @ NW 12th ST", "stop_lat": 29.688623, "stop_lon": -82.337154 }, "geometry": { "type": "Point", "coordinates": [ -82.337154, 29.688623 ] } },
{ "type": "Feature", "properties": { "stop_id": "1374", "stop_name": "Westbound NW 39th AVE @ NW 19th TER", "stop_lat": 29.688635, "stop_lon": -82.347967 }, "geometry": { "type": "Point", "coordinates": [ -82.347967, 29.688635 ] } },
{ "type": "Feature", "properties": { "stop_id": "1078", "stop_name": "Gordon Manor Neighborhood", "stop_lat": 29.645216, "stop_lon": -82.415379 }, "geometry": { "type": "Point", "coordinates": [ -82.415379, 29.645216 ] } },
{ "type": "Feature", "properties": { "stop_id": "703", "stop_name": "US Post Office @ Main St", "stop_lat": 29.6640224, "stop_lon": -82.3244543 }, "geometry": { "type": "Point", "coordinates": [ -82.3244543, 29.6640224 ] } },
{ "type": "Feature", "properties": { "stop_id": "1273", "stop_name": "SW 38th Terr nearside SW 20th Ave", "stop_lat": 29.633806, "stop_lon": -82.380826 }, "geometry": { "type": "Point", "coordinates": [ -82.380826, 29.633806 ] } },
{ "type": "Feature", "properties": { "stop_id": "827", "stop_name": "Lakewood Villas Apartments", "stop_lat": 29.646326, "stop_lon": -82.400655 }, "geometry": { "type": "Point", "coordinates": [ -82.400655, 29.646326 ] } },
{ "type": "Feature", "properties": { "stop_id": "316", "stop_name": "SE 35th St @ SE 21st Avenue", "stop_lat": 29.632543, "stop_lon": -82.280937 }, "geometry": { "type": "Point", "coordinates": [ -82.280937, 29.632543 ] } },
{ "type": "Feature", "properties": { "stop_id": "384", "stop_name": "Girls Place of Alachua County", "stop_lat": 29.68863, "stop_lon": -82.351327 }, "geometry": { "type": "Point", "coordinates": [ -82.351327, 29.68863 ] } },
{ "type": "Feature", "properties": { "stop_id": "44", "stop_name": "Frazier Rogers Hall (Eastbound)", "stop_lat": 29.644771, "stop_lon": -82.345681 }, "geometry": { "type": "Point", "coordinates": [ -82.345681, 29.644771 ] } },
{ "type": "Feature", "properties": { "stop_id": "1473", "stop_name": "Fire Station", "stop_lat": 29.651128, "stop_lon": -82.377021 }, "geometry": { "type": "Point", "coordinates": [ -82.377021, 29.651128 ] } },
{ "type": "Feature", "properties": { "stop_id": "837", "stop_name": "The Park Apartments", "stop_lat": 29.633951, "stop_lon": -82.377716 }, "geometry": { "type": "Point", "coordinates": [ -82.377716, 29.633951 ] } },
{ "type": "Feature", "properties": { "stop_id": "753", "stop_name": "Smokey Bear Park", "stop_lat": 29.674433, "stop_lon": -82.305919 }, "geometry": { "type": "Point", "coordinates": [ -82.305919, 29.674433 ] } },
{ "type": "Feature", "properties": { "stop_id": "956", "stop_name": "Old Archer Road @ SW 34th Street", "stop_lat": 29.626106, "stop_lon": -82.372174 }, "geometry": { "type": "Point", "coordinates": [ -82.372174, 29.626106 ] } },
{ "type": "Feature", "properties": { "stop_id": "387", "stop_name": "Walnut Creek Neighborhood", "stop_lat": 29.688675, "stop_lon": -82.360317 }, "geometry": { "type": "Point", "coordinates": [ -82.360317, 29.688675 ] } },
{ "type": "Feature", "properties": { "stop_id": "433", "stop_name": "Brookwood Terrace", "stop_lat": 29.676485, "stop_lon": -82.348049 }, "geometry": { "type": "Point", "coordinates": [ -82.348049, 29.676485 ] } },
{ "type": "Feature", "properties": { "stop_id": "1373", "stop_name": "CVS @ SW 13th St", "stop_lat": 29.6358722, "stop_lon": -82.3391716 }, "geometry": { "type": "Point", "coordinates": [ -82.3391716, 29.6358722 ] } },
{ "type": "Feature", "properties": { "stop_id": "485", "stop_name": "Southwood Apartments", "stop_lat": 29.620786, "stop_lon": -82.355937 }, "geometry": { "type": "Point", "coordinates": [ -82.355937, 29.620786 ] } },
{ "type": "Feature", "properties": { "stop_id": "243", "stop_name": "Verizon Shop", "stop_lat": 29.677474, "stop_lon": -82.339253 }, "geometry": { "type": "Point", "coordinates": [ -82.339253, 29.677474 ] } },
{ "type": "Feature", "properties": { "stop_id": "1548", "stop_name": "Sam's Club", "stop_lat": 29.622999, "stop_lon": -82.383453 }, "geometry": { "type": "Point", "coordinates": [ -82.383453, 29.622999 ] } },
{ "type": "Feature", "properties": { "stop_id": "1581", "stop_name": "Brain Institute Northbound", "stop_lat": 29.64189, "stop_lon": -82.3436638 }, "geometry": { "type": "Point", "coordinates": [ -82.3436638, 29.64189 ] } },
{ "type": "Feature", "properties": { "stop_id": "208", "stop_name": "Bo Diddley Community Plaza", "stop_lat": 29.651871, "stop_lon": -82.322744 }, "geometry": { "type": "Point", "coordinates": [ -82.322744, 29.651871 ] } },
{ "type": "Feature", "properties": { "stop_id": "405", "stop_name": "Pine Ridge Apartments", "stop_lat": 29.709679, "stop_lon": -82.35963 }, "geometry": { "type": "Point", "coordinates": [ -82.35963, 29.709679 ] } },
{ "type": "Feature", "properties": { "stop_id": "591", "stop_name": "Compassionate Outreach", "stop_lat": 29.648327, "stop_lon": -82.272498 }, "geometry": { "type": "Point", "coordinates": [ -82.272498, 29.648327 ] } },
{ "type": "Feature", "properties": { "stop_id": "1439", "stop_name": "Cohens Temple", "stop_lat": 29.655976, "stop_lon": -82.305789 }, "geometry": { "type": "Point", "coordinates": [ -82.305789, 29.655976 ] } },
{ "type": "Feature", "properties": { "stop_id": "432", "stop_name": "Cobblestone Apartments", "stop_lat": 29.678118, "stop_lon": -82.349246 }, "geometry": { "type": "Point", "coordinates": [ -82.349246, 29.678118 ] } },
{ "type": "Feature", "properties": { "stop_id": "1556", "stop_name": "The Ridge @ SW 38th TER southbound", "stop_lat": 29.6315487, "stop_lon": -82.3809919 }, "geometry": { "type": "Point", "coordinates": [ -82.3809919, 29.6315487 ] } },
{ "type": "Feature", "properties": { "stop_id": "1062", "stop_name": "Linton Oaks Neighborhood @ SW 61st Street", "stop_lat": 29.643025, "stop_lon": -82.408221 }, "geometry": { "type": "Point", "coordinates": [ -82.408221, 29.643025 ] } },
{ "type": "Feature", "properties": { "stop_id": "455", "stop_name": "Casablanca East Apartments", "stop_lat": 29.619771, "stop_lon": -82.361514 }, "geometry": { "type": "Point", "coordinates": [ -82.361514, 29.619771 ] } },
{ "type": "Feature", "properties": { "stop_id": "374", "stop_name": "UF Health Homecare", "stop_lat": 29.674074, "stop_lon": -82.342774 }, "geometry": { "type": "Point", "coordinates": [ -82.342774, 29.674074 ] } },
{ "type": "Feature", "properties": { "stop_id": "962", "stop_name": "Keys Residential Complex", "stop_lat": 29.6482508, "stop_lon": -82.3547462 }, "geometry": { "type": "Point", "coordinates": [ -82.3547462, 29.6482508 ] } },
{ "type": "Feature", "properties": { "stop_id": "439", "stop_name": "NW 13th St @ Nearside NW 3rd Pl Southbound", "stop_lat": 29.654477, "stop_lon": -82.339359 }, "geometry": { "type": "Point", "coordinates": [ -82.339359, 29.654477 ] } },
{ "type": "Feature", "properties": { "stop_id": "1277", "stop_name": "Legacy @ Fort Clarke Apartments", "stop_lat": 29.667466, "stop_lon": -82.435114 }, "geometry": { "type": "Point", "coordinates": [ -82.435114, 29.667466 ] } },
{ "type": "Feature", "properties": { "stop_id": "217", "stop_name": "Big Ron's Yoga", "stop_lat": 29.660995, "stop_lon": -82.330803 }, "geometry": { "type": "Point", "coordinates": [ -82.330803, 29.660995 ] } },
{ "type": "Feature", "properties": { "stop_id": "107", "stop_name": "Health Department", "stop_lat": 29.649086, "stop_lon": -82.294941 }, "geometry": { "type": "Point", "coordinates": [ -82.294941, 29.649086 ] } },
{ "type": "Feature", "properties": { "stop_id": "825", "stop_name": "The Earl Apartments", "stop_lat": 29.650056, "stop_lon": -82.407791 }, "geometry": { "type": "Point", "coordinates": [ -82.407791, 29.650056 ] } },
{ "type": "Feature", "properties": { "stop_id": "416", "stop_name": "Pizza Hut @ NW 34th Street", "stop_lat": 29.700335, "stop_lon": -82.37026 }, "geometry": { "type": "Point", "coordinates": [ -82.37026, 29.700335 ] } },
{ "type": "Feature", "properties": { "stop_id": "337", "stop_name": "Lana's Place", "stop_lat": 29.632697, "stop_lon": -82.289072 }, "geometry": { "type": "Point", "coordinates": [ -82.289072, 29.632697 ] } },
{ "type": "Feature", "properties": { "stop_id": "704", "stop_name": "Kangaroo @ N Main St", "stop_lat": 29.666398, "stop_lon": -82.324394 }, "geometry": { "type": "Point", "coordinates": [ -82.324394, 29.666398 ] } },
{ "type": "Feature", "properties": { "stop_id": "36", "stop_name": "Capstone Quarters Apartments", "stop_lat": 29.629747, "stop_lon": -82.366625 }, "geometry": { "type": "Point", "coordinates": [ -82.366625, 29.629747 ] } },
{ "type": "Feature", "properties": { "stop_id": "161", "stop_name": "Plaza Royale", "stop_lat": 29.652709, "stop_lon": -82.381423 }, "geometry": { "type": "Point", "coordinates": [ -82.381423, 29.652709 ] } },
{ "type": "Feature", "properties": { "stop_id": "1061", "stop_name": "Linton Oaks Neighborhood @ SW 63rd Terrace", "stop_lat": 29.645167, "stop_lon": -82.410758 }, "geometry": { "type": "Point", "coordinates": [ -82.410758, 29.645167 ] } },
{ "type": "Feature", "properties": { "stop_id": "146", "stop_name": "Holiday Inn @ W University Avenue", "stop_lat": 29.652186, "stop_lon": -82.338973 }, "geometry": { "type": "Point", "coordinates": [ -82.338973, 29.652186 ] } },
{ "type": "Feature", "properties": { "stop_id": "188", "stop_name": "Regal Royal Park Stadium 16", "stop_lat": 29.652001, "stop_lon": -82.380226 }, "geometry": { "type": "Point", "coordinates": [ -82.380226, 29.652001 ] } },
{ "type": "Feature", "properties": { "stop_id": "468", "stop_name": "Parking & Transportation Services", "stop_lat": 29.639791, "stop_lon": -82.350387 }, "geometry": { "type": "Point", "coordinates": [ -82.350387, 29.639791 ] } },
{ "type": "Feature", "properties": { "stop_id": "6", "stop_name": "720 SW 2nd Ave", "stop_lat": 29.650335, "stop_lon": -82.33279 }, "geometry": { "type": "Point", "coordinates": [ -82.33279, 29.650335 ] } },
{ "type": "Feature", "properties": { "stop_id": "127", "stop_name": "Lincoln Estates Neighborhood", "stop_lat": 29.640328, "stop_lon": -82.305742 }, "geometry": { "type": "Point", "coordinates": [ -82.305742, 29.640328 ] } },
{ "type": "Feature", "properties": { "stop_id": "925", "stop_name": "The HUB", "stop_lat": 29.64853, "stop_lon": -82.34496 }, "geometry": { "type": "Point", "coordinates": [ -82.34496, 29.64853 ] } },
{ "type": "Feature", "properties": { "stop_id": "142", "stop_name": "Seagle Building", "stop_lat": 29.652076, "stop_lon": -82.328427 }, "geometry": { "type": "Point", "coordinates": [ -82.328427, 29.652076 ] } },
{ "type": "Feature", "properties": { "stop_id": "220", "stop_name": "Medical Marijuana Treatment Center", "stop_lat": 29.666341, "stop_lon": -82.330768 }, "geometry": { "type": "Point", "coordinates": [ -82.330768, 29.666341 ] } },
{ "type": "Feature", "properties": { "stop_id": "587", "stop_name": "Fred Cone Park", "stop_lat": 29.651768, "stop_lon": -82.28767 }, "geometry": { "type": "Point", "coordinates": [ -82.28767, 29.651768 ] } },
{ "type": "Feature", "properties": { "stop_id": "109", "stop_name": "Phase III Supply", "stop_lat": 29.647011, "stop_lon": -82.297228 }, "geometry": { "type": "Point", "coordinates": [ -82.297228, 29.647011 ] } },
{ "type": "Feature", "properties": { "stop_id": "129", "stop_name": "McPherson Recreational Center", "stop_lat": 29.633733, "stop_lon": -82.305909 }, "geometry": { "type": "Point", "coordinates": [ -82.305909, 29.633733 ] } },
{ "type": "Feature", "properties": { "stop_id": "85", "stop_name": "Lincoln Estate Neighborhood", "stop_lat": 29.640245, "stop_lon": -82.305449 }, "geometry": { "type": "Point", "coordinates": [ -82.305449, 29.640245 ] } },
{ "type": "Feature", "properties": { "stop_id": "343", "stop_name": "Dollar General", "stop_lat": 29.645231, "stop_lon": -82.293693 }, "geometry": { "type": "Point", "coordinates": [ -82.293693, 29.645231 ] } },
{ "type": "Feature", "properties": { "stop_id": "67", "stop_name": "Eastbound SE 22nd Avenue @ SE 13th Street", "stop_lat": 29.631796, "stop_lon": -82.308693 }, "geometry": { "type": "Point", "coordinates": [ -82.308693, 29.631796 ] } },
{ "type": "Feature", "properties": { "stop_id": "116", "stop_name": "Waldo Rd @ SE 7th Avenue", "stop_lat": 29.645842, "stop_lon": -82.311006 }, "geometry": { "type": "Point", "coordinates": [ -82.311006, 29.645842 ] } },
{ "type": "Feature", "properties": { "stop_id": "723", "stop_name": "Highland Court", "stop_lat": 29.688502, "stop_lon": -82.310905 }, "geometry": { "type": "Point", "coordinates": [ -82.310905, 29.688502 ] } },
{ "type": "Feature", "properties": { "stop_id": "1285", "stop_name": "Southbound Fort Clarke Boulevard @ Eagle Point", "stop_lat": 29.668913, "stop_lon": -82.43714 }, "geometry": { "type": "Point", "coordinates": [ -82.43714, 29.668913 ] } },
{ "type": "Feature", "properties": { "stop_id": "249", "stop_name": "NW 16th Ave NW 13th St", "stop_lat": 29.666801, "stop_lon": -82.340521 }, "geometry": { "type": "Point", "coordinates": [ -82.340521, 29.666801 ] } },
{ "type": "Feature", "properties": { "stop_id": "186", "stop_name": "Life South Blood Center", "stop_lat": 29.654297, "stop_lon": -82.386555 }, "geometry": { "type": "Point", "coordinates": [ -82.386555, 29.654297 ] } },
{ "type": "Feature", "properties": { "stop_id": "728", "stop_name": "Stephen Foster Elementary School", "stop_lat": 29.687605, "stop_lon": -82.330845 }, "geometry": { "type": "Point", "coordinates": [ -82.330845, 29.687605 ] } },
{ "type": "Feature", "properties": { "stop_id": "851", "stop_name": "Eastbound SE 4th Avenue @ SE 8th Street", "stop_lat": 29.648137, "stop_lon": -82.316559 }, "geometry": { "type": "Point", "coordinates": [ -82.316559, 29.648137 ] } },
{ "type": "Feature", "properties": { "stop_id": "16", "stop_name": "Shands Hospital @ Center Drive", "stop_lat": 29.640205, "stop_lon": -82.34626 }, "geometry": { "type": "Point", "coordinates": [ -82.34626, 29.640205 ] } },
{ "type": "Feature", "properties": { "stop_id": "1008", "stop_name": "Greystone Community", "stop_lat": 29.6886506, "stop_lon": -82.4110918 }, "geometry": { "type": "Point", "coordinates": [ -82.4110918, 29.6886506 ] } },
{ "type": "Feature", "properties": { "stop_id": "332", "stop_name": "Southbound SE 35th Street @ SE 16th Avenue", "stop_lat": 29.636636, "stop_lon": -82.280843 }, "geometry": { "type": "Point", "coordinates": [ -82.280843, 29.636636 ] } },
{ "type": "Feature", "properties": { "stop_id": "1542", "stop_name": "The Polos Southwest Entrance", "stop_lat": 29.613578, "stop_lon": -82.359939 }, "geometry": { "type": "Point", "coordinates": [ -82.359939, 29.613578 ] } },
{ "type": "Feature", "properties": { "stop_id": "953", "stop_name": "Gainesville Place Apartments", "stop_lat": 29.623475, "stop_lon": -82.365501 }, "geometry": { "type": "Point", "coordinates": [ -82.365501, 29.623475 ] } },
{ "type": "Feature", "properties": { "stop_id": "515", "stop_name": "Hickory Woods Neighborhood", "stop_lat": 29.67429, "stop_lon": -82.41516 }, "geometry": { "type": "Point", "coordinates": [ -82.41516, 29.67429 ] } },
{ "type": "Feature", "properties": { "stop_id": "1614", "stop_name": "Celebration Pointe SW 45th St & SW 31st Pl", "stop_lat": 29.624398, "stop_lon": -82.394318 }, "geometry": { "type": "Point", "coordinates": [ -82.394318, 29.624398 ] } },
{ "type": "Feature", "properties": { "stop_id": "543", "stop_name": "Forest Ridge Neighborhood", "stop_lat": 29.666632, "stop_lon": -82.353084 }, "geometry": { "type": "Point", "coordinates": [ -82.353084, 29.666632 ] } },
{ "type": "Feature", "properties": { "stop_id": "715", "stop_name": "Smokey Bear Park", "stop_lat": 29.674499, "stop_lon": -82.305763 }, "geometry": { "type": "Point", "coordinates": [ -82.305763, 29.674499 ] } },
{ "type": "Feature", "properties": { "stop_id": "260", "stop_name": "Auto Zone @ NW 13th Street", "stop_lat": 29.689456, "stop_lon": -82.338859 }, "geometry": { "type": "Point", "coordinates": [ -82.338859, 29.689456 ] } },
{ "type": "Feature", "properties": { "stop_id": "790", "stop_name": "Parklands Care Center", "stop_lat": 29.6366883, "stop_lon": -82.335734 }, "geometry": { "type": "Point", "coordinates": [ -82.335734, 29.6366883 ] } },
{ "type": "Feature", "properties": { "stop_id": "434", "stop_name": "Direct Auto Insurance", "stop_lat": 29.664539, "stop_lon": -82.339265 }, "geometry": { "type": "Point", "coordinates": [ -82.339265, 29.664539 ] } },
{ "type": "Feature", "properties": { "stop_id": "311", "stop_name": "Southbound SE 27th Street @ SE 15th Avenue", "stop_lat": 29.637071, "stop_lon": -82.28927 }, "geometry": { "type": "Point", "coordinates": [ -82.28927, 29.637071 ] } },
{ "type": "Feature", "properties": { "stop_id": "1478", "stop_name": "Tractor Supply Co @ NW 53rd Avenue", "stop_lat": 29.703324, "stop_lon": -82.346442 }, "geometry": { "type": "Point", "coordinates": [ -82.346442, 29.703324 ] } },
{ "type": "Feature", "properties": { "stop_id": "229", "stop_name": "Northbound NW 6th Street @ NW 36th Avenue", "stop_lat": 29.6854008, "stop_lon": -82.3306584 }, "geometry": { "type": "Point", "coordinates": [ -82.3306584, 29.6854008 ] } },
{ "type": "Feature", "properties": { "stop_id": "762", "stop_name": "Brakes 4 Less", "stop_lat": 29.665515, "stop_lon": -82.324591 }, "geometry": { "type": "Point", "coordinates": [ -82.324591, 29.665515 ] } },
{ "type": "Feature", "properties": { "stop_id": "553", "stop_name": "Downtown Library", "stop_lat": 29.651766, "stop_lon": -82.322318 }, "geometry": { "type": "Point", "coordinates": [ -82.322318, 29.651766 ] } },
{ "type": "Feature", "properties": { "stop_id": "1400", "stop_name": "Westbound SW 24th AVE @ SW 84th ST", "stop_lat": 29.630614, "stop_lon": -82.431857 }, "geometry": { "type": "Point", "coordinates": [ -82.431857, 29.630614 ] } },
{ "type": "Feature", "properties": { "stop_id": "1027", "stop_name": "Best Buy @ Butler Plaza", "stop_lat": 29.621328, "stop_lon": -82.380919 }, "geometry": { "type": "Point", "coordinates": [ -82.380919, 29.621328 ] } },
{ "type": "Feature", "properties": { "stop_id": "820", "stop_name": "Spyglass Apartments", "stop_lat": 29.646795, "stop_lon": -82.400843 }, "geometry": { "type": "Point", "coordinates": [ -82.400843, 29.646795 ] } },
{ "type": "Feature", "properties": { "stop_id": "592", "stop_name": "Lake Forest Trails Neighborhood", "stop_lat": 29.646066, "stop_lon": -82.27251 }, "geometry": { "type": "Point", "coordinates": [ -82.27251, 29.646066 ] } },
{ "type": "Feature", "properties": { "stop_id": "1286", "stop_name": "Legacy @ Fort Clarke Apartments", "stop_lat": 29.667198, "stop_lon": -82.435087 }, "geometry": { "type": "Point", "coordinates": [ -82.435087, 29.667198 ] } },
{ "type": "Feature", "properties": { "stop_id": "532", "stop_name": "NW 23rd Ave @ NW 43rd St", "stop_lat": 29.673993, "stop_lon": -82.390196 }, "geometry": { "type": "Point", "coordinates": [ -82.390196, 29.673993 ] } },
{ "type": "Feature", "properties": { "stop_id": "1388", "stop_name": "Sable Chase Neighborhood", "stop_lat": 29.688538, "stop_lon": -82.374539 }, "geometry": { "type": "Point", "coordinates": [ -82.374539, 29.688538 ] } },
{ "type": "Feature", "properties": { "stop_id": "1500", "stop_name": "NE 15th St @ NE 7th Ave", "stop_lat": 29.657879, "stop_lon": -82.305915 }, "geometry": { "type": "Point", "coordinates": [ -82.305915, 29.657879 ] } },
{ "type": "Feature", "properties": { "stop_id": "3", "stop_name": "Westbound SW 2nd Avenue @ SW 2nd Street", "stop_lat": 29.650397, "stop_lon": -82.326459 }, "geometry": { "type": "Point", "coordinates": [ -82.326459, 29.650397 ] } },
{ "type": "Feature", "properties": { "stop_id": "788", "stop_name": "Aldi @ SW 16th Avenue", "stop_lat": 29.6363278, "stop_lon": -82.328566 }, "geometry": { "type": "Point", "coordinates": [ -82.328566, 29.6363278 ] } },
{ "type": "Feature", "properties": { "stop_id": "678", "stop_name": "Residence Inn", "stop_lat": 29.615843, "stop_lon": -82.340786 }, "geometry": { "type": "Point", "coordinates": [ -82.340786, 29.615843 ] } },
{ "type": "Feature", "properties": { "stop_id": "189", "stop_name": "Center for Independent Living", "stop_lat": 29.651061, "stop_lon": -82.377396 }, "geometry": { "type": "Point", "coordinates": [ -82.377396, 29.651061 ] } },
{ "type": "Feature", "properties": { "stop_id": "1050", "stop_name": "Bellamy Grand", "stop_lat": 29.628397, "stop_lon": -82.422371 }, "geometry": { "type": "Point", "coordinates": [ -82.422371, 29.628397 ] } },
{ "type": "Feature", "properties": { "stop_id": "602", "stop_name": "Pine Meadows Apartments", "stop_lat": 29.651991, "stop_lon": -82.289878 }, "geometry": { "type": "Point", "coordinates": [ -82.289878, 29.651991 ] } },
{ "type": "Feature", "properties": { "stop_id": "1035", "stop_name": "Kanapaha Botanical Gardens", "stop_lat": 29.608681, "stop_lon": -82.402953 }, "geometry": { "type": "Point", "coordinates": [ -82.402953, 29.608681 ] } },
{ "type": "Feature", "properties": { "stop_id": "810", "stop_name": "Campus USA", "stop_lat": 29.634223, "stop_lon": -82.374907 }, "geometry": { "type": "Point", "coordinates": [ -82.374907, 29.634223 ] } },
{ "type": "Feature", "properties": { "stop_id": "1053", "stop_name": "Galen College of Nursing", "stop_lat": 29.630901, "stop_lon": -82.418044 }, "geometry": { "type": "Point", "coordinates": [ -82.418044, 29.630901 ] } },
{ "type": "Feature", "properties": { "stop_id": "479", "stop_name": "Campus Edge Condominiums", "stop_lat": 29.63705, "stop_lon": -82.358917 }, "geometry": { "type": "Point", "coordinates": [ -82.358917, 29.63705 ] } },
{ "type": "Feature", "properties": { "stop_id": "403", "stop_name": "Kangaroo Gas @ NW 34th Street", "stop_lat": 29.706605, "stop_lon": -82.356652 }, "geometry": { "type": "Point", "coordinates": [ -82.356652, 29.706605 ] } },
{ "type": "Feature", "properties": { "stop_id": "1236", "stop_name": "Cabana Beach Apartments (SW 52nd St)", "stop_lat": 29.635913, "stop_lon": -82.397884 }, "geometry": { "type": "Point", "coordinates": [ -82.397884, 29.635913 ] } },
{ "type": "Feature", "properties": { "stop_id": "385", "stop_name": "Sonic Drive In", "stop_lat": 29.688627, "stop_lon": -82.354962 }, "geometry": { "type": "Point", "coordinates": [ -82.354962, 29.688627 ] } },
{ "type": "Feature", "properties": { "stop_id": "816", "stop_name": "Canopy Apartments", "stop_lat": 29.636959, "stop_lon": -82.390186 }, "geometry": { "type": "Point", "coordinates": [ -82.390186, 29.636959 ] } },
{ "type": "Feature", "properties": { "stop_id": "1012", "stop_name": "Autumn Woods Neighborhood", "stop_lat": 29.688574, "stop_lon": -82.394883 }, "geometry": { "type": "Point", "coordinates": [ -82.394883, 29.688574 ] } },
{ "type": "Feature", "properties": { "stop_id": "1047", "stop_name": "Vet Mem PK", "stop_lat": 29.61491, "stop_lon": -82.422495 }, "geometry": { "type": "Point", "coordinates": [ -82.422495, 29.61491 ] } },
{ "type": "Feature", "properties": { "stop_id": "522", "stop_name": "The Pentecostals of Gainesville", "stop_lat": 29.674223, "stop_lon": -82.428413 }, "geometry": { "type": "Point", "coordinates": [ -82.428413, 29.674223 ] } },
{ "type": "Feature", "properties": { "stop_id": "818", "stop_name": "Redpoint Apartments", "stop_lat": 29.641168, "stop_lon": -82.39814 }, "geometry": { "type": "Point", "coordinates": [ -82.39814, 29.641168 ] } },
{ "type": "Feature", "properties": { "stop_id": "364", "stop_name": "Publix @ NW 13th St and W Univ Ave", "stop_lat": 29.653749, "stop_lon": -82.339079 }, "geometry": { "type": "Point", "coordinates": [ -82.339079, 29.653749 ] } },
{ "type": "Feature", "properties": { "stop_id": "301", "stop_name": "Eastbound University Avenue @ SE 15th Street", "stop_lat": 29.651804, "stop_lon": -82.304736 }, "geometry": { "type": "Point", "coordinates": [ -82.304736, 29.651804 ] } },
{ "type": "Feature", "properties": { "stop_id": "795", "stop_name": "The Retreat Apartments", "stop_lat": 29.636485, "stop_lon": -82.33557 }, "geometry": { "type": "Point", "coordinates": [ -82.33557, 29.636485 ] } },
{ "type": "Feature", "properties": { "stop_id": "1102", "stop_name": "Advance Auto Parts", "stop_lat": 29.655418, "stop_lon": -82.422514 }, "geometry": { "type": "Point", "coordinates": [ -82.422514, 29.655418 ] } },
{ "type": "Feature", "properties": { "stop_id": "225", "stop_name": "Northbound NW 6th Street @ NW 26th Avenue", "stop_lat": 29.6764714, "stop_lon": -82.3306776 }, "geometry": { "type": "Point", "coordinates": [ -82.3306776, 29.6764714 ] } },
{ "type": "Feature", "properties": { "stop_id": "701", "stop_name": "CVS Pharmacy @ N Main Street", "stop_lat": 29.660498, "stop_lon": -82.324449 }, "geometry": { "type": "Point", "coordinates": [ -82.324449, 29.660498 ] } },
{ "type": "Feature", "properties": { "stop_id": "1221", "stop_name": "Eastbound NW 23rd Avenue @ NW 13th Street", "stop_lat": 29.673891, "stop_lon": -82.33804 }, "geometry": { "type": "Point", "coordinates": [ -82.33804, 29.673891 ] } },
{ "type": "Feature", "properties": { "stop_id": "368", "stop_name": "LifeSouth Community Blood Center @ NW 13th Street", "stop_lat": 29.664005, "stop_lon": -82.339053 }, "geometry": { "type": "Point", "coordinates": [ -82.339053, 29.664005 ] } },
{ "type": "Feature", "properties": { "stop_id": "322", "stop_name": "E Hawthorne Road @ SE 39th Terrace", "stop_lat": 29.636666, "stop_lon": -82.275829 }, "geometry": { "type": "Point", "coordinates": [ -82.275829, 29.636666 ] } },
{ "type": "Feature", "properties": { "stop_id": "1274", "stop_name": "Krystal @ Newberry Road", "stop_lat": 29.659836, "stop_lon": -82.424709 }, "geometry": { "type": "Point", "coordinates": [ -82.424709, 29.659836 ] } },
{ "type": "Feature", "properties": { "stop_id": "418", "stop_name": "Southbound NW 34th Street @ NW 41st Avenue", "stop_lat": 29.6909, "stop_lon": -82.372383 }, "geometry": { "type": "Point", "coordinates": [ -82.372383, 29.6909 ] } },
{ "type": "Feature", "properties": { "stop_id": "56", "stop_name": "Eastbound SW 2nd Ave @ SW 2nd St", "stop_lat": 29.650203, "stop_lon": -82.326684 }, "geometry": { "type": "Point", "coordinates": [ -82.326684, 29.650203 ] } },
{ "type": "Feature", "properties": { "stop_id": "380", "stop_name": "Kiwanis Park", "stop_lat": 29.685625, "stop_lon": -82.351484 }, "geometry": { "type": "Point", "coordinates": [ -82.351484, 29.685625 ] } },
{ "type": "Feature", "properties": { "stop_id": "819", "stop_name": "Rockwood Villas Apartments", "stop_lat": 29.644826, "stop_lon": -82.399248 }, "geometry": { "type": "Point", "coordinates": [ -82.399248, 29.644826 ] } },
{ "type": "Feature", "properties": { "stop_id": "915", "stop_name": "Triangle Club", "stop_lat": 29.648287, "stop_lon": -82.3126 }, "geometry": { "type": "Point", "coordinates": [ -82.3126, 29.648287 ] } },
{ "type": "Feature", "properties": { "stop_id": "437", "stop_name": "All Star Automotive", "stop_lat": 29.657774, "stop_lon": -82.33929 }, "geometry": { "type": "Point", "coordinates": [ -82.33929, 29.657774 ] } },
{ "type": "Feature", "properties": { "stop_id": "669", "stop_name": "Liv+ Apartments 13th St", "stop_lat": 29.634414, "stop_lon": -82.339508 }, "geometry": { "type": "Point", "coordinates": [ -82.339508, 29.634414 ] } },
{ "type": "Feature", "properties": { "stop_id": "1223", "stop_name": "Forest Meadows Funeral Home", "stop_lat": 29.673845, "stop_lon": -82.331648 }, "geometry": { "type": "Point", "coordinates": [ -82.331648, 29.673845 ] } },
{ "type": "Feature", "properties": { "stop_id": "538", "stop_name": "Covenant Church", "stop_lat": 29.666661, "stop_lon": -82.36891 }, "geometry": { "type": "Point", "coordinates": [ -82.36891, 29.666661 ] } },
{ "type": "Feature", "properties": { "stop_id": "1033", "stop_name": "Westbound Archer Road @ SW 50th Street", "stop_lat": 29.612137, "stop_lon": -82.396352 }, "geometry": { "type": "Point", "coordinates": [ -82.396352, 29.612137 ] } },
{ "type": "Feature", "properties": { "stop_id": "481", "stop_name": "University Commons", "stop_lat": 29.630268, "stop_lon": -82.361586 }, "geometry": { "type": "Point", "coordinates": [ -82.361586, 29.630268 ] } },
{ "type": "Feature", "properties": { "stop_id": "823", "stop_name": "Hampton Oaks Apartments", "stop_lat": 29.652416, "stop_lon": -82.408796 }, "geometry": { "type": "Point", "coordinates": [ -82.408796, 29.652416 ] } },
{ "type": "Feature", "properties": { "stop_id": "1326", "stop_name": "UF Counseling and Wellness Center", "stop_lat": 29.642148, "stop_lon": -82.368834 }, "geometry": { "type": "Point", "coordinates": [ -82.368834, 29.642148 ] } },
{ "type": "Feature", "properties": { "stop_id": "978", "stop_name": "Lenox Place Apartments", "stop_lat": 29.660922, "stop_lon": -82.388936 }, "geometry": { "type": "Point", "coordinates": [ -82.388936, 29.660922 ] } },
{ "type": "Feature", "properties": { "stop_id": "1280", "stop_name": "Hidden Oak Elementary School", "stop_lat": 29.670811, "stop_lon": -82.439103 }, "geometry": { "type": "Point", "coordinates": [ -82.439103, 29.670811 ] } },
{ "type": "Feature", "properties": { "stop_id": "1380", "stop_name": "Westbound NW 39th AVE @ NW 7th ST", "stop_lat": 29.688639, "stop_lon": -82.332443 }, "geometry": { "type": "Point", "coordinates": [ -82.332443, 29.688639 ] } },
{ "type": "Feature", "properties": { "stop_id": "1165", "stop_name": "Hills Mini Storage", "stop_lat": 29.685727, "stop_lon": -82.290364 }, "geometry": { "type": "Point", "coordinates": [ -82.290364, 29.685727 ] } },
{ "type": "Feature", "properties": { "stop_id": "122", "stop_name": "Lincoln Estates", "stop_lat": 29.644228, "stop_lon": -82.299412 }, "geometry": { "type": "Point", "coordinates": [ -82.299412, 29.644228 ] } },
{ "type": "Feature", "properties": { "stop_id": "829", "stop_name": "Forest View Apartments", "stop_lat": 29.641553, "stop_lon": -82.398379 }, "geometry": { "type": "Point", "coordinates": [ -82.398379, 29.641553 ] } },
{ "type": "Feature", "properties": { "stop_id": "1185", "stop_name": "Microbiology/Cell Science Building", "stop_lat": 29.6402616, "stop_lon": -82.3641002 }, "geometry": { "type": "Point", "coordinates": [ -82.3641002, 29.6402616 ] } },
{ "type": "Feature", "properties": { "stop_id": "379", "stop_name": "Northbound NW 21st Avenue @ NW 33rd Avenue", "stop_lat": 29.683322, "stop_lon": -82.351488 }, "geometry": { "type": "Point", "coordinates": [ -82.351488, 29.683322 ] } },
{ "type": "Feature", "properties": { "stop_id": "935", "stop_name": "Westbound SW 2nd Avenue @ SW 30th Street", "stop_lat": 29.650481, "stop_lon": -82.367269 }, "geometry": { "type": "Point", "coordinates": [ -82.367269, 29.650481 ] } },
{ "type": "Feature", "properties": { "stop_id": "447", "stop_name": "Hunters Run", "stop_lat": 29.612789, "stop_lon": -82.359331 }, "geometry": { "type": "Point", "coordinates": [ -82.359331, 29.612789 ] } },
{ "type": "Feature", "properties": { "stop_id": "1493", "stop_name": "Butler Plaza Transfer Station", "stop_lat": 29.625154, "stop_lon": -82.38789 }, "geometry": { "type": "Point", "coordinates": [ -82.38789, 29.625154 ] } },
{ "type": "Feature", "properties": { "stop_id": "143", "stop_name": "Santa Fe College Charles L. Blount Center", "stop_lat": 29.652077, "stop_lon": -82.330034 }, "geometry": { "type": "Point", "coordinates": [ -82.330034, 29.652077 ] } },
{ "type": "Feature", "properties": { "stop_id": "1239", "stop_name": "Caroline Manor Affordable Housing", "stop_lat": 29.652003, "stop_lon": -82.291919 }, "geometry": { "type": "Point", "coordinates": [ -82.291919, 29.652003 ] } },
{ "type": "Feature", "properties": { "stop_id": "529", "stop_name": "First Church of the Nazarene", "stop_lat": 29.673993, "stop_lon": -82.396932 }, "geometry": { "type": "Point", "coordinates": [ -82.396932, 29.673993 ] } },
{ "type": "Feature", "properties": { "stop_id": "1022", "stop_name": "Southbound NW 43rd Street @ NW 15th Place", "stop_lat": 29.666789, "stop_lon": -82.389113 }, "geometry": { "type": "Point", "coordinates": [ -82.389113, 29.666789 ] } },
{ "type": "Feature", "properties": { "stop_id": "754", "stop_name": "NE 23rd Ave Farside NE 14th St Westbound", "stop_lat": 29.673894, "stop_lon": -82.308067 }, "geometry": { "type": "Point", "coordinates": [ -82.308067, 29.673894 ] } },
{ "type": "Feature", "properties": { "stop_id": "1170", "stop_name": "Pine Ridge Apartments", "stop_lat": 29.706292, "stop_lon": -82.356987 }, "geometry": { "type": "Point", "coordinates": [ -82.356987, 29.706292 ] } },
{ "type": "Feature", "properties": { "stop_id": "516", "stop_name": "Quail Ridge Neighborhood", "stop_lat": 29.674303, "stop_lon": -82.417978 }, "geometry": { "type": "Point", "coordinates": [ -82.417978, 29.674303 ] } },
{ "type": "Feature", "properties": { "stop_id": "1176", "stop_name": "Fifield Hall", "stop_lat": 29.637577, "stop_lon": -82.362182 }, "geometry": { "type": "Point", "coordinates": [ -82.362182, 29.637577 ] } },
{ "type": "Feature", "properties": { "stop_id": "490", "stop_name": "The Polos Apartments", "stop_lat": 29.613174, "stop_lon": -82.356828 }, "geometry": { "type": "Point", "coordinates": [ -82.356828, 29.613174 ] } },
{ "type": "Feature", "properties": { "stop_id": "1125", "stop_name": "Hailey Forest Condominiums", "stop_lat": 29.611973, "stop_lon": -82.396169 }, "geometry": { "type": "Point", "coordinates": [ -82.396169, 29.611973 ] } },
{ "type": "Feature", "properties": { "stop_id": "984", "stop_name": "Millhopper Plaza", "stop_lat": 29.67246, "stop_lon": -82.388864 }, "geometry": { "type": "Point", "coordinates": [ -82.388864, 29.67246 ] } },
{ "type": "Feature", "properties": { "stop_id": "459", "stop_name": "SW 23rd Terrace @ SW 35th Place", "stop_lat": 29.621813, "stop_lon": -82.355831 }, "geometry": { "type": "Point", "coordinates": [ -82.355831, 29.621813 ] } },
{ "type": "Feature", "properties": { "stop_id": "722", "stop_name": "Eden Park at Ironwood", "stop_lat": 29.688509, "stop_lon": -82.308827 }, "geometry": { "type": "Point", "coordinates": [ -82.308827, 29.688509 ] } },
{ "type": "Feature", "properties": { "stop_id": "168", "stop_name": "Capital City Bank @ Newberry Road", "stop_lat": 29.659086, "stop_lon": -82.399163 }, "geometry": { "type": "Point", "coordinates": [ -82.399163, 29.659086 ] } },
{ "type": "Feature", "properties": { "stop_id": "1019", "stop_name": "Millhopper Plaza", "stop_lat": 29.672248, "stop_lon": -82.389123 }, "geometry": { "type": "Point", "coordinates": [ -82.389123, 29.672248 ] } },
{ "type": "Feature", "properties": { "stop_id": "341", "stop_name": "Alachua County Sheriffs Department", "stop_lat": 29.641906, "stop_lon": -82.289168 }, "geometry": { "type": "Point", "coordinates": [ -82.289168, 29.641906 ] } },
{ "type": "Feature", "properties": { "stop_id": "571", "stop_name": "Northbound NE 24th Street @ NE 8th Avenue", "stop_lat": 29.659161, "stop_lon": -82.293795 }, "geometry": { "type": "Point", "coordinates": [ -82.293795, 29.659161 ] } },
{ "type": "Feature", "properties": { "stop_id": "662", "stop_name": "McKnight Brain Institute", "stop_lat": 29.642057, "stop_lon": -82.343813 }, "geometry": { "type": "Point", "coordinates": [ -82.343813, 29.642057 ] } },
{ "type": "Feature", "properties": { "stop_id": "1629", "stop_name": "SW 43rd St @ Texas Roadhouse", "stop_lat": 29.6174457, "stop_lon": -82.3893686 }, "geometry": { "type": "Point", "coordinates": [ -82.3893686, 29.6174457 ] } },
{ "type": "Feature", "properties": { "stop_id": "175", "stop_name": "Oaks Mall SW 62nd Blvd", "stop_lat": 29.658046, "stop_lon": -82.408785 }, "geometry": { "type": "Point", "coordinates": [ -82.408785, 29.658046 ] } },
{ "type": "Feature", "properties": { "stop_id": "84", "stop_name": "Northbound SE 15th Street @ SE 13th Place", "stop_lat": 29.639045, "stop_lon": -82.305796 }, "geometry": { "type": "Point", "coordinates": [ -82.305796, 29.639045 ] } },
{ "type": "Feature", "properties": { "stop_id": "326", "stop_name": "Eastwood Meadows", "stop_lat": 29.642434, "stop_lon": -82.271473 }, "geometry": { "type": "Point", "coordinates": [ -82.271473, 29.642434 ] } },
{ "type": "Feature", "properties": { "stop_id": "676", "stop_name": "Chop Stix Cafe", "stop_lat": 29.620913, "stop_lon": -82.340023 }, "geometry": { "type": "Point", "coordinates": [ -82.340023, 29.620913 ] } },
{ "type": "Feature", "properties": { "stop_id": "204", "stop_name": "Innovation Square North", "stop_lat": 29.651968, "stop_lon": -82.331959 }, "geometry": { "type": "Point", "coordinates": [ -82.331959, 29.651968 ] } },
{ "type": "Feature", "properties": { "stop_id": "1118", "stop_name": "Arredondo Farms", "stop_lat": 29.600282, "stop_lon": -82.418395 }, "geometry": { "type": "Point", "coordinates": [ -82.418395, 29.600282 ] } },
{ "type": "Feature", "properties": { "stop_id": "1146", "stop_name": "Beta Theta Pi across Springs", "stop_lat": 29.6485434, "stop_lon": -82.3564382 }, "geometry": { "type": "Point", "coordinates": [ -82.3564382, 29.6485434 ] } },
{ "type": "Feature", "properties": { "stop_id": "478", "stop_name": "IFAS Lab", "stop_lat": 29.63828, "stop_lon": -82.35697 }, "geometry": { "type": "Point", "coordinates": [ -82.35697, 29.63828 ] } },
{ "type": "Feature", "properties": { "stop_id": "760", "stop_name": "Wash King (Southbound)", "stop_lat": 29.66734, "stop_lon": -82.321898 }, "geometry": { "type": "Point", "coordinates": [ -82.321898, 29.66734 ] } },
{ "type": "Feature", "properties": { "stop_id": "1402", "stop_name": "Westbound SW 87th Dr @ SW 91st St", "stop_lat": 29.62839, "stop_lon": -82.436398 }, "geometry": { "type": "Point", "coordinates": [ -82.436398, 29.62839 ] } },
{ "type": "Feature", "properties": { "stop_id": "153", "stop_name": "Westbound University Avenue @ NW 22nd Street", "stop_lat": 29.65213, "stop_lon": -82.35529 }, "geometry": { "type": "Point", "coordinates": [ -82.35529, 29.65213 ] } },
{ "type": "Feature", "properties": { "stop_id": "198", "stop_name": "St. Augustine Catholic Church", "stop_lat": 29.651977, "stop_lon": -82.346434 }, "geometry": { "type": "Point", "coordinates": [ -82.346434, 29.651977 ] } },
{ "type": "Feature", "properties": { "stop_id": "245", "stop_name": "Plaza Verde @ NW 13th St Southbound", "stop_lat": 29.67272, "stop_lon": -82.339249 }, "geometry": { "type": "Point", "coordinates": [ -82.339249, 29.67272 ] } },
{ "type": "Feature", "properties": { "stop_id": "1123", "stop_name": "Broken Arrow Bluff Community", "stop_lat": 29.608152, "stop_lon": -82.403389 }, "geometry": { "type": "Point", "coordinates": [ -82.403389, 29.608152 ] } },
{ "type": "Feature", "properties": { "stop_id": "1222", "stop_name": "Hearing Aid Gainesville", "stop_lat": 29.673867, "stop_lon": -82.335108 }, "geometry": { "type": "Point", "coordinates": [ -82.335108, 29.673867 ] } },
{ "type": "Feature", "properties": { "stop_id": "1105", "stop_name": "Cricket Club Apartments", "stop_lat": 29.648113, "stop_lon": -82.422538 }, "geometry": { "type": "Point", "coordinates": [ -82.422538, 29.648113 ] } },
{ "type": "Feature", "properties": { "stop_id": "115", "stop_name": "Williams Elementary School", "stop_lat": 29.64584, "stop_lon": -82.309492 }, "geometry": { "type": "Point", "coordinates": [ -82.309492, 29.64584 ] } },
{ "type": "Feature", "properties": { "stop_id": "465", "stop_name": "Campus Edge Condominiums", "stop_lat": 29.637101, "stop_lon": -82.358801 }, "geometry": { "type": "Point", "coordinates": [ -82.358801, 29.637101 ] } },
{ "type": "Feature", "properties": { "stop_id": "312", "stop_name": "Durelle Heights Neighborhood", "stop_lat": 29.634589, "stop_lon": -82.289253 }, "geometry": { "type": "Point", "coordinates": [ -82.289253, 29.634589 ] } },
{ "type": "Feature", "properties": { "stop_id": "1428", "stop_name": "FDOT Operations Center", "stop_lat": 29.673438, "stop_lon": -82.263966 }, "geometry": { "type": "Point", "coordinates": [ -82.263966, 29.673438 ] } },
{ "type": "Feature", "properties": { "stop_id": "1617", "stop_name": "SW 24th Avenue & School House Road (Eastbound)", "stop_lat": 29.630503, "stop_lon": -82.445867 }, "geometry": { "type": "Point", "coordinates": [ -82.445867, 29.630503 ] } },
{ "type": "Feature", "properties": { "stop_id": "292", "stop_name": "The Cotton Club", "stop_lat": 29.645754, "stop_lon": -82.315215 }, "geometry": { "type": "Point", "coordinates": [ -82.315215, 29.645754 ] } },
{ "type": "Feature", "properties": { "stop_id": "484", "stop_name": "Towne Parc Apartments", "stop_lat": 29.623684, "stop_lon": -82.356161 }, "geometry": { "type": "Point", "coordinates": [ -82.356161, 29.623684 ] } },
{ "type": "Feature", "properties": { "stop_id": "511", "stop_name": "First Church of the Nazarene", "stop_lat": 29.674215, "stop_lon": -82.396915 }, "geometry": { "type": "Point", "coordinates": [ -82.396915, 29.674215 ] } },
{ "type": "Feature", "properties": { "stop_id": "25", "stop_name": "Westbound Archer Road @ SW 34th Street", "stop_lat": 29.627758, "stop_lon": -82.371538 }, "geometry": { "type": "Point", "coordinates": [ -82.371538, 29.627758 ] } },
{ "type": "Feature", "properties": { "stop_id": "327", "stop_name": "The Verdant Cove", "stop_lat": 29.642223, "stop_lon": -82.2726 }, "geometry": { "type": "Point", "coordinates": [ -82.2726, 29.642223 ] } },
{ "type": "Feature", "properties": { "stop_id": "158", "stop_name": "Westgate Plaza", "stop_lat": 29.652165, "stop_lon": -82.372949 }, "geometry": { "type": "Point", "coordinates": [ -82.372949, 29.652165 ] } },
{ "type": "Feature", "properties": { "stop_id": "1069", "stop_name": "Sunrise Subdivision", "stop_lat": 29.6354866, "stop_lon": -82.422394 }, "geometry": { "type": "Point", "coordinates": [ -82.422394, 29.6354866 ] } },
{ "type": "Feature", "properties": { "stop_id": "205", "stop_name": "The Continuum", "stop_lat": 29.651925, "stop_lon": -82.329437 }, "geometry": { "type": "Point", "coordinates": [ -82.329437, 29.651925 ] } },
{ "type": "Feature", "properties": { "stop_id": "679", "stop_name": "Meridian Behavioral Healthcare", "stop_lat": 29.613399, "stop_lon": -82.341148 }, "geometry": { "type": "Point", "coordinates": [ -82.341148, 29.613399 ] } },
{ "type": "Feature", "properties": { "stop_id": "446", "stop_name": "UF Health Archer Road", "stop_lat": 29.63905, "stop_lon": -82.344089 }, "geometry": { "type": "Point", "coordinates": [ -82.344089, 29.63905 ] } },
{ "type": "Feature", "properties": { "stop_id": "1042", "stop_name": "Publix @ Tower Square on SW 75th Street", "stop_lat": 29.600168, "stop_lon": -82.420515 }, "geometry": { "type": "Point", "coordinates": [ -82.420515, 29.600168 ] } },
{ "type": "Feature", "properties": { "stop_id": "912", "stop_name": "Waldo Road @ NE 1st Avenue", "stop_lat": 29.652721, "stop_lon": -82.311092 }, "geometry": { "type": "Point", "coordinates": [ -82.311092, 29.652721 ] } },
{ "type": "Feature", "properties": { "stop_id": "1624", "stop_name": "SW 6th St & SW 3rd Ave", "stop_lat": 29.6488947, "stop_lon": -82.3308489 }, "geometry": { "type": "Point", "coordinates": [ -82.3308489, 29.6488947 ] } },
{ "type": "Feature", "properties": { "stop_id": "139", "stop_name": "City Hall", "stop_lat": 29.652054, "stop_lon": -82.323598 }, "geometry": { "type": "Point", "coordinates": [ -82.323598, 29.652054 ] } },
{ "type": "Feature", "properties": { "stop_id": "1396", "stop_name": "Eastbound SW 24th Ave @ Majestic Oaks", "stop_lat": 29.64007, "stop_lon": -82.405336 }, "geometry": { "type": "Point", "coordinates": [ -82.405336, 29.64007 ] } },
{ "type": "Feature", "properties": { "stop_id": "830", "stop_name": "Cabana Beach Apartments (SW 20th Ave)", "stop_lat": 29.639517, "stop_lon": -82.39527 }, "geometry": { "type": "Point", "coordinates": [ -82.39527, 29.639517 ] } },
{ "type": "Feature", "properties": { "stop_id": "981", "stop_name": "Northbound NW 43rd Street @ NW 16th Place", "stop_lat": 29.666959, "stop_lon": -82.388857 }, "geometry": { "type": "Point", "coordinates": [ -82.388857, 29.666959 ] } },
{ "type": "Feature", "properties": { "stop_id": "972", "stop_name": "Laurels Apartments", "stop_lat": 29.611504, "stop_lon": -82.371563 }, "geometry": { "type": "Point", "coordinates": [ -82.371563, 29.611504 ] } },
{ "type": "Feature", "properties": { "stop_id": "1287", "stop_name": "Paddock Club Apartments", "stop_lat": 29.663386, "stop_lon": -82.43366 }, "geometry": { "type": "Point", "coordinates": [ -82.43366, 29.663386 ] } },
{ "type": "Feature", "properties": { "stop_id": "407", "stop_name": "Hampton Court Apartments", "stop_lat": 29.714336, "stop_lon": -82.360139 }, "geometry": { "type": "Point", "coordinates": [ -82.360139, 29.714336 ] } },
{ "type": "Feature", "properties": { "stop_id": "546", "stop_name": "NW 16th Ave @ NW 13th St", "stop_lat": 29.6665645, "stop_lon": -82.3402284 }, "geometry": { "type": "Point", "coordinates": [ -82.3402284, 29.6665645 ] } },
{ "type": "Feature", "properties": { "stop_id": "435", "stop_name": "State Farm Insurance @ NW 13th Street", "stop_lat": 29.663014, "stop_lon": -82.339266 }, "geometry": { "type": "Point", "coordinates": [ -82.339266, 29.663014 ] } },
{ "type": "Feature", "properties": { "stop_id": "1268", "stop_name": "Brandywine Apartments", "stop_lat": 29.630199, "stop_lon": -82.365372 }, "geometry": { "type": "Point", "coordinates": [ -82.365372, 29.630199 ] } },
{ "type": "Feature", "properties": { "stop_id": "1305", "stop_name": "Best Buy @ Butler Plaza", "stop_lat": 29.621519, "stop_lon": -82.380752 }, "geometry": { "type": "Point", "coordinates": [ -82.380752, 29.621519 ] } },
{ "type": "Feature", "properties": { "stop_id": "1020", "stop_name": "Southbound NW 43rd Street @ NW 19th Avenue", "stop_lat": 29.670059, "stop_lon": -82.389128 }, "geometry": { "type": "Point", "coordinates": [ -82.389128, 29.670059 ] } },
{ "type": "Feature", "properties": { "stop_id": "163", "stop_name": "Allstate Insurance @ Newberry Road", "stop_lat": 29.654595, "stop_lon": -82.386667 }, "geometry": { "type": "Point", "coordinates": [ -82.386667, 29.654595 ] } },
{ "type": "Feature", "properties": { "stop_id": "457", "stop_name": "Hickory Place Apartments", "stop_lat": 29.620128, "stop_lon": -82.356812 }, "geometry": { "type": "Point", "coordinates": [ -82.356812, 29.620128 ] } },
{ "type": "Feature", "properties": { "stop_id": "1004", "stop_name": "Windsor Assisted Living", "stop_lat": 29.685793, "stop_lon": -82.430225 }, "geometry": { "type": "Point", "coordinates": [ -82.430225, 29.685793 ] } },
{ "type": "Feature", "properties": { "stop_id": "1048", "stop_name": "Kanapaha Park", "stop_lat": 29.619526, "stop_lon": -82.422449 }, "geometry": { "type": "Point", "coordinates": [ -82.422449, 29.619526 ] } },
{ "type": "Feature", "properties": { "stop_id": "1619", "stop_name": "Queen of Peace Church (Eastbound)", "stop_lat": 29.630593, "stop_lon": -82.460325 }, "geometry": { "type": "Point", "coordinates": [ -82.460325, 29.630593 ] } },
{ "type": "Feature", "properties": { "stop_id": "1628", "stop_name": "SW 52nd St @ Cabana Beach", "stop_lat": 29.635854, "stop_lon": -82.3981222 }, "geometry": { "type": "Point", "coordinates": [ -82.3981222, 29.635854 ] } },
{ "type": "Feature", "properties": { "stop_id": "18", "stop_name": "Shands Hospital @ Davis Cancer Pavilion", "stop_lat": 29.637023, "stop_lon": -82.349885 }, "geometry": { "type": "Point", "coordinates": [ -82.349885, 29.637023 ] } },
{ "type": "Feature", "properties": { "stop_id": "568", "stop_name": "Mount Zion Church of God", "stop_lat": 29.65964, "stop_lon": -82.299921 }, "geometry": { "type": "Point", "coordinates": [ -82.299921, 29.65964 ] } },
{ "type": "Feature", "properties": { "stop_id": "23", "stop_name": "UF Surge Area Drive", "stop_lat": 29.63054, "stop_lon": -82.365763 }, "geometry": { "type": "Point", "coordinates": [ -82.365763, 29.63054 ] } },
{ "type": "Feature", "properties": { "stop_id": "1186", "stop_name": "Lakeside Residential Building", "stop_lat": 29.6412528, "stop_lon": -82.3642235 }, "geometry": { "type": "Point", "coordinates": [ -82.3642235, 29.6412528 ] } },
{ "type": "Feature", "properties": { "stop_id": "199", "stop_name": "Keene Flint Hall", "stop_lat": 29.651982, "stop_lon": -82.344247 }, "geometry": { "type": "Point", "coordinates": [ -82.344247, 29.651982 ] } },
{ "type": "Feature", "properties": { "stop_id": "1097", "stop_name": "Oaks Mall", "stop_lat": 29.659514, "stop_lon": -82.413875 }, "geometry": { "type": "Point", "coordinates": [ -82.413875, 29.659514 ] } },
{ "type": "Feature", "properties": { "stop_id": "1014", "stop_name": "Allstate Insurance", "stop_lat": 29.687731, "stop_lon": -82.389071 }, "geometry": { "type": "Point", "coordinates": [ -82.389071, 29.687731 ] } },
{ "type": "Feature", "properties": { "stop_id": "995", "stop_name": "Summer Creek Neighborhood", "stop_lat": 29.688902, "stop_lon": -82.410768 }, "geometry": { "type": "Point", "coordinates": [ -82.410768, 29.688902 ] } },
{ "type": "Feature", "properties": { "stop_id": "1180", "stop_name": "Southwest Recreation Center", "stop_lat": 29.637786, "stop_lon": -82.368346 }, "geometry": { "type": "Point", "coordinates": [ -82.368346, 29.637786 ] } },
{ "type": "Feature", "properties": { "stop_id": "1593", "stop_name": "Social Security NB NW 13th St", "stop_lat": 29.696835, "stop_lon": -82.338851 }, "geometry": { "type": "Point", "coordinates": [ -82.338851, 29.696835 ] } },
{ "type": "Feature", "properties": { "stop_id": "1468", "stop_name": "N Main Post Office", "stop_lat": 29.664846, "stop_lon": -82.325668 }, "geometry": { "type": "Point", "coordinates": [ -82.325668, 29.664846 ] } },
{ "type": "Feature", "properties": { "stop_id": "293", "stop_name": "Mt Moriah Baptist Church", "stop_lat": 29.645758, "stop_lon": -82.312416 }, "geometry": { "type": "Point", "coordinates": [ -82.312416, 29.645758 ] } },
{ "type": "Feature", "properties": { "stop_id": "750", "stop_name": "Southbound NE 15th Street @ NE 31 Avenue", "stop_lat": 29.681613, "stop_lon": -82.305868 }, "geometry": { "type": "Point", "coordinates": [ -82.305868, 29.681613 ] } },
{ "type": "Feature", "properties": { "stop_id": "1481", "stop_name": "Cancer/Genetics Research Complex", "stop_lat": 29.638354, "stop_lon": -82.353572 }, "geometry": { "type": "Point", "coordinates": [ -82.353572, 29.638354 ] } },
{ "type": "Feature", "properties": { "stop_id": "588", "stop_name": "Morningside Nature Center", "stop_lat": 29.651773, "stop_lon": -82.28012 }, "geometry": { "type": "Point", "coordinates": [ -82.28012, 29.651773 ] } },
{ "type": "Feature", "properties": { "stop_id": "1595", "stop_name": "UF Heart Health", "stop_lat": 29.639961, "stop_lon": -82.339442 }, "geometry": { "type": "Point", "coordinates": [ -82.339442, 29.639961 ] } },
{ "type": "Feature", "properties": { "stop_id": "1066", "stop_name": "KISS 105.3 FM Station", "stop_lat": 29.631028, "stop_lon": -82.418071 }, "geometry": { "type": "Point", "coordinates": [ -82.418071, 29.631028 ] } },
{ "type": "Feature", "properties": { "stop_id": "700", "stop_name": "Fire Stone @ N Main Street", "stop_lat": 29.658463, "stop_lon": -82.324913 }, "geometry": { "type": "Point", "coordinates": [ -82.324913, 29.658463 ] } },
{ "type": "Feature", "properties": { "stop_id": "362", "stop_name": "Social 28 Apartments", "stop_lat": 29.649163, "stop_lon": -82.339215 }, "geometry": { "type": "Point", "coordinates": [ -82.339215, 29.649163 ] } },
{ "type": "Feature", "properties": { "stop_id": "1594", "stop_name": "AT&T Store @ NW 4th Place", "stop_lat": 29.656272, "stop_lon": -82.408713 }, "geometry": { "type": "Point", "coordinates": [ -82.408713, 29.656272 ] } },
{ "type": "Feature", "properties": { "stop_id": "539", "stop_name": "Brywood Neighborhood", "stop_lat": 29.666647, "stop_lon": -82.362483 }, "geometry": { "type": "Point", "coordinates": [ -82.362483, 29.666647 ] } },
{ "type": "Feature", "properties": { "stop_id": "1117", "stop_name": "Tower Square @ SW 75th Street", "stop_lat": 29.60064, "stop_lon": -82.421481 }, "geometry": { "type": "Point", "coordinates": [ -82.421481, 29.60064 ] } },
{ "type": "Feature", "properties": { "stop_id": "1503", "stop_name": "Southbound Metcalfe Elementary School", "stop_lat": 29.668457, "stop_lon": -82.305884 }, "geometry": { "type": "Point", "coordinates": [ -82.305884, 29.668457 ] } },
{ "type": "Feature", "properties": { "stop_id": "103", "stop_name": "Northbound SE 24th Street @ E University Avenue", "stop_lat": 29.651128, "stop_lon": -82.293201 }, "geometry": { "type": "Point", "coordinates": [ -82.293201, 29.651128 ] } },
{ "type": "Feature", "properties": { "stop_id": "1094", "stop_name": "Clarion Inn", "stop_lat": 29.659342, "stop_lon": -82.422241 }, "geometry": { "type": "Point", "coordinates": [ -82.422241, 29.659342 ] } },
{ "type": "Feature", "properties": { "stop_id": "512", "stop_name": "Northwest Baptist Church", "stop_lat": 29.6742, "stop_lon": -82.402283 }, "geometry": { "type": "Point", "coordinates": [ -82.402283, 29.6742 ] } },
{ "type": "Feature", "properties": { "stop_id": "1320", "stop_name": "Airport", "stop_lat": 29.686084, "stop_lon": -82.27632 }, "geometry": { "type": "Point", "coordinates": [ -82.27632, 29.686084 ] } },
{ "type": "Feature", "properties": { "stop_id": "763", "stop_name": "Publix @ N Main Street", "stop_lat": 29.663764, "stop_lon": -82.324586 }, "geometry": { "type": "Point", "coordinates": [ -82.324586, 29.663764 ] } },
{ "type": "Feature", "properties": { "stop_id": "637", "stop_name": "Aspen Ridge Apartments", "stop_lat": 29.618393, "stop_lon": -82.372338 }, "geometry": { "type": "Point", "coordinates": [ -82.372338, 29.618393 ] } },
{ "type": "Feature", "properties": { "stop_id": "278", "stop_name": "NW 6th Street & NW 16th Avenue", "stop_lat": 29.666947, "stop_lon": -82.330972 }, "geometry": { "type": "Point", "coordinates": [ -82.330972, 29.666947 ] } },
{ "type": "Feature", "properties": { "stop_id": "297", "stop_name": "Eastbound SE 7th Avenue @ SE 15th Street", "stop_lat": 29.645724, "stop_lon": -82.306015 }, "geometry": { "type": "Point", "coordinates": [ -82.306015, 29.645724 ] } },
{ "type": "Feature", "properties": { "stop_id": "520", "stop_name": "Santa Fe", "stop_lat": 29.679628, "stop_lon": -82.431876 }, "geometry": { "type": "Point", "coordinates": [ -82.431876, 29.679628 ] } },
{ "type": "Feature", "properties": { "stop_id": "464", "stop_name": "Mt Vernon Apartments @ SW 23rd Drive", "stop_lat": 29.635773, "stop_lon": -82.358792 }, "geometry": { "type": "Point", "coordinates": [ -82.358792, 29.635773 ] } },
{ "type": "Feature", "properties": { "stop_id": "1093", "stop_name": "Park Place Car Wash", "stop_lat": 29.656295, "stop_lon": -82.421376 }, "geometry": { "type": "Point", "coordinates": [ -82.421376, 29.656295 ] } },
{ "type": "Feature", "properties": { "stop_id": "570", "stop_name": "Eastbound NE 8th Avenue @ NE 22nd Street", "stop_lat": 29.659182, "stop_lon": -82.296023 }, "geometry": { "type": "Point", "coordinates": [ -82.296023, 29.659182 ] } },
{ "type": "Feature", "properties": { "stop_id": "1235", "stop_name": "NE Walmart Supercenter", "stop_lat": 29.662839, "stop_lon": -82.302207 }, "geometry": { "type": "Point", "coordinates": [ -82.302207, 29.662839 ] } },
{ "type": "Feature", "properties": { "stop_id": "554", "stop_name": "Salvation Army", "stop_lat": 29.651848, "stop_lon": -82.318251 }, "geometry": { "type": "Point", "coordinates": [ -82.318251, 29.651848 ] } },
{ "type": "Feature", "properties": { "stop_id": "677", "stop_name": "The Landings Apartments", "stop_lat": 29.618568, "stop_lon": -82.340371 }, "geometry": { "type": "Point", "coordinates": [ -82.340371, 29.618568 ] } },
{ "type": "Feature", "properties": { "stop_id": "710", "stop_name": "Pointe 23 Apartments", "stop_lat": 29.673785, "stop_lon": -82.317586 }, "geometry": { "type": "Point", "coordinates": [ -82.317586, 29.673785 ] } },
{ "type": "Feature", "properties": { "stop_id": "207", "stop_name": "Alachua County Office of the State Attorney", "stop_lat": 29.651862, "stop_lon": -82.326017 }, "geometry": { "type": "Point", "coordinates": [ -82.326017, 29.651862 ] } },
{ "type": "Feature", "properties": { "stop_id": "501", "stop_name": "NW 30th Terrace @ NW 16th Avenue", "stop_lat": 29.666862, "stop_lon": -82.367675 }, "geometry": { "type": "Point", "coordinates": [ -82.367675, 29.666862 ] } },
{ "type": "Feature", "properties": { "stop_id": "495", "stop_name": "Westbound NW 16th Avenue @ NW 20th Way", "stop_lat": 29.666841, "stop_lon": -82.349253 }, "geometry": { "type": "Point", "coordinates": [ -82.349253, 29.666841 ] } },
{ "type": "Feature", "properties": { "stop_id": "361", "stop_name": "Norman Hall", "stop_lat": 29.647158, "stop_lon": -82.339203 }, "geometry": { "type": "Point", "coordinates": [ -82.339203, 29.647158 ] } },
{ "type": "Feature", "properties": { "stop_id": "365", "stop_name": "Theory Apartments", "stop_lat": 29.6562569, "stop_lon": -82.3390819 }, "geometry": { "type": "Point", "coordinates": [ -82.3390819, 29.6562569 ] } },
{ "type": "Feature", "properties": { "stop_id": "1322", "stop_name": "Rocky Point Apartments", "stop_lat": 29.621652, "stop_lon": -82.370304 }, "geometry": { "type": "Point", "coordinates": [ -82.370304, 29.621652 ] } },
{ "type": "Feature", "properties": { "stop_id": "448", "stop_name": "Westbound SW 40th Place @ NW 26th Terrace", "stop_lat": 29.613651, "stop_lon": -82.360105 }, "geometry": { "type": "Point", "coordinates": [ -82.360105, 29.613651 ] } },
{ "type": "Feature", "properties": { "stop_id": "624", "stop_name": "East End Eatery", "stop_lat": 29.659389, "stop_lon": -82.309766 }, "geometry": { "type": "Point", "coordinates": [ -82.309766, 29.659389 ] } },
{ "type": "Feature", "properties": { "stop_id": "1304", "stop_name": "Seacoast Bank @ Archer Road", "stop_lat": 29.619763, "stop_lon": -82.379447 }, "geometry": { "type": "Point", "coordinates": [ -82.379447, 29.619763 ] } },
{ "type": "Feature", "properties": { "stop_id": "505", "stop_name": "B'Nai Israel School & Day Care", "stop_lat": 29.670967, "stop_lon": -82.381747 }, "geometry": { "type": "Point", "coordinates": [ -82.381747, 29.670967 ] } },
{ "type": "Feature", "properties": { "stop_id": "745", "stop_name": "Highland Court Manor", "stop_lat": 29.688255, "stop_lon": -82.310561 }, "geometry": { "type": "Point", "coordinates": [ -82.310561, 29.688255 ] } },
{ "type": "Feature", "properties": { "stop_id": "370", "stop_name": "Gainesville High School", "stop_lat": 29.668482, "stop_lon": -82.339024 }, "geometry": { "type": "Point", "coordinates": [ -82.339024, 29.668482 ] } },
{ "type": "Feature", "properties": { "stop_id": "857", "stop_name": "Episcopal Children's Services Northbound", "stop_lat": 29.656539, "stop_lon": -82.308253 }, "geometry": { "type": "Point", "coordinates": [ -82.308253, 29.656539 ] } },
{ "type": "Feature", "properties": { "stop_id": "1110", "stop_name": "Tower Road Library", "stop_lat": 29.626092, "stop_lon": -82.422571 }, "geometry": { "type": "Point", "coordinates": [ -82.422571, 29.626092 ] } },
{ "type": "Feature", "properties": { "stop_id": "986", "stop_name": "Bank of America @ NW 43rd Street", "stop_lat": 29.677745, "stop_lon": -82.388858 }, "geometry": { "type": "Point", "coordinates": [ -82.388858, 29.677745 ] } },
{ "type": "Feature", "properties": { "stop_id": "926", "stop_name": "Leigh Hall", "stop_lat": 29.6506378, "stop_lon": -82.3446731 }, "geometry": { "type": "Point", "coordinates": [ -82.3446731, 29.6506378 ] } },
{ "type": "Feature", "properties": { "stop_id": "699", "stop_name": "Alachua County Property Appraiser", "stop_lat": 29.65634, "stop_lon": -82.324921 }, "geometry": { "type": "Point", "coordinates": [ -82.324921, 29.65634 ] } },
{ "type": "Feature", "properties": { "stop_id": "950", "stop_name": "Lexington Crossing Apartments", "stop_lat": 29.615368, "stop_lon": -82.362445 }, "geometry": { "type": "Point", "coordinates": [ -82.362445, 29.615368 ] } },
{ "type": "Feature", "properties": { "stop_id": "720", "stop_name": "Fearnside Family Services Center Northbound", "stop_lat": 29.686176, "stop_lon": -82.305717 }, "geometry": { "type": "Point", "coordinates": [ -82.305717, 29.686176 ] } },
{ "type": "Feature", "properties": { "stop_id": "688", "stop_name": "Tanglewood Apartments", "stop_lat": 29.623303, "stop_lon": -82.339345 }, "geometry": { "type": "Point", "coordinates": [ -82.339345, 29.623303 ] } },
{ "type": "Feature", "properties": { "stop_id": "601", "stop_name": "Fred Cone Park", "stop_lat": 29.651992, "stop_lon": -82.287071 }, "geometry": { "type": "Point", "coordinates": [ -82.287071, 29.651992 ] } },
{ "type": "Feature", "properties": { "stop_id": "989", "stop_name": "Pinewood Apartments", "stop_lat": 29.688786, "stop_lon": -82.390347 }, "geometry": { "type": "Point", "coordinates": [ -82.390347, 29.688786 ] } },
{ "type": "Feature", "properties": { "stop_id": "1179", "stop_name": "Pressly Softball Stadium", "stop_lat": 29.637694, "stop_lon": -82.365243 }, "geometry": { "type": "Point", "coordinates": [ -82.365243, 29.637694 ] } },
{ "type": "Feature", "properties": { "stop_id": "806", "stop_name": "Southwest Recreation Center", "stop_lat": 29.638113, "stop_lon": -82.369364 }, "geometry": { "type": "Point", "coordinates": [ -82.369364, 29.638113 ] } },
{ "type": "Feature", "properties": { "stop_id": "167", "stop_name": "SunTrust Bank @ Newberry Road", "stop_lat": 29.658334, "stop_lon": -82.396898 }, "geometry": { "type": "Point", "coordinates": [ -82.396898, 29.658334 ] } },
{ "type": "Feature", "properties": { "stop_id": "422", "stop_name": "Uptown Village Apartments", "stop_lat": 29.688411, "stop_lon": -82.35714 }, "geometry": { "type": "Point", "coordinates": [ -82.35714, 29.688411 ] } },
{ "type": "Feature", "properties": { "stop_id": "719", "stop_name": "Village Green Apartments", "stop_lat": 29.683444, "stop_lon": -82.30573 }, "geometry": { "type": "Point", "coordinates": [ -82.30573, 29.683444 ] } },
{ "type": "Feature", "properties": { "stop_id": "294", "stop_name": "Tools for Schools", "stop_lat": 29.645728, "stop_lon": -82.310869 }, "geometry": { "type": "Point", "coordinates": [ -82.310869, 29.645728 ] } },
{ "type": "Feature", "properties": { "stop_id": "404", "stop_name": "Pine Ridge Apartments", "stop_lat": 29.707734, "stop_lon": -82.357905 }, "geometry": { "type": "Point", "coordinates": [ -82.357905, 29.707734 ] } },
{ "type": "Feature", "properties": { "stop_id": "8", "stop_name": "Courtyard Apartments", "stop_lat": 29.6495614, "stop_lon": -82.3371876 }, "geometry": { "type": "Point", "coordinates": [ -82.3371876, 29.6495614 ] } },
{ "type": "Feature", "properties": { "stop_id": "480", "stop_name": "Mt Vernon Apartments", "stop_lat": 29.635714, "stop_lon": -82.358907 }, "geometry": { "type": "Point", "coordinates": [ -82.358907, 29.635714 ] } },
{ "type": "Feature", "properties": { "stop_id": "878", "stop_name": "Ironwood Golf Course", "stop_lat": 29.687791, "stop_lon": -82.29661 }, "geometry": { "type": "Point", "coordinates": [ -82.29661, 29.687791 ] } },
{ "type": "Feature", "properties": { "stop_id": "378", "stop_name": "Misty Oaks Apartments", "stop_lat": 29.68161, "stop_lon": -82.351504 }, "geometry": { "type": "Point", "coordinates": [ -82.351504, 29.68161 ] } },
{ "type": "Feature", "properties": { "stop_id": "357", "stop_name": "SE 7th Avenue @ SE 10th Terrace", "stop_lat": 29.645856, "stop_lon": -82.312451 }, "geometry": { "type": "Point", "coordinates": [ -82.312451, 29.645856 ] } },
{ "type": "Feature", "properties": { "stop_id": "412", "stop_name": "Northwood Pines Neighborhood", "stop_lat": 29.705193, "stop_lon": -82.359716 }, "geometry": { "type": "Point", "coordinates": [ -82.359716, 29.705193 ] } },
{ "type": "Feature", "properties": { "stop_id": "250", "stop_name": "Gainesville High School Tennis Courts", "stop_lat": 29.666822, "stop_lon": -82.343063 }, "geometry": { "type": "Point", "coordinates": [ -82.343063, 29.666822 ] } },
{ "type": "Feature", "properties": { "stop_id": "713", "stop_name": "NE 23rd Avenue @ NE 11th Terrace", "stop_lat": 29.673758, "stop_lon": -82.311133 }, "geometry": { "type": "Point", "coordinates": [ -82.311133, 29.673758 ] } },
{ "type": "Feature", "properties": { "stop_id": "162", "stop_name": "Tire Kingdom @ Newberry Road", "stop_lat": 29.653808, "stop_lon": -82.384512 }, "geometry": { "type": "Point", "coordinates": [ -82.384512, 29.653808 ] } },
{ "type": "Feature", "properties": { "stop_id": "1154", "stop_name": "Graham Hall", "stop_lat": 29.6460169, "stop_lon": -82.3504445 }, "geometry": { "type": "Point", "coordinates": [ -82.3504445, 29.6460169 ] } },
{ "type": "Feature", "properties": { "stop_id": "1252", "stop_name": "Plaza Health and Rehab", "stop_lat": 29.613287, "stop_lon": -82.394175 }, "geometry": { "type": "Point", "coordinates": [ -82.394175, 29.613287 ] } },
{ "type": "Feature", "properties": { "stop_id": "936", "stop_name": "Westgate Plaza", "stop_lat": 29.650484, "stop_lon": -82.370704 }, "geometry": { "type": "Point", "coordinates": [ -82.370704, 29.650484 ] } },
{ "type": "Feature", "properties": { "stop_id": "564", "stop_name": "MLK Center", "stop_lat": 29.660445, "stop_lon": -82.305716 }, "geometry": { "type": "Point", "coordinates": [ -82.305716, 29.660445 ] } },
{ "type": "Feature", "properties": { "stop_id": "376", "stop_name": "Cobblestone Apartments", "stop_lat": 29.678397, "stop_lon": -82.349288 }, "geometry": { "type": "Point", "coordinates": [ -82.349288, 29.678397 ] } },
{ "type": "Feature", "properties": { "stop_id": "177", "stop_name": "Durant Estate", "stop_lat": 29.659434, "stop_lon": -82.403171 }, "geometry": { "type": "Point", "coordinates": [ -82.403171, 29.659434 ] } },
{ "type": "Feature", "properties": { "stop_id": "176", "stop_name": "Panera Bread @ Newberry Road", "stop_lat": 29.659464, "stop_lon": -82.407681 }, "geometry": { "type": "Point", "coordinates": [ -82.407681, 29.659464 ] } },
{ "type": "Feature", "properties": { "stop_id": "148", "stop_name": "Smathers Library", "stop_lat": 29.652194, "stop_lon": -82.343083 }, "geometry": { "type": "Point", "coordinates": [ -82.343083, 29.652194 ] } },
{ "type": "Feature", "properties": { "stop_id": "557", "stop_name": "Northbound NE 9th Street @ NE 3rd Avenue", "stop_lat": 29.654205, "stop_lon": -82.314684 }, "geometry": { "type": "Point", "coordinates": [ -82.314684, 29.654205 ] } },
{ "type": "Feature", "properties": { "stop_id": "774", "stop_name": "Treehouse Village Apartments", "stop_lat": 29.632727, "stop_lon": -82.326077 }, "geometry": { "type": "Point", "coordinates": [ -82.326077, 29.632727 ] } },
{ "type": "Feature", "properties": { "stop_id": "867", "stop_name": "16th Avenue Detailing & Window Tinting (Eastbound)", "stop_lat": 29.666458, "stop_lon": -82.310607 }, "geometry": { "type": "Point", "coordinates": [ -82.310607, 29.666458 ] } },
{ "type": "Feature", "properties": { "stop_id": "35", "stop_name": "Silver Creek Apartments", "stop_lat": 29.629078, "stop_lon": -82.36817 }, "geometry": { "type": "Point", "coordinates": [ -82.36817, 29.629078 ] } },
{ "type": "Feature", "properties": { "stop_id": "406", "stop_name": "Northbound NW 23rd Terrace @ NW 62nd Avenue", "stop_lat": 29.711336, "stop_lon": -82.360175 }, "geometry": { "type": "Point", "coordinates": [ -82.360175, 29.711336 ] } },
{ "type": "Feature", "properties": { "stop_id": "813", "stop_name": "Kensington Apartments North", "stop_lat": 29.634123, "stop_lon": -82.382798 }, "geometry": { "type": "Point", "coordinates": [ -82.382798, 29.634123 ] } },
{ "type": "Feature", "properties": { "stop_id": "1302", "stop_name": "Greenwich Green Apartments", "stop_lat": 29.617702, "stop_lon": -82.374701 }, "geometry": { "type": "Point", "coordinates": [ -82.374701, 29.617702 ] } },
{ "type": "Feature", "properties": { "stop_id": "1288", "stop_name": "Eastbound Newberry Road @ Fort Clarke Boulevard", "stop_lat": 29.660235, "stop_lon": -82.432204 }, "geometry": { "type": "Point", "coordinates": [ -82.432204, 29.660235 ] } },
{ "type": "Feature", "properties": { "stop_id": "974", "stop_name": "Dollar General", "stop_lat": 29.614818, "stop_lon": -82.371923 }, "geometry": { "type": "Point", "coordinates": [ -82.371923, 29.614818 ] } },
{ "type": "Feature", "properties": { "stop_id": "1099", "stop_name": "SUBWAY@ Newberry RD", "stop_lat": 29.659774, "stop_lon": -82.41348 }, "geometry": { "type": "Point", "coordinates": [ -82.41348, 29.659774 ] } },
{ "type": "Feature", "properties": { "stop_id": "333", "stop_name": "Southbound Se 35th Street @ SE 18th Avenue", "stop_lat": 29.634792, "stop_lon": -82.280864 }, "geometry": { "type": "Point", "coordinates": [ -82.280864, 29.634792 ] } },
{ "type": "Feature", "properties": { "stop_id": "1065", "stop_name": "Tower Oaks Glenn Apartments", "stop_lat": 29.63481, "stop_lon": -82.414381 }, "geometry": { "type": "Point", "coordinates": [ -82.414381, 29.63481 ] } },
{ "type": "Feature", "properties": { "stop_id": "34", "stop_name": "Direct Insurance @ Archer Road", "stop_lat": 29.627581, "stop_lon": -82.371198 }, "geometry": { "type": "Point", "coordinates": [ -82.371198, 29.627581 ] } },
{ "type": "Feature", "properties": { "stop_id": "1407", "stop_name": "Eastbound SW 24th AVE @ SW 76th ST", "stop_lat": 29.630418, "stop_lon": -82.423629 }, "geometry": { "type": "Point", "coordinates": [ -82.423629, 29.630418 ] } },
{ "type": "Feature", "properties": { "stop_id": "581", "stop_name": "Southbound NE 25th Street @ NE 3rd Place", "stop_lat": 29.654395, "stop_lon": -82.292408 }, "geometry": { "type": "Point", "coordinates": [ -82.292408, 29.654395 ] } },
{ "type": "Feature", "properties": { "stop_id": "727", "stop_name": "Oasis Carwash", "stop_lat": 29.688606, "stop_lon": -82.327849 }, "geometry": { "type": "Point", "coordinates": [ -82.327849, 29.688606 ] } }
]
}
